case,year,gea_region,mean_price_$/MWh,mean_price_naive_$/MWh,weighting_diff_$/MWh,min_price_$/MWh,max_price_$/MWh,std_price_$/MWh,lcoe_noitc_$/MWh,lcoe_itc_$/MWh,spread_$/MWh,npv_$B,viable,viable_price_check
HighDemand,2030,CAISO,59.75324200913242,59.75324200913242,0.0,18.1,1718.7,138.0772055176136,199.92925602570676,136.81291196297502,-77.0596699538426,-2.946678141855977,False,False
HighDemand,2030,ERCOT,45.61503424657534,45.615034246575334,6.938893903907228e-15,18.6,1263.3,98.44793391900716,199.92925602570676,136.81291196297502,-91.19787771639969,-3.4127518428432007,False,False
HighDemand,2030,FRCC,58.79315068493151,58.793150684931504,6.938893903907228e-15,33.8,1462.9,112.15221495085902,199.92925602570676,136.81291196297502,-78.01976127804352,-2.9783280740306286,False,False
HighDemand,2030,ISONE,37.7745205479452,37.7745205479452,0.0,20.9,196.8,22.999497892539708,199.92925602570676,136.81291196297502,-99.03839141502982,-3.671218637116752,False,False
HighDemand,2030,MISO Central,48.02562785388128,48.025627853881275,6.938893903907228e-15,25.0,586.1,64.5491516878732,199.92925602570676,136.81291196297502,-88.78728410909375,-3.3332853147653867,False,False
HighDemand,2030,MISO North,46.63712328767123,46.63712328767124,-6.938893903907228e-15,18.1,388.5,53.98318496391088,199.92925602570676,136.81291196297502,-90.17578867530379,-3.379058122244212,False,False
HighDemand,2030,MISO South,50.87657534246575,50.876575342465756,-6.938893903907228e-15,30.1,486.5,56.99350322790773,199.92925602570676,136.81291196297502,-85.93633662050928,-3.239302281721849,False,False
HighDemand,2030,Northern Grid East,39.50728310502283,39.50728310502283,0.0,16.1,593.5,62.433840760204205,199.92925602570676,136.81291196297502,-97.3056288579522,-3.614097177913977,False,False
HighDemand,2030,Northern Grid South,46.5416095890411,46.541609589041094,6.938893903907228e-15,15.3,1023.0,91.31573711648021,199.92925602570676,136.81291196297502,-90.27130237393392,-3.382206783217595,False,False
HighDemand,2030,Northern Grid West,38.13699771689498,38.136997716894975,6.938893903907228e-15,7.3,570.4,55.57480905695394,199.92925602570676,136.81291196297502,-98.67591424608004,-3.6592693802878054,False,False
HighDemand,2030,NYISO,54.73623287671233,54.73623287671233,0.0,40.7,188.6,17.789239473904544,199.92925602570676,136.81291196297502,-82.07667908626269,-3.11206657393337,False,False
HighDemand,2030,PJM East,54.504326484018264,54.504326484018264,0.0,28.8,851.3,86.10268707856402,199.92925602570676,136.81291196297502,-82.30858547895676,-3.1197114941764976,False,False
HighDemand,2030,PJM West,50.42071917808219,50.420719178082194,-6.938893903907228e-15,16.2,602.9,90.10897203532843,199.92925602570676,136.81291196297502,-86.39219278489284,-3.2543298278734025,False,False
HighDemand,2030,SERTP,56.681940639269406,56.681940639269406,0.0,30.9,1355.9,113.6877138029871,199.92925602570676,136.81291196297502,-80.13097132370561,-3.0479252603266924,False,False
HighDemand,2030,SPP North,30.152945205479455,30.15294520547945,3.469446951953614e-15,10.6,153.2,19.08198283594594,199.92925602570676,136.81291196297502,-106.65996675749557,-3.9224680095176496,False,False
HighDemand,2030,SPP South,31.306575342465752,31.306575342465752,0.0,11.8,121.0,18.457329109618268,199.92925602570676,136.81291196297502,-105.50633662050927,-3.8844379652188565,False,False
HighDemand,2030,West Connect North,34.9014497716895,34.90144977168949,6.938893903907228e-15,19.2,225.8,21.817408144105304,199.92925602570676,136.81291196297502,-101.91146219128552,-3.7659309763592153,False,False
HighDemand,2030,West Connect South,46.114406392694065,46.11440639269406,6.938893903907228e-15,18.0,1123.8,93.05670195508338,199.92925602570676,136.81291196297502,-90.69850557028096,-3.3962897687090323,False,False
HighNG,2030,CAISO,62.64808219178082,62.64808219178084,-1.3877787807814457e-14,18.0,1663.8,133.90262283732423,199.92925602570676,136.81291196297502,-74.1648297711942,-2.8512481623032193,False,False
HighNG,2030,ERCOT,46.64503424657534,46.64503424657534,0.0,18.4,1146.9,91.71277720546115,199.92925602570676,136.81291196297502,-90.16787771639969,-3.3787973331854637,False,False
HighNG,2030,FRCC,63.17956621004567,63.17956621004567,0.0,33.5,1584.9,121.93494919786076,199.92925602570676,136.81291196297502,-73.63334575292936,-2.8337275028555435,False,False
HighNG,2030,ISONE,41.83081050228311,41.8308105022831,6.938893903907228e-15,23.8,212.4,24.30025230116271,199.92925602570676,136.81291196297502,-94.98210146069192,-3.5375008347583545,False,False
HighNG,2030,MISO Central,51.869109589041095,51.8691095890411,-6.938893903907228e-15,26.7,701.5,70.58405294257886,199.92925602570676,136.81291196297502,-84.94380237393392,-3.206582850983036,False,False
HighNG,2030,MISO North,49.90872146118722,49.90872146118721,6.938893903907228e-15,17.4,328.5,53.139208208725414,199.92925602570676,136.81291196297502,-86.90419050178781,-3.2712081108084035,False,False
HighNG,2030,MISO South,55.41147260273973,55.41147260273973,0.0,27.6,567.5,66.31993174521433,199.92925602570676,136.81291196297502,-81.40143936023529,-3.089806929468627,False,False
HighNG,2030,Northern Grid East,41.790570776255706,41.790570776255706,0.0,15.6,652.4,69.23088868142182,199.92925602570676,136.81291196297502,-95.02234118671932,-3.538827359191387,False,False
HighNG,2030,Northern Grid South,50.80323059360731,50.8032305936073,6.938893903907228e-15,15.0,1135.3,100.7814277203554,199.92925602570676,136.81291196297502,-86.00968136936771,-3.2417201312203527,False,False
HighNG,2030,Northern Grid West,40.92357305936073,40.92357305936073,0.0,9.7,554.8,58.313859856714146,199.92925602570676,136.81291196297502,-95.88933890361429,-3.567408410018132,False,False
HighNG,2030,NYISO,53.33763698630137,53.33763698630136,6.938893903907228e-15,37.4,186.6,18.199952835899097,199.92925602570676,136.81291196297502,-83.47527497667366,-3.1581720473976715,False,False
HighNG,2030,PJM East,53.60811643835616,53.60811643835616,0.0,31.3,722.4,71.05928293314493,199.92925602570676,136.81291196297502,-83.20479552461886,-3.1492555452937747,False,False
HighNG,2030,PJM West,48.40513698630137,48.40513698630137,-6.938893903907228e-15,17.6,501.8,73.32059609353237,199.92925602570676,136.81291196297502,-88.40777497667365,-3.3207745900062045,False,False
HighNG,2030,SERTP,59.08705479452055,59.08705479452055,0.0,31.4,1296.7,111.2996738067964,199.92925602570676,136.81291196297502,-77.72585716845447,-2.9686393653631615,False,False
HighNG,2030,SPP North,30.23816210045662,30.23816210045662,0.0,9.7,155.4,19.4833109487642,199.92925602570676,136.81291196297502,-106.5747498625184,-3.919658788271528,False,False
HighNG,2030,SPP South,35.239212328767124,35.239212328767124,0.0,11.8,178.7,27.37342481147097,199.92925602570676,136.81291196297502,-101.5736996342079,-3.754796450139493,False,False
HighNG,2030,West Connect North,33.97764840182648,33.977648401826485,-6.938893903907228e-15,19.0,158.6,15.987308120944071,199.92925602570676,136.81291196297502,-102.83526356114854,-3.796384590470715,False,False
HighNG,2030,West Connect South,49.48747716894977,49.48747716894977,0.0,17.4,1181.8,98.99828846143178,199.92925602570676,136.81291196297502,-87.32543479402526,-3.2850946577880564,False,False
HighRE,2030,CAISO,60.38503424657534,60.385034246575344,-6.938893903907228e-15,16.9,1782.4,142.84826624730817,199.92925602570676,136.81291196297502,-76.42787771639968,-2.92585076745992,False,False
HighRE,2030,ERCOT,47.2227397260274,47.222739726027406,-6.938893903907228e-15,17.2,1347.2,108.67941333319867,199.92925602570676,136.81291196297502,-89.59017223694762,-3.3597529581549956,False,False
HighRE,2030,FRCC,58.703949771689494,58.703949771689494,0.0,32.5,1537.1,121.67249407918592,199.92925602570676,136.81291196297502,-78.10896219128553,-2.981268630603594,False,False
HighRE,2030,ISONE,37.64865296803653,37.64865296803652,6.938893903907228e-15,21.7,202.0,23.117393736376812,199.92925602570676,136.81291196297502,-99.16425899493849,-3.675367930279475,False,False
HighRE,2030,MISO Central,52.91947488584474,52.91947488584475,-6.938893903907228e-15,25.9,792.9,86.14753560105602,199.92925602570676,136.81291196297502,-83.89343707713027,-3.1719569882505394,False,False
HighRE,2030,MISO North,52.01908675799087,52.01908675799086,6.938893903907228e-15,19.1,401.7,62.78004171692445,199.92925602570676,136.81291196297502,-84.79382520498416,-3.201638772117458,False,False
HighRE,2030,MISO South,54.617568493150685,54.617568493150685,0.0,29.7,623.1,74.4287186850099,199.92925602570676,136.81291196297502,-82.19534346982434,-3.1159784098146055,False,False
HighRE,2030,Northern Grid East,43.85961187214612,43.85961187214612,0.0,16.2,870.8,85.83495418340193,199.92925602570676,136.81291196297502,-92.9533000908289,-3.470620295237342,False,False
HighRE,2030,Northern Grid South,50.447226027397264,50.447226027397264,0.0,14.7,1331.7,118.73418399486343,199.92925602570676,136.81291196297502,-86.36568593557776,-3.253456015183048,False,False
HighRE,2030,Northern Grid West,42.96084474885845,42.96084474885845,0.0,6.9,675.1,70.69587168146653,199.92925602570676,136.81291196297502,-93.85206721411657,-3.500248641807951,False,False
HighRE,2030,NYISO,54.64131278538812,54.64131278538813,-6.938893903907228e-15,39.0,192.5,18.11851143156558,199.92925602570676,136.81291196297502,-82.1715991775869,-3.1151956663193707,False,False
HighRE,2030,PJM East,55.69477168949772,55.69477168949773,-6.938893903907228e-15,28.7,958.5,94.85464084836856,199.92925602570676,136.81291196297502,-81.11814027347731,-3.0804678211411,False,False
HighRE,2030,PJM West,52.034189497716895,52.03418949771689,6.938893903907228e-15,16.3,681.0,98.06022991339194,199.92925602570676,136.81291196297502,-84.77872246525813,-3.20114090209621,False,False
HighRE,2030,SERTP,57.024143835616435,57.024143835616435,0.0,30.7,1432.2,120.03614002194273,199.92925602570676,136.81291196297502,-79.7887681273586,-3.0366443460206014,False,False
HighRE,2030,SPP North,30.643858447488583,30.64385844748858,3.469446951953614e-15,10.6,152.9,18.59687737568008,199.92925602570676,136.81291196297502,-106.16905351548644,-3.9062847877536595,False,False
HighRE,2030,SPP South,31.98917808219178,31.98917808219178,0.0,12.8,122.7,17.82977082396051,199.92925602570676,136.81291196297502,-104.82373388078324,-3.861935595006792,False,False
HighRE,2030,West Connect North,37.292945205479455,37.29294520547945,6.938893903907228e-15,19.2,290.4,29.308003691259163,199.92925602570676,136.81291196297502,-99.51996675749557,-3.687094029948481,False,False
HighRE,2030,West Connect South,49.9250799086758,49.92507990867579,6.938893903907228e-15,17.5,1434.2,119.35482456152468,199.92925602570676,136.81291196297502,-86.88783205429922,-3.270668845698465,False,False
HighRELowNG,2030,CAISO,60.156609589041096,60.156609589041096,0.0,17.3,1803.5,144.31980264594802,199.92925602570676,136.81291196297502,-76.65630237393393,-2.9333809104116795,False,False
HighRELowNG,2030,ERCOT,46.5213698630137,46.5213698630137,0.0,17.8,1320.0,104.95811865302673,199.92925602570676,136.81291196297502,-90.29154209996132,-3.3828739967834838,False,False
HighRELowNG,2030,FRCC,58.28625570776256,58.28625570776256,0.0,31.9,1540.4,122.090863594271,199.92925602570676,136.81291196297502,-78.52665625521246,-2.9950381423779504,False,False
HighRELowNG,2030,ISONE,37.303732876712324,37.303732876712324,0.0,20.6,200.0,23.24774601912497,199.92925602570676,136.81291196297502,-99.50917908626269,-3.686738408504733,False,False
HighRELowNG,2030,MISO Central,52.6187899543379,52.6187899543379,0.0,25.8,773.6,85.66476911476246,199.92925602570676,136.81291196297502,-84.19412200863712,-3.1818692303969325,False,False
HighRELowNG,2030,MISO North,51.67197488584475,51.67197488584474,6.938893903907228e-15,19.0,415.5,63.71648214561964,199.92925602570676,136.81291196297502,-85.14093707713027,-3.2130815035884295,False,False
HighRELowNG,2030,MISO South,54.08505707762557,54.08505707762557,0.0,29.0,623.7,74.11536530127228,199.92925602570676,136.81291196297502,-82.72785488534944,-3.133532937971212,False,False
HighRELowNG,2030,Northern Grid East,44.126552511415525,44.126552511415525,0.0,16.4,906.2,88.5210676778021,199.92925602570676,136.81291196297502,-92.6863594515595,-3.461820452019754,False,False
HighRELowNG,2030,Northern Grid South,50.42335616438356,50.423356164383556,6.938893903907228e-15,15.0,1364.5,121.63892340598177,199.92925602570676,136.81291196297502,-86.38955579859146,-3.254242898187155,False,False
HighRELowNG,2030,Northern Grid West,43.23296803652968,43.23296803652968,0.0,7.1,682.1,72.350261758883,199.92925602570676,136.81291196297502,-93.57994392644534,-3.4912779497697692,False,False
HighRELowNG,2030,NYISO,53.45925799086758,53.45925799086758,0.0,39.1,162.1,14.713663660280874,199.92925602570676,136.81291196297502,-83.35365397210745,-3.154162744898519,False,False
HighRELowNG,2030,PJM East,54.939223744292235,54.93922374429224,-6.938893903907228e-15,28.3,938.0,92.94003324106077,199.92925602570676,136.81291196297502,-81.87368821868279,-3.105374869687085,False,False
HighRELowNG,2030,PJM West,51.35678082191781,51.35678082191781,0.0,16.2,663.6,95.75862633699062,199.92925602570676,136.81291196297502,-85.45613114105721,-3.223472047168692,False,False
HighRELowNG,2030,SERTP,55.92095890410958,55.92095890410959,-6.938893903907228e-15,30.3,1377.5,115.59675787230087,199.92925602570676,136.81291196297502,-80.89195305886544,-3.0730114367110075,False,False
HighRELowNG,2030,SPP North,30.713789954337898,30.713789954337898,0.0,10.4,159.6,19.38899058630647,199.92925602570676,136.81291196297502,-106.09912200863712,-3.903979457632596,False,False
HighRELowNG,2030,SPP South,31.926643835616442,31.926643835616442,0.0,12.7,123.5,18.37412353492813,199.92925602570676,136.81291196297502,-104.88626812735858,-3.8639970704235713,False,False
HighRELowNG,2030,West Connect North,37.34441780821918,37.34441780821918,0.0,19.3,298.3,30.16199154033628,199.92925602570676,136.81291196297502,-99.46849415475585,-3.6853972076311665,False,False
HighRELowNG,2030,West Connect South,50.15478310502283,50.15478310502284,-6.938893903907228e-15,18.0,1464.2,121.99507055483423,199.92925602570676,136.81291196297502,-86.65812885795219,-3.2630965550200393,False,False
LowNG,2030,CAISO,60.09382420091324,60.09382420091325,-6.938893903907228e-15,18.5,1766.1,141.56859794526562,199.92925602570676,136.81291196297502,-76.71908776206178,-2.935450664846196,False,False
LowNG,2030,ERCOT,45.5024200913242,45.502420091324204,-6.938893903907228e-15,18.4,1254.1,100.4485297040924,199.92925602570676,136.81291196297502,-91.31049187165083,-3.4164642296607477,False,False
LowNG,2030,FRCC,58.383938356164386,58.38393835616438,6.938893903907228e-15,32.0,1523.1,121.3665570027026,199.92925602570676,136.81291196297502,-78.42897360681064,-2.9918179807968297,False,False
LowNG,2030,ISONE,37.49921232876712,37.49921232876713,-6.938893903907228e-15,21.1,202.9,23.597708281474386,199.92925602570676,136.81291196297502,-99.3136996342079,-3.680294322152612,False,False
LowNG,2030,MISO Central,51.19125570776256,51.19125570776256,0.0,24.9,709.0,79.47290239933858,199.92925602570676,136.81291196297502,-85.62165625521246,-3.228928672496053,False,False
LowNG,2030,MISO North,50.119086757990864,50.11908675799087,-6.938893903907228e-15,16.9,394.0,60.18258044963632,199.92925602570676,136.81291196297502,-86.69382520498417,-3.264273304495809,False,False
LowNG,2030,MISO South,52.928367579908674,52.928367579908674,0.0,28.9,594.9,70.72702363468329,199.92925602570676,136.81291196297502,-83.88454438306636,-3.1716638357588147,False,False
LowNG,2030,Northern Grid East,40.97623287671233,40.97623287671233,0.0,15.7,691.1,71.62637757700872,199.92925602570676,136.81291196297502,-95.83667908626269,-3.565672450526053,False,False
LowNG,2030,Northern Grid South,47.97509132420091,47.97509132420091,0.0,15.6,1155.5,103.20321222840434,199.92925602570676,136.81291196297502,-88.8378206387741,-3.3349512789256774,False,False
LowNG,2030,Northern Grid West,39.73981735159817,39.73981735159818,-6.938893903907228e-15,8.6,581.6,61.616850208745696,199.92925602570676,136.81291196297502,-97.07309461137686,-3.606431560126506,False,False
LowNG,2030,NYISO,53.94972602739726,53.94972602739726,0.0,38.3,189.8,17.974531193175437,199.92925602570676,136.81291196297502,-82.86318593557776,-3.137994199575063,False,False
LowNG,2030,PJM East,54.08657534246576,54.08657534246576,0.0,28.1,873.8,87.55974686939979,199.92925602570676,136.81291196297502,-82.72633662050927,-3.1334828875457945,False,False
LowNG,2030,PJM West,49.83377853881279,49.83377853881279,0.0,15.1,613.1,90.94495792273145,199.92925602570676,136.81291196297502,-86.97913342416223,-3.273678644965239,False,False
LowNG,2030,SERTP,55.56786529680365,55.56786529680365,0.0,30.3,1326.0,111.51810148747145,199.92925602570676,136.81291196297502,-81.24504666617136,-3.08465135933174,False,False
LowNG,2030,SPP North,29.745285388127854,29.74528538812785,3.469446951953614e-15,9.4,161.4,19.978319656849212,199.92925602570676,136.81291196297502,-107.06762657484717,-3.935906736901472,False,False
LowNG,2030,SPP South,31.18271689497717,31.182716894977165,3.469446951953614e-15,11.4,125.7,19.015376688599922,199.92925602570676,136.81291196297502,-105.63019506799785,-3.888521026239675,False,False
LowNG,2030,West Connect North,34.52858447488585,34.52858447488584,6.938893903907228e-15,19.0,214.9,21.592679141709965,199.92925602570676,136.81291196297502,-102.28432748808918,-3.778222683467326,False,False
LowNG,2030,West Connect South,47.88918949771689,47.88918949771689,0.0,18.1,1289.2,106.58682258877687,199.92925602570676,136.81291196297502,-88.92372246525812,-3.337783079311084,False,False
LowRE,2030,CAISO,59.732545662100456,59.732545662100456,0.0,19.2,1685.3,135.6428251343011,199.92925602570676,136.81291196297502,-77.08036630087457,-2.947360408181392,False,False
LowRE,2030,ERCOT,42.319006849315066,42.319006849315066,0.0,18.4,984.8,77.7808378883961,199.92925602570676,136.81291196297502,-94.49390511365996,-3.5214071769135313,False,False
LowRE,2030,FRCC,57.65880136986301,57.65880136986301,0.0,33.1,1408.3,109.53595089729329,199.92925602570676,136.81291196297502,-79.15411059311201,-3.0157225155585325,False,False
LowRE,2030,ISONE,37.9087899543379,37.9087899543379,0.0,21.1,204.2,23.634535482754067,199.92925602570676,136.81291196297502,-98.90412200863713,-3.6667923731787915,False,False
LowRE,2030,MISO Central,47.88230593607306,47.88230593607306,0.0,24.4,580.4,64.59284010520186,199.92925602570676,136.81291196297502,-88.93060602690196,-3.338009999660905,False,False
LowRE,2030,MISO North,46.755273972602744,46.75527397260275,-6.938893903907228e-15,16.2,335.8,50.37665697598069,199.92925602570676,136.81291196297502,-90.05763799037229,-3.3751632207174405,False,False
LowRE,2030,MISO South,50.73700913242009,50.737009132420084,6.938893903907228e-15,29.2,505.7,58.46540002588822,199.92925602570676,136.81291196297502,-86.07590283055492,-3.2439031576702853,False,False
LowRE,2030,Northern Grid East,38.410616438356165,38.410616438356165,0.0,15.6,541.7,58.91008963890515,199.92925602570676,136.81291196297502,-98.40229552461886,-3.650249390462184,False,False
LowRE,2030,Northern Grid South,46.11624429223745,46.11624429223744,6.938893903907228e-15,15.8,975.4,86.68052771912703,199.92925602570676,136.81291196297502,-90.69666767073758,-3.39622918135195,False,False
LowRE,2030,Northern Grid West,36.63569634703196,36.63569634703197,-6.938893903907228e-15,9.9,469.4,49.835179286245875,199.92925602570676,136.81291196297502,-100.17721561594306,-3.708760595687988,False,False
LowRE,2030,NYISO,53.42619863013699,53.42619863013699,0.0,37.6,186.2,17.917885943691562,199.92925602570676,136.81291196297502,-83.38671333283804,-3.1552525646880394,False,False
LowRE,2030,PJM East,53.121769406392694,53.12176940639269,6.938893903907228e-15,28.4,817.7,81.52114680590286,199.92925602570676,136.81291196297502,-83.69114255658232,-3.165288239462528,False,False
LowRE,2030,PJM West,48.49269406392694,48.49269406392694,0.0,15.1,567.1,84.99127631329597,199.92925602570676,136.81291196297502,-88.32021789904809,-3.3178882233675244,False,False
LowRE,2030,SERTP,54.91075342465753,54.910753424657536,-6.938893903907228e-15,31.0,1238.5,103.574358685236,199.92925602570676,136.81291196297502,-81.9021585383175,-3.1063134092433895,False,False
LowRE,2030,SPP North,29.57192922374429,29.571929223744295,-3.469446951953614e-15,8.7,169.4,21.090857125042675,199.92925602570676,136.81291196297502,-107.24098273923073,-3.9416215170546653,False,False
LowRE,2030,SPP South,31.296757990867576,31.296757990867576,0.0,10.6,137.0,20.371051534737457,199.92925602570676,136.81291196297502,-105.51615397210745,-3.884761599548617,False,False
LowRE,2030,West Connect North,33.134086757990865,33.13408675799087,-6.938893903907228e-15,19.0,172.7,17.44595405756803,199.92925602570676,136.81291196297502,-103.67882520498415,-3.8241930584149015,False,False
LowRE,2030,West Connect South,45.083002283105024,45.083002283105024,0.0,18.2,1024.9,85.44023010257949,199.92925602570676,136.81291196297502,-91.72990967986999,-3.430290565602305,False,False
LowREHighNG,2030,CAISO,62.34658675799087,62.34658675799086,6.938893903907228e-15,19.1,1618.9,130.5840684348173,199.92925602570676,136.81291196297502,-74.46632520498414,-2.8611871230977686,False,False
LowREHighNG,2030,ERCOT,42.100936073059366,42.100936073059366,0.0,18.5,828.8,65.54930020308862,199.92925602570676,136.81291196297502,-94.71197588991566,-3.528595998543089,False,False
LowREHighNG,2030,FRCC,62.39518264840183,62.39518264840183,0.0,34.8,1470.1,113.33273452200845,199.92925602570676,136.81291196297502,-74.4177293145732,-2.8595851331654516,False,False
LowREHighNG,2030,ISONE,41.7376598173516,41.7376598173516,0.0,23.6,209.2,24.087277060993067,199.92925602570676,136.81291196297502,-95.07525214562342,-3.5405715977012013,False,False
LowREHighNG,2030,MISO Central,47.625296803652965,47.625296803652965,0.0,25.9,507.1,53.19535916585256,199.92925602570676,136.81291196297502,-89.18761515932206,-3.346482445358852,False,False
LowREHighNG,2030,MISO North,45.32848173515982,45.32848173515982,0.0,16.9,267.4,41.837130561085125,199.92925602570676,136.81291196297502,-91.48443022781521,-3.422198202082334,False,False
LowREHighNG,2030,MISO South,51.28534246575342,51.28534246575343,-6.938893903907228e-15,28.0,433.2,49.605565582451156,199.92925602570676,136.81291196297502,-85.5275694972216,-3.2258270513961818,False,False
LowREHighNG,2030,Northern Grid East,39.3674200913242,39.3674200913242,0.0,15.2,527.9,58.09356134767776,199.92925602570676,136.81291196297502,-97.44549187165083,-3.618707838156104,False,False
LowREHighNG,2030,Northern Grid South,48.46534246575342,48.46534246575343,-6.938893903907228e-15,15.1,978.3,86.3629429914416,199.92925602570676,136.81291196297502,-88.3475694972216,-3.3187898836629985,False,False
LowREHighNG,2030,Northern Grid West,38.54852739726027,38.54852739726028,-6.938893903907228e-15,9.6,467.2,49.346182187293664,199.92925602570676,136.81291196297502,-98.26438456571475,-3.6457030807670203,False,False
LowREHighNG,2030,NYISO,51.55085616438356,51.55085616438356,0.0,34.2,246.7,25.867505120996704,199.92925602570676,136.81291196297502,-85.26205579859146,-3.2170742480521057,False,False
LowREHighNG,2030,PJM East,48.18123287671233,48.18123287671233,0.0,31.0,471.7,46.1205665039405,199.92925602570676,136.81291196297502,-88.6316790862627,-3.3281557106386774,False,False
LowREHighNG,2030,PJM West,42.743013698630136,42.743013698630136,0.0,17.0,331.8,48.500702641003514,199.92925602570676,136.81291196297502,-94.06989826434489,-3.5074295607387596,False,False
LowREHighNG,2030,SERTP,54.34326484018265,54.34326484018265,0.0,31.4,971.9,83.59383438040419,199.92925602570676,136.81291196297502,-82.46964712279237,-3.1250209787795153,False,False
LowREHighNG,2030,SPP North,29.701643835616437,29.701643835616437,0.0,9.1,157.0,19.782338579456013,199.92925602570676,136.81291196297502,-107.11126812735858,-3.937345404392954,False,False
LowREHighNG,2030,SPP South,32.036929223744295,32.036929223744295,0.0,10.9,130.9,19.9664656172827,199.92925602570676,136.81291196297502,-104.77598273923073,-3.860361452679595,False,False
LowREHighNG,2030,West Connect North,34.711141552511414,34.71114155251142,-6.938893903907228e-15,18.8,190.6,19.464742251935956,199.92925602570676,136.81291196297502,-102.10177041046362,-3.772204590209729,False,False
LowREHighNG,2030,West Connect South,47.03664383561644,47.03664383561643,6.938893903907228e-15,18.0,986.1,82.48594431069748,199.92925602570676,136.81291196297502,-89.77626812735858,-3.3658877102989027,False,False
MidCase,2030,CAISO,60.19244292237443,60.19244292237443,0.0,18.3,1738.9,139.55263196733088,199.92925602570676,136.81291196297502,-76.6204690406006,-2.9321996451080534,False,False
MidCase,2030,ERCOT,45.665114155251146,45.66511415525114,6.938893903907228e-15,18.1,1229.1,99.06130239550107,199.92925602570676,136.81291196297502,-91.14779780772388,-3.411100931442432,False,False
MidCase,2030,FRCC,59.15167808219178,59.15167808219177,6.938893903907228e-15,32.7,1557.6,122.46562352216489,199.92925602570676,136.81291196297502,-77.66123388078324,-2.966509023571563,False,False
MidCase,2030,ISONE,37.64557077625571,37.64557077625571,0.0,21.2,199.8,23.17598709100113,199.92925602570676,136.81291196297502,-99.16734118671931,-3.675469536406261,False,False
MidCase,2030,MISO Central,51.57593607305936,51.57593607305936,0.0,25.1,731.2,80.39854016777959,199.92925602570676,136.81291196297502,-85.23697588991567,-3.2162474752352637,False,False
MidCase,2030,MISO North,50.50376712328767,50.50376712328767,-6.938893903907228e-15,17.2,401.3,60.859517885994066,199.92925602570676,136.81291196297502,-86.30914483968735,-3.25159210723502,False,False
MidCase,2030,MISO South,53.79055936073059,53.7905593607306,-6.938893903907228e-15,29.1,609.3,72.05992679015283,199.92925602570676,136.81291196297502,-83.02235260224444,-3.143241215226057,False,False
MidCase,2030,Northern Grid East,40.95587899543379,40.95587899543379,0.0,15.8,690.8,71.42408475609352,199.92925602570676,136.81291196297502,-95.85703296754123,-3.566343427281825,False,False
MidCase,2030,Northern Grid South,48.20938356164384,48.20938356164383,6.938893903907228e-15,15.4,1149.3,102.44527854850256,199.92925602570676,136.81291196297502,-88.60352840133118,-3.3272277080140387,False,False
MidCase,2030,Northern Grid West,39.63126712328767,39.63126712328767,0.0,8.7,581.2,60.9011458210873,199.92925602570676,136.81291196297502,-97.18164483968735,-3.61000997738429,False,False
MidCase,2030,NYISO,54.44859589041096,54.44859589041096,0.0,39.4,187.5,17.901883279954532,199.92925602570676,136.81291196297502,-82.36431607256407,-3.121548683476372,False,False
MidCase,2030,PJM East,54.72996575342466,54.72996575342466,0.0,28.6,885.2,88.82049950814024,199.92925602570676,136.81291196297502,-82.08294620955036,-3.1122731730578344,False,False
MidCase,2030,PJM West,50.345399543378996,50.34539954337899,6.938893903907228e-15,15.6,606.8,92.16180874012468,199.92925602570676,136.81291196297502,-86.46751241959603,-3.2568127805568463,False,False
MidCase,2030,SERTP,56.964726027397255,56.96472602739726,-6.938893903907228e-15,30.8,1404.6,117.65163015302706,199.92925602570676,136.81291196297502,-79.84818593557776,-3.0386030863536293,False,False
MidCase,2030,SPP North,29.562625570776255,29.562625570776255,0.0,9.5,158.7,19.53275145512654,199.92925602570676,136.81291196297502,-107.25028639219877,-3.941928217029962,False,False
MidCase,2030,SPP South,31.29299086757991,31.29299086757991,0.0,11.6,122.8,18.64818392384231,199.92925602570676,136.81291196297502,-105.51992109539512,-3.884885784814687,False,False
MidCase,2030,West Connect North,34.41780821917808,34.417808219178085,-6.938893903907228e-15,19.1,206.3,20.661105513520948,199.92925602570676,136.81291196297502,-102.39510374379694,-3.7818744829277895,False,False
MidCase,2030,West Connect South,47.82033105022831,47.820331050228305,6.938893903907228e-15,17.8,1252.4,104.00038268778377,199.92925602570676,136.81291196297502,-88.99258091274672,-3.3400530354472675,False,False
HighDemand,2035,CAISO,56.46825342465753,56.46825342465754,-6.938893903907228e-15,12.0,1684.2,136.40714558895266,199.92925602570676,136.81291196297502,-80.34465853831749,-3.0549695754648214,False,False
HighDemand,2035,ERCOT,42.53058219178082,42.53058219178082,0.0,13.8,1166.7,93.09907507855796,199.92925602570676,136.81291196297502,-94.2823297711942,-3.514432480788199,False,False
HighDemand,2035,FRCC,55.57987442922374,55.57987442922374,0.0,28.4,1456.8,112.5037562751201,199.92925602570676,136.81291196297502,-81.23303753375129,-3.0842554717562667,False,False
HighDemand,2035,ISONE,38.98517123287671,38.98517123287671,0.0,18.8,311.5,34.32374117414734,199.92925602570676,136.81291196297502,-97.82774073009831,-3.6313088794724284,False,False
HighDemand,2035,MISO Central,46.490022831050226,46.490022831050226,0.0,21.8,560.3,60.61827750045993,199.92925602570676,136.81291196297502,-90.3228891319248,-3.3839073687247905,False,False
HighDemand,2035,MISO North,44.68243150684931,44.68243150684931,0.0,15.1,330.3,51.09696113059796,199.92925602570676,136.81291196297502,-92.13048045612571,-3.44349559889452,False,False
HighDemand,2035,MISO South,47.895890410958906,47.895890410958906,0.0,24.3,565.4,60.91121946429294,199.92925602570676,136.81291196297502,-88.91702155201611,-3.3375621800650737,False,False
HighDemand,2035,Northern Grid East,37.534132420091325,37.534132420091325,0.0,12.9,528.9,59.246571018445046,199.92925602570676,136.81291196297502,-99.2787795428837,-3.6791431623680335,False,False
HighDemand,2035,Northern Grid South,44.4198401826484,44.4198401826484,0.0,10.8,1060.7,93.88240040799528,199.92925602570676,136.81291196297502,-92.39307178032662,-3.452152064577645,False,False
HighDemand,2035,Northern Grid West,37.35815068493151,37.35815068493151,0.0,6.2,477.9,53.50729269849578,199.92925602570676,136.81291196297502,-99.45476127804352,-3.6849444958884887,False,False
HighDemand,2035,NYISO,53.050388127853886,53.050388127853886,0.0,33.3,292.3,32.13725224073329,199.92925602570676,136.81291196297502,-83.76252383512113,-3.1676413620950785,False,False
HighDemand,2035,PJM East,52.32256849315068,52.32256849315068,0.0,25.9,909.0,86.91102592811644,199.92925602570676,136.81291196297502,-84.49034346982434,-3.191634331818982,False,False
HighDemand,2035,PJM West,48.65868721461187,48.65868721461187,0.0,14.7,689.3,90.54454528153568,199.92925602570676,136.81291196297502,-88.15422474836316,-3.3124161689616507,False,False
HighDemand,2035,SERTP,53.986746575342465,53.986746575342465,0.0,27.3,1283.9,110.16576971253761,199.92925602570676,136.81291196297502,-82.82616538763256,-3.1367737970966765,False,False
HighDemand,2035,SPP North,32.05689497716895,32.05689497716895,0.0,9.0,165.0,24.23070630952339,199.92925602570676,136.81291196297502,-104.75601698580607,-3.85970327076942,False,False
HighDemand,2035,SPP South,29.435947488584475,29.435947488584475,0.0,10.7,160.9,20.255797496205577,199.92925602570676,136.81291196297502,-107.37696447439055,-3.9461042288408406,False,False
HighDemand,2035,West Connect North,35.089155251141555,35.089155251141555,0.0,14.7,205.7,26.43269433637076,199.92925602570676,136.81291196297502,-101.72375671183346,-3.7597431632379865,False,False
HighDemand,2035,West Connect South,43.428470319634705,43.428470319634705,0.0,11.1,1113.3,93.18038833010718,199.92925602570676,136.81291196297502,-93.38444164334032,-3.484833110779672,False,False
HighNG,2035,CAISO,61.32961187214612,61.329611872146124,-6.938893903907228e-15,11.7,1573.2,128.1363996147935,199.92925602570676,136.81291196297502,-75.4833000908289,-2.8947122527900895,False,False
HighNG,2035,ERCOT,45.3287100456621,45.3287100456621,0.0,13.0,1141.9,92.95802761642493,199.92925602570676,136.81291196297502,-91.48420191731293,-3.422190675702572,False,False
HighNG,2035,FRCC,62.29665525114155,62.296655251141544,6.938893903907228e-15,27.3,1543.1,120.61712741574998,199.92925602570676,136.81291196297502,-74.51625671183348,-2.862833142351691,False,False
HighNG,2035,ISONE,43.20017123287671,43.20017123287671,0.0,20.3,309.8,34.13474560146326,199.92925602570676,136.81291196297502,-93.61274073009831,-3.492359114222561,False,False
HighNG,2035,MISO Central,51.478630136986304,51.4786301369863,6.938893903907228e-15,21.1,820.7,73.27142876949078,199.92925602570676,136.81291196297502,-85.33428182598871,-3.2194552182897764,False,False
HighNG,2035,MISO North,48.66947488584475,48.66947488584475,0.0,13.2,465.2,58.664617736362004,199.92925602570676,136.81291196297502,-88.14343707713027,-3.3120605475179015,False,False
HighNG,2035,MISO South,53.63683789954338,53.63683789954339,-6.938893903907228e-15,19.3,713.1,74.41672264930871,199.92925602570676,136.81291196297502,-83.17607406343164,-3.14830872671973,False,False
HighNG,2035,Northern Grid East,40.08882420091324,40.08882420091324,0.0,11.9,553.1,66.26678866787387,199.92925602570676,136.81291196297502,-96.72408776206179,-3.5949263597035093,False,False
HighNG,2035,Northern Grid South,50.647899543379,50.64789954337899,6.938893903907228e-15,10.3,1155.8,102.0425576235932,199.92925602570676,136.81291196297502,-86.16501241959602,-3.2468407036913467,False,False
HighNG,2035,Northern Grid West,40.74111872146119,40.741118721461184,6.938893903907228e-15,7.6,451.8,55.42048480241546,199.92925602570676,136.81291196297502,-96.07179324151383,-3.5734231164048356,False,False
HighNG,2035,NYISO,53.44583333333333,53.445833333333326,6.938893903907228e-15,30.4,299.4,32.673235293687966,199.92925602570676,136.81291196297502,-83.3670786296417,-3.1546052960285174,False,False
HighNG,2035,PJM East,54.75559360730593,54.75559360730593,0.0,28.2,803.4,76.14070621045973,199.92925602570676,136.81291196297502,-82.05731835566908,-3.111428336929562,False,False
HighNG,2035,PJM West,48.42109589041096,48.42109589041096,0.0,15.3,513.6,76.74752159480555,199.92925602570676,136.81291196297502,-88.39181607256407,-3.320248496060849,False,False
HighNG,2035,SERTP,58.438744292237445,58.43874429223744,6.938893903907228e-15,26.3,1205.1,109.21712122948523,199.92925602570676,136.81291196297502,-78.37416767073758,-2.9900112733349915,False,False
HighNG,2035,SPP North,32.25601598173516,32.25601598173515,6.938893903907228e-15,6.9,175.7,27.224124581733637,199.92925602570676,136.81291196297502,-104.55689598123986,-3.853139138660097,False,False
HighNG,2035,SPP South,33.536004566210046,33.536004566210046,0.0,9.8,253.9,29.95980203402198,199.92925602570676,136.81291196297502,-103.27690739676498,-3.8109436194820923,False,False
HighNG,2035,West Connect North,34.738652968036526,34.738652968036526,0.0,14.4,172.8,21.826352709848905,199.92925602570676,136.81291196297502,-102.0742589949385,-3.771297661448422,False,False
HighNG,2035,West Connect South,47.88611872146119,47.88611872146119,0.0,10.0,1124.6,95.67887372919041,199.92925602570676,136.81291196297502,-88.92679324151383,-3.337884309118882,False,False
HighRE,2035,CAISO,57.249988584474885,57.249988584474885,0.0,11.3,1746.6,141.1579061720799,199.92925602570676,136.81291196297502,-79.56292337850013,-3.0291992511601507,False,False
HighRE,2035,ERCOT,43.93077625570776,43.93077625570776,0.0,12.5,1296.8,106.76264580424866,199.92925602570676,136.81291196297502,-92.88213570726725,-3.468274322665564,False,False
HighRE,2035,FRCC,56.225719178082194,56.225719178082194,0.0,29.1,1584.1,122.53576600019468,199.92925602570676,136.81291196297502,-80.58719278489284,-3.0629648486858643,False,False
HighRE,2035,ISONE,37.64461187214612,37.64461187214611,1.3877787807814457e-14,17.8,339.4,37.19471492026847,199.92925602570676,136.81291196297502,-99.1683000908289,-3.6755011472012598,False,False
HighRE,2035,MISO Central,50.67708904109589,50.6770890410959,-6.938893903907228e-15,23.0,940.8,88.43431562140265,199.92925602570676,136.81291196297502,-86.13582292187914,-3.2458784560387897,False,False
HighRE,2035,MISO North,49.52448630136987,49.52448630136986,6.938893903907228e-15,16.1,478.6,63.569817439047526,199.92925602570676,136.81291196297502,-87.28842566160515,-3.2838746316286556,False,False
HighRE,2035,MISO South,51.22439497716895,51.22439497716894,6.938893903907228e-15,22.7,794.5,85.4129657401552,199.92925602570676,136.81291196297502,-85.58851698580608,-3.2278362184736147,False,False
HighRE,2035,Northern Grid East,41.46221461187215,41.46221461187215,0.0,13.3,805.3,83.29794591540436,199.92925602570676,136.81291196297502,-95.35069735110287,-3.5496517985649194,False,False
HighRE,2035,Northern Grid South,48.06198630136986,48.06198630136986,0.0,10.9,1350.2,119.7438241233731,199.92925602570676,136.81291196297502,-88.75092566160515,-3.3320867387883077,False,False
HighRE,2035,Northern Grid West,41.547488584474884,41.547488584474884,0.0,6.1,566.8,67.56858141626206,199.92925602570676,136.81291196297502,-95.26542337850015,-3.5468406957238585,False,False
HighRE,2035,NYISO,51.817694063926936,51.81769406392694,-6.938893903907228e-15,30.6,337.0,37.42902250570922,199.92925602570676,136.81291196297502,-84.99521789904809,-3.2082777917054117,False,False
HighRE,2035,PJM East,53.955479452054796,53.9554794520548,-6.938893903907228e-15,26.4,1029.0,98.16662339832038,199.92925602570676,136.81291196297502,-82.85743251092023,-3.1378045348050643,False,False
HighRE,2035,PJM West,50.65117579908676,50.65117579908675,6.938893903907228e-15,14.4,668.2,100.54499169417579,199.92925602570676,136.81291196297502,-86.16173616388826,-3.2467327001417647,False,False
HighRE,2035,SERTP,55.11840182648402,55.11840182648401,6.938893903907228e-15,27.7,1415.3,120.18441299572174,199.92925602570676,136.81291196297502,-81.694510136491,-3.099468166849962,False,False
HighRE,2035,SPP North,32.01368721461187,32.01368721461188,-6.938893903907228e-15,8.6,166.4,24.565836174500422,199.92925602570676,136.81291196297502,-104.79922474836314,-3.861127638139355,False,False
HighRE,2035,SPP South,30.477465753424656,30.477465753424656,0.0,11.1,207.7,22.78380385789714,199.92925602570676,136.81291196297502,-106.33544620955037,-3.911770013324116,False,False
HighRE,2035,West Connect North,37.07681506849315,37.076815068493154,-6.938893903907228e-15,15.0,291.5,33.31210963796815,199.92925602570676,136.81291196297502,-99.73609689448188,-3.6942188773500644,False,False
HighRE,2035,West Connect South,47.31311643835617,47.31311643835617,0.0,10.6,1452.7,121.20233712865289,199.92925602570676,136.81291196297502,-89.49979552461886,-3.3567736407262547,False,False
HighRELowNG,2035,CAISO,56.28799086757991,56.2879908675799,6.938893903907228e-15,11.7,1767.2,142.60357334146062,199.92925602570676,136.81291196297502,-80.52492109539511,-3.060912028605814,False,False
HighRELowNG,2035,ERCOT,42.96638127853881,42.96638127853881,0.0,13.4,1297.0,105.01057121675966,199.92925602570676,136.81291196297502,-93.8465306844362,-3.500066127098725,False,False
HighRELowNG,2035,FRCC,55.0167694063927,55.0167694063927,0.0,28.6,1589.3,122.65480801817034,199.92925602570676,136.81291196297502,-81.79614255658232,-3.1028185348009623,False,False
HighRELowNG,2035,ISONE,37.13178082191781,37.13178082191781,0.0,16.9,337.9,37.326836496762894,199.92925602570676,136.81291196297502,-99.68113114105722,-3.692406901422391,False,False
HighRELowNG,2035,MISO Central,49.93663242009132,49.93663242009132,0.0,22.7,930.0,88.43636047051731,199.92925602570676,136.81291196297502,-86.87627954288371,-3.270288010882513,False,False
HighRELowNG,2035,MISO North,48.851221461187215,48.851221461187215,0.0,16.1,467.3,63.55004780591124,199.92925602570676,136.81291196297502,-87.96169050178781,-3.3060691729084595,False,False
HighRELowNG,2035,MISO South,50.081632420091324,50.081632420091324,0.0,23.7,782.0,84.67068602798349,199.92925602570676,136.81291196297502,-86.7312795428837,-3.2655080070957454,False,False
HighRELowNG,2035,Northern Grid East,41.28414383561644,41.28414383561644,0.0,13.6,842.6,85.56117996408705,199.92925602570676,136.81291196297502,-95.52876812735857,-3.555521998460196,False,False
HighRELowNG,2035,Northern Grid South,47.08018264840182,47.08018264840183,-6.938893903907228e-15,11.3,1364.5,121.2238091845354,199.92925602570676,136.81291196297502,-89.73272931457319,-3.3644524296783125,False,False
HighRELowNG,2035,Northern Grid West,41.187294520547944,41.187294520547944,0.0,6.3,570.7,68.68489526401885,199.92925602570676,136.81291196297502,-95.62561744242709,-3.5587146887551846,False,False
HighRELowNG,2035,NYISO,50.8265296803653,50.8265296803653,0.0,31.2,311.0,34.38375899947606,199.92925602570676,136.81291196297502,-85.98638228260972,-3.240952064165653,False,False
HighRELowNG,2035,PJM East,52.542751141552515,52.542751141552515,0.0,25.7,1007.7,96.08003690066448,199.92925602570676,136.81291196297502,-84.27016082142251,-3.184375891176627,False,False
HighRELowNG,2035,PJM West,49.749851598173514,49.749851598173514,0.0,14.3,652.1,98.44613654861138,199.92925602570676,136.81291196297502,-87.06306036480152,-3.2764453421657067,False,False
HighRELowNG,2035,SERTP,53.52071917808219,53.52071917808219,0.0,27.6,1380.5,117.2750292868505,199.92925602570676,136.81291196297502,-83.29219278489283,-3.1521366434666205,False,False
HighRELowNG,2035,SPP North,31.79769406392694,31.797694063926947,-6.938893903907228e-15,8.2,171.5,25.56065133186443,199.92925602570676,136.81291196297502,-105.01521789904808,-3.8682479697130794,False,False
HighRELowNG,2035,SPP South,30.004657534246576,30.004657534246576,0.0,10.9,210.9,23.173456340477046,199.92925602570676,136.81291196297502,-106.80825442872845,-3.9273563931729902,False,False
HighRELowNG,2035,West Connect North,36.7241095890411,36.7241095890411,0.0,15.3,298.6,34.10486408628768,199.92925602570676,136.81291196297502,-100.08880237393393,-3.7058460051252022,False,False
HighRELowNG,2035,West Connect South,46.99434931506849,46.99434931506849,0.0,11.4,1485.7,123.94930088819581,199.92925602570676,136.81291196297502,-89.81856264790653,-3.36728197214979,False,False
LowNG,2035,CAISO,55.24117579908676,55.24117579908676,0.0,12.6,1658.6,134.28027607633985,199.92925602570676,136.81291196297502,-81.57173616388826,-3.0954208561330114,False,False
LowNG,2035,ERCOT,41.381780821917815,41.38178082191781,6.938893903907228e-15,12.8,1220.0,99.43030442208223,199.92925602570676,136.81291196297502,-95.43113114105721,-3.5523033421550294,False,False
LowNG,2035,FRCC,54.652248858447486,54.65224885844749,-6.938893903907228e-15,28.0,1527.7,119.20854848320364,199.92925602570676,136.81291196297502,-82.16066310452754,-3.114835152728776,False,False
LowNG,2035,ISONE,36.540901826484024,36.540901826484024,0.0,16.7,327.0,35.702744760498234,199.92925602570676,136.81291196297502,-100.27201013649099,-3.71188554856512,False,False
LowNG,2035,MISO Central,48.260262557077624,48.26026255707763,-6.938893903907228e-15,21.2,848.1,81.17871924714544,199.92925602570676,136.81291196297502,-88.5526494058974,-3.325550454284104,False,False
LowNG,2035,MISO North,46.96377853881278,46.96377853881279,-6.938893903907228e-15,13.1,460.5,60.85273969899243,199.92925602570676,136.81291196297502,-89.84913342416223,-3.368289754399906,False,False
LowNG,2035,MISO South,48.638504566210045,48.638504566210045,0.0,22.1,744.3,80.31432166877386,199.92925602570676,136.81291196297502,-88.17440739676498,-3.3130815009326007,False,False
LowNG,2035,Northern Grid East,37.72337899543379,37.72337899543379,0.0,12.4,632.8,69.42736746388957,199.92925602570676,136.81291196297502,-99.08953296754123,-3.6729045461834127,False,False
LowNG,2035,Northern Grid South,44.60243150684932,44.602431506849314,6.938893903907228e-15,11.0,1173.1,103.99171333677462,199.92925602570676,136.81291196297502,-92.21048045612571,-3.4461328423630815,False,False
LowNG,2035,Northern Grid West,37.48184931506849,37.481849315068494,-6.938893903907228e-15,7.2,488.7,58.84506486645343,199.92925602570676,136.81291196297502,-99.33106264790653,-3.680866703333503,False,False
LowNG,2035,NYISO,49.42180365296804,49.42180365296804,-6.938893903907228e-15,29.2,301.5,32.20447017154515,199.92925602570676,136.81291196297502,-87.39110831000698,-3.2872596209265605,False,False
LowNG,2035,PJM East,51.708002283105024,51.70800228310501,1.3877787807814457e-14,25.3,947.7,90.63306438314578,199.92925602570676,136.81291196297502,-85.10490967986999,-3.2118938408620052,False,False
LowNG,2035,PJM West,47.20270547945205,47.20270547945206,-6.938893903907228e-15,12.6,640.4,91.89981403847318,199.92925602570676,136.81291196297502,-89.61020648352297,-3.3604133979791007,False,False
LowNG,2035,SERTP,52.779623287671235,52.779623287671235,0.0,26.7,1278.2,109.52512658314728,199.92925602570676,136.81291196297502,-84.0332886753038,-3.1765672721736773,False,False
LowNG,2035,SPP North,30.188150684931507,30.188150684931507,0.0,6.8,165.1,25.42064928010382,199.92925602570676,136.81291196297502,-106.62476127804351,-3.921307441758368,False,False
LowNG,2035,SPP South,28.59675799086758,28.596757990867584,-3.469446951953614e-15,9.3,199.7,22.873170530747288,199.92925602570676,136.81291196297502,-108.21615397210743,-3.973768566612589,False,False
LowNG,2035,West Connect North,33.51639269406393,33.516392694063924,6.938893903907228e-15,14.4,220.5,25.823132009976938,199.92925602570676,136.81291196297502,-103.29651926891108,-3.811590135503637,False,False
LowNG,2035,West Connect South,44.201815068493154,44.201815068493154,0.0,11.0,1280.9,106.38347128948418,199.92925602570676,136.81291196297502,-92.61109689448188,-3.45933938093125,False,False
LowRE,2035,CAISO,55.41505707762557,55.415057077625576,-6.938893903907228e-15,12.8,1575.8,128.41900896466638,199.92925602570676,136.81291196297502,-81.39785488534946,-3.089688765306366,False,False
LowRE,2035,ERCOT,39.43565068493151,39.4356506849315,6.938893903907228e-15,12.8,1018.3,81.64331928609649,199.92925602570676,136.81291196297502,-97.3772612780435,-3.616458579564265,False,False
LowRE,2035,FRCC,53.76866438356164,53.76866438356164,0.0,28.2,1362.8,105.3135078889609,199.92925602570676,136.81291196297502,-83.04424757941338,-3.143962995045222,False,False
LowRE,2035,ISONE,35.861883561643836,35.861883561643836,0.0,16.5,294.6,32.13482403652755,199.92925602570676,136.81291196297502,-100.95102840133119,-3.734269754614923,False,False
LowRE,2035,MISO Central,45.480114155251144,45.48011415525114,6.938893903907228e-15,20.4,659.1,64.79872724090932,199.92925602570676,136.81291196297502,-91.33279780772388,-3.417199556963483,False,False
LowRE,2035,MISO North,43.89034246575343,43.89034246575343,0.0,11.9,409.9,52.98960348941016,199.92925602570676,136.81291196297502,-92.92256949722159,-3.4696072445213924,False,False
LowRE,2035,MISO South,46.61784246575342,46.61784246575343,-6.938893903907228e-15,21.3,607.6,64.32173012204345,199.92925602570676,136.81291196297502,-90.1950694972216,-3.3796937250151027,False,False
LowRE,2035,Northern Grid East,35.29768264840183,35.297682648401825,6.938893903907228e-15,11.6,468.7,57.4244080077526,199.92925602570676,136.81291196297502,-101.51522931457319,-3.7528689442824743,False,False
LowRE,2035,Northern Grid South,43.31506849315068,43.31506849315068,0.0,10.8,978.8,86.50177186334157,199.92925602570676,136.81291196297502,-93.49784346982435,-3.4885714636073972,False,False
LowRE,2035,Northern Grid West,34.62480593607306,34.62480593607307,-6.938893903907228e-15,7.6,381.9,48.015894485576446,199.92925602570676,136.81291196297502,-102.18810602690196,-3.775050690716682,False,False
LowRE,2035,NYISO,48.93436073059361,48.93436073059361,0.0,28.6,282.6,29.885275801825088,199.92925602570676,136.81291196297502,-87.87855123238141,-3.3033284417181705,False,False
LowRE,2035,PJM East,51.06,51.059999999999995,6.938893903907228e-15,25.0,886.7,84.23447222461185,199.92925602570676,136.81291196297502,-85.75291196297502,-3.233255588221156,False,False
LowRE,2035,PJM West,45.66320776255708,45.66320776255708,0.0,12.2,621.8,85.4116327986758,199.92925602570676,136.81291196297502,-91.14970420041794,-3.4111637767134453,False,False
LowRE,2035,SERTP,51.692408675799086,51.692408675799086,0.0,26.6,1160.3,99.31999748355994,199.92925602570676,136.81291196297502,-85.12050328717594,-3.212407892599741,False,False
LowRE,2035,SPP North,29.976164383561645,29.976164383561645,0.0,6.0,166.9,26.45049555241663,199.92925602570676,136.81291196297502,-106.83674757941338,-3.928295685367273,False,False
LowRE,2035,SPP South,28.268150684931506,28.268150684931506,0.0,8.4,183.0,21.740003670508717,199.92925602570676,136.81291196297502,-108.54476127804352,-3.9846012850038584,False,False
LowRE,2035,West Connect North,31.961426940639267,31.961426940639267,0.0,14.3,169.3,21.40812598079296,199.92925602570676,136.81291196297502,-104.85148502233575,-3.862850426466849,False,False
LowRE,2035,West Connect South,41.01987442922375,41.01987442922374,6.938893903907228e-15,10.7,959.1,80.95849048426658,199.92925602570676,136.81291196297502,-95.79303753375127,-3.5642337830345707,False,False
LowREHighNG,2035,CAISO,60.250068493150685,60.25006849315067,1.3877787807814457e-14,12.7,1474.7,120.2653776988817,199.92925602570676,136.81291196297502,-76.56284346982434,-2.9302999868561557,False,False
LowREHighNG,2035,ERCOT,41.10351598173516,41.10351598173516,0.0,13.0,877.7,70.7632833035154,199.92925602570676,136.81291196297502,-95.70939598123987,-3.561476493808806,False,False
LowREHighNG,2035,FRCC,60.71134703196347,60.71134703196347,0.0,28.9,1379.6,107.41583073813037,199.92925602570676,136.81291196297502,-76.10156493101155,-2.915093689185256,False,False
LowREHighNG,2035,ISONE,42.341255707762556,42.341255707762556,0.0,19.7,292.0,32.0763101430916,199.92925602570676,136.81291196297502,-94.47165625521247,-3.5206737312057363,False,False
LowREHighNG,2035,MISO Central,47.0639497716895,47.0639497716895,0.0,21.3,606.5,55.524927117748355,199.92925602570676,136.81291196297502,-89.74896219128553,-3.3649875552793813,False,False
LowREHighNG,2035,MISO North,44.53658675799087,44.53658675799087,0.0,12.6,386.3,48.54061894604195,199.92925602570676,136.81291196297502,-92.27632520498415,-3.448303450286408,False,False
LowREHighNG,2035,MISO South,49.21638127853881,49.21638127853881,0.0,19.5,531.5,54.85015246966913,199.92925602570676,136.81291196297502,-87.5965306844362,-3.294031481117311,False,False
LowREHighNG,2035,Northern Grid East,38.01216894977169,38.012168949771684,6.938893903907228e-15,11.4,520.9,60.453038306615625,199.92925602570676,136.81291196297502,-98.80074301320333,-3.6633844284226127,False,False
LowREHighNG,2035,Northern Grid South,48.014121004566206,48.01412100456621,-6.938893903907228e-15,9.9,1006.3,88.46140528000453,199.92925602570676,136.81291196297502,-88.79879095840882,-3.3336646443053843,False,False
LowREHighNG,2035,Northern Grid West,38.40914383561644,38.40914383561643,6.938893903907228e-15,7.4,378.8,48.32925359601843,199.92925602570676,136.81291196297502,-98.40376812735857,-3.6502979356116487,False,False
LowREHighNG,2035,NYISO,51.08794520547945,51.08794520547946,-6.938893903907228e-15,27.3,325.5,36.301462175121706,199.92925602570676,136.81291196297502,-85.72496675749557,-3.232334359338303,False,False
LowREHighNG,2035,PJM East,49.44415525114155,49.44415525114155,0.0,27.1,539.4,51.37200695183129,199.92925602570676,136.81291196297502,-87.36875671183347,-3.286522788347872,False,False
LowREHighNG,2035,PJM West,43.18466894977169,43.184668949771684,6.938893903907228e-15,14.7,420.0,54.923024622469214,199.92925602570676,136.81291196297502,-93.62824301320333,-3.4928701554083945,False,False
LowREHighNG,2035,SERTP,53.47598173515982,53.47598173515981,6.938893903907228e-15,25.6,893.8,81.42537904330993,199.92925602570676,136.81291196297502,-83.3369302278152,-3.153611437580961,False,False
LowREHighNG,2035,SPP North,30.93711187214612,30.937111872146115,3.469446951953614e-15,6.4,168.5,26.8225572215867,199.92925602570676,136.81291196297502,-105.8758000908289,-3.896617529268515,False,False
LowREHighNG,2035,SPP South,30.159828767123287,30.159828767123287,0.0,8.7,183.3,22.36278391230794,199.92925602570676,136.81291196297502,-106.65308319585174,-3.92224108916783,False,False
LowREHighNG,2035,West Connect North,35.40864155251142,35.40864155251142,0.0,13.9,216.0,26.2027993899796,199.92925602570676,136.81291196297502,-101.4042704104636,-3.749211123718203,False,False
LowREHighNG,2035,West Connect South,45.0125799086758,45.0125799086758,0.0,10.4,924.4,78.58389642807842,199.92925602570676,136.81291196297502,-91.80033205429922,-3.4326120774398574,False,False
MidCase,2035,CAISO,55.852933789954335,55.85293378995434,-6.938893903907228e-15,12.1,1618.3,131.18645981185796,199.92925602570676,136.81291196297502,-80.95997817302069,-3.0752539215610595,False,False
MidCase,2035,ERCOT,41.91115296803653,41.91115296803653,0.0,12.7,1186.4,97.1544582626783,199.92925602570676,136.81291196297502,-94.90175899493849,-3.53485230172015,False,False
MidCase,2035,FRCC,55.84365296803653,55.84365296803652,6.938893903907228e-15,28.7,1547.9,120.44713182445656,199.92925602570676,136.81291196297502,-80.96925899493849,-3.0755598688983796,False,False
MidCase,2035,ISONE,36.80179223744292,36.801792237442925,-6.938893903907228e-15,16.7,324.8,35.416340039098536,199.92925602570676,136.81291196297502,-100.0111197255321,-3.7032851544112213,False,False
MidCase,2035,MISO Central,48.9786301369863,48.9786301369863,0.0,21.4,858.7,81.2711925431938,199.92925602570676,136.81291196297502,-87.83428182598873,-3.3018690766823435,False,False
MidCase,2035,MISO North,47.53091324200913,47.530913242009134,-6.938893903907228e-15,13.3,456.0,60.979037371127525,199.92925602570676,136.81291196297502,-89.2819987209659,-3.349593850752412,False,False
MidCase,2035,MISO South,49.93254566210046,49.93254566210046,0.0,21.4,753.0,81.25014845875565,199.92925602570676,136.81291196297502,-86.88036630087456,-3.2704227330802507,False,False
MidCase,2035,Northern Grid East,37.84519406392694,37.84519406392695,-6.938893903907228e-15,12.3,610.6,67.9658099126732,199.92925602570676,136.81291196297502,-98.96771789904808,-3.668888846261462,False,False
MidCase,2035,Northern Grid South,45.655719178082194,45.65571917808219,6.938893903907228e-15,10.8,1157.9,102.62003921762144,199.92925602570676,136.81291196297502,-91.15719278489283,-3.411410641969633,False,False
MidCase,2035,Northern Grid West,37.674086757990864,37.67408675799087,-6.938893903907228e-15,7.2,479.7,57.18581576624505,199.92925602570676,136.81291196297502,-99.13882520498416,-3.674529491574001,False,False
MidCase,2035,NYISO,50.40365296803653,50.40365296803653,0.0,30.4,304.6,32.34632131537619,199.92925602570676,136.81291196297502,-86.40925899493848,-3.2548924247606035,False,False
MidCase,2035,PJM East,52.76474885844749,52.76474885844749,0.0,25.6,959.0,91.71039636124146,199.92925602570676,136.81291196297502,-84.04816310452753,-3.177057615815164,False,False
MidCase,2035,PJM West,47.884417808219176,47.884417808219176,0.0,13.1,707.1,93.22630072283629,199.92925602570676,136.81291196297502,-88.92849415475584,-3.3379403806481074,False,False
MidCase,2035,SERTP,54.36528538812786,54.36528538812786,0.0,26.9,1338.4,114.54140113765017,199.92925602570676,136.81291196297502,-82.44762657484716,-3.124295059451482,False,False
MidCase,2035,SPP North,30.30767123287671,30.307671232876714,-3.469446951953614e-15,6.9,159.5,25.484132372831958,199.92925602570676,136.81291196297502,-106.50524073009831,-3.9173673819530257,False,False
MidCase,2035,SPP South,28.979623287671235,28.979623287671235,0.0,9.5,192.7,22.214605249424718,199.92925602570676,136.81291196297502,-107.83328867530379,-3.9611472040709064,False,False
MidCase,2035,West Connect North,33.66002283105023,33.660022831050235,-6.938893903907228e-15,14.6,207.5,24.442149106973293,199.92925602570676,136.81291196297502,-103.1528891319248,-3.80685528999544,False,False
MidCase,2035,West Connect South,44.49980593607306,44.49980593607307,-6.938893903907228e-15,10.5,1221.4,102.20884381759024,199.92925602570676,136.81291196297502,-92.31310602690196,-3.449515950066046,False,False
HighDemand,2040,CAISO,55.18755707762557,55.18755707762557,0.0,9.0,1634.9,132.9791138300925,199.92925602570676,136.81291196297502,-81.62535488534945,-3.097188426420089,False,False
HighDemand,2040,ERCOT,41.651244292237436,41.65124429223744,-6.938893903907228e-15,11.4,1008.2,85.81941757109338,199.92925602570676,136.81291196297502,-95.16166767073759,-3.5434203324410736,False,False
HighDemand,2040,FRCC,54.281894977168946,54.28189497716895,-6.938893903907228e-15,23.6,1358.9,109.93544145836913,199.92925602570676,136.81291196297502,-82.53101698580608,-3.127044069659507,False,False
HighDemand,2040,ISONE,45.62278538812785,45.62278538812786,-6.938893903907228e-15,19.1,421.8,46.774994773673995,199.92925602570676,136.81291196297502,-91.19012657484717,-3.4124963222502847,False,False
HighDemand,2040,MISO Central,46.6459703196347,46.6459703196347,0.0,19.4,539.7,57.688485688410566,199.92925602570676,136.81291196297502,-90.16694164334032,-3.378766475028439,False,False
HighDemand,2040,MISO North,45.082499999999996,45.082499999999996,0.0,13.7,477.8,57.820816083112526,199.92925602570676,136.81291196297502,-91.73041196297503,-3.430307123637782,False,False
HighDemand,2040,MISO South,46.57481735159817,46.57481735159817,0.0,19.9,615.6,61.39836484807122,199.92925602570676,136.81291196297502,-90.23809461137685,-3.3811120712812297,False,False
HighDemand,2040,Northern Grid East,37.47809360730594,37.47809360730594,0.0,10.7,479.7,54.96179530934139,199.92925602570676,136.81291196297502,-99.33481835566909,-3.680990512280586,False,False
HighDemand,2040,Northern Grid South,44.00146118721461,44.001461187214616,-6.938893903907228e-15,8.2,1082.4,94.56132838868147,199.92925602570676,136.81291196297502,-92.81145077576042,-3.465944155491287,False,False
HighDemand,2040,Northern Grid West,38.215673515981734,38.21567351598174,-6.938893903907228e-15,5.8,396.9,54.2655226808835,199.92925602570676,136.81291196297502,-98.59723844699329,-3.656675789821862,False,False
HighDemand,2040,NYISO,60.41236301369863,60.41236301369864,-6.938893903907228e-15,29.0,437.2,59.96539909000416,199.92925602570676,136.81291196297502,-76.40054894927638,-2.9249498598024246,False,False
HighDemand,2040,PJM East,51.504155251141555,51.504155251141555,0.0,23.6,913.5,86.34674501929968,199.92925602570676,136.81291196297502,-85.30875671183347,-3.2186137690323973,False,False
HighDemand,2040,PJM West,48.943812785388126,48.94381278538813,-6.938893903907228e-15,14.7,775.1,89.71304529423216,199.92925602570676,136.81291196297502,-87.86909917758689,-3.30301684959603,False,False
HighDemand,2040,SERTP,52.07327625570776,52.07327625570777,-6.938893903907228e-15,22.6,1081.1,100.15530034165153,199.92925602570676,136.81291196297502,-84.73963570726727,-3.1998523858809773,False,False
HighDemand,2040,SPP North,36.212614155251146,36.21261415525114,6.938893903907228e-15,8.3,305.4,40.41127904984859,199.92925602570676,136.81291196297502,-100.60029780772388,-3.7227077300247244,False,False
HighDemand,2040,SPP South,29.81214611872146,29.812146118721458,3.469446951953614e-15,10.2,180.3,24.71592804341246,199.92925602570676,136.81291196297502,-107.00076584425356,-3.933702636588205,False,False
HighDemand,2040,West Connect North,36.33496575342466,36.334965753424655,6.938893903907228e-15,12.0,232.8,33.74807554125943,199.92925602570676,136.81291196297502,-100.47794620955037,-3.718674343110335,False,False
HighDemand,2040,West Connect South,42.699474885844744,42.69947488584475,-6.938893903907228e-15,8.2,1081.0,92.05335269143318,199.92925602570676,136.81291196297502,-94.11343707713027,-3.508864841359349,False,False
HighNG,2040,CAISO,60.646004566210046,60.646004566210046,0.0,8.7,1510.9,124.0586614907876,199.92925602570676,136.81291196297502,-76.16690739676497,-2.9172477390731046,False,False
HighNG,2040,ERCOT,45.22409817351598,45.22409817351598,0.0,10.3,1147.2,94.28089976070972,199.92925602570676,136.81291196297502,-91.58881378945904,-3.4256392629094647,False,False
HighNG,2040,FRCC,61.185662100456625,61.18566210045661,1.3877787807814457e-14,21.3,1424.1,115.75679987283281,199.92925602570676,136.81291196297502,-75.6272498625184,-2.899457635229954,False,False
HighNG,2040,ISONE,47.467043378995434,47.46704337899544,-6.938893903907228e-15,18.0,447.2,49.38029936352143,199.92925602570676,136.81291196297502,-89.34586858397958,-3.351699355490798,False,False
HighNG,2040,MISO Central,51.46670091324201,51.466700913242,6.938893903907228e-15,16.8,809.9,73.9386371341949,199.92925602570676,136.81291196297502,-85.34621104973301,-3.219848471632335,False,False
HighNG,2040,MISO North,49.12825342465754,49.12825342465754,0.0,10.6,565.8,67.63503558439209,199.92925602570676,136.81291196297502,-87.68465853831748,-3.296936663705395,False,False
HighNG,2040,MISO South,52.03146118721461,52.03146118721462,-6.938893903907228e-15,14.5,741.5,76.63877515478481,199.92925602570676,136.81291196297502,-84.78145077576042,-3.201230842334364,False,False
HighNG,2040,Northern Grid East,40.03385844748858,40.03385844748859,-6.938893903907228e-15,9.6,500.3,65.53040032919198,199.92925602570676,136.81291196297502,-96.77905351548644,-3.596738335631182,False,False
HighNG,2040,Northern Grid South,50.79684931506849,50.7968493150685,-6.938893903907228e-15,7.8,1177.3,103.73263863818516,199.92925602570676,136.81291196297502,-86.01606264790652,-3.241930493534698,False,False
HighNG,2040,Northern Grid West,41.401746575342464,41.40174657534246,6.938893903907228e-15,6.3,403.1,55.978303122419284,199.92925602570676,136.81291196297502,-95.41116538763256,-3.5516451602448535,False,False
HighNG,2040,NYISO,57.26593607305936,57.26593607305936,0.0,24.9,539.6,60.85633439124716,199.92925602570676,136.81291196297502,-79.54697588991567,-3.0286735335337838,False,False
HighNG,2040,PJM East,55.75626712328767,55.756267123287664,6.938893903907228e-15,23.8,874.5,83.74736951906272,199.92925602570676,136.81291196297502,-81.05664483968735,-3.0784405907522383,False,False
HighNG,2040,PJM West,49.50262557077625,49.50262557077625,0.0,12.5,630.3,83.47583442976564,199.92925602570676,136.81291196297502,-87.31028639219878,-3.284595282490856,False,False
HighNG,2040,SERTP,57.07958904109589,57.0795890410959,-6.938893903907228e-15,20.8,1117.9,102.65240293186027,199.92925602570676,136.81291196297502,-79.73332292187914,-3.0348165646954284,False,False
HighNG,2040,SPP North,36.81401826484018,36.81401826484018,0.0,5.3,319.2,44.36749846370209,199.92925602570676,136.81291196297502,-99.99889369813485,-3.702882116774974,False,False
HighNG,2040,SPP South,33.31197488584475,33.31197488584475,0.0,8.7,277.7,32.60960925455147,199.92925602570676,136.81291196297502,-103.50093707713027,-3.818328879623435,False,False
HighNG,2040,West Connect North,36.614851598173516,36.614851598173516,0.0,11.5,208.7,30.643641615173028,199.92925602570676,136.81291196297502,-100.1980603648015,-3.709447754160248,False,False
HighNG,2040,West Connect South,47.28996575342466,47.28996575342465,6.938893903907228e-15,7.3,1076.4,92.8442655335513,199.92925602570676,136.81291196297502,-89.52294620955035,-3.357536815634109,False,False
HighRE,2040,CAISO,56.17619863013699,56.17619863013699,0.0,8.7,1699.9,138.41540937828347,199.92925602570676,136.81291196297502,-80.63671333283804,-3.0645973204562162,False,False
HighRE,2040,ERCOT,42.82705479452055,42.82705479452055,0.0,10.2,1253.2,104.79879479901362,199.92925602570676,136.81291196297502,-93.98585716845447,-3.5046591003484115,False,False
HighRE,2040,FRCC,55.76276255707763,55.76276255707762,6.938893903907228e-15,24.9,1603.7,124.244848534438,199.92925602570676,136.81291196297502,-81.0501494058974,-3.078226465248013,False,False
HighRE,2040,ISONE,43.43595890410959,43.43595890410959,0.0,17.3,504.2,55.33229517746049,199.92925602570676,136.81291196297502,-93.37695305886544,-3.4845862455234817,False,False
HighRE,2040,MISO Central,49.61586757990868,49.615867579908674,6.938893903907228e-15,20.7,967.2,87.97472418400568,199.92925602570676,136.81291196297502,-87.19704438306634,-3.280862198128964,False,False
HighRE,2040,MISO North,48.75570776255707,48.75570776255708,-6.938893903907228e-15,14.1,567.5,68.50455035598907,199.92925602570676,136.81291196297502,-88.05720420041794,-3.3092178338818403,False,False
HighRE,2040,MISO South,49.94558219178082,49.94558219178083,-6.938893903907228e-15,17.8,850.1,90.1817002269609,199.92925602570676,136.81291196297502,-86.86732977119419,-3.2699929767958476,False,False
HighRE,2040,Northern Grid East,40.806267123287675,40.80626712328767,6.938893903907228e-15,11.2,769.8,82.20860216597711,199.92925602570676,136.81291196297502,-96.00664483968734,-3.5712754639397835,False,False
HighRE,2040,Northern Grid South,47.45801369863014,47.45801369863015,-6.938893903907228e-15,8.6,1367.4,120.77114681834054,199.92925602570676,136.81291196297502,-89.35489826434488,-3.3519970238103793,False,False
HighRE,2040,Northern Grid West,41.48925799086758,41.489257990867586,-6.938893903907228e-15,5.6,494.3,66.41566819389234,199.92925602570676,136.81291196297502,-95.32365397210745,-3.5487602988821254,False,False
HighRE,2040,NYISO,55.77139269406393,55.77139269406393,0.0,26.4,617.3,70.68796989597834,199.92925602570676,136.81291196297502,-81.04151926891109,-3.077941968093015,False,False
HighRE,2040,PJM East,53.47567351598174,53.47567351598173,6.938893903907228e-15,24.6,1085.9,101.96015653791375,199.92925602570676,136.81291196297502,-83.33723844699328,-3.1536215981936397,False,False
HighRE,2040,PJM West,51.055456621004566,51.05545662100457,-6.938893903907228e-15,14.0,670.5,105.16156926648908,199.92925602570676,136.81291196297502,-85.75745534197046,-3.2334053631784174,False,False
HighRE,2040,SERTP,54.20307077625571,54.20307077625571,0.0,23.9,1321.4,118.91086654924649,199.92925602570676,136.81291196297502,-82.60984118671931,-3.1296425522722964,False,False
HighRE,2040,SPP North,35.55166666666667,35.55166666666667,0.0,7.4,317.1,41.22155797602852,199.92925602570676,136.81291196297502,-101.26124529630835,-3.744496223116373,False,False
HighRE,2040,SPP South,31.107705479452054,31.107705479452054,0.0,10.3,267.3,30.899793466748072,199.92925602570676,136.81291196297502,-105.70520648352297,-3.89099381831044,False,False
HighRE,2040,West Connect North,38.4920205479452,38.4920205479452,0.0,12.2,313.5,40.492148559988074,199.92925602570676,136.81291196297502,-98.32089141502982,-3.6475658597580862,False,False
HighRE,2040,West Connect South,46.802636986301366,46.80263698630137,-6.938893903907228e-15,7.8,1457.3,122.65884893679035,199.92925602570676,136.81291196297502,-90.01027497667366,-3.373601873235839,False,False
HighRELowNG,2040,CAISO,54.20550228310502,54.20550228310502,0.0,8.9,1711.2,139.1708956162166,199.92925602570676,136.81291196297502,-82.60740967987,-3.129562396327832,False,False
HighRELowNG,2040,ERCOT,41.6162100456621,41.6162100456621,0.0,11.2,1279.0,105.700770495551,199.92925602570676,136.81291196297502,-95.19670191731292,-3.5445752554155314,False,False
HighRELowNG,2040,FRCC,53.96479452054795,53.96479452054795,0.0,25.7,1611.9,123.99604714692644,199.92925602570676,136.81291196297502,-82.84811744242708,-3.1374974585107793,False,False
HighRELowNG,2040,ISONE,42.718812785388124,42.718812785388124,0.0,16.4,501.4,55.322169026576795,199.92925602570676,136.81291196297502,-94.0940991775869,-3.5082273569935176,False,False
HighRELowNG,2040,MISO Central,48.479417808219175,48.479417808219175,0.0,20.8,993.5,89.93414399212973,199.92925602570676,136.81291196297502,-88.33349415475584,-3.3183258823506776,False,False
HighRELowNG,2040,MISO North,47.809748858447485,47.80974885844749,-6.938893903907228e-15,14.3,559.8,67.99166851277839,199.92925602570676,136.81291196297502,-89.00316310452754,-3.3404018831492293,False,False
HighRELowNG,2040,MISO South,48.245091324200914,48.245091324200914,0.0,19.4,848.6,89.89045208167707,199.92925602570676,136.81291196297502,-88.56782063877411,-3.3260505822192807,False,False
HighRELowNG,2040,Northern Grid East,40.05574200913242,40.055742009132416,6.938893903907228e-15,11.7,808.5,84.00636589216514,199.92925602570676,136.81291196297502,-96.7571699538426,-3.5960169321310054,False,False
HighRELowNG,2040,Northern Grid South,45.42417808219179,45.42417808219179,0.0,9.1,1362.5,120.72029260052898,199.92925602570676,136.81291196297502,-91.38873388078324,-3.4190435200051423,False,False
HighRELowNG,2040,Northern Grid West,40.35957762557078,40.35957762557078,0.0,5.8,496.3,66.77583215406051,199.92925602570676,136.81291196297502,-96.45333433740424,-3.5860008259438976,False,False
HighRELowNG,2040,NYISO,54.8813698630137,54.8813698630137,0.0,27.0,591.0,68.01122278423976,199.92925602570676,136.81291196297502,-81.93154209996132,-3.1072820543187447,False,False
HighRELowNG,2040,PJM East,51.44631278538813,51.44631278538813,0.0,24.2,1065.8,99.88113490390525,199.92925602570676,136.81291196297502,-85.36659917758689,-3.2205205773450705,False,False
HighRELowNG,2040,PJM West,50.03829908675799,50.03829908675799,0.0,14.2,656.2,103.40253789216531,199.92925602570676,136.81291196297502,-86.77461287621703,-3.2669365139745494,False,False
HighRELowNG,2040,SERTP,52.27028538812785,52.27028538812786,-6.938893903907228e-15,24.7,1319.9,118.25441579757738,199.92925602570676,136.81291196297502,-84.54262657484716,-3.193357872784452,False,False
HighRELowNG,2040,SPP North,35.20415525114155,35.20415525114156,-6.938893903907228e-15,7.0,329.8,43.19328293260938,199.92925602570676,136.81291196297502,-101.60875671183348,-3.7559521257519286,False,False
HighRELowNG,2040,SPP South,30.456335616438356,30.456335616438356,0.0,10.1,284.4,31.813385347322352,199.92925602570676,136.81291196297502,-106.35657634653667,-3.912466579771078,False,False
HighRELowNG,2040,West Connect North,37.87150684931507,37.87150684931506,6.938893903907228e-15,12.7,320.4,41.46021078758914,199.92925602570676,136.81291196297502,-98.94140511365995,-3.668021430993906,False,False
HighRELowNG,2040,West Connect South,45.6584703196347,45.6584703196347,0.0,8.3,1494.9,125.49299954620179,199.92925602570676,136.81291196297502,-91.15444164334032,-3.411319949093504,False,False
LowNG,2040,CAISO,52.63423515981735,52.63423515981735,0.0,9.5,1573.0,128.33748101116734,199.92925602570676,136.81291196297502,-84.17867680315767,-3.181360070806042,False,False
LowNG,2040,ERCOT,39.83568493150685,39.83568493150685,0.0,10.5,1196.1,98.77520185025321,199.92925602570676,136.81291196297502,-96.97722703146817,-3.603271233264493,False,False
LowNG,2040,FRCC,52.94720319634703,52.94720319634703,0.0,24.7,1488.5,116.78354217427855,199.92925602570676,136.81291196297502,-83.86570876662799,-3.1710429094284596,False,False
LowNG,2040,ISONE,41.16764840182648,41.16764840182648,0.0,15.5,479.4,51.94847000216538,199.92925602570676,136.81291196297502,-95.64526356114854,-3.559362333733694,False,False
LowNG,2040,MISO Central,46.785559360730595,46.785559360730595,0.0,18.9,886.6,81.64759916950244,199.92925602570676,136.81291196297502,-90.02735260224443,-3.374164846442027,False,False
LowNG,2040,MISO North,45.91202054794521,45.912020547945204,6.938893903907228e-15,11.5,549.6,65.93978641147122,199.92925602570676,136.81291196297502,-90.9008914150298,-3.4029615280489494,False,False
LowNG,2040,MISO South,46.7039497716895,46.703949771689494,6.938893903907228e-15,17.5,789.9,84.23493855002897,199.92925602570676,136.81291196297502,-90.10896219128551,-3.376855150887911,False,False
LowNG,2040,Northern Grid East,36.55441780821918,36.55441780821917,6.938893903907228e-15,10.4,619.7,69.44343443051908,199.92925602570676,136.81291196297502,-100.25849415475585,-3.7114399868832173,False,False
LowNG,2040,Northern Grid South,43.04316210045662,43.04316210045663,-6.938893903907228e-15,8.3,1193.1,105.12864147880539,199.92925602570676,136.81291196297502,-93.76974986251841,-3.4975350055848056,False,False
LowNG,2040,Northern Grid West,36.872751141552506,36.87275114155252,-1.3877787807814457e-14,6.2,433.0,58.33761148600796,199.92925602570676,136.81291196297502,-99.94016082142252,-3.7009459555812296,False,False
LowNG,2040,NYISO,51.702568493150686,51.702568493150686,0.0,24.6,546.6,60.24811046148334,199.92925602570676,136.81291196297502,-85.11034346982433,-3.2120729687003378,False,False
LowNG,2040,PJM East,50.57657534246576,50.57657534246575,6.938893903907228e-15,23.2,999.3,94.18693587563821,199.92925602570676,136.81291196297502,-86.23633662050926,-3.2491919447289566,False,False
LowNG,2040,PJM West,46.61392694063927,46.61392694063927,0.0,12.1,741.3,94.8246946099317,199.92925602570676,136.81291196297502,-90.19898502233576,-3.379822802428019,False,False
LowNG,2040,SERTP,51.03856164383562,51.038561643835614,6.938893903907228e-15,22.6,1149.0,105.79905796351714,199.92925602570676,136.81291196297502,-85.7743503191394,-3.2339623152807966,False,False
LowNG,2040,SPP North,33.48602739726027,33.48602739726028,-6.938893903907228e-15,5.7,313.6,42.39822082313462,199.92925602570676,136.81291196297502,-103.32688456571475,-3.812591144011966,False,False
LowNG,2040,SPP South,28.509075342465753,28.509075342465753,0.0,8.4,256.7,29.23650129240514,199.92925602570676,136.81291196297502,-108.30383662050927,-3.9766590727601367,False,False
LowNG,2040,West Connect North,34.36704337899543,34.367043378995426,6.938893903907228e-15,11.7,242.6,33.023747259195375,199.92925602570676,136.81291196297502,-102.44586858397959,-3.783547973467843,False,False
LowNG,2040,West Connect South,42.5498401826484,42.549840182648396,6.938893903907228e-15,8.0,1254.9,105.4358290738299,199.92925602570676,136.81291196297502,-94.26307178032661,-3.5137976306552834,False,False
LowRE,2040,CAISO,53.59318493150685,53.593184931506855,-6.938893903907228e-15,9.7,1494.8,122.79456484555672,199.92925602570676,136.81291196297502,-83.21972703146818,-3.149747770530202,False,False
LowRE,2040,ERCOT,39.17196347031963,39.17196347031964,-6.938893903907228e-15,10.2,1056.9,85.95224001309141,199.92925602570676,136.81291196297502,-97.64094849265538,-3.625151171870248,False,False
LowRE,2040,FRCC,51.990799086757995,51.990799086757995,0.0,24.0,1254.8,99.67816366990047,199.92925602570676,136.81291196297502,-84.82211287621703,-3.202571290569955,False,False
LowRE,2040,ISONE,39.23155251141552,39.23155251141553,-6.938893903907228e-15,15.0,413.4,45.14134630238153,199.92925602570676,136.81291196297502,-97.5813594515595,-3.6231867867523966,False,False
LowRE,2040,MISO Central,44.83649543378995,44.83649543378995,0.0,17.5,684.5,65.32230599184666,199.92925602570676,136.81291196297502,-91.97641652918507,-3.4384167978312052,False,False
LowRE,2040,MISO North,43.44528538812786,43.44528538812785,6.938893903907228e-15,9.8,512.8,60.935483347065286,199.92925602570676,136.81291196297502,-93.36762657484716,-3.48427879291021,False,False
LowRE,2040,MISO South,44.41980593607306,44.41980593607306,0.0,16.3,630.8,65.72641208717201,199.92925602570676,136.81291196297502,-92.39310602690196,-3.4521531935346097,False,False
LowRE,2040,Northern Grid East,34.83054794520548,34.830547945205474,6.938893903907228e-15,9.4,478.2,59.7457877284912,199.92925602570676,136.81291196297502,-101.98236401776954,-3.7682682935942657,False,False
LowRE,2040,Northern Grid South,42.53517123287671,42.535171232876706,6.938893903907228e-15,7.9,996.6,87.97608364667238,199.92925602570676,136.81291196297502,-94.27774073009832,-3.514281200554984,False,False
LowRE,2040,Northern Grid West,34.85134703196347,34.85134703196348,-6.938893903907228e-15,6.2,369.4,49.700743937663496,199.92925602570676,136.81291196297502,-101.96156493101155,-3.767582640397959,False,False
LowRE,2040,NYISO,50.743710045662105,50.743710045662105,0.0,23.8,516.3,56.294067399357594,199.92925602570676,136.81291196297502,-86.06920191731291,-3.2436822584242737,False,False
LowRE,2040,PJM East,50.28143835616438,50.28143835616439,-6.938893903907228e-15,22.3,921.1,87.07614246722363,199.92925602570676,136.81291196297502,-86.53147360681064,-3.258921295847138,False,False
LowRE,2040,PJM West,45.310079908675796,45.310079908675796,0.0,11.0,726.8,89.04233137249565,199.92925602570676,136.81291196297502,-91.50283205429923,-3.422804828291142,False,False
LowRE,2040,SERTP,49.39850456621005,49.398504566210036,1.3877787807814457e-14,21.5,988.7,90.87069635215873,199.92925602570676,136.81291196297502,-87.41440739676497,-3.2880276879812604,False,False
LowRE,2040,SPP North,33.159303652968035,33.159303652968035,0.0,4.8,306.4,42.051320789110875,199.92925602570676,136.81291196297502,-103.65360831000699,-3.823361769770202,False,False
LowRE,2040,SPP South,27.70700913242009,27.707009132420094,-3.469446951953614e-15,7.7,210.8,25.24527323550047,199.92925602570676,136.81291196297502,-109.10590283055492,-4.003099621182602,False,False
LowRE,2040,West Connect North,33.04835616438356,33.048356164383556,6.938893903907228e-15,11.2,197.3,29.14870113949715,199.92925602570676,136.81291196297502,-103.76455579859146,-3.8270192140154875,False,False
LowRE,2040,West Connect South,39.635456621004565,39.635456621004565,0.0,7.8,918.6,78.67964672669846,199.92925602570676,136.81291196297502,-97.17745534197046,-3.609871868315659,False,False
LowREHighNG,2040,CAISO,58.82985159817351,58.82985159817352,-6.938893903907228e-15,9.6,1368.6,112.52010133141076,199.92925602570676,136.81291196297502,-77.9830603648015,-2.977118208483906,False,False
LowREHighNG,2040,ERCOT,41.72686073059361,41.72686073059361,0.0,10.6,945.9,77.26768049186204,199.92925602570676,136.81291196297502,-95.08605123238141,-3.540927595463938,False,False
LowREHighNG,2040,FRCC,58.37457762557078,58.37457762557078,0.0,22.1,1191.9,96.45494413216201,199.92925602570676,136.81291196297502,-78.43833433740424,-2.992126562367067,False,False
LowREHighNG,2040,ISONE,45.590787671232874,45.590787671232874,0.0,17.0,407.5,45.052288528582864,199.92925602570676,136.81291196297502,-91.22212429174215,-3.413551144373912,False,False
LowREHighNG,2040,MISO Central,47.086084474885844,47.086084474885844,0.0,16.3,617.3,57.795545338065374,199.92925602570676,136.81291196297502,-89.72682748808919,-3.3642578727614674,False,False
LowREHighNG,2040,MISO North,45.73793378995434,45.73793378995434,0.0,10.1,508.4,60.3453884856515,199.92925602570676,136.81291196297502,-91.07497817302068,-3.408700392617381,False,False
LowREHighNG,2040,MISO South,47.28078767123288,47.28078767123287,6.938893903907228e-15,14.5,555.2,56.670128953352666,199.92925602570676,136.81291196297502,-89.53212429174215,-3.357839376100538,False,False
LowREHighNG,2040,Northern Grid East,38.07675799086758,38.076757990867584,-6.938893903907228e-15,9.1,541.3,62.89899940758739,199.92925602570676,136.81291196297502,-98.73615397210745,-3.661255215587978,False,False
LowREHighNG,2040,Northern Grid South,47.69849315068493,47.69849315068494,-6.938893903907228e-15,7.3,1011.8,89.03310129150442,199.92925602570676,136.81291196297502,-89.1144188122901,-3.344069488007192,False,False
LowREHighNG,2040,Northern Grid West,39.00224885844749,39.00224885844749,0.0,6.0,363.6,50.246349541065264,199.92925602570676,136.81291196297502,-97.81066310452753,-3.6307459062662404,False,False
LowREHighNG,2040,NYISO,54.37256849315068,54.37256849315068,0.0,21.9,539.7,60.45026171447108,199.92925602570676,136.81291196297502,-82.44034346982434,-3.124054967937078,False,False
LowREHighNG,2040,PJM East,50.86567351598174,50.86567351598174,-6.938893903907228e-15,21.9,625.3,61.9421241764567,199.92925602570676,136.81291196297502,-85.94723844699328,-3.239661666355478,False,False
LowREHighNG,2040,PJM West,44.869383561643836,44.869383561643836,0.0,12.3,567.8,66.05469538050859,199.92925602570676,136.81291196297502,-91.94352840133118,-3.437332622826506,False,False
LowREHighNG,2040,SERTP,51.9083904109589,51.9083904109589,0.0,19.8,835.2,76.01956015811304,199.92925602570676,136.81291196297502,-84.90452155201612,-3.205287937345005,False,False
LowREHighNG,2040,SPP North,34.966563926940644,34.96656392694064,6.938893903907228e-15,5.1,303.3,43.011128055367585,199.92925602570676,136.81291196297502,-101.84634803603439,-3.763784452851127,False,False
LowREHighNG,2040,SPP South,29.915970319634702,29.915970319634702,3.469446951953614e-15,7.7,207.2,25.614763409759064,199.92925602570676,136.81291196297502,-106.89694164334031,-3.9302800153914914,False,False
LowREHighNG,2040,West Connect North,36.45398401826484,36.45398401826484,0.0,11.0,240.2,33.36527639716335,199.92925602570676,136.81291196297502,-100.35892794471019,-3.7147508413404675,False,False
LowREHighNG,2040,West Connect South,43.819988584474885,43.81998858447489,-6.938893903907228e-15,7.5,854.3,73.65190026129893,199.92925602570676,136.81291196297502,-92.99292337850014,-3.4719264984450153,False,False
MidCase,2040,CAISO,53.995787671232875,53.995787671232875,0.0,9.0,1528.1,124.82374921047469,199.92925602570676,136.81291196297502,-82.81712429174215,-3.1364757524581046,False,False
MidCase,2040,ERCOT,40.76262557077626,40.76262557077625,6.938893903907228e-15,9.8,1155.3,95.70016123885533,199.92925602570676,136.81291196297502,-96.05028639219876,-3.5727141314312663,False,False
MidCase,2040,FRCC,54.56888127853881,54.56888127853882,-6.938893903907228e-15,24.8,1488.9,117.78934783388533,199.92925602570676,136.81291196297502,-82.24403068443621,-3.117583410298827,False,False
MidCase,2040,ISONE,41.50405251141553,41.50405251141553,0.0,15.3,479.1,51.797279624508526,199.92925602570676,136.81291196297502,-95.3088594515595,-3.5482725894735556,False,False
MidCase,2040,MISO Central,47.95906392694064,47.959063926940644,-6.938893903907228e-15,18.7,875.9,80.60692889782105,199.92925602570676,136.81291196297502,-88.85384803603438,-3.3354796307849632,False,False
MidCase,2040,MISO North,46.5587899543379,46.5587899543379,0.0,11.1,546.1,66.2153602584191,199.92925602570676,136.81291196297502,-90.25412200863713,-3.3816404231405133,False,False
MidCase,2040,MISO South,48.1909703196347,48.19097031963471,-6.938893903907228e-15,16.5,796.7,84.3814561445085,199.92925602570676,136.81291196297502,-88.62194164334032,-3.327834710541835,False,False
MidCase,2040,Northern Grid East,36.94558219178082,36.94558219178083,-6.938893903907228e-15,10.1,576.2,67.05249557720705,199.92925602570676,136.81291196297502,-99.86732977119419,-3.6985450404371907,False,False
MidCase,2040,Northern Grid South,44.90436073059361,44.9043607305936,6.938893903907228e-15,8.1,1165.1,102.90051908526016,199.92925602570676,136.81291196297502,-91.90855123238141,-3.4361795814469875,False,False
MidCase,2040,Northern Grid West,37.48706621004566,37.487066210045654,6.938893903907228e-15,6.1,413.7,56.21146536450406,199.92925602570676,136.81291196297502,-99.32584575292935,-3.6806947255559455,False,False
MidCase,2040,NYISO,52.90260273972603,52.902602739726035,-6.938893903907228e-15,25.1,557.3,61.025563923079446,199.92925602570676,136.81291196297502,-83.91030922324899,-3.1725131877149426,False,False
MidCase,2040,PJM East,51.998847031963464,51.99884703196347,-6.938893903907228e-15,23.1,1011.3,95.14034462630089,199.92925602570676,136.81291196297502,-84.81406493101156,-3.2023059856833496,False,False
MidCase,2040,PJM West,47.58119863013699,47.58119863013699,0.0,12.3,812.6,96.73678719579802,199.92925602570676,136.81291196297502,-89.23171333283804,-3.347936165609858,False,False
MidCase,2040,SERTP,52.68684931506849,52.6868493150685,-6.938893903907228e-15,22.4,1180.4,108.2263506836973,199.92925602570676,136.81291196297502,-84.12606264790654,-3.1796256165899175,False,False
MidCase,2040,SPP North,33.91721461187215,33.91721461187215,0.0,5.6,306.9,42.091743330790834,199.92925602570676,136.81291196297502,-102.89569735110288,-3.798376823193683,False,False
MidCase,2040,SPP South,29.09414383561644,29.09414383561644,0.0,8.5,243.8,28.046507831637214,199.92925602570676,136.81291196297502,-107.71876812735859,-3.957371971982348,False,False
MidCase,2040,West Connect North,34.81481735159817,34.81481735159817,0.0,11.6,226.1,31.807324399718418,199.92925602570676,136.81291196297502,-101.99809461137684,-3.7687868611598603,False,False
MidCase,2040,West Connect South,43.30907534246575,43.309075342465746,6.938893903907228e-15,7.7,1180.1,99.9476222009303,199.92925602570676,136.81291196297502,-93.50383662050928,-3.4887690310761466,False,False
HighDemand,2045,CAISO,54.71913242009133,54.71913242009132,6.938893903907228e-15,7.4,1636.2,133.20625747768298,199.92925602570676,136.81291196297502,-82.0937795428837,-3.1126302997775346,False,False
HighDemand,2045,ERCOT,40.90402968036529,40.904029680365305,-1.3877787807814457e-14,9.7,889.0,82.03936671124833,199.92925602570676,136.81291196297502,-95.90888228260974,-3.5680526681257483,False,False
HighDemand,2045,FRCC,53.26497716894977,53.26497716894977,0.0,19.9,1294.9,109.35807831004597,199.92925602570676,136.81291196297502,-83.54793479402525,-3.160567317756889,False,False
HighDemand,2045,ISONE,50.18035388127854,50.18035388127855,-6.938893903907228e-15,18.7,431.1,50.20306925992451,199.92925602570676,136.81291196297502,-86.63255808169649,-3.2622536004867086,False,False
HighDemand,2045,MISO Central,46.70768264840183,46.70768264840183,0.0,17.8,490.2,56.01055287570966,199.92925602570676,136.81291196297502,-90.1052293145732,-3.3767320945788044,False,False
HighDemand,2045,MISO North,45.25988584474886,45.25988584474886,0.0,12.9,540.9,62.46719903102339,199.92925602570676,136.81291196297502,-91.55302611822617,-3.4244595028817897,False,False
HighDemand,2045,MISO South,45.59060502283105,45.590605022831056,-6.938893903907228e-15,17.3,659.1,63.552276612625334,199.92925602570676,136.81291196297502,-91.22230694014397,-3.4135571654777217,False,False
HighDemand,2045,Northern Grid East,37.20332191780822,37.203321917808225,-6.938893903907228e-15,9.3,405.5,50.193242865706736,199.92925602570676,136.81291196297502,-99.60959004516681,-3.6900485103240066,False,False
HighDemand,2045,Northern Grid South,43.77178082191781,43.771780821917815,-6.938893903907228e-15,6.9,1074.1,92.7441734094109,199.92925602570676,136.81291196297502,-93.0411311410572,-3.473515693531736,False,False
HighDemand,2045,Northern Grid West,38.83881278538813,38.83881278538813,0.0,5.6,390.2,55.36129741578098,199.92925602570676,136.81291196297502,-97.9740991775869,-3.6361336652187806,False,False
HighDemand,2045,NYISO,68.74446347031963,68.74446347031963,0.0,26.1,556.4,85.14933091988938,199.92925602570676,136.81291196297502,-68.06844849265539,-2.6502776409445854,False,False
HighDemand,2045,PJM East,51.343333333333334,51.343333333333334,0.0,22.2,880.1,84.31039616062206,199.92925602570676,136.81291196297502,-85.46957862964169,-3.223915350936666,False,False
HighDemand,2045,PJM West,49.328972602739725,49.328972602739725,0.0,14.8,778.9,83.70273131195565,199.92925602570676,136.81291196297502,-87.4839393602353,-3.2903198469377397,False,False
HighDemand,2045,SERTP,50.71514840182648,50.715148401826475,6.938893903907228e-15,19.8,974.0,92.74703482060494,199.92925602570676,136.81291196297502,-86.09776356114854,-3.2446238085324866,False,False
HighDemand,2045,SPP North,37.63888127853882,37.63888127853881,6.938893903907228e-15,8.0,353.4,47.48757751166661,199.92925602570676,136.81291196297502,-99.1740306844362,-3.675690059333283,False,False
HighDemand,2045,SPP South,29.90964611872146,29.90964611872146,0.0,9.6,183.2,27.559179401447366,199.92925602570676,136.81291196297502,-106.90326584425355,-3.930488496110895,False,False
HighDemand,2045,West Connect North,36.34222602739727,36.34222602739726,6.938893903907228e-15,10.5,255.8,36.496158599685344,199.92925602570676,136.81291196297502,-100.47068593557776,-3.718435004233906,False,False
HighDemand,2045,West Connect South,42.18553652968036,42.18553652968037,-6.938893903907228e-15,6.7,1053.7,91.06063508601954,199.92925602570676,136.81291196297502,-94.62737543329466,-3.5258070985223253,False,False
HighNG,2045,CAISO,60.69392694063927,60.69392694063927,0.0,7.2,1542.4,127.10869644511502,199.92925602570676,136.81291196297502,-76.11898502233575,-2.9156679519610877,False,False
HighNG,2045,ERCOT,44.397602739726025,44.397602739726025,0.0,8.6,1114.8,92.88142985827675,199.92925602570676,136.81291196297502,-92.415309223249,-3.452885133966452,False,False
HighNG,2045,FRCC,60.47390410958904,60.47390410958903,1.3877787807814457e-14,18.0,1384.0,116.356163413074,199.92925602570676,136.81291196297502,-76.33900785338598,-2.9229211241376096,False,False
HighNG,2045,ISONE,50.8790296803653,50.8790296803653,0.0,16.6,544.3,59.72789459237179,199.92925602570676,136.81291196297502,-85.93388228260972,-3.2392213731394084,False,False
HighNG,2045,MISO Central,51.07775114155251,51.07775114155251,0.0,14.3,791.1,74.19125775717136,199.92925602570676,136.81291196297502,-85.73516082142251,-3.2326704121946706,False,False
HighNG,2045,MISO North,49.169372146118725,49.169372146118725,0.0,9.3,632.0,73.8370903879439,199.92925602570676,136.81291196297502,-87.6435398168563,-3.29558116271028,False,False
HighNG,2045,MISO South,50.93995433789954,50.939954337899536,6.938893903907228e-15,11.9,779.8,80.24914662342441,199.92925602570676,136.81291196297502,-85.87295762507549,-3.237212958699952,False,False
HighNG,2045,Northern Grid East,39.86753424657534,39.86753424657534,0.0,8.2,486.8,65.5050783408478,199.92925602570676,136.81291196297502,-96.94537771639969,-3.6022213032877097,False,False
HighNG,2045,Northern Grid South,50.66559360730594,50.66559360730594,0.0,6.4,1213.3,106.7113847847743,199.92925602570676,136.81291196297502,-86.14731835566909,-3.2462574092598016,False,False
HighNG,2045,Northern Grid West,41.87068493150685,41.87068493150685,0.0,5.5,416.3,57.23900713176646,199.92925602570676,136.81291196297502,-94.94222703146818,-3.536186352532943,False,False
HighNG,2045,NYISO,62.43716894977169,62.4371689497717,-1.3877787807814457e-14,21.6,760.1,86.856422633653,199.92925602570676,136.81291196297502,-74.37574301320333,-2.8582010319272433,False,False
HighNG,2045,PJM East,56.1612100456621,56.1612100456621,0.0,20.9,938.5,91.17680122760083,199.92925602570676,136.81291196297502,-80.65170191731292,-3.0650914272875833,False,False
HighNG,2045,PJM West,50.12208904109589,50.12208904109589,0.0,11.0,746.5,88.32559731510281,199.92925602570676,136.81291196297502,-86.69082292187913,-3.26417433260194,False,False
HighNG,2045,SERTP,56.01627853881279,56.016278538812784,6.938893903907228e-15,17.6,1120.2,101.60970238402835,199.92925602570676,136.81291196297502,-80.79663342416222,-3.069869173160423,False,False
HighNG,2045,SPP North,38.43098173515982,38.43098173515982,0.0,4.6,382.7,52.9947665758075,199.92925602570676,136.81291196297502,-98.3819302278152,-3.6495780373874234,False,False
HighNG,2045,SPP South,32.898710045662106,32.8987100456621,6.938893903907228e-15,7.9,291.6,34.493841875492095,199.92925602570676,136.81291196297502,-103.91420191731291,-3.831952379630409,False,False
HighNG,2045,West Connect North,36.9396803652968,36.9396803652968,0.0,9.9,237.9,35.88436175577455,199.92925602570676,136.81291196297502,-99.87323159767823,-3.6987395973540353,False,False
HighNG,2045,West Connect South,46.93123287671233,46.931232876712336,-6.938893903907228e-15,5.9,1073.7,93.9083692825675,199.92925602570676,136.81291196297502,-89.8816790862627,-3.3693626398349608,False,False
HighRE,2045,CAISO,55.30087899543379,55.300878995433784,6.938893903907228e-15,7.3,1666.7,136.08504202324875,199.92925602570676,136.81291196297502,-81.51203296754123,-3.0934527078252816,False,False
HighRE,2045,ERCOT,42.464018264840185,42.46401826484018,6.938893903907228e-15,8.8,1245.7,105.31595090876318,199.92925602570676,136.81291196297502,-94.34889369813484,-3.516626796807775,False,False
HighRE,2045,FRCC,55.23434931506849,55.23434931506849,0.0,21.3,1596.1,125.2986752792924,199.92925602570676,136.81291196297502,-81.57856264790652,-3.095645894887893,False,False
HighRE,2045,ISONE,48.36235159817352,48.36235159817351,6.938893903907228e-15,17.5,585.0,63.97543649942455,199.92925602570676,136.81291196297502,-88.4505603648015,-3.3221850335735814,False,False
HighRE,2045,MISO Central,49.02450913242009,49.024509132420086,6.938893903907228e-15,18.7,984.9,87.94211896794296,199.92925602570676,136.81291196297502,-87.78840283055493,-3.3003566506691926,False,False
HighRE,2045,MISO North,48.337739726027394,48.337739726027394,0.0,13.2,624.0,72.85069741962573,199.92925602570676,136.81291196297502,-88.47517223694763,-3.3229963773119104,False,False
HighRE,2045,MISO South,49.23665525114155,49.23665525114155,0.0,14.9,882.6,93.27166208173013,199.92925602570676,136.81291196297502,-87.57625671183348,-3.2933631385944566,False,False
HighRE,2045,Northern Grid East,40.49111872146119,40.49111872146119,0.0,9.9,749.0,82.099600225555,199.92925602570676,136.81291196297502,-96.32179324151383,-3.5816645022440925,False,False
HighRE,2045,Northern Grid South,47.249063926940636,47.249063926940636,0.0,7.2,1376.4,121.418133548391,199.92925602570676,136.81291196297502,-89.56384803603439,-3.3588851665684505,False,False
HighRE,2045,Northern Grid West,41.847614155251144,41.847614155251144,0.0,5.3,499.9,66.12841011580976,199.92925602570676,136.81291196297502,-94.96529780772389,-3.53694689320788,False,False
HighRE,2045,NYISO,61.955057077625575,61.955057077625575,0.0,24.4,846.9,96.38838826453207,199.92925602570676,136.81291196297502,-74.85785488534944,-2.8740941117514125,False,False
HighRE,2045,PJM East,53.30295662100457,53.30295662100457,0.0,23.3,1130.4,105.67807011776603,199.92925602570676,136.81291196297502,-83.50995534197045,-3.159315304483501,False,False
HighRE,2045,PJM West,51.34235159817352,51.342351598173515,6.938893903907228e-15,14.2,779.8,105.98696712092868,199.92925602570676,136.81291196297502,-85.4705603648015,-3.2239477143696416,False,False
HighRE,2045,SERTP,53.444874429223745,53.444874429223745,0.0,21.0,1290.4,118.20029733922044,199.92925602570676,136.81291196297502,-83.36803753375128,-3.154636906823517,False,False
HighRE,2045,SPP North,37.24932648401826,37.24932648401827,-6.938893903907228e-15,7.1,394.4,51.027090794794155,199.92925602570676,136.81291196297502,-99.56358547895675,-3.6885319448019884,False,False
HighRE,2045,SPP South,31.658310502283108,31.658310502283108,0.0,9.7,311.5,36.28537124097491,199.92925602570676,136.81291196297502,-105.15460146069191,-3.872842824557707,False,False
HighRE,2045,West Connect North,38.998561643835615,38.99856164383562,-6.938893903907228e-15,10.6,324.9,44.789887942012896,199.92925602570676,136.81291196297502,-97.81435031913941,-3.6308674572993938,False,False
HighRE,2045,West Connect South,46.375684931506854,46.37568493150685,6.938893903907228e-15,6.3,1441.9,122.59295125107593,199.92925602570676,136.81291196297502,-90.43722703146817,-3.3876765797095394,False,False
HighRELowNG,2045,CAISO,52.49724885844749,52.49724885844749,0.0,7.4,1666.0,135.9020922437222,199.92925602570676,136.81291196297502,-84.31566310452753,-3.18587589866317,False,False
HighRELowNG,2045,ERCOT,40.95505707762557,40.95505707762557,0.0,9.4,1275.2,106.98352084511349,199.92925602570676,136.81291196297502,-95.85785488534945,-3.5663705222489672,False,False
HighRELowNG,2045,FRCC,53.23743150684931,53.23743150684932,-6.938893903907228e-15,23.2,1607.7,125.02628342677563,199.92925602570676,136.81291196297502,-83.57548045612572,-3.1614753754751606,False,False
HighRELowNG,2045,ISONE,47.33746575342466,47.33746575342465,6.938893903907228e-15,16.3,577.7,63.87637201855936,199.92925602570676,136.81291196297502,-89.47544620955037,-3.3559709523246513,False,False
HighRELowNG,2045,MISO Central,47.43804794520548,47.438047945205476,6.938893903907228e-15,19.4,1024.1,90.26051794199675,199.92925602570676,136.81291196297502,-89.37486401776954,-3.352655205720555,False,False
HighRELowNG,2045,MISO North,47.20361872146118,47.2036187214612,-1.3877787807814457e-14,13.5,622.2,72.36265019537046,199.92925602570676,136.81291196297502,-89.60929324151384,-3.3603832924600523,False,False
HighRELowNG,2045,MISO South,46.99456621004566,46.99456621004566,0.0,16.5,881.2,92.7643710151406,199.92925602570676,136.81291196297502,-89.81834575292936,-3.367274822089015,False,False
HighRELowNG,2045,Northern Grid East,39.416495433789954,39.416495433789954,0.0,10.5,790.4,83.89977191124605,199.92925602570676,136.81291196297502,-97.39641652918507,-3.617090042826289,False,False
HighRELowNG,2045,Northern Grid South,44.66578767123287,44.66578767123287,0.0,7.8,1367.0,121.07562676636515,199.92925602570676,136.81291196297502,-92.14712429174216,-3.444044271979161,False,False
HighRELowNG,2045,Northern Grid West,40.4349200913242,40.4349200913242,0.0,5.4,504.8,66.51067657963173,199.92925602570676,136.81291196297502,-96.37799187165082,-3.5835171206224783,False,False
HighRELowNG,2045,NYISO,60.64842465753425,60.64842465753424,6.938893903907228e-15,24.7,820.8,94.02080047614905,199.92925602570676,136.81291196297502,-76.16448730544077,-2.91716795944763,False,False
HighRELowNG,2045,PJM East,50.90900684931507,50.90900684931507,0.0,23.1,1114.8,103.88284242211792,199.92925602570676,136.81291196297502,-85.90390511365996,-3.238233159476675,False,False
HighRELowNG,2045,PJM West,50.03977168949772,50.03977168949771,6.938893903907228e-15,14.5,771.6,104.14922584780328,199.92925602570676,136.81291196297502,-86.77314027347731,-3.2668879688250856,False,False
HighRELowNG,2045,SERTP,51.320490867579906,51.3204908675799,6.938893903907228e-15,22.1,1316.9,118.46452974326661,199.92925602570676,136.81291196297502,-85.49242109539512,-3.224668365231842,False,False
HighRELowNG,2045,SPP North,36.737831050228316,36.737831050228316,0.0,6.7,416.3,52.90174967843644,199.92925602570676,136.81291196297502,-100.0750809127467,-3.705393669701513,False,False
HighRELowNG,2045,SPP South,30.92079908675799,30.920799086757984,6.938893903907228e-15,9.9,341.0,38.24461688088961,199.92925602570676,136.81291196297502,-105.89211287621703,-3.8971552891025008,False,False
HighRELowNG,2045,West Connect North,38.38108447488584,38.381084474885846,-6.938893903907228e-15,11.2,334.5,45.85241691007299,199.92925602570676,136.81291196297502,-98.43182748808918,-3.651222927684383,False,False
HighRELowNG,2045,West Connect South,44.76816210045662,44.76816210045663,-6.938893903907228e-15,6.7,1491.8,125.97798074905164,199.92925602570676,136.81291196297502,-92.0447498625184,-3.440669443293935,False,False
LowNG,2045,CAISO,51.552100456621,51.552100456621005,-6.938893903907228e-15,7.8,1581.2,129.55516312517898,199.92925602570676,136.81291196297502,-85.26081150635403,-3.217033229282405,False,False
LowNG,2045,ERCOT,39.00536529680365,39.00536529680365,0.0,9.0,1188.7,99.04685646130604,199.92925602570676,136.81291196297502,-97.80754666617136,-3.6306431711824905,False,False
LowNG,2045,FRCC,51.83553652968036,51.83553652968036,0.0,22.5,1463.9,116.26555754270781,199.92925602570676,136.81291196297502,-84.97737543329467,-3.2076896051270207,False,False
LowNG,2045,ISONE,45.20110730593607,45.20110730593607,0.0,15.3,556.0,60.40993543285892,199.92925602570676,136.81291196297502,-91.61180465703896,-3.4263971693514854,False,False
LowNG,2045,MISO Central,45.735034246575346,45.735034246575346,0.0,17.1,889.3,80.88146548298087,199.92925602570676,136.81291196297502,-91.07787771639968,-3.4087959776403576,False,False
LowNG,2045,MISO North,45.28456621004566,45.28456621004566,0.0,10.7,606.4,70.26133816540617,199.92925602570676,136.81291196297502,-91.52834575292937,-3.423645901229532,False,False
LowNG,2045,MISO South,45.588150684931506,45.588150684931506,0.0,15.1,822.3,87.20715508722044,199.92925602570676,136.81291196297502,-91.22476127804352,-3.4136380740601613,False,False
LowNG,2045,Northern Grid East,35.83175799086758,35.83175799086758,0.0,9.2,593.9,69.3428611886091,199.92925602570676,136.81291196297502,-100.98115397210745,-3.7352628604245024,False,False
LowNG,2045,Northern Grid South,42.29512557077626,42.295125570776264,-6.938893903907228e-15,6.9,1215.2,106.85560975367171,199.92925602570676,136.81291196297502,-94.51778639219876,-3.522194436236624,False,False
LowNG,2045,Northern Grid West,36.75971461187215,36.75971461187214,6.938893903907228e-15,5.6,443.7,58.84667343290924,199.92925602570676,136.81291196297502,-100.05319735110288,-3.7046722662013356,False,False
LowNG,2045,NYISO,56.99918949771689,56.9991894977169,-6.938893903907228e-15,22.0,772.6,86.08391342852374,199.92925602570676,136.81291196297502,-79.81372246525814,-3.037466979328574,False,False
LowNG,2045,PJM East,49.92293378995434,49.92293378995434,0.0,21.7,1042.6,97.8852864411544,199.92925602570676,136.81291196297502,-86.88997817302068,-3.2707395936682264,False,False
LowNG,2045,PJM West,46.43260273972603,46.43260273972602,6.938893903907228e-15,12.0,842.6,96.99313999694905,199.92925602570676,136.81291196297502,-90.38030922324899,-3.385800253234903,False,False
LowNG,2045,SERTP,49.84067351598174,49.840673515981734,6.938893903907228e-15,20.1,1129.1,104.57204916003181,199.92925602570676,136.81291196297502,-86.97223844699329,-3.273451348296431,False,False
LowNG,2045,SPP North,34.7950799086758,34.7950799086758,0.0,5.2,387.1,51.602238055805714,199.92925602570676,136.81291196297502,-102.01783205429922,-3.7694375166902736,False,False
LowNG,2045,SPP South,28.394189497716894,28.394189497716894,0.0,8.0,288.9,33.15163803443077,199.92925602570676,136.81291196297502,-108.41872246525813,-3.9804463470563136,False,False
LowNG,2045,West Connect North,34.67034246575342,34.67034246575343,-6.938893903907228e-15,10.1,254.7,37.490751820000035,199.92925602570676,136.81291196297502,-102.1425694972216,-3.773549554273176,False,False
LowNG,2045,West Connect South,41.64731735159817,41.647317351598176,-6.938893903907228e-15,6.5,1245.6,105.97970258678454,199.92925602570676,136.81291196297502,-95.16559461137686,-3.543549786172978,False,False
LowRE,2045,CAISO,53.20963470319635,53.20963470319635,0.0,8.1,1516.1,124.95075730831466,199.92925602570676,136.81291196297502,-83.60327725977868,-3.1623917122111687,False,False
LowRE,2045,ERCOT,38.858835616438355,38.858835616438355,0.0,8.6,1055.3,86.95333312248567,199.92925602570676,136.81291196297502,-97.95407634653667,-3.6354736017136644,False,False
LowRE,2045,FRCC,51.49018264840183,51.49018264840183,0.0,21.5,1224.9,100.20864695308262,199.92925602570676,136.81291196297502,-85.3227293145732,-3.219074383473825,False,False
LowRE,2045,ISONE,42.986358447488584,42.98635844748859,-6.938893903907228e-15,14.4,484.5,53.66799421182825,199.92925602570676,136.81291196297502,-93.82655351548644,-3.499407568869562,False,False
LowRE,2045,MISO Central,44.324543378995436,44.324543378995436,0.0,15.8,680.2,65.58024869293432,199.92925602570676,136.81291196297502,-92.4883685839796,-3.4552935754902525,False,False
LowRE,2045,MISO North,43.12728310502283,43.12728310502283,0.0,8.7,573.9,66.57257184338175,199.92925602570676,136.81291196297502,-93.6856288579522,-3.494761910961543,False,False
LowRE,2045,MISO South,43.26520547945206,43.26520547945206,0.0,13.7,667.8,68.64946174268606,199.92925602570676,136.81291196297502,-93.54770648352297,-3.4902152249473914,False,False
LowRE,2045,Northern Grid East,34.41574200913242,34.41574200913242,0.0,8.0,475.7,60.89295469438885,199.92925602570676,136.81291196297502,-102.39716995384259,-3.7819425966646345,False,False
LowRE,2045,Northern Grid South,42.1749200913242,42.174920091324196,6.938893903907228e-15,6.5,1033.9,91.14361582400089,199.92925602570676,136.81291196297502,-94.63799187165083,-3.5261570751812523,False,False
LowRE,2045,Northern Grid West,35.20574200913242,35.20574200913243,-6.938893903907228e-15,5.4,382.9,51.44773732569237,199.92925602570676,136.81291196297502,-101.6071699538426,-3.755899817412583,False,False
LowRE,2045,NYISO,55.45057077625571,55.45057077625571,0.0,21.2,749.7,82.27841278075238,199.92925602570676,136.81291196297502,-81.3623411867193,-3.0885180369344054,False,False
LowRE,2045,PJM East,49.97724885844749,49.97724885844748,6.938893903907228e-15,20.6,961.0,91.26489449698266,199.92925602570676,136.81291196297502,-86.83566310452753,-3.268949067922875,False,False
LowRE,2045,PJM West,45.452796803652966,45.452796803652966,0.0,10.4,835.6,92.62772748249081,199.92925602570676,136.81291196297502,-91.36011515932205,-3.4181000883019914,False,False
LowRE,2045,SERTP,48.16560502283105,48.16560502283105,0.0,18.6,960.0,88.79929492577241,199.92925602570676,136.81291196297502,-88.64730694014398,-3.3286708913333785,False,False
LowRE,2045,SPP North,34.035867579908675,34.03586757990867,6.938893903907228e-15,4.1,364.7,49.76514426161875,199.92925602570676,136.81291196297502,-102.77704438306634,-3.794465363631436,False,False
LowRE,2045,SPP South,27.081780821917807,27.08178082191781,-3.469446951953614e-15,7.1,226.7,27.234332541385918,199.92925602570676,136.81291196297502,-109.73113114105722,-4.023710612160507,False,False
LowRE,2045,West Connect North,32.761792237442926,32.76179223744292,6.938893903907228e-15,9.4,213.3,32.26767984087172,199.92925602570676,136.81291196297502,-104.05111972553209,-3.836465949573609,False,False
LowRE,2045,West Connect South,39.17708904109589,39.1770890410959,-6.938893903907228e-15,6.3,927.2,80.82411012562636,199.92925602570676,136.81291196297502,-97.63582292187914,-3.6249822046445943,False,False
LowREHighNG,2045,CAISO,58.71253424657534,58.71253424657534,0.0,7.9,1412.6,116.73566223877967,199.92925602570676,136.81291196297502,-78.10037771639969,-2.980985638724547,False,False
LowREHighNG,2045,ERCOT,40.714212328767125,40.71421232876713,-6.938893903907228e-15,8.8,920.3,76.31671135191398,199.92925602570676,136.81291196297502,-96.09869963420789,-3.5743101002597726,False,False
LowREHighNG,2045,FRCC,57.229280821917804,57.22928082191781,-6.938893903907228e-15,18.6,1127.3,95.2159745669013,199.92925602570676,136.81291196297502,-79.58363114105723,-3.029881893804553,False,False
LowREHighNG,2045,ISONE,48.42832191780822,48.42832191780822,0.0,15.1,489.3,54.755346482484406,199.92925602570676,136.81291196297502,-88.3845900451668,-3.320010286141385,False,False
LowREHighNG,2045,MISO Central,46.75738584474886,46.75738584474886,0.0,13.6,607.0,59.54434850260755,199.92925602570676,136.81291196297502,-90.05552611822617,-3.375093601704643,False,False
LowREHighNG,2045,MISO North,45.77198630136986,45.77198630136986,0.0,8.6,579.6,67.6041349832306,199.92925602570676,136.81291196297502,-91.04092566160517,-3.407577833075897,False,False
LowREHighNG,2045,MISO South,46.04138127853881,46.041381278538815,-6.938893903907228e-15,11.8,607.6,61.74150919503921,199.92925602570676,136.81291196297502,-90.77153068443621,-3.3986970812758694,False,False
LowREHighNG,2045,Northern Grid East,37.264931506849315,37.26493150684932,-6.938893903907228e-15,7.6,478.3,60.88462067748284,199.92925602570676,136.81291196297502,-99.54798045612571,-3.6880175167452642,False,False
LowREHighNG,2045,Northern Grid South,46.937089041095895,46.937089041095895,0.0,6.0,1032.4,90.69333456083618,199.92925602570676,136.81291196297502,-89.87582292187912,-3.3691695881940684,False,False
LowREHighNG,2045,Northern Grid West,39.09127853881279,39.09127853881278,6.938893903907228e-15,5.1,372.9,51.3786405943583,199.92925602570676,136.81291196297502,-97.72163342416223,-3.627810994478096,False,False
LowREHighNG,2045,NYISO,58.89489726027397,58.89489726027397,0.0,18.7,773.7,86.60366936893008,199.92925602570676,136.81291196297502,-77.91801470270104,-2.9749739428897466,False,False
LowREHighNG,2045,PJM East,51.67041095890411,51.67041095890411,0.0,18.9,712.5,72.66785453962953,199.92925602570676,136.81291196297502,-85.14250100407091,-3.2131330592897993,False,False
LowREHighNG,2045,PJM West,45.607408675799086,45.607408675799086,0.0,10.6,705.8,74.69432587820305,199.92925602570676,136.81291196297502,-91.20550328717593,-3.413003223927247,False,False
LowREHighNG,2045,SERTP,50.64703196347032,50.64703196347032,0.0,16.5,833.8,76.31111379978853,199.92925602570676,136.81291196297502,-86.16587999950471,-3.2468693039344414,False,False
LowREHighNG,2045,SPP North,36.295216894977166,36.29521689497717,-6.938893903907228e-15,4.2,366.6,51.76347047410686,199.92925602570676,136.81291196297502,-100.51769506799786,-3.7199846858268772,False,False
LowREHighNG,2045,SPP South,29.117157534246576,29.117157534246573,3.469446951953614e-15,6.7,219.6,27.193926621889958,199.92925602570676,136.81291196297502,-107.69575442872845,-3.956613312902351,False,False
LowREHighNG,2045,West Connect North,35.2209703196347,35.2209703196347,0.0,9.3,231.9,34.51181066078506,199.92925602570676,136.81291196297502,-101.59194164334032,-3.755397807882466,False,False
LowREHighNG,2045,West Connect South,42.923573059360734,42.92357305936073,6.938893903907228e-15,6.1,840.9,73.67632746382958,199.92925602570676,136.81291196297502,-93.88933890361429,-3.501477323304078,False,False
MidCase,2045,CAISO,53.565536529680365,53.565536529680365,0.0,7.4,1544.9,126.61091561425569,199.92925602570676,136.81291196297502,-83.24737543329465,-3.150659215119364,False,False
MidCase,2045,ERCOT,40.09852739726028,40.09852739726027,6.938893903907228e-15,8.2,1139.4,95.21740412971415,199.92925602570676,136.81291196297502,-96.71438456571474,-3.5946064885636293,False,False
MidCase,2045,FRCC,53.807694063926945,53.80769406392694,6.938893903907228e-15,22.1,1459.8,117.65435829273927,199.92925602570676,136.81291196297502,-83.00521789904808,-3.1426763604249284,False,False
MidCase,2045,ISONE,45.752705479452054,45.75270547945205,6.938893903907228e-15,15.1,560.5,60.44767027764965,199.92925602570676,136.81291196297502,-91.06020648352296,-3.4082134358467884,False,False
MidCase,2045,MISO Central,47.29247716894977,47.292477168949766,6.938893903907228e-15,16.6,871.1,79.74892436703614,199.92925602570676,136.81291196297502,-89.52043479402525,-3.35745402545673,False,False
MidCase,2045,MISO North,45.9967808219178,45.99678082191781,-6.938893903907228e-15,9.8,602.9,70.76868537580404,199.92925602570676,136.81291196297502,-90.81613114105721,-3.400167359562352,False,False
MidCase,2045,MISO South,47.25428082191781,47.25428082191781,0.0,13.9,842.3,87.61080493576071,199.92925602570676,136.81291196297502,-89.55863114105722,-3.3587131887908916,False,False
MidCase,2045,Northern Grid East,36.45832191780822,36.45832191780822,0.0,8.8,547.2,67.08881433123747,199.92925602570676,136.81291196297502,-100.3545900451668,-3.7146078401249913,False,False
MidCase,2045,Northern Grid South,44.50890410958904,44.50890410958904,0.0,6.7,1184.2,104.53717508863224,199.92925602570676,136.81291196297502,-92.30400785338598,-3.4492160238325353,False,False
MidCase,2045,Northern Grid West,37.70162100456621,37.70162100456621,0.0,5.4,426.9,57.02242456933095,199.92925602570676,136.81291196297502,-99.1112909584088,-3.673621810174719,False,False
MidCase,2045,NYISO,58.33409817351598,58.33409817351598,0.0,22.5,787.2,87.06886487803881,199.92925602570676,136.81291196297502,-78.47881378945904,-2.993460989498849,False,False
MidCase,2045,PJM East,51.6619406392694,51.6619406392694,0.0,21.7,1051.7,98.67378543850235,199.92925602570676,136.81291196297502,-85.15097132370562,-3.2134122879789637,False,False
MidCase,2045,PJM West,47.69439497716895,47.69439497716895,6.938893903907228e-15,12.0,910.8,99.68949548884859,199.92925602570676,136.81291196297502,-89.11851698580608,-3.344204586523919,False,False
MidCase,2045,SERTP,51.60662100456621,51.60662100456621,0.0,19.7,1128.0,105.93542258155277,199.92925602570676,136.81291196297502,-85.20629095840881,-3.2152359297952673,False,False
MidCase,2045,SPP North,35.43713470319635,35.43713470319634,6.938893903907228e-15,4.9,383.1,51.4865146041399,199.92925602570676,136.81291196297502,-101.37577725977867,-3.74827183152392,False,False
MidCase,2045,SPP South,29.063607305936074,29.063607305936074,0.0,8.1,272.7,31.418401302612473,199.92925602570676,136.81291196297502,-107.74930465703895,-3.9583786252754996,False,False
MidCase,2045,West Connect North,34.903253424657535,34.903253424657535,0.0,9.8,237.3,35.89294854699128,199.92925602570676,136.81291196297502,-101.90965853831749,-3.7658715179590967,False,False
MidCase,2045,West Connect South,42.65495433789955,42.65495433789955,0.0,6.2,1161.9,99.88906490822669,199.92925602570676,136.81291196297502,-94.15795762507548,-3.510332485412915,False,False
HighDemand,2050,CAISO,54.92382420091324,54.92382420091325,-1.3877787807814457e-14,6.3,1731.2,140.50443800084238,199.92925602570676,136.81291196297502,-81.88908776206179,-3.105882524002023,False,False
HighDemand,2050,ERCOT,39.71320776255708,39.71320776255708,0.0,8.6,805.7,77.31906048554777,199.92925602570676,136.81291196297502,-97.09970420041793,-3.6073087596877524,False,False
HighDemand,2050,FRCC,52.14512557077625,52.14512557077625,0.0,17.6,1250.8,109.00509415427521,199.92925602570676,136.81291196297502,-84.66778639219876,-3.197483834169913,False,False
HighDemand,2050,ISONE,52.967077625570774,52.967077625570774,0.0,18.3,418.8,52.14228648040795,199.92925602570676,136.81291196297502,-83.84583433740426,-3.1703877380701866,False,False
HighDemand,2050,MISO Central,46.412408675799085,46.41240867579908,6.938893903907228e-15,16.2,452.1,55.409956906094656,199.92925602570676,136.81291196297502,-90.40050328717594,-3.3864659615248414,False,False
HighDemand,2050,MISO North,45.046529680365296,45.046529680365296,0.0,12.4,577.9,65.75552432172114,199.92925602570676,136.81291196297502,-91.76638228260973,-3.4314929047692666,False,False
HighDemand,2050,MISO South,44.59224885844749,44.59224885844748,6.938893903907228e-15,15.3,670.1,64.03886931799397,199.92925602570676,136.81291196297502,-92.22066310452753,-3.446468518900463,False,False
HighDemand,2050,Northern Grid East,36.73760273972602,36.73760273972603,-6.938893903907228e-15,8.2,373.8,48.52026290652167,199.92925602570676,136.81291196297502,-100.07530922324901,-3.705401196081274,False,False
HighDemand,2050,Northern Grid South,43.58533105022831,43.58533105022831,0.0,6.0,1101.2,93.27905427441233,199.92925602570676,136.81291196297502,-93.2275809127467,-3.479662111564275,False,False
HighDemand,2050,Northern Grid West,38.9991095890411,38.99910958904109,6.938893903907228e-15,5.1,418.6,56.409513909279,199.92925602570676,136.81291196297502,-97.81380237393392,-3.6308493939879662,False,False
HighDemand,2050,NYISO,71.88723744292237,71.88723744292237,0.0,24.3,669.1,94.98544799214152,199.92925602570676,136.81291196297502,-64.92567452005265,-2.5466743892894157,False,False
HighDemand,2050,PJM East,51.03688356164383,51.03688356164383,0.0,21.0,842.0,82.25969828939466,199.92925602570676,136.81291196297502,-85.77602840133119,-3.234017634172046,False,False
HighDemand,2050,PJM West,49.359874429223744,49.359874429223744,0.0,14.9,746.4,78.37611572826826,199.92925602570676,136.81291196297502,-87.45303753375129,-3.289301151436969,False,False
HighDemand,2050,SERTP,49.347100456621,49.347100456621,0.0,17.6,937.2,88.37055630800484,199.92925602570676,136.81291196297502,-87.46581150635402,-3.2897222523846463,False,False
HighDemand,2050,SPP North,38.15384703196347,38.153847031963465,6.938893903907228e-15,7.7,379.9,51.732883003274445,199.92925602570676,136.81291196297502,-98.65906493101156,-3.6587139334613794,False,False
HighDemand,2050,SPP South,29.700114155251143,29.700114155251143,0.0,8.4,198.2,29.197423925988904,199.92925602570676,136.81291196297502,-107.11279780772388,-3.9373958311373585,False,False
HighDemand,2050,West Connect North,35.92134703196347,35.92134703196347,0.0,9.3,266.1,37.78176991502029,199.92925602570676,136.81291196297502,-100.89156493101154,-3.732309509005941,False,False
HighDemand,2050,West Connect South,41.65245433789954,41.65245433789954,0.0,5.7,1036.6,91.23706525402933,199.92925602570676,136.81291196297502,-95.16045762507548,-3.543380442628335,False,False
HighNG,2050,CAISO,60.49964611872146,60.499646118721465,-6.938893903907228e-15,6.3,1580.0,130.257318065789,199.92925602570676,136.81291196297502,-76.31326584425356,-2.922072524819458,False,False
HighNG,2050,ERCOT,43.30425799086758,43.304257990867576,6.938893903907228e-15,7.5,1087.1,91.56902711781589,199.92925602570676,136.81291196297502,-93.50865397210744,-3.4889278376891224,False,False
HighNG,2050,FRCC,59.695376712328766,59.695376712328766,0.0,15.8,1366.7,117.5942583373951,199.92925602570676,136.81291196297502,-77.11753525064626,-2.948585702806626,False,False
HighNG,2050,ISONE,53.273413242009134,53.273413242009134,0.0,15.7,598.4,65.26931152664753,199.92925602570676,136.81291196297502,-83.5394987209659,-3.160289218024688,False,False
HighNG,2050,MISO Central,50.55737442922374,50.55737442922374,0.0,12.7,777.1,74.76733889985479,199.92925602570676,136.81291196297502,-86.25553753375128,-3.249824913266932,False,False
HighNG,2050,MISO North,48.87868721461187,48.878687214611865,6.938893903907228e-15,8.5,683.1,78.79634304359384,199.92925602570676,136.81291196297502,-87.93422474836315,-3.3051637494231043,False,False
HighNG,2050,MISO South,50.08740867579908,50.08740867579909,-6.938893903907228e-15,10.3,823.4,84.36329201108228,199.92925602570676,136.81291196297502,-86.72550328717594,-3.2653175896877693,False,False
HighNG,2050,Northern Grid East,39.482499999999995,39.4825,-6.938893903907228e-15,7.2,490.3,65.41651309691714,199.92925602570676,136.81291196297502,-97.33041196297503,-3.614914166437129,False,False
HighNG,2050,Northern Grid South,50.351506849315065,50.35150684931507,-6.938893903907228e-15,5.6,1253.2,109.6640900795723,199.92925602570676,136.81291196297502,-86.46140511365996,-3.2566114498982164,False,False
HighNG,2050,Northern Grid West,42.00686073059361,42.0068607305936,6.938893903907228e-15,4.9,422.2,58.06132942518517,199.92925602570676,136.81291196297502,-94.8060512323814,-3.531697243323971,False,False
HighNG,2050,NYISO,65.35657534246575,65.35657534246575,0.0,19.5,891.0,101.67550096054437,199.92925602570676,136.81291196297502,-71.45633662050928,-2.7619612139121066,False,False
HighNG,2050,PJM East,56.23130136986301,56.23130136986301,0.0,19.0,993.5,97.47852175157686,199.92925602570676,136.81291196297502,-80.581610593112,-3.0627808287006864,False,False
HighNG,2050,PJM West,50.185913242009136,50.18591324200913,6.938893903907228e-15,9.9,851.6,91.70133413883241,199.92925602570676,136.81291196297502,-86.62699872096589,-3.262070333139507,False,False
HighNG,2050,SERTP,54.99929223744292,54.99929223744292,0.0,15.4,1126.2,101.93450072402003,199.92925602570676,136.81291196297502,-81.8136197255321,-3.1033946791717337,False,False
HighNG,2050,SPP North,38.63745433789954,38.63745433789954,0.0,4.1,417.7,57.34400778155561,199.92925602570676,136.81291196297502,-98.17545762507548,-3.6427715558497686,False,False
HighNG,2050,SPP South,32.56643835616438,32.56643835616438,0.0,7.4,300.6,36.564788456855624,199.92925602570676,136.81291196297502,-104.24647360681064,-3.8429058964168603,False,False
HighNG,2050,West Connect North,36.54396118721461,36.543961187214606,6.938893903907228e-15,8.7,249.4,38.738869782505155,199.92925602570676,136.81291196297502,-100.2689507757604,-3.711784695076311,False,False
HighNG,2050,West Connect South,46.64753424657534,46.64753424657534,0.0,5.1,1096.1,97.17822112277383,199.92925602570676,136.81291196297502,-90.16537771639969,-3.378714919327072,False,False
HighRE,2050,CAISO,54.217796803652966,54.217796803652966,0.0,6.4,1641.6,133.9550549392447,199.92925602570676,136.81291196297502,-82.59511515932206,-3.1291571007776553,False,False
HighRE,2050,ERCOT,41.988767123287666,41.988767123287666,0.0,7.8,1243.4,105.71501464461454,199.92925602570676,136.81291196297502,-94.82414483968736,-3.5322937089200996,False,False
HighRE,2050,FRCC,54.43219178082192,54.43219178082191,6.938893903907228e-15,18.8,1580.3,125.45952379077472,199.92925602570676,136.81291196297502,-82.38072018215311,-3.1220894538622637,False,False
HighRE,2050,ISONE,51.70510273972602,51.70510273972603,-6.938893903907228e-15,17.6,634.3,68.53779374513475,199.92925602570676,136.81291196297502,-85.107809223249,-3.2119894258849806,False,False
HighRE,2050,MISO Central,48.39267123287671,48.39267123287671,0.0,17.1,1006.4,88.56825958607588,199.92925602570676,136.81291196297502,-88.42024073009831,-3.321185530341203,False,False
HighRE,2050,MISO North,47.69404109589041,47.69404109589041,0.0,12.5,656.3,75.5944643162958,199.92925602570676,136.81291196297502,-89.11887086708461,-3.3442162524125494,False,False
HighRE,2050,MISO South,48.51319634703196,48.513196347031965,-6.938893903907228e-15,13.1,903.1,95.27296198166893,199.92925602570676,136.81291196297502,-88.29971561594306,-3.3172123544649077,False,False
HighRE,2050,Northern Grid East,40.18335616438356,40.183356164383554,6.938893903907228e-15,9.0,736.7,82.2462326608926,199.92925602570676,136.81291196297502,-96.62955579859147,-3.5918100621631046,False,False
HighRE,2050,Northern Grid South,46.96994292237443,46.96994292237442,6.938893903907228e-15,6.2,1381.4,121.67243138402738,199.92925602570676,136.81291196297502,-89.8429690406006,-3.368086542146336,False,False
HighRE,2050,Northern Grid West,42.00805936073059,42.00805936073059,0.0,4.9,499.9,65.91666919309908,199.92925602570676,136.81291196297502,-94.80485260224444,-3.531657729830221,False,False
HighRE,2050,NYISO,65.2990296803653,65.29902968036531,-1.3877787807814457e-14,23.2,985.6,110.6902008289838,199.92925602570676,136.81291196297502,-71.51388228260973,-2.763858237931089,False,False
HighRE,2050,PJM East,53.03216894977169,53.032168949771695,-6.938893903907228e-15,22.2,1169.6,109.3740567055422,199.92925602570676,136.81291196297502,-83.78074301320333,-3.168241967200077,False,False
HighRE,2050,PJM West,51.278333333333336,51.27833333333333,6.938893903907228e-15,14.4,906.4,106.01426069729877,199.92925602570676,136.81291196297502,-85.53457862964169,-3.2260581112548716,False,False
HighRE,2050,SERTP,52.586666666666666,52.58666666666667,-6.938893903907228e-15,18.9,1326.6,117.57547253706252,199.92925602570676,136.81291196297502,-84.22624529630835,-3.1829281920294283,False,False
HighRE,2050,SPP North,37.9084703196347,37.9084703196347,0.0,7.0,441.6,56.37326385819234,199.92925602570676,136.81291196297502,-98.90444164334032,-3.6668029101104582,False,False
HighRE,2050,SPP South,31.85598173515982,31.85598173515982,0.0,8.5,339.4,39.59841232599348,199.92925602570676,136.81291196297502,-104.9569302278152,-3.866326484959872,False,False
HighRE,2050,West Connect North,38.9036301369863,38.9036301369863,0.0,9.3,334.1,47.196304253870686,199.92925602570676,136.81291196297502,-97.90928182598873,-3.6339969260043836,False,False
HighRE,2050,West Connect South,45.80841324200913,45.80841324200913,0.0,5.4,1419.3,121.96413924350526,199.92925602570676,136.81291196297502,-91.0044987209659,-3.4063769991848893,False,False
HighRELowNG,2050,CAISO,51.103573059360734,51.10357305936073,6.938893903907228e-15,6.3,1643.9,134.03126624351705,199.92925602570676,136.81291196297502,-85.70933890361428,-3.231819178643602,False,False
HighRELowNG,2050,ERCOT,40.28323059360731,40.2832305936073,6.938893903907228e-15,8.2,1264.4,107.24067849486104,199.92925602570676,136.81291196297502,-96.52968136936772,-3.5885176473362703,False,False
HighRELowNG,2050,FRCC,52.39504566210046,52.39504566210045,6.938893903907228e-15,21.0,1594.3,125.22967609373305,199.92925602570676,136.81291196297502,-84.41786630087456,-3.1892450825635734,False,False
HighRELowNG,2050,ISONE,50.419212328767124,50.41921232876713,-6.938893903907228e-15,16.4,624.3,68.54378310834785,199.92925602570676,136.81291196297502,-86.3936996342079,-3.254379501979832,False,False
HighRELowNG,2050,MISO Central,46.45762557077626,46.45762557077626,0.0,17.9,1040.5,90.25048480789849,199.92925602570676,136.81291196297502,-90.35528639219876,-3.3849753620130003,False,False
HighRELowNG,2050,MISO North,46.59958904109589,46.599589041095896,-6.938893903907228e-15,13.1,661.6,75.43992989566046,199.92925602570676,136.81291196297502,-90.21332292187913,-3.3802954590770646,False,False
HighRELowNG,2050,MISO South,45.93361872146119,45.93361872146119,0.0,14.5,901.0,94.63293526639215,199.92925602570676,136.81291196297502,-90.87929324151384,-3.402249532523475,False,False
HighRELowNG,2050,Northern Grid East,39.001495433789955,39.00149543378995,6.938893903907228e-15,9.6,781.2,84.2263484750707,199.92925602570676,136.81291196297502,-97.81141652918507,-3.6307707433194536,False,False
HighRELowNG,2050,Northern Grid South,44.272431506849315,44.272431506849315,0.0,6.8,1378.5,121.96306683839411,199.92925602570676,136.81291196297502,-92.5404804561257,-3.4570114716709015,False,False
HighRELowNG,2050,Northern Grid West,40.57921232876712,40.57921232876713,-6.938893903907228e-15,5.0,509.9,66.67305952045346,199.92925602570676,136.81291196297502,-96.23369963420791,-3.5787604486129716,False,False
HighRELowNG,2050,NYISO,63.5198401826484,63.5198401826484,0.0,23.2,958.0,108.32856447096377,199.92925602570676,136.81291196297502,-73.29307178032661,-2.822510186458439,False,False
HighRELowNG,2050,PJM East,50.44013698630137,50.440136986301376,-6.938893903907228e-15,22.0,1159.6,107.93961484528872,199.92925602570676,136.81291196297502,-86.37277497667365,-3.2536897092746555,False,False
HighRELowNG,2050,PJM West,49.68873287671233,49.68873287671233,0.0,14.6,895.0,104.06963714973061,199.92925602570676,136.81291196297502,-87.1241790862627,-3.2784601540279614,False,False
HighRELowNG,2050,SERTP,50.374257990867584,50.37425799086758,6.938893903907228e-15,19.9,1373.2,118.52128305549452,199.92925602570676,136.81291196297502,-86.43865397210743,-3.2558614461549458,False,False
HighRELowNG,2050,SPP North,37.344109589041096,37.34410958904109,6.938893903907228e-15,6.8,465.1,58.172849525565304,199.92925602570676,136.81291196297502,-99.46880237393393,-3.6854073682438444,False,False
HighRELowNG,2050,SPP South,31.07656392694064,31.07656392694064,0.0,9.1,377.2,42.555107810349625,199.92925602570676,136.81291196297502,-105.73634803603439,-3.8920204165099603,False,False
HighRELowNG,2050,West Connect North,38.48747716894977,38.48747716894977,-6.938893903907228e-15,9.9,351.9,48.694271573217755,199.92925602570676,136.81291196297502,-98.32543479402526,-3.6477156347153477,False,False
HighRELowNG,2050,West Connect South,44.16864155251141,44.16864155251142,-6.938893903907228e-15,5.8,1489.4,126.46649285321776,199.92925602570676,136.81291196297502,-92.6442704104636,-3.4604329639106517,False,False
LowNG,2050,CAISO,50.68578767123288,50.68578767123287,6.938893903907228e-15,6.8,1599.8,131.19870386189672,199.92925602570676,136.81291196297502,-86.12712429174215,-3.245591700969863,False,False
LowNG,2050,ERCOT,38.12659817351599,38.12659817351598,6.938893903907228e-15,7.9,1178.5,98.79879064170368,199.92925602570676,136.81291196297502,-98.68631378945904,-3.6596122068859596,False,False
LowNG,2050,FRCC,50.89283105022831,50.8928310502283,6.938893903907228e-15,20.8,1448.3,116.28364357756705,199.92925602570676,136.81291196297502,-85.92008091274671,-3.2387664034828036,False,False
LowNG,2050,ISONE,47.75906392694064,47.75906392694064,0.0,15.1,599.5,64.88348679351702,199.92925602570676,136.81291196297502,-89.05384803603438,-3.3420727394563667,False,False
LowNG,2050,MISO Central,44.77646118721461,44.77646118721461,0.0,15.7,883.2,79.95911180146729,199.92925602570676,136.81291196297502,-92.03645077576041,-3.440395859389592,False,False
LowNG,2050,MISO North,44.66535388127854,44.66535388127854,0.0,10.3,644.1,73.33532177272744,199.92925602570676,136.81291196297502,-92.14755808169647,-3.4440585721007095,False,False
LowNG,2050,MISO South,44.62578767123288,44.62578767123288,0.0,13.5,856.5,89.98221012950577,199.92925602570676,136.81291196297502,-92.18712429174215,-3.4453628937134417,False,False
LowNG,2050,Northern Grid East,35.21263698630137,35.212636986301376,-6.938893903907228e-15,8.3,577.8,69.17064161248493,199.92925602570676,136.81291196297502,-101.60027497667366,-3.7556725207437753,False,False
LowNG,2050,Northern Grid South,41.803664383561646,41.80366438356164,6.938893903907228e-15,6.0,1236.7,108.46103202148642,199.92925602570676,136.81291196297502,-95.00924757941337,-3.5383957213120425,False,False
LowNG,2050,Northern Grid West,36.57901826484018,36.57901826484018,0.0,5.0,444.8,58.83346687563952,199.92925602570676,136.81291196297502,-100.23389369813484,-3.7106290194638745,False,False
LowNG,2050,NYISO,59.83559360730593,59.83559360730594,-6.938893903907228e-15,20.6,912.5,101.34264479076143,199.92925602570676,136.81291196297502,-76.9773183556691,-2.9439633766758693,False,False
LowNG,2050,PJM East,49.41462328767123,49.41462328767123,0.0,20.7,1086.8,101.90614534233883,199.92925602570676,136.81291196297502,-87.39828867530379,-3.287496325570072,False,False
LowNG,2050,PJM West,46.313949771689494,46.313949771689494,0.0,11.9,944.1,99.34801766327824,199.92925602570676,136.81291196297502,-90.49896219128553,-3.389711712797151,False,False
LowNG,2050,SERTP,48.781358447488586,48.78135844748858,6.938893903907228e-15,18.3,1165.4,104.57971783259207,199.92925602570676,136.81291196297502,-88.03155351548644,-3.308372245115594,False,False
LowNG,2050,SPP North,35.115970319634705,35.1159703196347,6.938893903907228e-15,4.9,424.5,56.050577082630674,199.92925602570676,136.81291196297502,-101.69694164334032,-3.7588591899349546,False,False
LowNG,2050,SPP South,28.155901826484016,28.15590182648402,-3.469446951953614e-15,7.7,310.0,35.796167518381914,199.92925602570676,136.81291196297502,-108.65701013649101,-3.9883016296137868,False,False
LowNG,2050,West Connect North,34.57958904109589,34.57958904109589,0.0,9.0,266.4,40.38823186140331,199.92925602570676,136.81291196297502,-102.23332292187914,-3.776541290228524,False,False
LowNG,2050,West Connect South,40.994611872146116,40.994611872146116,0.0,5.5,1247.8,107.53544293371284,199.92925602570676,136.81291196297502,-95.8183000908289,-3.565066576955222,False,False
LowRE,2050,CAISO,52.57252283105022,52.572522831050236,-1.3877787807814457e-14,7.1,1544.0,127.28062185770715,199.92925602570676,136.81291196297502,-84.2403891319248,-3.183394451255677,False,False
LowRE,2050,ERCOT,37.79551369863014,37.79551369863014,0.0,7.6,1023.5,84.942935890673,199.92925602570676,136.81291196297502,-99.01739826434488,-3.670526586497647,False,False
LowRE,2050,FRCC,50.900125570776254,50.900125570776254,0.0,19.5,1209.9,101.37205890978936,199.92925602570676,136.81291196297502,-85.91278639219877,-3.2385259356494114,False,False
LowRE,2050,ISONE,45.25994292237443,45.25994292237443,0.0,13.9,524.5,58.39433509731856,199.92925602570676,136.81291196297502,-91.5529690406006,-3.4244576212868494,False,False
LowRE,2050,MISO Central,43.431015981735165,43.431015981735165,0.0,14.3,662.7,64.97885817302473,199.92925602570676,136.81291196297502,-93.38189598123986,-3.4847491916453257,False,False
LowRE,2050,MISO North,42.60493150684932,42.60493150684931,6.938893903907228e-15,7.8,609.3,70.03913407634519,199.92925602570676,136.81291196297502,-94.20798045612571,-3.5119815152187432,False,False
LowRE,2050,MISO South,42.07310502283105,42.07310502283105,0.0,12.0,691.5,70.49964812854915,199.92925602570676,136.81291196297502,-94.73980694014398,-3.5295134642360626,False,False
LowRE,2050,Northern Grid East,33.50495433789955,33.50495433789954,6.938893903907228e-15,7.0,459.4,59.410631634865005,199.92925602570676,136.81291196297502,-103.30795762507547,-3.8119672071297077,False,False
LowRE,2050,Northern Grid South,41.526575342465755,41.526575342465755,0.0,5.6,1058.1,92.82409976373333,199.92925602570676,136.81291196297502,-95.28633662050927,-3.5475301121100444,False,False
LowRE,2050,Northern Grid West,35.040148401826485,35.04014840182648,6.938893903907228e-15,4.8,383.0,51.98512114782683,199.92925602570676,136.81291196297502,-101.77276356114854,-3.761358700653873,False,False
LowRE,2050,NYISO,57.961415525114155,57.961415525114155,0.0,19.2,898.3,97.91937741032423,199.92925602570676,136.81291196297502,-78.85149643786087,-3.0057466755031497,False,False
LowRE,2050,PJM East,49.548013698630136,49.548013698630136,0.0,19.2,997.7,95.20701151552183,199.92925602570676,136.81291196297502,-87.26489826434488,-3.283099038194195,False,False
LowRE,2050,PJM West,45.2711301369863,45.2711301369863,0.0,9.7,929.2,95.51305898712988,199.92925602570676,136.81291196297502,-91.54178182598872,-3.4240888286785185,False,False
LowRE,2050,SERTP,46.92280821917808,46.92280821917809,-6.938893903907228e-15,16.4,962.7,88.22577968624775,199.92925602570676,136.81291196297502,-89.89010374379694,-3.369640363248174,False,False
LowRE,2050,SPP North,34.02522831050228,34.025228310502285,-6.938893903907228e-15,3.7,393.4,53.60209060248496,199.92925602570676,136.81291196297502,-102.78768365247274,-3.7948160929283397,False,False
LowRE,2050,SPP South,26.23695205479452,26.236952054794518,3.469446951953614e-15,6.5,231.9,28.14026516959378,199.92925602570676,136.81291196297502,-110.5759599081805,-4.051560851512373,False,False
LowRE,2050,West Connect North,31.25632420091324,31.256324200913248,-6.938893903907228e-15,8.2,203.4,31.370429153922753,199.92925602570676,136.81291196297502,-105.55658776206178,-3.886094521404445,False,False
LowRE,2050,West Connect South,38.40287671232877,38.40287671232877,0.0,5.4,924.0,82.01200927449898,199.92925602570676,136.81291196297502,-98.41003525064625,-3.650504534736111,False,False
LowREHighNG,2050,CAISO,58.35271689497717,58.35271689497716,6.938893903907228e-15,6.9,1465.2,121.24133032853562,199.92925602570676,136.81291196297502,-78.46019506799786,-2.9928472132292674,False,False
LowREHighNG,2050,ERCOT,39.29710045662101,39.29710045662101,0.0,7.6,885.0,74.11223686877292,199.92925602570676,136.81291196297502,-97.51581150635401,-3.621025963122762,False,False
LowREHighNG,2050,FRCC,56.49759132420092,56.49759132420092,0.0,16.4,1108.3,97.2448775629586,199.92925602570676,136.81291196297502,-80.3153206387741,-3.054002435665421,False,False
LowREHighNG,2050,ISONE,50.28317351598174,50.28317351598173,6.938893903907228e-15,14.0,535.2,59.953977802247266,199.92925602570676,136.81291196297502,-86.52973844699329,-3.2588640953609462,False,False
LowREHighNG,2050,MISO Central,46.040456621004566,46.04045662100456,6.938893903907228e-15,12.0,584.6,60.181615980917314,199.92925602570676,136.81291196297502,-90.77245534197046,-3.398727563113905,False,False
LowREHighNG,2050,MISO North,45.288413242009135,45.288413242009135,0.0,7.6,621.5,71.96900645221972,199.92925602570676,136.81291196297502,-91.52449872096588,-3.4235190817305443,False,False
LowREHighNG,2050,MISO South,44.9462100456621,44.9462100456621,0.0,10.2,662.5,66.90348044520485,199.92925602570676,136.81291196297502,-91.86670191731292,-3.434799996036634,False,False
LowREHighNG,2050,Northern Grid East,36.641164383561645,36.641164383561645,0.0,6.6,464.8,60.69405979611696,199.92925602570676,136.81291196297502,-100.17174757941338,-3.708580338892691,False,False
LowREHighNG,2050,Northern Grid South,46.39487442922374,46.39487442922374,0.0,5.2,1081.2,94.5711122472065,199.92925602570676,136.81291196297502,-90.41803753375129,-3.387043987490554,False,False
LowREHighNG,2050,Northern Grid West,39.06804794520548,39.06804794520548,0.0,4.5,379.8,52.57267623151612,199.92925602570676,136.81291196297502,-97.74486401776954,-3.628576803618866,False,False
LowREHighNG,2050,NYISO,61.48293378995434,61.48293378995434,0.0,16.8,925.5,102.59161152622629,199.92925602570676,136.81291196297502,-75.32997817302069,-2.889657912461001,False,False
LowREHighNG,2050,PJM East,51.775878995433786,51.7758789954338,-1.3877787807814457e-14,17.0,777.9,80.36928912171963,199.92925602570676,136.81291196297502,-85.03703296754124,-3.2096562481587987,False,False
LowREHighNG,2050,PJM West,45.825273972602744,45.825273972602744,0.0,9.5,823.0,81.86653032935345,199.92925602570676,136.81291196297502,-90.98763799037228,-3.4058211760394754,False,False
LowREHighNG,2050,SERTP,49.44150684931507,49.44150684931507,0.0,14.5,834.8,77.97263314260069,199.92925602570676,136.81291196297502,-87.37140511365996,-3.2866100943531107,False,False
LowREHighNG,2050,SPP North,36.22852739726028,36.22852739726028,0.0,3.6,391.7,55.39612163637442,199.92925602570676,136.81291196297502,-100.58438456571474,-3.7221831413553224,False,False
LowREHighNG,2050,SPP South,28.34867579908676,28.348675799086752,6.938893903907228e-15,5.9,228.2,28.593777591776036,199.92925602570676,136.81291196297502,-108.46423616388826,-3.9819467308618455,False,False
LowREHighNG,2050,West Connect North,34.22755707762557,34.227557077625576,-6.938893903907228e-15,8.2,236.4,36.15287177898523,199.92925602570676,136.81291196297502,-102.58535488534946,-3.7881462151833634,False,False
LowREHighNG,2050,West Connect South,42.403139269406395,42.403139269406395,0.0,5.2,870.8,77.6692664308576,199.92925602570676,136.81291196297502,-94.40977269356863,-3.518633705971279,False,False
MidCase,2050,CAISO,52.91569634703196,52.91569634703196,0.0,6.4,1563.8,128.17716908583043,199.92925602570676,136.81291196297502,-83.89721561594305,-3.1720815498355983,False,False
MidCase,2050,ERCOT,39.15133561643835,39.15133561643836,-6.938893903907228e-15,7.3,1120.3,93.99177241291468,199.92925602570676,136.81291196297502,-97.66157634653666,-3.6258311802817347,False,False
MidCase,2050,FRCC,52.98437214611872,52.984372146118716,6.938893903907228e-15,20.1,1438.0,117.64641377755615,199.92925602570676,136.81291196297502,-83.8285398168563,-3.1698176148032244,False,False
MidCase,2050,ISONE,48.513812785388126,48.513812785388126,0.0,15.1,609.0,65.22429531714329,199.92925602570676,136.81291196297502,-88.2990991775869,-3.317192033239551,False,False
MidCase,2050,MISO Central,46.49154109589041,46.49154109589041,0.0,15.2,855.7,78.66283784254404,199.92925602570676,136.81291196297502,-90.32137086708461,-3.383857318299375,False,False
MidCase,2050,MISO North,45.47712328767123,45.47712328767123,0.0,9.1,638.4,73.79490401060613,199.92925602570676,136.81291196297502,-91.33578867530379,-3.4172981525383626,False,False
MidCase,2050,MISO South,46.379851598173516,46.379851598173516,0.0,12.3,876.7,90.15551144320176,199.92925602570676,136.81291196297502,-90.4330603648015,-3.3875392232788846,False,False
MidCase,2050,Northern Grid East,35.910559360730595,35.910559360730595,0.0,7.9,525.9,66.68061455684091,199.92925602570676,136.81291196297502,-100.90235260224443,-3.7326651304496905,False,False
MidCase,2050,Northern Grid South,44.14724885844749,44.14724885844749,-6.938893903907228e-15,5.8,1208.6,106.39977088120432,199.92925602570676,136.81291196297502,-92.66566310452754,-3.461138185694339,False,False
MidCase,2050,Northern Grid West,37.6258904109589,37.625890410958895,6.938893903907228e-15,4.8,428.7,57.1590674303209,199.92925602570676,136.81291196297502,-99.18702155201612,-3.676118310341734,False,False
MidCase,2050,NYISO,61.34221461187215,61.34221461187214,1.3877787807814457e-14,20.9,925.1,102.2326919007272,199.92925602570676,136.81291196297502,-75.47069735110287,-2.894296796627234,False,False
MidCase,2050,PJM East,51.34205479452054,51.34205479452055,-6.938893903907228e-15,20.6,1089.0,102.341124296452,199.92925602570676,136.81291196297502,-85.47085716845447,-3.2239574986633315,False,False
MidCase,2050,PJM West,47.6900799086758,47.6900799086758,0.0,11.8,1004.2,102.523177971885,199.92925602570676,136.81291196297502,-89.12283205429922,-3.344346835101419,False,False
MidCase,2050,SERTP,50.571221461187214,50.571221461187214,0.0,17.7,1145.3,105.10596132821017,199.92925602570676,136.81291196297502,-86.24169050178782,-3.249368438334373,False,False
MidCase,2050,SPP North,35.885707762557075,35.885707762557075,0.0,4.6,420.4,56.01483735131706,199.92925602570676,136.81291196297502,-100.92720420041795,-3.733484376886771,False,False
MidCase,2050,SPP South,28.71538812785388,28.715388127853885,-3.469446951953614e-15,7.8,287.2,33.290117292137055,199.92925602570676,136.81291196297502,-108.09752383512114,-3.969857859688316,False,False
MidCase,2050,West Connect North,34.27277397260274,34.27277397260274,0.0,8.6,241.9,37.35056816881621,199.92925602570676,136.81291196297502,-102.54013799037227,-3.7866556156715228,False,False
MidCase,2050,West Connect South,42.11122146118722,42.11122146118722,0.0,5.3,1159.3,101.37015587969785,199.92925602570676,136.81291196297502,-94.7016905017878,-3.528256935134816,False,False
