latitude,longitude,elevation,utc_offset_seconds,timezone,timezone_abbreviation
-28.43585205078125,114.54545593261719,71.0,28800,Australia/Perth,GMT+8

time,wind_speed_10m (m/s),wind_direction_10m (deg),temperature_2m (C),surface_pressure (hPa),relative_humidity_2m (percent),shortwave_radiation (W/m**2),direct_normal_irradiance (W/m**2),diffuse_radiation (W/m**2),dew_point_2m (C),snow_depth (m),rain (mm),albedo (unitless),is_day (unitless)
2019-12-31 00:00:00+08:00,6.074537,159.77505,19.55,1007.42365,72.8591,0.0,0.0,0.0,14.55,0.0,0.0,,0.0
2019-12-31 01:00:00+08:00,5.5461698,154.35904,19.05,1007.0127,71.367386,0.0,0.0,0.0,13.75,0.0,0.0,,0.0
2019-12-31 02:00:00+08:00,4.8877397,149.23735,18.4,1006.5974,69.63456,0.0,0.0,0.0,12.75,0.0,0.0,,0.0
2019-12-31 03:00:00+08:00,4.494441,147.72438,17.8,1006.28253,68.38237,0.0,0.0,0.0,11.9,0.0,0.0,,0.0
2019-12-31 04:00:00+08:00,4.104875,145.92276,17.25,1006.06836,68.4975,0.0,0.0,0.0,11.4,0.0,0.0,,0.0
2019-12-31 05:00:00+08:00,4.022437,145.1246,16.85,1006.1561,69.330345,0.0,0.0,0.0,11.2,0.0,0.0,,0.0
2019-12-31 06:00:00+08:00,4.3011627,144.46223,17.05,1006.65765,68.23069,13.0,70.00389,8.0,11.15,0.0,0.0,,1.0
2019-12-31 07:00:00+08:00,4.802083,148.62704,18.95,1007.2081,60.549034,160.0,507.0814,55.0,11.15,0.0,0.0,,1.0
2019-12-31 08:00:00+08:00,4.9739323,149.82657,21.45,1006.98145,54.157265,387.0,735.04926,82.0,11.8,0.0,0.0,,1.0
2019-12-31 09:00:00+08:00,4.2953463,155.22488,24.45,1006.6681,42.9758,618.0,854.608,99.0,11.05,0.0,0.0,,1.0
2019-12-31 10:00:00+08:00,4.2296567,173.21112,27.05,1006.24316,35.631866,820.0,922.1351,109.0,10.55,0.0,0.0,,1.0
2019-12-31 11:00:00+08:00,5.6293874,192.308,28.0,1005.6735,38.2166,976.0,959.76794,117.0,12.45,0.0,0.0,,1.0
2019-12-31 12:00:00+08:00,7.083784,198.9466,26.95,1005.34766,49.84557,1071.0,977.5819,122.0,15.6,0.0,0.0,,1.0
2019-12-31 13:00:00+08:00,7.1470275,197.92801,26.8,1004.9467,47.156223,1096.0,979.72327,123.0,14.6,0.0,0.0,,1.0
2019-12-31 14:00:00+08:00,7.28011,195.94547,26.95,1004.55414,43.667736,1052.0,968.13934,122.0,13.55,0.0,0.0,,1.0
2019-12-31 15:00:00+08:00,7.7620873,194.93147,26.6,1003.9494,45.749817,946.0,947.0198,117.0,13.95,0.0,0.0,,1.0
2019-12-31 16:00:00+08:00,7.746612,191.16484,25.7,1003.6276,48.879215,782.0,906.82263,108.0,14.15,0.0,0.0,,1.0
2019-12-31 17:00:00+08:00,7.8638415,187.30566,24.75,1003.6014,56.422413,573.0,832.1262,96.0,15.5,0.0,0.0,,1.0
2019-12-31 18:00:00+08:00,7.602631,181.5074,23.7,1003.87036,60.475574,341.0,697.83167,78.0,15.6,0.0,0.0,,1.0
2019-12-31 19:00:00+08:00,6.926038,175.03035,22.3,1004.3272,70.38186,122.0,447.5545,47.0,16.65,0.0,0.0,,1.0
2019-12-31 20:00:00+08:00,6.1814237,170.69014,21.45,1004.6012,76.51715,4.0,19.10732,3.0,17.15,0.0,0.0,,0.0
2019-12-31 21:00:00+08:00,5.770615,171.02745,21.05,1004.5898,78.914955,0.0,0.0,0.0,17.25,0.0,0.0,,0.0
2019-12-31 22:00:00+08:00,6.1188235,168.69011,20.75,1004.3832,79.624985,0.0,0.0,0.0,17.1,0.0,0.0,,0.0
2019-12-31 23:00:00+08:00,5.9908266,165.4998,20.45,1004.1764,82.40334,0.0,0.0,0.0,17.35,0.0,0.0,,0.0
2020-01-01 00:00:00+08:00,5.6044626,164.47583,20.15,1003.672,84.74341,0.0,0.0,0.0,17.5,0.0,0.0,,0.0
2020-01-01 01:00:00+08:00,5.345091,162.58194,19.8,1002.968,84.70584,0.0,0.0,0.0,17.15,0.0,0.0,,0.0
2020-01-01 02:00:00+08:00,4.90408,159.71736,19.45,1002.7596,84.132454,0.0,0.0,0.0,16.7,0.0,0.0,,0.0
2020-01-01 03:00:00+08:00,4.4944406,159.14546,19.05,1002.74817,83.55378,0.0,0.0,0.0,16.2,0.0,0.0,,0.0
2020-01-01 04:00:00+08:00,4.438468,157.47939,18.75,1003.0373,82.98708,0.0,0.0,0.0,15.8,0.0,0.0,,0.0
2020-01-01 05:00:00+08:00,4.3863425,155.77226,18.45,1003.22705,82.68593,0.0,0.0,0.0,15.45,0.0,0.0,,0.0
2020-01-01 06:00:00+08:00,4.5188494,155.13632,18.6,1003.6278,80.868645,12.0,56.90947,8.0,15.25,0.0,0.0,,1.0
2020-01-01 07:00:00+08:00,5.0695167,157.98866,20.45,1004.0773,70.483055,156.0,488.26724,56.0,14.9,0.0,0.0,,1.0
2020-01-01 08:00:00+08:00,5.554278,166.46413,23.0,1003.2557,65.34219,378.0,697.57556,90.0,16.15,0.0,0.0,,1.0
2020-01-01 09:00:00+08:00,5.423099,174.71,25.05,1003.11365,57.405384,606.0,820.8075,109.0,16.05,0.0,0.0,,1.0
2020-01-01 10:00:00+08:00,5.7218876,185.01303,26.55,1002.857,53.02705,797.0,875.7659,123.0,16.2,0.0,0.0,,1.0
2020-01-01 11:00:00+08:00,6.551336,192.33908,26.8,1002.6652,56.922028,960.0,923.9263,134.0,17.55,0.0,0.0,,1.0
2020-01-01 12:00:00+08:00,7.106335,193.84071,26.75,1002.4655,57.99629,1058.0,953.3902,133.0,17.8,0.0,0.0,,1.0
2020-01-01 13:00:00+08:00,7.543209,194.58896,26.7,1002.3652,56.539623,1090.0,969.7385,127.0,17.35,0.0,0.0,,1.0
2020-01-01 14:00:00+08:00,7.930952,193.86105,26.35,1002.35565,57.536213,1053.0,968.8434,122.0,17.3,0.0,0.0,,1.0
2020-01-01 15:00:00+08:00,8.276473,191.85298,25.8,1002.1422,60.766346,947.0,947.41364,117.0,17.65,0.0,0.0,,1.0
2020-01-01 16:00:00+08:00,8.276473,191.85298,24.85,1001.918,66.14542,782.0,904.30725,109.0,18.1,0.0,0.0,,1.0
2020-01-01 17:00:00+08:00,8.174351,187.7335,23.95,1001.9927,70.248276,573.0,827.0141,98.0,18.2,0.0,0.0,,1.0
2020-01-01 18:00:00+08:00,7.915807,183.62141,22.9,1002.2611,75.31322,340.0,679.80035,83.0,18.3,0.0,0.0,,1.0
2020-01-01 19:00:00+08:00,7.5026665,181.5275,21.85,1002.62885,80.27863,121.0,438.72186,47.0,18.3,0.0,0.0,,1.0
2020-01-01 20:00:00+08:00,6.802941,181.68465,21.25,1003.802,83.54217,4.0,19.10732,3.0,18.35,0.0,0.0,,0.0
2020-01-01 21:00:00+08:00,6.4031243,178.21013,20.85,1003.9893,84.55231,0.0,0.0,0.0,18.15,0.0,0.0,,0.0
2020-01-01 22:00:00+08:00,5.9135437,176.12155,20.55,1004.0801,85.8589,0.0,0.0,0.0,18.1,0.0,0.0,,0.0
2020-01-01 23:00:00+08:00,5.9076223,177.08922,20.25,1003.87317,86.64282,0.0,0.0,0.0,17.95,0.0,0.0,,0.0
2020-01-02 00:00:00+08:00,6.2,180.0,20.15,1003.9695,86.3611,0.0,0.0,0.0,17.8,0.0,0.0,,0.0
2020-01-02 01:00:00+08:00,6.7007456,179.14493,20.35,1003.7768,82.65197,0.0,0.0,0.0,17.3,0.0,0.0,,0.0
2020-01-02 02:00:00+08:00,6.902898,178.33975,20.2,1003.7724,81.335815,0.0,0.0,0.0,16.9,0.0,0.0,,0.0
2020-01-02 03:00:00+08:00,7.1175838,175.97182,20.2,1003.7724,79.04435,0.0,0.0,0.0,16.45,0.0,0.0,,0.0
2020-01-02 04:00:00+08:00,6.726812,174.88278,20.1,1003.96796,78.27856,0.0,0.0,0.0,16.2,0.0,0.0,,0.0
2020-01-02 05:00:00+08:00,6.648308,173.08887,20.15,1004.3662,75.58442,0.0,0.0,0.0,15.7,0.0,0.0,,0.0
2020-01-02 06:00:00+08:00,6.328507,174.55975,20.25,1004.9641,74.878624,7.0,14.467289,6.0,15.65,0.0,0.0,,1.0
2020-01-02 07:00:00+08:00,6.802941,178.31535,20.9,1005.6767,70.34196,90.0,79.0165,74.0,15.3,0.0,0.0,,1.0
2020-01-02 08:00:00+08:00,6.7007456,180.85507,21.95,1005.8052,65.11886,203.0,63.301327,177.0,15.1,0.0,0.0,,1.0
2020-01-02 09:00:00+08:00,7.2249565,184.76355,23.0,1006.628,60.897945,431.0,294.8625,253.0,15.05,0.0,0.0,,1.0
2020-01-02 10:00:00+08:00,7.170077,188.017,23.5,1006.6419,56.47835,541.0,290.30432,318.0,14.35,0.0,0.0,,1.0
2020-01-02 11:00:00+08:00,7.0405965,191.4695,24.7,1006.47675,51.375755,843.0,589.03125,317.0,14.0,0.0,0.0,,1.0
2020-01-02 12:00:00+08:00,7.495332,193.1092,25.0,1006.38574,51.955322,964.0,724.9943,261.0,14.45,0.0,0.0,,1.0
2020-01-02 13:00:00+08:00,7.7491937,197.2659,25.15,1006.2906,50.996098,1075.0,954.7338,127.0,14.3,0.0,0.0,,1.0
2020-01-02 14:00:00+08:00,8.132035,196.42938,24.6,1006.17633,55.845207,1028.0,922.754,141.0,15.2,0.0,0.0,,1.0
2020-01-02 15:00:00+08:00,7.930952,193.86105,23.65,1006.2493,55.609276,705.0,368.41248,382.0,14.25,0.0,0.0,,1.0
2020-01-02 16:00:00+08:00,8.052329,194.38142,23.15,1006.2354,56.209457,664.0,611.9627,208.0,13.95,0.0,0.0,,1.0
2020-01-02 17:00:00+08:00,8.132035,196.42938,22.55,1006.219,58.479816,499.0,601.282,153.0,14.0,0.0,0.0,,1.0
2020-01-02 18:00:00+08:00,7.81025,193.32454,21.6,1006.39044,62.5708,229.0,290.10828,119.0,14.15,0.0,0.0,,1.0
2020-01-02 19:00:00+08:00,7.858753,194.7436,21.05,1006.8709,63.67575,102.0,294.6338,52.0,13.9,0.0,0.0,,1.0
2020-01-02 20:00:00+08:00,7.6655073,195.12405,21.1,1007.2692,63.89361,2.0,0.0,2.0,14.0,0.0,0.0,,0.0
2020-01-02 21:00:00+08:00,7.7369246,194.21588,20.55,1007.74963,72.10524,0.0,0.0,0.0,15.35,0.0,0.0,,0.0
2020-01-02 22:00:00+08:00,7.4464755,194.78278,19.3,1008.1106,81.2197,0.0,0.0,0.0,16.0,0.0,0.1,,0.0
2020-01-02 23:00:00+08:00,8.174351,187.7335,19.0,1008.00287,81.180725,0.0,0.0,0.0,15.7,0.0,0.1,,0.0
2020-01-03 00:00:00+08:00,7.723341,184.45552,18.7,1008.09344,79.84982,0.0,0.0,0.0,15.15,0.0,0.1,,0.0
2020-01-03 01:00:00+08:00,7.900633,179.2748,18.5,1007.9887,79.82216,0.0,0.0,0.0,14.95,0.0,0.1,,0.0
2020-01-03 02:00:00+08:00,8.1,180.0,18.3,1007.7846,79.02621,0.0,0.0,0.0,14.6,0.0,0.1,,0.0
2020-01-03 03:00:00+08:00,8.4053545,177.95464,18.15,1007.8794,76.73689,0.0,0.0,0.0,14.0,0.0,0.0,,0.0
2020-01-03 04:00:00+08:00,8.30542,177.93001,18.1,1008.17554,73.31422,0.0,0.0,0.0,13.25,0.0,0.0,,0.0
2020-01-03 05:00:00+08:00,8.547514,173.95601,17.75,1008.6613,71.358376,0.0,0.0,0.0,12.5,0.0,0.0,,0.0
2020-01-03 06:00:00+08:00,8.220098,170.19397,18.15,1009.2678,65.5828,9.0,44.16458,6.0,11.6,0.0,0.0,,1.0
2020-01-03 07:00:00+08:00,8.94986,166.42955,18.75,1009.88025,58.327595,115.0,294.81982,56.0,10.4,0.0,0.0,,1.0
2020-01-03 08:00:00+08:00,9.042676,169.80856,20.7,1009.9356,37.813026,286.0,452.79953,101.0,5.8,0.0,0.0,,1.0
2020-01-03 09:00:00+08:00,8.845902,169.57935,21.35,1010.35077,38.26177,528.0,601.5178,166.0,6.55,0.0,0.0,,1.0
2020-01-03 10:00:00+08:00,8.811923,170.85843,21.65,1010.161,37.308052,589.0,431.73022,258.0,6.45,0.0,0.0,,1.0
2020-01-03 11:00:00+08:00,9.113727,176.8551,21.95,1009.9709,37.39391,732.0,464.14978,318.0,6.75,0.0,0.0,,1.0
2020-01-03 12:00:00+08:00,9.402127,178.78116,22.45,1009.39,35.410275,938.0,620.1717,337.0,6.4,0.0,0.0,,1.0
2020-01-03 13:00:00+08:00,9.400532,179.3905,22.8,1008.6063,34.9054,1095.0,927.6572,174.0,6.5,0.0,0.0,,1.0
2020-01-03 14:00:00+08:00,9.712878,182.95071,22.65,1008.0068,36.081543,1065.0,975.5147,127.0,6.85,0.0,0.0,,1.0
2020-01-03 15:00:00+08:00,10.107919,182.2679,22.25,1007.49976,37.60822,961.0,959.6846,119.0,7.1,0.0,0.0,,1.0
2020-01-03 16:00:00+08:00,10.20784,182.2457,21.55,1007.1827,40.61359,794.0,916.8484,110.0,7.6,0.0,0.0,,1.0
2020-01-03 17:00:00+08:00,10.304368,181.6683,20.85,1006.96466,42.831306,584.0,843.0595,98.0,7.75,0.0,0.0,,1.0
2020-01-03 18:00:00+08:00,10.300486,180.55624,20.0,1007.4363,45.912304,350.0,710.1003,80.0,8.0,0.0,0.0,,1.0
2020-01-03 19:00:00+08:00,9.904544,178.26433,19.4,1007.816,48.79955,126.0,457.03802,48.0,8.35,0.0,0.0,,1.0
2020-01-03 20:00:00+08:00,9.3771,172.64772,18.6,1008.18976,54.87956,5.0,18.771423,4.0,9.35,0.0,0.0,,0.0
2020-01-03 21:00:00+08:00,9.080197,168.56636,18.35,1008.57916,57.071384,0.0,0.0,0.0,9.7,0.0,0.0,,0.0
2020-01-03 22:00:00+08:00,8.70919,164.68712,18.1,1008.969,60.14715,0.0,0.0,0.0,10.25,0.0,0.0,,0.0
2020-01-03 23:00:00+08:00,8.430896,157.69374,17.85,1008.76337,57.52427,0.0,0.0,0.0,9.35,0.0,0.0,,0.0
2020-01-04 00:00:00+08:00,7.694154,152.10283,17.3,1008.6483,55.66667,0.0,0.0,0.0,8.35,0.0,0.0,,0.0
2020-01-04 01:00:00+08:00,7.1021123,147.65259,16.65,1008.2327,57.225407,0.0,0.0,0.0,8.15,0.0,0.0,,0.0
2020-01-04 02:00:00+08:00,6.8242216,145.14548,16.15,1007.8215,60.28967,0.0,0.0,0.0,8.45,0.0,0.0,,0.0
2020-01-04 03:00:00+08:00,6.463745,145.08052,15.8,1007.9105,61.02861,0.0,0.0,0.0,8.3,0.0,0.0,,0.0
2020-01-04 04:00:00+08:00,5.8898215,139.82083,15.45,1007.9992,61.153297,0.0,0.0,0.0,8.0,0.0,0.0,,0.0
2020-01-04 05:00:00+08:00,5.5154333,135.0001,15.15,1007.8916,59.234745,0.0,0.0,0.0,7.25,0.0,0.0,,0.0
2020-01-04 06:00:00+08:00,5.685068,129.28938,15.55,1008.3991,51.893703,11.0,59.95945,7.0,5.7,0.0,0.0,,1.0
2020-01-04 07:00:00+08:00,6.268173,123.94363,17.85,1008.76337,37.25236,156.0,515.905,54.0,3.05,0.0,0.0,,1.0
2020-01-04 08:00:00+08:00,8.207923,112.19034,20.4,1007.9435,30.890408,388.0,750.5467,83.0,2.65,0.0,0.0,,1.0
2020-01-04 09:00:00+08:00,7.8771825,110.045334,22.95,1007.5194,27.481268,624.0,873.44495,100.0,3.2,0.0,0.0,,1.0
2020-01-04 10:00:00+08:00,7.467262,110.37652,25.35,1007.1887,23.627918,830.0,939.6411,111.0,3.1,0.0,0.0,,1.0
2020-01-04 11:00:00+08:00,7.093659,111.501495,27.25,1006.447,20.603376,988.0,976.54315,118.0,2.75,0.0,0.0,,1.0
2020-01-04 12:00:00+08:00,6.6128664,110.35332,29.0,1005.7997,17.82958,1086.0,994.3285,123.0,2.15,0.0,0.0,,1.0
2020-01-04 13:00:00+08:00,5.507268,119.357666,30.3,1005.04034,16.30886,1115.0,998.306,124.0,1.95,0.0,0.0,,1.0
2020-01-04 14:00:00+08:00,5.0249376,148.84076,30.75,1003.9611,16.2377,1072.0,987.7206,122.0,2.25,0.0,0.0,,1.0
2020-01-04 15:00:00+08:00,7.8057675,177.79745,29.6,1002.9386,21.719652,963.0,963.5789,117.0,5.45,0.0,0.0,,1.0
2020-01-04 16:00:00+08:00,9.908077,182.31367,26.6,1002.4615,39.748146,795.0,918.4826,109.0,11.8,0.0,0.0,,1.0
2020-01-04 17:00:00+08:00,11.1040535,178.45187,24.4,1002.30255,40.73329,583.0,841.62317,97.0,10.2,0.0,0.0,,1.0
2020-01-04 18:00:00+08:00,10.340696,170.53775,23.0,1002.75977,46.89534,349.0,708.24097,79.0,11.05,0.0,0.0,,1.0
2020-01-04 19:00:00+08:00,8.658521,165.96373,22.25,1003.33405,55.803272,126.0,454.6652,48.0,13.0,0.0,0.0,,1.0
2020-01-04 20:00:00+08:00,8.077747,164.93146,21.1,1003.5996,62.86534,5.0,18.625206,4.0,13.75,0.0,0.0,,0.0
2020-01-04 21:00:00+08:00,7.2111025,160.55988,21.1,1003.7979,63.27489,0.0,0.0,0.0,13.85,0.0,0.0,,0.0
2020-01-04 22:00:00+08:00,6.0415235,151.31395,20.8,1003.9878,62.39031,0.0,0.0,0.0,13.35,0.0,0.0,,0.0
2020-01-04 23:00:00+08:00,4.8600416,143.3658,20.3,1003.77527,60.865276,0.0,0.0,0.0,12.5,0.0,0.0,,0.0
2020-01-05 00:00:00+08:00,3.88973,136.04153,20.2,1003.4749,53.123005,0.0,0.0,0.0,10.35,0.0,0.0,,0.0
2020-01-05 01:00:00+08:00,3.6069376,133.87679,20.75,1002.7963,38.221554,0.0,0.0,0.0,6.0,0.0,0.0,,0.0
2020-01-05 02:00:00+08:00,3.3286633,122.73522,21.1,1002.60785,31.531527,0.0,0.0,0.0,3.55,0.0,0.0,,0.0
2020-01-05 03:00:00+08:00,3.5468295,111.501495,21.85,1002.33124,31.634363,0.0,0.0,0.0,4.25,0.0,0.0,,0.0
2020-01-05 04:00:00+08:00,4.6389656,97.43131,22.95,1002.0643,30.215565,0.0,0.0,0.0,4.55,0.0,0.0,,0.0
2020-01-05 05:00:00+08:00,5.5226803,84.805664,23.3,1002.074,29.89436,0.0,0.0,0.0,4.7,0.0,0.0,,0.0
2020-01-05 06:00:00+08:00,7.0213957,72.597206,23.95,1002.5878,29.661938,10.0,45.81915,7.0,5.15,0.0,0.0,,1.0
2020-01-05 07:00:00+08:00,8.184132,63.121944,26.25,1002.74963,28.20004,146.0,481.4076,52.0,6.4,0.0,0.0,,1.0
2020-01-05 08:00:00+08:00,9.679876,56.80242,28.55,1002.7124,31.996906,369.0,712.62317,81.0,10.25,0.0,0.0,,1.0
2020-01-05 09:00:00+08:00,9.140022,53.004646,30.85,1002.8724,31.064096,597.0,836.1019,97.0,11.8,0.0,0.0,,1.0
2020-01-05 10:00:00+08:00,7.657676,49.236485,33.3,1002.5394,26.59934,798.0,902.2211,109.0,11.55,0.0,0.0,,1.0
2020-01-05 11:00:00+08:00,6.293648,45.64367,35.45,1002.1978,22.084269,954.0,941.7566,116.0,10.55,0.0,0.0,,1.0
2020-01-05 12:00:00+08:00,4.1231055,50.906155,36.7,1001.8327,18.708801,1051.0,960.85974,121.0,9.1,0.0,0.0,,1.0
2020-01-05 13:00:00+08:00,2.4596748,63.435013,37.45,1001.0579,16.897932,1075.0,952.1222,130.0,8.2,0.0,0.0,,1.0
2020-01-05 14:00:00+08:00,2.6019223,177.79745,36.0,1000.52496,17.502161,1015.0,911.59344,138.0,7.55,0.0,0.0,,1.0
2020-01-05 15:00:00+08:00,7.2835426,188.68628,33.85,1000.0732,28.93236,924.0,911.7313,123.0,13.3,0.0,0.0,,1.0
2020-01-05 16:00:00+08:00,8.864535,191.05637,32.55,999.8412,29.536364,753.0,819.857,140.0,12.5,0.0,0.0,,1.0
2020-01-05 17:00:00+08:00,8.102469,181.4144,31.75,999.6221,29.512943,568.0,817.7933,95.0,11.8,0.0,0.0,,1.0
2020-01-05 18:00:00+08:00,6.618912,175.66777,30.2,1000.1769,34.31853,342.0,690.81195,78.0,12.75,0.0,0.0,,1.0
2020-01-05 19:00:00+08:00,6.334824,168.15794,28.05,1001.0125,44.827602,124.0,446.7115,47.0,14.95,0.0,0.0,,1.0
2020-01-05 20:00:00+08:00,6.5787535,160.46326,26.15,1001.4576,40.149673,5.0,18.494375,4.0,11.55,0.0,0.0,,0.0
2020-01-05 21:00:00+08:00,5.9615436,157.30617,25.5,1001.93567,38.019382,0.0,0.0,0.0,10.15,0.0,0.0,,0.0
2020-01-05 22:00:00+08:00,5.2201533,159.82927,25.0,1001.9221,41.448826,0.0,0.0,0.0,11.0,0.0,0.0,,0.0
2020-01-05 23:00:00+08:00,4.3863425,155.77226,24.5,1001.80945,43.419285,0.0,0.0,0.0,11.25,0.0,0.0,,0.0
2020-01-06 00:00:00+08:00,3.6769552,157.61983,23.9,1001.49524,43.396477,0.0,0.0,0.0,10.7,0.0,0.0,,0.0
2020-01-06 01:00:00+08:00,3.5468295,158.4985,23.35,1001.08344,43.970825,0.0,0.0,0.0,10.4,0.0,0.0,,0.0
2020-01-06 02:00:00+08:00,3.5341196,154.8852,22.8,1000.77075,44.111973,0.0,0.0,0.0,9.95,0.0,0.0,,0.0
2020-01-06 03:00:00+08:00,2.9832866,140.44037,22.2,1000.75415,42.20278,0.0,0.0,0.0,8.75,0.0,0.0,,0.0
2020-01-06 04:00:00+08:00,2.1400933,127.40543,21.2,1000.72614,39.96327,0.0,0.0,0.0,7.05,0.0,0.0,,0.0
2020-01-06 05:00:00+08:00,2.1633308,123.6901,20.65,1000.8099,38.45766,0.0,0.0,0.0,6.0,0.0,0.0,,0.0
2020-01-06 06:00:00+08:00,2.1023796,115.34614,21.15,1001.22046,34.433098,9.0,46.71459,6.0,4.85,0.0,0.0,,1.0
2020-01-06 07:00:00+08:00,2.1931713,133.1524,24.9,1001.62177,24.35577,145.0,487.61102,51.0,3.15,0.0,0.0,,1.0
2020-01-06 08:00:00+08:00,1.264911,161.56496,28.35,1001.81433,20.15916,369.0,716.6194,81.0,3.35,0.0,0.0,,1.0
2020-01-06 09:00:00+08:00,0.82462114,165.96373,31.75,1002.00305,16.9968,597.0,835.45087,99.0,3.7,0.0,0.0,,1.0
2020-01-06 10:00:00+08:00,0.9433981,212.00534,33.9,1001.36426,15.984276,798.0,901.4076,111.0,4.55,0.0,0.0,,1.0
2020-01-06 11:00:00+08:00,4.2544093,209.57774,33.3,1001.15045,23.596079,954.0,938.4054,120.0,9.75,0.0,0.0,,1.0
2020-01-06 12:00:00+08:00,6.053924,202.3287,32.15,1000.823,29.138441,1044.0,950.10767,125.0,11.95,0.0,0.0,,1.0
2020-01-06 13:00:00+08:00,5.9481087,196.60706,32.65,1000.1416,25.646856,1067.0,941.2117,133.0,10.45,0.0,0.0,,1.0
2020-01-06 14:00:00+08:00,6.306346,194.69736,32.6,999.6443,25.041452,1034.0,945.68445,124.0,10.05,0.0,0.0,,1.0
2020-01-06 15:00:00+08:00,7.3164196,190.23474,31.25,999.0139,29.571768,935.0,930.51416,117.0,11.4,0.0,0.0,,1.0
2020-01-06 16:00:00+08:00,8.429115,184.76355,29.45,998.66907,39.76293,775.0,892.50995,107.0,14.35,0.0,0.0,,1.0
2020-01-06 17:00:00+08:00,7.602631,178.4926,28.5,998.6437,45.67569,570.0,820.0148,95.0,15.65,0.0,0.0,,1.0
2020-01-06 18:00:00+08:00,6.562012,172.11696,27.2,999.1052,52.022873,342.0,689.2534,78.0,16.5,0.0,0.0,,1.0
2020-01-06 19:00:00+08:00,5.500909,181.04161,26.2,999.475,53.10724,124.0,444.8109,47.0,15.9,0.0,0.0,,1.0
2020-01-06 20:00:00+08:00,5.8240876,164.05453,23.9,1000.10657,64.91226,5.0,18.379475,4.0,16.9,0.0,0.0,,0.0
2020-01-06 21:00:00+08:00,5.7567353,162.824,23.75,1000.30096,57.82969,0.0,0.0,0.0,14.95,0.0,0.0,,0.0
2020-01-06 22:00:00+08:00,5.1623635,171.08516,23.3,1000.3878,62.95065,0.0,0.0,0.0,15.85,0.0,0.0,,0.0
2020-01-06 23:00:00+08:00,5.2886667,164.64981,23.0,1000.28015,64.307846,0.0,0.0,0.0,15.9,0.0,0.0,,0.0
2020-01-07 00:00:00+08:00,4.1761227,163.30067,22.5,999.9689,67.56862,0.0,0.0,0.0,16.2,0.0,0.0,,0.0
2020-01-07 01:00:00+08:00,3.4539833,157.8905,22.15,999.1656,65.16156,0.0,0.0,0.0,15.3,0.0,0.0,,0.0
2020-01-07 02:00:00+08:00,3.1953092,159.86362,21.75,998.6588,63.214546,0.0,0.0,0.0,14.45,0.0,0.0,,0.0
2020-01-07 03:00:00+08:00,2.996665,154.2901,21.35,997.95325,62.11005,0.0,0.0,0.0,13.8,0.0,0.0,,0.0
2020-01-07 04:00:00+08:00,2.0615528,140.90616,20.75,997.9366,58.427345,0.0,0.0,0.0,12.3,0.0,0.0,,0.0
2020-01-07 05:00:00+08:00,1.8601075,143.74608,19.8,998.1084,57.62134,0.0,0.0,0.0,11.2,0.0,0.0,,0.0
2020-01-07 06:00:00+08:00,2.4166093,155.55606,20.95,998.73566,51.747208,8.0,47.657215,5.0,10.65,0.0,0.0,,1.0
2020-01-07 07:00:00+08:00,2.9529645,151.69934,23.9,999.01556,38.33605,142.0,483.5362,50.0,8.85,0.0,0.0,,1.0
2020-01-07 08:00:00+08:00,3.3615472,157.249,25.6,999.06195,36.55001,366.0,715.69385,80.0,9.65,0.0,0.0,,1.0
2020-01-07 09:00:00+08:00,3.8118236,184.5139,28.2,999.3302,32.43738,593.0,834.81604,97.0,10.15,0.0,0.0,,1.0
2020-01-07 10:00:00+08:00,5.2810984,198.77812,28.05,998.9294,42.022945,796.0,904.5479,108.0,13.95,0.0,0.0,,1.0
2020-01-07 11:00:00+08:00,5.597321,198.75874,27.95,998.72845,47.76894,952.0,942.94324,115.0,15.85,0.0,0.0,,1.0
2020-01-07 12:00:00+08:00,5.9135437,198.74144,27.95,998.3317,48.22882,1048.0,960.04706,120.0,16.0,0.0,0.0,,1.0
2020-01-07 13:00:00+08:00,6.735726,198.16605,27.45,998.0206,51.266277,1078.0,963.5775,122.0,16.5,0.0,0.0,,1.0
2020-01-07 14:00:00+08:00,7.472616,195.52417,27.15,997.4173,54.028843,1041.0,955.8922,121.0,17.05,0.0,0.0,,1.0
2020-01-07 15:00:00+08:00,7.3979726,193.28488,26.55,997.2029,56.86149,938.0,934.5365,116.0,17.3,0.0,0.0,,1.0
2020-01-07 16:00:00+08:00,7.7278714,190.43742,25.85,997.18414,58.517895,776.0,891.66437,108.0,17.1,0.0,0.0,,1.0
2020-01-07 17:00:00+08:00,7.496666,189.21095,24.95,997.3581,62.915985,571.0,818.86884,96.0,17.4,0.0,0.0,,1.0
2020-01-07 18:00:00+08:00,7.200694,189.59306,23.8,997.82245,72.004715,343.0,687.83185,79.0,18.45,0.0,0.0,,1.0
2020-01-07 19:00:00+08:00,6.8183575,184.20528,22.4,998.1807,78.85896,124.0,443.13586,47.0,18.55,0.0,0.0,,1.0
2020-01-07 20:00:00+08:00,6.906519,182.4895,21.55,998.3556,82.020935,5.0,18.278946,4.0,18.35,0.0,0.0,,0.0
2020-01-07 21:00:00+08:00,5.903389,181.94144,21.55,998.7523,82.27838,0.0,0.0,0.0,18.4,0.0,0.0,,0.0
2020-01-07 22:00:00+08:00,5.1971145,168.90631,21.25,999.0413,82.500374,0.0,0.0,0.0,18.15,0.0,0.0,,0.0
2020-01-07 23:00:00+08:00,5.3150725,168.05585,20.85,998.9312,84.818146,0.0,0.0,0.0,18.2,0.0,0.0,,0.0
2020-01-08 00:00:00+08:00,5.080354,169.79608,20.5,998.62366,86.93885,0.0,0.0,0.0,18.25,0.0,0.0,,0.0
2020-01-08 01:00:00+08:00,4.90408,159.71736,20.25,998.2201,87.46352,0.0,0.0,0.0,18.1,0.0,0.0,,0.0
2020-01-08 02:00:00+08:00,4.838388,161.93944,19.95,997.51733,87.98866,0.0,0.0,0.0,17.9,0.0,0.0,,0.0
2020-01-08 03:00:00+08:00,4.669047,170.13426,19.9,997.31775,87.432205,0.0,0.0,0.0,17.75,0.0,0.0,,0.0
2020-01-08 04:00:00+08:00,4.9335585,162.29948,19.8,997.4142,85.513145,0.0,0.0,0.0,17.3,0.0,0.0,,0.0
2020-01-08 05:00:00+08:00,4.9396358,158.62932,19.65,997.80646,83.357796,0.0,0.0,0.0,16.75,0.0,0.0,,0.0
2020-01-08 06:00:00+08:00,4.7423625,155.05612,19.7,998.3039,78.721214,8.0,32.432888,6.0,15.9,0.0,0.0,,1.0
2020-01-08 07:00:00+08:00,5.249762,162.25523,21.4,998.64905,65.63325,138.0,463.42993,51.0,14.7,0.0,0.0,,1.0
2020-01-08 08:00:00+08:00,6.140033,163.92636,23.3,998.9,62.74977,361.0,704.7145,81.0,15.8,0.0,0.0,,1.0
2020-01-08 09:00:00+08:00,6.328507,174.55975,24.95,999.14355,59.997265,586.0,812.23895,105.0,16.65,0.0,0.0,,1.0
2020-01-08 10:00:00+08:00,7.017834,184.08554,25.65,998.5672,60.349834,779.0,860.2828,126.0,17.4,0.0,0.0,,1.0
2020-01-08 11:00:00+08:00,7.808969,189.58287,25.65,998.46796,62.086464,929.0,889.9756,140.0,17.85,0.0,0.0,,1.0
2020-01-08 12:00:00+08:00,8.22253,193.36023,25.55,998.26715,61.674274,1029.0,925.4973,135.0,17.65,0.0,0.0,,1.0
2020-01-08 13:00:00+08:00,8.902247,194.97292,25.55,998.26715,60.136425,1067.0,947.66315,127.0,17.25,0.0,0.0,,1.0
2020-01-08 14:00:00+08:00,9.024411,192.80426,25.4,998.2631,60.866802,1034.0,948.4659,121.0,17.3,0.0,0.0,,1.0
2020-01-08 15:00:00+08:00,9.121951,192.66505,25.15,997.8594,61.389603,930.0,919.2807,121.0,17.2,0.0,0.0,,1.0
2020-01-08 16:00:00+08:00,9.631718,192.59332,24.45,997.64185,64.009926,771.0,880.21466,111.0,17.2,0.0,0.0,,1.0
2020-01-08 17:00:00+08:00,9.535197,189.65982,23.7,997.81995,67.382645,570.0,812.6533,98.0,17.3,0.0,0.0,,1.0
2020-01-08 18:00:00+08:00,9.2439165,185.58716,22.9,998.59125,69.16856,340.0,670.95,82.0,16.95,0.0,0.0,,1.0
2020-01-08 19:00:00+08:00,9.013878,183.17976,21.9,999.0595,73.73743,122.0,430.22116,47.0,17.0,0.0,0.0,,1.0
2020-01-08 20:00:00+08:00,8.500588,180.67403,21.3,999.2413,76.73634,5.0,18.19529,4.0,17.05,0.0,0.0,,0.0
2020-01-08 21:00:00+08:00,8.20975,177.20735,21.05,999.6308,78.914955,0.0,0.0,0.0,17.25,0.0,0.0,,0.0
2020-01-08 22:00:00+08:00,8.409518,177.27374,21.0,1000.0263,78.90781,0.0,0.0,0.0,17.2,0.0,0.0,,0.0
2020-01-08 23:00:00+08:00,9.1350975,174.97601,20.9,999.72595,78.14759,0.0,0.0,0.0,16.95,0.0,0.0,,0.0
2020-01-09 00:00:00+08:00,8.79659,171.50153,20.95,999.6283,75.47326,0.0,0.0,0.0,16.45,0.0,0.0,,0.0
2020-01-09 01:00:00+08:00,9.305912,171.34753,21.0,999.1337,73.58272,0.0,0.0,0.0,16.1,0.0,0.0,,0.0
2020-01-09 02:00:00+08:00,8.852683,166.27768,21.0,998.93536,70.586845,0.0,0.0,0.0,15.45,0.0,0.0,,0.0
2020-01-09 03:00:00+08:00,7.955501,165.43968,20.75,998.92834,70.99411,0.0,0.0,0.0,15.3,0.0,0.0,,0.0
2020-01-09 04:00:00+08:00,8.764131,163.42592,20.65,999.0247,70.74785,0.0,0.0,0.0,15.15,0.0,0.0,,0.0
2020-01-09 05:00:00+08:00,7.81089,161.333,20.1,999.4058,73.662895,0.0,0.0,0.0,15.25,0.0,0.0,,0.0
2020-01-09 06:00:00+08:00,7.984986,157.93205,19.9,1000.3923,75.30203,7.0,33.12644,5.0,15.4,0.0,0.0,,1.0
2020-01-09 07:00:00+08:00,9.20489,162.94295,20.8,1001.11163,70.09745,120.0,367.21164,52.0,15.15,0.0,0.0,,1.0
2020-01-09 08:00:00+08:00,9.79847,165.8219,22.0,1001.1452,64.50443,326.0,546.7996,110.0,15.0,0.0,0.0,,1.0
2020-01-09 09:00:00+08:00,9.982485,169.0278,23.35,1001.57935,57.361305,575.0,769.18744,121.0,14.45,0.0,0.0,,1.0
2020-01-09 10:00:00+08:00,10.259142,173.84492,24.35,1001.30914,54.36339,781.0,860.7261,129.0,14.55,0.0,0.0,,1.0
2020-01-09 11:00:00+08:00,10.012492,177.13765,25.1,1001.1315,52.48673,918.0,859.46985,157.0,14.7,0.0,0.0,,1.0
2020-01-09 12:00:00+08:00,10.6,180.0,24.95,1000.7306,55.042286,1052.0,964.4648,121.0,15.3,0.0,0.0,,1.0
2020-01-09 13:00:00+08:00,10.4043255,178.34773,25.4,1000.4453,52.058823,1084.0,968.0636,124.0,14.85,0.0,0.0,,1.0
2020-01-09 14:00:00+08:00,10.801852,181.06088,25.2,1000.34045,53.36437,1049.0,961.8472,123.0,15.05,0.0,0.0,,1.0
2020-01-09 15:00:00+08:00,11.1,180.0,24.3,999.9192,55.950672,947.0,942.7026,117.0,14.95,0.0,0.0,,1.0
2020-01-09 16:00:00+08:00,11.401753,181.00507,23.85,999.70856,56.0197,787.0,902.1648,110.0,14.55,0.0,0.0,,1.0
2020-01-09 17:00:00+08:00,11.700427,179.51031,22.8,999.7789,60.85183,581.0,832.34607,97.0,14.85,0.0,0.0,,1.0
2020-01-09 18:00:00+08:00,11.311057,177.46649,21.95,1000.4494,63.66815,350.0,701.00146,80.0,14.75,0.0,0.0,,1.0
2020-01-09 19:00:00+08:00,10.34843,174.45477,20.85,1001.2123,69.65794,128.0,457.64966,48.0,15.1,0.0,0.0,,1.0
2020-01-09 20:00:00+08:00,9.476286,172.72508,20.5,1001.40063,70.94747,5.0,18.127,4.0,15.05,0.0,0.0,,0.0
2020-01-09 21:00:00+08:00,9.729337,167.53508,20.5,1001.7973,73.26123,0.0,0.0,0.0,15.55,0.0,0.0,,0.0
2020-01-09 22:00:00+08:00,9.368031,163.8865,20.45,1002.39124,73.72327,0.0,0.0,0.0,15.6,0.0,0.0,,0.0
2020-01-09 23:00:00+08:00,8.415462,159.8423,20.25,1002.3855,71.129486,0.0,0.0,0.0,14.85,0.0,0.0,,0.0
2020-01-10 00:00:00+08:00,7.7077885,157.0942,20.0,1002.17993,66.1918,0.0,0.0,0.0,13.5,0.0,0.0,,0.0
2020-01-10 01:00:00+08:00,7.066117,153.0724,19.6,1002.1689,65.67716,0.0,0.0,0.0,13.0,0.0,0.0,,0.0
2020-01-10 02:00:00+08:00,6.177378,150.9455,19.4,1001.8655,65.20624,0.0,0.0,0.0,12.7,0.0,0.0,,0.0
2020-01-10 03:00:00+08:00,5.2478566,149.03632,19.3,1001.9618,62.871727,0.0,0.0,0.0,12.05,0.0,0.0,,0.0
2020-01-10 04:00:00+08:00,4.9396353,148.24057,19.7,1001.9734,55.529236,0.0,0.0,0.0,10.55,0.0,0.0,,0.0
2020-01-10 05:00:00+08:00,4.920366,142.43134,20.7,1002.3981,43.523857,0.0,0.0,0.0,7.85,0.0,0.0,,0.0
2020-01-10 06:00:00+08:00,5.4037023,128.991,22.15,1003.13293,40.64577,7.0,33.855896,5.0,8.15,0.0,0.0,,1.0
2020-01-10 07:00:00+08:00,5.916925,120.46546,24.95,1004.103,44.854683,136.0,470.93073,50.0,12.15,0.0,0.0,,1.0
2020-01-10 08:00:00+08:00,7.3756356,102.5288,26.0,1004.727,41.45404,361.0,712.9702,81.0,11.9,0.0,0.0,,1.0
2020-01-10 09:00:00+08:00,7.3552704,97.0283,28.2,1004.6869,35.016117,598.0,848.2445,99.0,11.3,0.0,0.0,,1.0
2020-01-10 10:00:00+08:00,7.0611615,102.26476,30.55,1004.55096,28.991903,807.0,922.0225,110.0,10.5,0.0,0.0,,1.0
2020-01-10 11:00:00+08:00,7.203471,103.650444,32.7,1004.1113,23.520252,970.0,964.5905,117.0,9.2,0.0,0.0,,1.0
2020-01-10 12:00:00+08:00,6.992138,106.620834,34.45,1003.6603,18.618649,1072.0,985.8748,121.0,7.2,0.0,0.0,,1.0
2020-01-10 13:00:00+08:00,6.191123,121.122406,35.2,1002.7866,16.164005,1107.0,992.53046,123.0,5.75,0.0,0.0,,1.0
2020-01-10 14:00:00+08:00,6.16198,131.71066,35.9,1001.9115,14.009199,1072.0,986.68335,122.0,4.25,0.0,0.0,,1.0
2020-01-10 15:00:00+08:00,6.191123,148.8776,36.05,1001.71686,12.544631,968.0,966.1535,117.0,2.8,0.0,0.0,,1.0
2020-01-10 16:00:00+08:00,7.2780495,167.30042,33.6,1001.6543,19.589912,806.0,926.8175,110.0,7.25,0.0,0.0,,1.0
2020-01-10 17:00:00+08:00,7.2691126,172.09293,31.15,1001.4913,38.841736,596.0,857.2534,97.0,15.5,0.0,0.0,,1.0
2020-01-10 18:00:00+08:00,6.661081,172.23492,29.75,1001.65295,45.288063,359.0,723.33624,80.0,16.65,0.0,0.0,,1.0
2020-01-10 19:00:00+08:00,5.6089215,168.69011,28.5,1002.21484,47.308838,132.0,479.47995,48.0,16.2,0.0,0.0,,1.0
2020-01-10 20:00:00+08:00,5.885576,170.21767,25.3,1002.4263,59.698994,5.0,18.074991,4.0,16.9,0.0,0.0,,0.0
2020-01-10 21:00:00+08:00,4.609772,155.65892,25.6,1002.5337,48.85259,0.0,0.0,0.0,14.05,0.0,0.0,,0.0
2020-01-10 22:00:00+08:00,3.9824615,128.8845,27.1,1002.77264,22.941788,0.0,0.0,0.0,4.15,0.0,0.0,,0.0
2020-01-10 23:00:00+08:00,4.3081317,111.801476,27.5,1002.9816,12.36581,0.0,0.0,0.0,-4.05,0.0,0.0,,0.0
2020-01-11 00:00:00+08:00,5.508176,93.12207,28.1,1002.9978,13.501429,0.0,0.0,0.0,-2.4,0.0,0.0,,0.0
2020-01-11 01:00:00+08:00,6.7742157,81.51115,28.05,1003.1949,20.370083,0.0,0.0,0.0,3.25,0.0,0.0,,0.0
2020-01-11 02:00:00+08:00,6.576473,81.25392,27.05,1002.8705,22.68862,0.0,0.0,0.0,3.95,0.0,0.0,,0.0
2020-01-11 03:00:00+08:00,6.477654,81.11942,26.2,1002.8476,23.355726,0.0,0.0,0.0,3.65,0.0,0.0,,0.0
2020-01-11 04:00:00+08:00,6.4938436,80.24765,25.65,1003.13,23.959568,0.0,0.0,0.0,3.55,0.0,0.0,,0.0
2020-01-11 05:00:00+08:00,6.432729,78.340744,25.15,1003.51324,27.415817,0.0,0.0,0.0,5.05,0.0,0.0,,0.0
2020-01-11 06:00:00+08:00,6.7911706,76.37299,24.7,1004.0961,33.455654,6.0,34.619225,4.0,7.55,0.0,0.0,,1.0
2020-01-11 07:00:00+08:00,8.902247,75.027084,25.45,1004.7118,37.00095,133.0,466.53983,49.0,9.7,0.0,0.0,,1.0
2020-01-11 08:00:00+08:00,8.658521,75.96373,28.05,1003.8893,34.85836,355.0,704.36707,80.0,11.1,0.0,0.0,,1.0
2020-01-11 09:00:00+08:00,8.888757,72.991974,29.75,1004.0338,33.30515,584.0,830.60657,97.0,11.9,0.0,0.0,,1.0
2020-01-11 10:00:00+08:00,8.381527,72.64589,31.55,1003.7838,31.35918,787.0,898.734,109.0,12.55,0.0,0.0,,1.0
2020-01-11 11:00:00+08:00,7.6243033,73.2287,33.3,1003.53156,29.546555,944.0,937.506,116.0,13.15,0.0,0.0,,1.0
2020-01-11 12:00:00+08:00,6.356099,77.27565,34.9,1002.779,27.647755,1044.0,957.53,121.0,13.5,0.0,0.0,,1.0
2020-01-11 13:00:00+08:00,5.346027,82.47627,36.15,1002.21545,26.312525,1076.0,962.54834,122.0,13.8,0.0,0.0,,1.0
2020-01-11 14:00:00+08:00,4.2296567,96.78888,36.85,1001.0427,25.903275,1037.0,952.354,120.0,14.15,0.0,0.0,,1.0
2020-01-11 15:00:00+08:00,3.1890438,131.18582,35.85,1000.5212,27.90068,933.0,927.21985,116.0,14.45,0.0,0.0,,1.0
2020-01-11 16:00:00+08:00,5.6435804,187.12492,34.25,999.88513,32.098293,771.0,880.98303,109.0,15.25,0.0,0.0,,1.0
2020-01-11 17:00:00+08:00,6.708204,190.3048,31.95,999.7266,39.06219,503.0,621.33386,141.0,16.3,0.0,0.0,,1.0
2020-01-11 18:00:00+08:00,7.8771825,188.02715,29.75,1000.0657,45.001205,342.0,683.6305,78.0,16.55,0.0,0.0,,1.0
2020-01-11 19:00:00+08:00,8.149847,173.6599,27.1,1000.59033,49.566776,124.0,438.80817,47.0,15.65,0.0,0.0,,1.0
2020-01-11 20:00:00+08:00,6.1684685,163.03377,25.9,1001.15314,49.09085,5.0,18.038828,4.0,14.4,0.0,0.0,,0.0
2020-01-11 21:00:00+08:00,5.124451,162.97939,26.15,1001.65594,49.157192,0.0,0.0,0.0,14.65,0.0,0.0,,0.0
2020-01-11 22:00:00+08:00,3.676955,135.0001,25.9,1002.0459,46.156788,0.0,0.0,0.0,13.45,0.0,0.0,,0.0
2020-01-11 23:00:00+08:00,2.385372,146.97614,25.7,1001.84216,41.50717,0.0,0.0,0.0,11.65,0.0,0.0,,0.0
2020-01-12 00:00:00+08:00,1.8439089,139.39879,24.5,1001.6111,45.17558,0.0,0.0,0.0,11.85,0.0,0.0,,0.0
2020-01-12 01:00:00+08:00,2.433105,99.46225,24.35,1001.1108,48.044113,0.0,0.0,0.0,12.65,0.0,0.0,,0.0
2020-01-12 02:00:00+08:00,2.147091,62.24156,25.3,1000.64087,49.249893,0.0,0.0,0.0,13.9,0.0,0.0,,0.0
2020-01-12 03:00:00+08:00,3.1241,50.194473,25.95,1000.6584,52.368286,0.0,0.0,0.0,15.45,0.0,0.0,,0.0
2020-01-12 04:00:00+08:00,3.623534,50.59937,25.8,1000.75354,57.221935,0.0,0.0,0.0,16.7,0.0,0.0,,0.0
2020-01-12 05:00:00+08:00,3.2802439,52.431335,25.05,1001.03064,62.739777,0.0,0.0,0.0,17.45,0.0,0.0,,0.0
2020-01-12 06:00:00+08:00,3.3286633,57.264786,24.7,1001.5173,65.49329,6.0,17.709164,5.0,17.8,0.0,0.0,,1.0
2020-01-12 07:00:00+08:00,3.6235344,62.02062,27.1,1002.2767,57.17411,128.0,450.75226,48.0,17.9,0.0,0.0,,1.0
2020-01-12 08:00:00+08:00,3.5805027,54.090195,30.3,1001.965,44.58117,348.0,690.5,80.0,16.9,0.0,0.0,,1.0
2020-01-12 09:00:00+08:00,1.4142135,98.13002,32.3,1002.0175,36.388214,580.0,826.5291,97.0,15.5,0.0,0.0,,1.0
2020-01-12 10:00:00+08:00,3.1953092,200.13638,32.65,1001.729,34.660667,785.0,897.922,109.0,15.05,0.0,0.0,,1.0
2020-01-12 11:00:00+08:00,5.7628117,218.65982,32.0,1001.4145,42.430126,943.0,937.5617,116.0,17.65,0.0,0.0,,1.0
2020-01-12 12:00:00+08:00,6.4350605,212.94922,32.2,1001.2214,40.264446,1040.0,955.1086,120.0,17.0,0.0,0.0,,1.0
2020-01-12 13:00:00+08:00,7.2897186,206.91647,31.25,1000.7005,43.035748,1072.0,957.80176,123.0,17.2,0.0,0.0,,1.0
2020-01-12 14:00:00+08:00,6.8709536,201.33693,31.2,1000.4013,44.823868,1037.0,951.2959,121.0,17.8,0.0,0.0,,1.0
2020-01-12 15:00:00+08:00,7.6400266,194.40005,29.5,1000.35675,50.35196,937.0,931.47974,116.0,18.1,0.0,0.0,,1.0
2020-01-12 16:00:00+08:00,7.922752,184.34315,28.1,1000.31946,54.780357,774.0,883.1635,110.0,18.15,0.0,0.0,,1.0
2020-01-12 17:00:00+08:00,8.500588,180.67403,27.3,1000.0997,56.86382,571.0,814.66406,96.0,18.0,0.0,0.0,,1.0
2020-01-12 18:00:00+08:00,8.260751,173.04713,25.55,1000.5485,60.709118,343.0,682.9808,79.0,17.4,0.0,0.0,,1.0
2020-01-12 19:00:00+08:00,7.8409185,174.14407,23.55,1001.4858,70.83848,125.0,444.04324,47.0,17.95,0.0,0.0,,1.0
2020-01-12 20:00:00+08:00,6.7911706,166.37299,22.55,1001.65656,70.428894,5.0,18.020435,4.0,16.9,0.0,0.0,,0.0
2020-01-12 21:00:00+08:00,6.806614,169.8458,22.35,1001.94836,71.51644,0.0,0.0,0.0,16.95,0.0,0.0,,0.0
2020-01-12 22:00:00+08:00,6.6483083,164.2913,22.15,1002.3394,70.80223,0.0,0.0,0.0,16.6,0.0,0.0,,0.0
2020-01-12 23:00:00+08:00,6.6490602,167.84508,21.8,1002.2305,74.89684,0.0,0.0,0.0,17.15,0.0,0.0,,0.0
2020-01-13 00:00:00+08:00,6.332456,164.4274,21.4,1002.31866,78.71613,0.0,0.0,0.0,17.55,0.0,0.0,,0.0
2020-01-13 01:00:00+08:00,6.0728908,162.75845,21.05,1001.8127,80.933014,0.0,0.0,0.0,17.65,0.0,0.0,,0.0
2020-01-13 02:00:00+08:00,5.6921,161.56496,20.8,1001.21075,80.900345,0.0,0.0,0.0,17.4,0.0,0.0,,0.0
2020-01-13 03:00:00+08:00,4.976947,157.5572,20.65,1000.8099,77.616196,0.0,0.0,0.0,16.6,0.0,0.0,,0.0
2020-01-13 04:00:00+08:00,4.531004,157.96371,20.5,1000.70636,76.85628,0.0,0.0,0.0,16.3,0.0,0.0,,0.0
2020-01-13 05:00:00+08:00,4.0853395,158.45895,20.4,1000.8027,77.33196,0.0,0.0,0.0,16.3,0.0,0.0,,0.0
2020-01-13 06:00:00+08:00,3.8910153,154.09355,20.55,1001.10474,76.13309,5.0,18.127705,4.0,16.2,0.0,0.0,,1.0
2020-01-13 07:00:00+08:00,3.8626416,158.74942,22.5,1001.25824,65.236084,120.0,405.90158,49.0,15.65,0.0,0.0,,1.0
2020-01-13 08:00:00+08:00,3.9812057,154.72232,24.85,1000.8269,56.627934,337.0,658.3036,83.0,15.65,0.0,0.0,,1.0
2020-01-13 09:00:00+08:00,3.710795,165.96373,28.35,1000.8223,43.487568,562.0,793.21967,100.0,14.75,0.0,0.0,,1.0
2020-01-13 10:00:00+08:00,4.7675986,189.65982,30.4,1000.2814,40.154217,754.0,837.202,125.0,15.35,0.0,0.0,,1.0
2020-01-13 11:00:00+08:00,6.6098413,197.61267,29.6,1000.06165,49.281754,927.0,920.58875,116.0,17.85,0.0,0.0,,1.0
2020-01-13 12:00:00+08:00,7.6400266,194.40005,28.9,999.5471,48.634224,1023.0,933.9914,124.0,17.0,0.0,0.0,,1.0
2020-01-13 13:00:00+08:00,7.668768,192.04256,29.15,998.76013,45.126026,1064.0,953.0734,120.0,16.05,0.0,0.0,,1.0
2020-01-13 14:00:00+08:00,7.962412,191.59215,29.15,998.36334,46.734463,1027.0,943.0054,119.0,16.6,0.0,0.0,,1.0
2020-01-13 15:00:00+08:00,7.940403,185.7823,28.3,998.2416,50.358078,925.0,925.5859,109.0,17.0,0.0,0.0,,1.0
2020-01-13 16:00:00+08:00,7.623647,184.5139,27.95,997.9349,52.050167,770.0,884.0941,105.0,17.2,0.0,0.0,,1.0
2020-01-13 17:00:00+08:00,7.3109508,183.13629,26.75,997.9026,58.17912,560.0,795.30725,96.0,17.85,0.0,0.0,,1.0
2020-01-13 18:00:00+08:00,6.802941,178.31535,25.75,998.47076,61.331944,339.0,677.33234,77.0,17.75,0.0,0.0,,1.0
2020-01-13 19:00:00+08:00,5.0487623,172.03047,24.85,999.5375,64.50168,122.0,426.77597,47.0,17.7,0.0,0.0,,1.0
2020-01-13 20:00:00+08:00,5.0089917,176.56644,23.4,999.2001,71.93294,5.0,18.018446,4.0,18.05,0.0,0.0,,0.0
2020-01-13 21:00:00+08:00,4.304649,177.33705,23.25,999.692,72.81571,0.0,0.0,0.0,18.1,0.0,0.0,,0.0
2020-01-13 22:00:00+08:00,4.501111,178.727,23.2,1000.0874,72.12349,0.0,0.0,0.0,17.9,0.0,0.0,,0.0
2020-01-13 23:00:00+08:00,3.9319208,172.69434,22.9,1000.1782,73.67585,0.0,0.0,0.0,17.95,0.0,0.0,,0.0
2020-01-14 00:00:00+08:00,4.3,180.0,22.4,999.8668,76.90596,0.0,0.0,0.0,18.15,0.0,0.0,,0.0
2020-01-14 01:00:00+08:00,4.110961,175.81517,21.95,999.4576,81.049934,0.0,0.0,0.0,18.55,0.0,0.0,,0.0
2020-01-14 02:00:00+08:00,2.9614186,168.31065,21.7,999.1531,83.59347,0.0,0.0,0.0,18.8,0.0,0.0,,0.0
2020-01-14 03:00:00+08:00,1.3928387,158.96242,21.35,999.0442,85.40331,0.0,0.0,0.0,18.8,0.0,0.0,,0.0
2020-01-14 04:00:00+08:00,1.3038404,175.60138,21.3,998.74536,86.47164,0.0,0.0,0.0,18.95,0.0,0.0,,0.0
2020-01-14 05:00:00+08:00,1.3341664,167.00539,21.3,999.3404,88.378586,0.0,0.0,0.0,19.3,0.0,0.0,,0.0
2020-01-14 06:00:00+08:00,1.029563,119.05451,21.4,1000.03754,88.38687,5.0,18.565275,4.0,19.4,0.0,0.0,,1.0
2020-01-14 07:00:00+08:00,0.44721362,63.435013,23.8,1000.79803,74.05986,119.0,423.50928,46.0,18.9,0.0,0.0,,1.0
2020-01-14 08:00:00+08:00,2.7073975,175.76369,25.35,1001.138,70.07304,332.0,659.5899,79.0,19.5,0.0,0.0,,1.0
2020-01-14 09:00:00+08:00,2.3706539,207.64589,27.65,1001.1011,60.996643,554.0,788.9508,96.0,19.45,0.0,0.0,,1.0
2020-01-14 10:00:00+08:00,3.482815,219.17365,28.8,1001.03265,58.30013,753.0,860.2431,108.0,19.8,0.0,0.0,,1.0
2020-01-14 11:00:00+08:00,4.4204073,217.64769,28.9,1000.9359,57.426365,908.0,900.15845,116.0,19.65,0.0,0.0,,1.0
2020-01-14 12:00:00+08:00,4.90408,219.20718,28.9,1000.9359,55.841755,1010.0,926.36694,119.0,19.2,0.0,0.0,,1.0
2020-01-14 13:00:00+08:00,5.7982755,212.3196,28.65,1000.83014,56.129833,1047.0,935.23413,121.0,19.05,0.0,0.0,,1.0
2020-01-14 14:00:00+08:00,6.5299315,207.3498,28.7,1000.2362,56.317192,1009.0,925.4052,118.0,19.15,0.0,0.0,,1.0
2020-01-14 15:00:00+08:00,6.5520988,195.94547,27.85,1000.0152,57.714,909.0,899.3396,116.0,18.75,0.0,0.0,,1.0
2020-01-14 16:00:00+08:00,6.281719,193.81505,27.4,1000.00323,59.25275,752.0,855.8715,108.0,18.75,0.0,0.0,,1.0
2020-01-14 17:00:00+08:00,5.6089215,191.30989,26.4,1000.1747,64.428825,554.0,786.36945,95.0,19.15,0.0,0.0,,1.0
2020-01-14 18:00:00+08:00,5.656854,188.13002,25.05,1000.63385,70.89368,331.0,651.19116,79.0,19.4,0.0,0.0,,1.0
2020-01-14 19:00:00+08:00,5.315073,184.31595,23.75,1001.0944,77.351654,120.0,415.4657,47.0,19.55,0.0,0.0,,1.0
2020-01-14 20:00:00+08:00,5.1088157,183.3664,23.05,1001.2736,79.69181,5.0,18.03538,4.0,19.35,0.0,0.0,,0.0
2020-01-14 21:00:00+08:00,4.1,180.0,22.95,1001.86584,78.44624,0.0,0.0,0.0,19.0,0.0,0.0,,0.0
2020-01-14 22:00:00+08:00,4.2,180.0,22.85,1001.9623,78.18731,0.0,0.0,0.0,18.85,0.0,0.0,,0.0
2020-01-14 23:00:00+08:00,4.501111,181.273,22.85,1001.5655,78.922806,0.0,0.0,0.0,19.0,0.0,0.0,,0.0
2020-01-15 00:00:00+08:00,3.354102,169.6952,22.8,1002.0601,80.15545,0.0,0.0,0.0,19.2,0.0,0.0,,0.0
2020-01-15 01:00:00+08:00,4.00125,178.56793,22.6,1001.0627,82.150055,0.0,0.0,0.0,19.4,0.0,0.0,,0.0
2020-01-15 02:00:00+08:00,3.8078866,156.80139,22.45,1000.2651,83.67849,0.0,0.0,0.0,19.55,0.0,0.0,,0.0
2020-01-15 03:00:00+08:00,2.6076808,175.60138,22.35,1000.1631,84.188774,0.0,0.0,0.0,19.55,0.0,0.0,,0.0
2020-01-15 04:00:00+08:00,1.6492423,194.03627,22.15,1000.3558,86.2845,0.0,0.0,0.0,19.75,0.0,0.0,,0.0
2020-01-15 05:00:00+08:00,1.1,180.0,21.95,1000.5486,88.4323,0.0,0.0,0.0,19.95,0.0,0.0,,0.0
2020-01-15 06:00:00+08:00,0.64031243,218.65984,22.1,1001.1481,88.99328,4.0,19.025099,3.0,20.2,0.0,0.0,,1.0
2020-01-15 07:00:00+08:00,0.9055385,276.3401,23.35,1001.57935,80.47825,99.0,329.7871,43.0,19.8,0.0,0.1,,1.0
2020-01-15 08:00:00+08:00,1.9849433,229.08571,23.8,1001.8891,76.880104,210.0,296.35886,97.0,19.5,0.0,0.0,,1.0
2020-01-15 09:00:00+08:00,1.5264337,238.39255,25.6,1002.23615,68.612045,530.0,737.9976,103.0,19.4,0.0,0.0,,1.0
2020-01-15 10:00:00+08:00,2.1931713,245.77226,27.6,1001.8934,61.365646,733.0,824.5838,116.0,19.5,0.0,0.0,,1.0
2020-01-15 11:00:00+08:00,3.0675724,250.9743,29.1,1001.73486,56.064487,899.0,888.7927,118.0,19.45,0.0,0.0,,1.0
2020-01-15 12:00:00+08:00,3.8832974,258.11136,29.45,1001.64514,53.42402,988.0,887.53436,135.0,19.0,0.0,0.0,,1.0
2020-01-15 13:00:00+08:00,3.613862,255.5792,29.0,1001.6332,52.97823,1004.0,866.8892,146.0,18.45,0.0,0.0,,1.0
2020-01-15 14:00:00+08:00,4.3011627,252.40749,28.85,1001.3315,54.453133,968.0,850.70856,149.0,18.75,0.0,0.0,,1.0
2020-01-15 15:00:00+08:00,4.3462625,246.97447,28.05,1001.21094,57.942127,856.0,801.71106,149.0,19.0,0.0,0.0,,1.0
2020-01-15 16:00:00+08:00,3.3970575,222.61401,27.9,1001.1076,57.187145,741.0,834.3785,113.0,18.65,0.0,0.0,,1.0
2020-01-15 17:00:00+08:00,3.1622775,214.69522,27.2,1001.0891,60.515785,495.0,659.36444,110.0,18.9,0.0,0.0,,1.0
2020-01-15 18:00:00+08:00,3.443835,205.82094,25.45,1001.33923,71.4083,244.0,395.27594,91.0,19.9,0.0,0.0,,1.0
2020-01-15 19:00:00+08:00,2.2203605,187.76508,24.7,1002.11237,76.54289,93.0,261.98438,47.0,20.3,0.0,0.0,,1.0
2020-01-15 20:00:00+08:00,2.8635643,192.09474,23.2,1001.972,81.46278,4.0,18.066885,3.0,19.85,0.0,0.1,,0.0
2020-01-15 21:00:00+08:00,2.6000001,202.6199,22.9,1002.65784,82.44207,0.0,0.0,0.0,19.75,0.0,0.0,,0.0
2020-01-15 22:00:00+08:00,2.34094,199.9832,22.6,1002.9472,83.95547,0.0,0.0,0.0,19.75,0.0,0.0,,0.0
2020-01-15 23:00:00+08:00,2.0,216.86998,22.3,1002.8395,86.031975,0.0,0.0,0.0,19.85,0.0,0.0,,0.0
2020-01-16 00:00:00+08:00,2.0615528,247.1663,22.15,1002.637,87.360756,0.0,0.0,0.0,19.95,0.0,0.0,,0.0
2020-01-16 01:00:00+08:00,1.6155494,248.19853,21.95,1002.0363,89.53364,0.0,0.0,0.0,20.15,0.0,0.0,,0.0
2020-01-16 02:00:00+08:00,1.3038404,265.60138,21.85,1001.637,91.201904,0.0,0.0,0.0,20.35,0.0,0.0,,0.0
2020-01-16 03:00:00+08:00,1.0198039,281.3099,21.5,1001.5281,94.04071,0.0,0.0,0.0,20.5,0.0,0.0,,0.0
2020-01-16 04:00:00+08:00,1.2206556,325.0079,21.3,1001.6216,94.61434,0.0,0.0,0.0,20.4,0.0,0.0,,0.0
2020-01-16 05:00:00+08:00,1.2206556,304.9921,21.4,1001.4261,94.32693,0.0,0.0,0.0,20.45,0.0,0.0,,0.0
2020-01-16 06:00:00+08:00,1.3152945,278.74606,21.7,1001.83093,92.61124,3.0,19.10732,2.0,20.45,0.0,0.0,,1.0
2020-01-16 07:00:00+08:00,1.3152945,278.74606,23.35,1002.3728,81.48172,113.0,406.70108,45.0,20.0,0.0,0.0,,1.0
2020-01-16 08:00:00+08:00,2.0880613,286.6993,23.6,1003.1732,79.0286,324.0,649.106,78.0,19.75,0.0,0.0,,1.0
2020-01-16 09:00:00+08:00,2.624881,287.74475,25.1,1003.0161,71.78926,435.0,426.6099,189.0,19.65,0.0,0.0,,1.0
2020-01-16 10:00:00+08:00,3.1,270.0,26.6,1002.95746,65.4811,730.0,795.50104,136.0,19.6,0.0,0.0,,1.0
2020-01-16 11:00:00+08:00,3.8052595,266.98727,27.4,1002.9792,62.475082,906.0,907.04877,110.0,19.6,0.0,0.0,,1.0
2020-01-16 12:00:00+08:00,4.1593266,260.31128,27.55,1002.98334,61.163956,1006.0,923.6387,119.0,19.4,0.0,0.0,,1.0
2020-01-16 13:00:00+08:00,4.1,257.3196,27.7,1002.5902,60.818634,1039.0,919.8093,129.0,19.45,0.0,0.0,,1.0
2020-01-16 14:00:00+08:00,4.0521603,254.24875,27.8,1001.99786,60.464397,989.0,847.70844,173.0,19.45,0.0,0.0,,1.0
2020-01-16 15:00:00+08:00,3.9217343,250.64091,27.45,1001.79016,62.87504,899.0,841.3431,157.0,19.75,0.0,0.0,,1.0
2020-01-16 16:00:00+08:00,3.443835,244.17906,27.15,1001.3852,63.792202,749.0,830.22797,124.0,19.7,0.0,0.0,,1.0
2020-01-16 17:00:00+08:00,3.354102,243.43501,26.3,1000.9654,68.1126,545.0,727.70544,120.0,19.95,0.0,0.0,,1.0
2020-01-16 18:00:00+08:00,3.3286633,237.26477,25.2,1001.0348,74.75406,337.0,669.11346,78.0,20.4,0.0,0.0,,1.0
2020-01-16 19:00:00+08:00,2.8017852,235.17543,23.9,1001.59436,84.099014,121.0,427.66794,46.0,21.05,0.0,0.0,,1.0
2020-01-16 20:00:00+08:00,2.7658632,229.39879,23.05,1002.1663,88.250916,5.0,18.112286,4.0,21.0,0.0,0.0,,0.0
2020-01-16 21:00:00+08:00,2.86007,216.46933,23.05,1002.66223,87.44084,0.0,0.0,0.0,20.85,0.0,0.0,,0.0
2020-01-16 22:00:00+08:00,3.1953092,200.13638,23.1,1002.961,86.11003,0.0,0.0,0.0,20.65,0.0,0.0,,0.0
2020-01-16 23:00:00+08:00,3.352611,197.35411,22.9,1002.757,89.32982,0.0,0.0,0.0,21.05,0.0,0.0,,0.0
2020-01-17 00:00:00+08:00,3.1400635,189.16228,22.35,1002.3451,93.21645,0.0,0.0,0.0,21.2,0.0,0.0,,0.0
2020-01-17 01:00:00+08:00,2.302173,177.5105,22.1,1001.9415,94.06688,0.0,0.0,0.0,21.1,0.0,0.0,,0.0
2020-01-17 02:00:00+08:00,2.0,180.0,21.9,1001.53906,94.6381,0.0,0.0,0.0,21.0,0.0,0.0,,0.0
2020-01-17 03:00:00+08:00,1.9104973,186.00891,21.7,1001.5334,94.921745,0.0,0.0,0.0,20.85,0.0,0.0,,0.0
2020-01-17 04:00:00+08:00,2.4515302,191.76826,21.65,1001.43304,94.047264,0.0,0.0,0.0,20.65,0.0,0.0,,0.0
2020-01-17 05:00:00+08:00,3.224903,187.12492,21.6,1001.72894,91.4684,0.0,0.0,0.0,20.15,0.0,0.0,,0.0
2020-01-17 06:00:00+08:00,3.4132097,174.95764,21.7,1002.12854,90.07103,3.0,19.10732,2.0,20.0,0.0,0.0,,1.0
2020-01-17 07:00:00+08:00,4.472136,169.6952,23.0,1002.8589,81.1851,109.0,388.93607,45.0,19.6,0.0,0.0,,1.0
2020-01-17 08:00:00+08:00,4.7518415,171.52895,24.6,1002.7047,72.37234,319.0,621.2858,85.0,19.3,0.0,0.0,,1.0
2020-01-17 09:00:00+08:00,4.341659,172.05663,26.95,1002.5702,59.147648,547.0,770.89136,104.0,18.3,0.0,0.0,,1.0
2020-01-17 10:00:00+08:00,5.5108986,191.5138,28.45,1002.70953,53.172478,755.0,865.6323,110.0,18.0,0.0,0.0,,1.0
2020-01-17 11:00:00+08:00,7.2780495,192.69958,27.25,1002.7768,60.716347,906.0,869.4652,144.0,19.0,0.0,0.0,,1.0
2020-01-17 12:00:00+08:00,7.256032,187.12492,28.2,1002.5045,54.462215,1003.0,876.45233,162.0,18.15,0.0,0.0,,1.0
2020-01-17 13:00:00+08:00,7.48131,188.45494,28.6,1002.1185,53.713543,1052.0,928.30914,134.0,18.3,0.0,0.0,,1.0
2020-01-17 14:00:00+08:00,8.075271,187.82898,27.95,1001.80365,55.959335,1024.0,938.2545,121.0,18.35,0.0,0.0,,1.0
2020-01-17 15:00:00+08:00,8.746428,185.90605,27.25,1001.98315,54.569103,923.0,915.0338,116.0,17.3,0.0,0.0,,1.0
2020-01-17 16:00:00+08:00,8.438008,185.44025,26.2,1001.6573,60.47633,765.0,872.63007,108.0,17.95,0.0,0.0,,1.0
2020-01-17 17:00:00+08:00,8.315046,183.44731,25.05,1001.5266,66.39459,563.0,799.53357,96.0,18.35,0.0,0.0,,1.0
2020-01-17 18:00:00+08:00,7.602631,178.4926,24.05,1001.89606,72.72797,337.0,666.6534,79.0,18.85,0.0,0.0,,1.0
2020-01-17 19:00:00+08:00,6.846897,173.29025,23.15,1002.5655,74.88329,121.0,428.4078,46.0,18.45,0.0,0.0,,1.0
2020-01-17 20:00:00+08:00,6.4381676,173.75818,22.15,1003.0337,82.09491,5.0,18.175467,4.0,18.95,0.0,0.0,,0.0
2020-01-17 21:00:00+08:00,5.7558665,172.01076,21.75,1003.71704,84.64913,0.0,0.0,0.0,19.05,0.0,0.0,,0.0
2020-01-17 22:00:00+08:00,6.067125,171.46931,21.5,1003.90845,85.95321,0.0,0.0,0.0,19.05,0.0,0.0,,0.0
2020-01-17 23:00:00+08:00,6.7896976,170.67648,21.65,1004.0117,81.265594,0.0,0.0,0.0,18.3,0.0,0.0,,0.0
2020-01-18 00:00:00+08:00,6.6490602,167.84508,21.75,1003.41956,79.51264,0.0,0.0,0.0,18.05,0.0,0.0,,0.0
2020-01-18 01:00:00+08:00,6.7911706,166.37299,21.5,1002.8174,81.24633,0.0,0.0,0.0,18.15,0.0,0.0,,0.0
2020-01-18 02:00:00+08:00,6.5734315,166.80939,21.15,1002.5098,83.79312,0.0,0.0,0.0,18.3,0.0,0.0,,0.0
2020-01-18 03:00:00+08:00,6.47611,166.60748,21.1,1002.4095,83.263214,0.0,0.0,0.0,18.15,0.0,0.0,,0.0
2020-01-18 04:00:00+08:00,6.5253353,164.89885,20.95,1002.7028,83.77054,0.0,0.0,0.0,18.1,0.0,0.0,,0.0
2020-01-18 05:00:00+08:00,6.0728908,162.75845,20.8,1002.996,84.54692,0.0,0.0,0.0,18.1,0.0,0.0,,0.0
2020-01-18 06:00:00+08:00,5.4781384,158.58696,20.8,1003.4919,84.0173,3.0,0.0,3.0,18.0,0.0,0.0,,1.0
2020-01-18 07:00:00+08:00,5.8523498,160.0168,22.25,1004.0284,75.207596,106.0,364.4981,47.0,17.65,0.0,0.0,,1.0
2020-01-18 08:00:00+08:00,6.140033,163.92636,24.05,1003.7807,65.771286,308.0,577.13214,92.0,17.25,0.0,0.0,,1.0
2020-01-18 09:00:00+08:00,5.7428217,172.99883,25.65,1003.626,58.656036,514.0,658.337,137.0,16.95,0.0,0.0,,1.0
2020-01-18 10:00:00+08:00,5.0487623,187.96953,26.9,1003.3624,55.17616,697.0,722.24084,160.0,17.15,0.0,0.0,,1.0
2020-01-18 11:00:00+08:00,6.360031,196.44046,27.35,1003.2755,59.42654,868.0,803.2378,165.0,18.75,0.0,0.0,,1.0
2020-01-18 12:00:00+08:00,7.692204,195.84314,26.65,1002.7607,65.491516,1008.0,920.9979,125.0,19.65,0.0,0.0,,1.0
2020-01-18 13:00:00+08:00,7.8447433,191.0234,27.1,1002.5742,59.928326,1053.0,939.88074,124.0,18.65,0.0,0.0,,1.0
2020-01-18 14:00:00+08:00,8.5,188.79733,27.3,1002.08356,58.49252,1016.0,923.9084,127.0,18.45,0.0,0.0,,1.0
2020-01-18 15:00:00+08:00,8.845903,185.8394,26.7,1001.8692,60.59086,916.0,895.7951,126.0,18.45,0.0,0.0,,1.0
2020-01-18 16:00:00+08:00,8.605231,181.99783,26.05,1001.4547,61.98098,761.0,853.9987,118.0,18.2,0.0,0.0,,1.0
2020-01-18 17:00:00+08:00,8.400595,180.68204,25.15,1001.33105,65.17716,560.0,784.1349,102.0,18.15,0.0,0.0,,1.0
2020-01-18 18:00:00+08:00,7.900633,179.2748,24.25,1001.6041,68.34769,339.0,669.5004,80.0,18.05,0.0,0.0,,1.0
2020-01-18 19:00:00+08:00,7.206247,177.6141,23.25,1002.07245,71.454834,123.0,435.096,47.0,17.8,0.0,0.0,,1.0
2020-01-18 20:00:00+08:00,5.93043,174.19337,22.55,1002.25165,73.38416,5.0,18.253304,4.0,17.55,0.0,0.0,,0.0
2020-01-18 21:00:00+08:00,5.9841456,170.38034,22.15,1002.637,75.428795,0.0,0.0,0.0,17.6,0.0,0.0,,0.0
2020-01-18 22:00:00+08:00,5.7218876,174.98697,22.2,1002.7378,76.393135,0.0,0.0,0.0,17.85,0.0,0.0,,0.0
2020-01-18 23:00:00+08:00,5.3600373,165.96373,22.25,1002.63983,77.610886,0.0,0.0,0.0,18.15,0.0,0.0,,0.0
2020-01-19 00:00:00+08:00,4.5694637,156.80139,22.1,1002.2391,77.34494,0.0,0.0,0.0,17.95,0.0,0.0,,0.0
2020-01-19 01:00:00+08:00,3.9446166,149.53453,22.0,1001.7403,74.9298,0.0,0.0,0.0,17.35,0.0,0.0,,0.0
2020-01-19 02:00:00+08:00,3.354102,153.43501,22.1,1001.54474,70.7929,0.0,0.0,0.0,16.55,0.0,0.0,,0.0
2020-01-19 03:00:00+08:00,3.3600597,143.47105,23.1,1001.4732,57.859154,0.0,0.0,0.0,14.35,0.0,0.0,,0.0
2020-01-19 04:00:00+08:00,3.7735925,122.00535,24.45,1001.7087,46.367287,0.0,0.0,0.0,12.2,0.0,0.0,,0.0
2020-01-19 05:00:00+08:00,5.0,106.26028,25.15,1001.827,46.863255,0.0,0.0,0.0,13.0,0.0,0.0,,0.0
2020-01-19 06:00:00+08:00,5.7558665,97.98924,25.15,1002.0254,48.416523,3.0,0.0,3.0,13.5,0.0,0.0,,1.0
2020-01-19 07:00:00+08:00,6.428064,95.355736,26.6,1002.5607,46.79881,99.0,295.32114,52.0,14.3,0.0,0.0,,1.0
2020-01-19 08:00:00+08:00,7.410803,93.093994,28.1,1002.4026,43.700268,277.0,481.35843,98.0,14.6,0.0,0.0,,1.0
2020-01-19 09:00:00+08:00,8.238932,84.4279,30.45,1002.2668,38.648224,542.0,767.5725,104.0,14.8,0.0,0.0,,1.0
2020-01-19 10:00:00+08:00,7.864477,78.26146,32.6,1001.92615,33.332024,747.0,847.8249,118.0,14.4,0.0,0.0,,1.0
2020-01-19 11:00:00+08:00,6.6219335,75.124275,34.7,1001.58344,29.445774,898.0,860.4177,146.0,14.3,0.0,0.0,,1.0
2020-01-19 12:00:00+08:00,5.021952,77.34745,36.6,1001.23486,26.260128,1004.0,876.9085,164.0,14.15,0.0,0.0,,1.0
2020-01-19 13:00:00+08:00,2.505993,118.61037,36.5,1000.3394,25.895813,974.0,807.75745,176.0,13.85,0.0,0.0,,1.0
2020-01-19 14:00:00+08:00,6.236986,192.03058,35.7,999.5253,29.33572,1005.0,874.24915,164.0,15.1,0.0,0.0,,1.0
2020-01-19 15:00:00+08:00,9.178781,187.51205,33.15,999.06323,37.446423,901.0,855.05774,147.0,16.7,0.0,0.0,,1.0
2020-01-19 16:00:00+08:00,9.900505,179.4213,30.95,999.10535,40.43464,769.0,863.3281,119.0,15.95,0.0,0.0,,1.0
2020-01-19 17:00:00+08:00,9.035485,174.92049,29.9,999.3755,43.91046,543.0,700.3364,134.0,16.3,0.0,0.0,,1.0
2020-01-19 18:00:00+08:00,9.025519,170.43338,27.65,999.7123,47.841873,330.0,597.48047,99.0,15.6,0.0,0.0,,1.0
2020-01-19 19:00:00+08:00,8.089499,171.46931,26.2,1000.3678,51.93136,119.0,390.37094,51.0,15.55,0.0,0.0,,1.0
2020-01-19 20:00:00+08:00,7.7278714,169.56258,24.2,1001.2059,58.8737,5.0,18.346794,4.0,15.65,0.0,0.0,,0.0
2020-01-19 21:00:00+08:00,8.276473,168.14702,23.65,1001.7859,60.077763,0.0,0.0,0.0,15.45,0.0,0.0,,0.0
2020-01-19 22:00:00+08:00,8.13941,169.3804,23.2,1002.0711,63.737953,0.0,0.0,0.0,15.95,0.0,0.0,,0.0
2020-01-19 23:00:00+08:00,7.864477,168.26146,22.55,1002.0532,69.32041,0.0,0.0,0.0,16.65,0.0,0.0,,0.0
2020-01-20 00:00:00+08:00,7.495332,166.8908,22.15,1001.54596,72.62204,0.0,0.0,0.0,17.0,0.0,0.0,,0.0
2020-01-20 01:00:00+08:00,7.0342026,165.17348,21.9,1001.3407,73.97128,0.0,0.0,0.0,17.05,0.0,0.0,,0.0
2020-01-20 02:00:00+08:00,7.180529,167.125,21.6,1000.8363,76.782776,0.0,0.0,0.0,17.35,0.0,0.0,,0.0
2020-01-20 03:00:00+08:00,7.300685,166.53477,21.35,1001.0278,79.70785,0.0,0.0,0.0,17.7,0.0,0.0,,0.0
2020-01-20 04:00:00+08:00,7.0830784,166.94475,21.05,1001.11847,81.95896,0.0,0.0,0.0,17.85,0.0,0.0,,0.0
2020-01-20 05:00:00+08:00,6.8154235,165.55592,20.85,1001.4107,82.9727,0.0,0.0,0.0,17.85,0.0,0.0,,0.0
2020-01-20 06:00:00+08:00,7.180529,167.125,20.8,1001.905,84.81281,2.0,0.0,2.0,18.15,0.0,0.0,,1.0
2020-01-20 07:00:00+08:00,7.324616,165.774,21.95,1002.3338,79.790215,106.0,402.80923,43.0,18.3,0.0,0.0,,1.0
2020-01-20 08:00:00+08:00,7.5186434,166.14856,23.3,1002.1732,72.82447,321.0,657.7491,78.0,18.15,0.0,0.0,,1.0
2020-01-20 09:00:00+08:00,6.6753273,171.38443,25.3,1002.02954,61.036625,536.0,759.7814,104.0,17.25,0.0,0.0,,1.0
2020-01-20 10:00:00+08:00,7.306162,182.35324,26.45,1001.96136,58.475315,747.0,856.4573,113.0,17.65,0.0,0.0,,1.0
2020-01-20 11:00:00+08:00,8.050466,186.41869,26.55,1001.96423,61.128624,912.0,908.6118,119.0,18.45,0.0,0.0,,1.0
2020-01-20 12:00:00+08:00,8.631338,190.00792,26.5,1001.86383,59.97763,1019.0,939.34174,120.0,18.1,0.0,0.0,,1.0
2020-01-20 13:00:00+08:00,8.944272,190.3048,26.6,1001.5688,57.596207,1058.0,947.9582,122.0,17.55,0.0,0.0,,1.0
2020-01-20 14:00:00+08:00,9.124144,189.46225,26.25,1001.3609,58.427937,1022.0,931.7034,126.0,17.45,0.0,0.0,,1.0
2020-01-20 15:00:00+08:00,8.980535,187.67888,25.95,1001.1543,59.66172,928.0,917.5717,119.0,17.5,0.0,0.0,,1.0
2020-01-20 16:00:00+08:00,8.868484,187.12492,25.2,1001.134,64.37387,773.0,882.02795,109.0,18.0,0.0,0.0,,1.0
2020-01-20 17:00:00+08:00,8.3600235,186.8699,24.4,1001.31067,67.736115,571.0,813.55676,96.0,18.05,0.0,0.0,,1.0
2020-01-20 18:00:00+08:00,9.004998,181.9091,22.9,1002.1619,75.549736,344.0,685.977,79.0,18.35,0.0,0.0,,1.0
2020-01-20 19:00:00+08:00,8.40238,181.36389,22.05,1002.6343,79.05683,123.0,437.72833,47.0,18.25,0.0,0.0,,1.0
2020-01-20 20:00:00+08:00,8.4,180.0,21.15,1003.1049,82.22949,5.0,18.456554,4.0,18.0,0.0,0.0,,0.0
2020-01-20 21:00:00+08:00,8.600582,179.33382,21.05,1003.59796,81.44458,0.0,0.0,0.0,17.75,0.0,0.0,,0.0
2020-01-20 22:00:00+08:00,8.70919,177.36761,20.75,1003.98645,83.2225,0.0,0.0,0.0,17.8,0.0,0.0,,0.0
2020-01-20 23:00:00+08:00,8.401191,171.09836,20.7,1004.1833,81.39989,0.0,0.0,0.0,17.4,0.0,0.0,,0.0
2020-01-21 00:00:00+08:00,8.0062475,170.6554,20.5,1003.97925,80.35063,0.0,0.0,0.0,17.0,0.0,0.0,,0.0
2020-01-21 01:00:00+08:00,8.104937,170.77019,20.4,1003.5797,80.847946,0.0,0.0,0.0,17.0,0.0,0.0,,0.0
2020-01-21 02:00:00+08:00,8.401191,171.09836,20.2,1003.5741,80.31029,0.0,0.0,0.0,16.7,0.0,0.0,,0.0
2020-01-21 03:00:00+08:00,7.9075913,170.53775,20.15,1003.2752,78.53564,0.0,0.0,0.0,16.3,0.0,0.0,,0.0
2020-01-21 04:00:00+08:00,7.808969,170.41713,19.9,1003.2684,79.76041,0.0,0.0,0.0,16.3,0.0,0.0,,0.0
2020-01-21 05:00:00+08:00,7.8262377,169.6952,20.0,1003.7667,77.024506,0.0,0.0,0.0,15.85,0.0,0.0,,0.0
2020-01-21 06:00:00+08:00,7.864477,168.26146,20.0,1004.5602,76.289185,1.0,0.0,1.0,15.7,0.0,0.0,,1.0
2020-01-21 07:00:00+08:00,8.472308,168.42484,20.25,1005.26166,73.68878,52.0,19.527624,49.0,15.4,0.0,0.0,,1.0
2020-01-21 08:00:00+08:00,8.060397,168.55069,21.35,1005.09424,67.55208,230.0,171.66301,167.0,15.1,0.0,0.0,,1.0
2020-01-21 09:00:00+08:00,8.558621,173.29025,22.35,1005.4198,62.135674,506.0,621.3346,154.0,14.75,0.0,0.0,,1.0
2020-01-21 10:00:00+08:00,8.814193,176.74812,23.15,1005.3427,58.24637,722.0,710.8025,197.0,14.5,0.0,0.0,,1.0
2020-01-21 11:00:00+08:00,8.500588,180.67403,24.15,1005.37036,56.09393,891.0,785.9954,206.0,14.85,0.0,0.0,,1.0
2020-01-21 12:00:00+08:00,9.1350975,185.02399,24.2,1005.2725,57.938175,984.0,795.8827,223.0,15.4,0.0,0.0,,1.0
2020-01-21 13:00:00+08:00,9.633276,184.76355,24.6,1004.8868,57.113186,1032.0,838.0469,205.0,15.55,0.0,0.0,,1.0
2020-01-21 14:00:00+08:00,9.75141,185.8859,24.65,1004.69,57.308514,971.0,760.3899,240.0,15.65,0.0,0.0,,1.0
2020-01-21 15:00:00+08:00,9.762172,186.46973,24.75,1004.3949,58.070293,915.0,850.83575,165.0,15.95,0.0,0.0,,1.0
2020-01-21 16:00:00+08:00,9.762172,186.46973,23.9,1004.1733,63.08349,733.0,744.02814,173.0,16.45,0.0,0.0,,1.0
2020-01-21 17:00:00+08:00,9.552486,186.00891,23.3,1004.0577,64.99076,492.0,517.44684,190.0,16.35,0.0,0.0,,1.0
2020-01-21 18:00:00+08:00,9.334346,184.91647,22.45,1004.3316,69.96462,291.0,443.10117,120.0,16.7,0.0,0.0,,1.0
2020-01-21 19:00:00+08:00,9.104944,181.88815,21.85,1004.8108,73.96279,84.0,132.97403,61.0,17.0,0.0,0.0,,1.0
2020-01-21 20:00:00+08:00,7.7025967,178.51216,21.4,1005.49243,73.18457,3.0,0.0,3.0,16.4,0.0,0.0,,0.0
2020-01-21 21:00:00+08:00,7.6,180.0,21.2,1005.6851,71.53369,0.0,0.0,0.0,15.85,0.0,0.0,,0.0
2020-01-21 22:00:00+08:00,7.602631,178.4926,21.1,1006.0791,71.05922,0.0,0.0,0.0,15.65,0.0,0.0,,0.0
2020-01-21 23:00:00+08:00,8.300603,179.30974,20.95,1005.8766,67.03695,0.0,0.0,0.0,14.6,0.0,0.0,,0.0
2020-01-22 00:00:00+08:00,8.502353,178.65215,20.65,1005.86804,70.29452,0.0,0.0,0.0,15.05,0.0,0.0,,0.0
2020-01-22 01:00:00+08:00,8.537564,174.62338,20.65,1005.5705,64.62946,0.0,0.0,0.0,13.75,0.0,0.0,,0.0
2020-01-22 02:00:00+08:00,8.023092,169.95071,20.3,1005.26294,62.685486,0.0,0.0,0.0,12.95,0.0,0.0,,0.0
2020-01-22 03:00:00+08:00,7.668768,167.95744,19.9,1005.0536,63.213478,0.0,0.0,0.0,12.7,0.0,0.0,,0.0
2020-01-22 04:00:00+08:00,7.34983,165.01833,19.5,1005.2405,64.3789,0.0,0.0,0.0,12.6,0.0,0.0,,0.0
2020-01-22 05:00:00+08:00,7.1470275,162.07199,19.15,1005.72626,65.36645,0.0,0.0,0.0,12.5,0.0,0.0,,0.0
2020-01-22 06:00:00+08:00,6.441273,152.24155,18.65,1006.3072,66.55942,2.0,0.0,2.0,12.3,0.0,0.0,,1.0
2020-01-22 07:00:00+08:00,6.6287255,146.07016,19.2,1007.01685,61.821484,100.0,371.26898,44.0,11.7,0.0,0.0,,1.0
2020-01-22 08:00:00+08:00,7.4732857,155.49261,20.45,1007.2509,54.621353,321.0,658.367,81.0,11.0,0.0,0.0,,1.0
2020-01-22 09:00:00+08:00,7.940403,163.16245,22.1,1007.6941,45.875225,555.0,813.1886,96.0,9.9,0.0,0.0,,1.0
2020-01-22 10:00:00+08:00,8.041144,169.24908,23.55,1007.6353,39.284626,756.0,880.6812,107.0,8.9,0.0,0.0,,1.0
2020-01-22 11:00:00+08:00,8.221922,175.81517,24.85,1007.3735,36.46062,926.0,935.38165,112.0,8.95,0.0,0.0,,1.0
2020-01-22 12:00:00+08:00,9.113727,183.1449,24.8,1006.77716,40.304935,1037.0,962.03784,118.0,10.4,0.0,0.0,,1.0
2020-01-22 13:00:00+08:00,9.426027,184.25876,24.5,1006.4714,47.614525,1072.0,963.2755,122.0,12.65,0.0,0.0,,1.0
2020-01-22 14:00:00+08:00,9.712878,182.95071,24.45,1006.07294,48.863544,1039.0,955.2787,121.0,13.0,0.0,0.0,,1.0
2020-01-22 15:00:00+08:00,10.4043255,181.65227,24.15,1005.9656,52.924026,939.0,932.77106,117.0,13.95,0.0,0.0,,1.0
2020-01-22 16:00:00+08:00,10.5019045,178.90881,23.7,1005.65576,55.084343,778.0,890.4299,108.0,14.15,0.0,0.0,,1.0
2020-01-22 17:00:00+08:00,10.607545,177.83897,22.9,1005.5342,59.325413,573.0,815.99005,97.0,14.55,0.0,0.0,,1.0
2020-01-22 18:00:00+08:00,10.737783,175.19214,21.65,1005.6978,65.89781,342.0,682.3348,79.0,15.0,0.0,0.0,,1.0
2020-01-22 19:00:00+08:00,10.18332,172.66571,20.9,1005.9742,68.7773,122.0,435.48813,47.0,14.95,0.0,0.0,,1.0
2020-01-22 20:00:00+08:00,9.178235,168.69011,20.15,1006.6473,71.57056,4.0,18.726805,3.0,14.85,0.0,0.0,,0.0
2020-01-22 21:00:00+08:00,8.786353,168.17854,20.2,1007.1445,73.20877,0.0,0.0,0.0,15.25,0.0,0.0,,0.0
2020-01-22 22:00:00+08:00,8.780091,165.4889,20.0,1007.4363,73.409325,0.0,0.0,0.0,15.1,0.0,0.0,,0.0
2020-01-22 23:00:00+08:00,8.000625,161.79143,19.95,1007.23663,72.4619,0.0,0.0,0.0,14.85,0.0,0.0,,0.0
2020-01-23 00:00:00+08:00,7.3389373,160.08351,19.5,1007.1248,76.209854,0.0,0.0,0.0,15.2,0.0,0.0,,0.0
2020-01-23 01:00:00+08:00,6.9354167,155.28258,19.1,1006.6173,77.13298,0.0,0.0,0.0,15.0,0.0,0.0,,0.0
2020-01-23 02:00:00+08:00,6.4140472,149.03632,18.75,1006.2108,77.07897,0.0,0.0,0.0,14.65,0.0,0.0,,0.0
2020-01-23 03:00:00+08:00,6.2128897,146.82147,18.45,1006.00397,76.53589,0.0,0.0,0.0,14.25,0.0,0.0,,0.0
2020-01-23 04:00:00+08:00,5.661272,144.34459,18.15,1005.9952,75.747505,0.0,0.0,0.0,13.8,0.0,0.0,,0.0
2020-01-23 05:00:00+08:00,5.0,143.13002,17.75,1006.3804,76.42506,0.0,0.0,0.0,13.55,0.0,0.0,,0.0
2020-01-23 06:00:00+08:00,4.545327,140.35587,17.7,1006.8747,75.92114,1.0,0.0,1.0,13.4,0.0,0.0,,1.0
2020-01-23 07:00:00+08:00,4.8414874,141.7098,19.2,1007.51276,68.43938,102.0,408.26425,41.0,13.25,0.0,0.0,,1.0
2020-01-23 08:00:00+08:00,6.0207973,138.36655,21.0,1007.66315,61.82881,318.0,665.62933,77.0,13.4,0.0,0.0,,1.0
2020-01-23 09:00:00+08:00,5.685068,140.71062,23.95,1007.448,50.35115,549.0,809.0981,94.0,13.0,0.0,0.0,,1.0
2020-01-23 10:00:00+08:00,5.3535037,147.20047,26.85,1007.13055,40.478153,759.0,886.7812,107.0,12.3,0.0,0.0,,1.0
2020-01-23 11:00:00+08:00,5.554278,166.46413,28.8,1006.6871,35.416477,924.0,931.01715,115.0,12.0,0.0,0.0,,1.0
2020-01-23 12:00:00+08:00,7.3552704,187.0283,28.3,1006.1775,43.055176,1032.0,955.64233,120.0,14.55,0.0,0.0,,1.0
2020-01-23 13:00:00+08:00,8.417244,189.57416,27.35,1005.557,52.559467,1073.0,964.90906,122.0,16.8,0.0,0.0,,1.0
2020-01-23 14:00:00+08:00,8.945389,185.77423,26.85,1005.0475,52.431694,1041.0,958.8151,120.0,16.3,0.0,0.0,,1.0
2020-01-23 15:00:00+08:00,9.008884,182.54475,26.6,1004.5446,54.753296,941.0,936.48834,116.0,16.75,0.0,0.0,,1.0
2020-01-23 16:00:00+08:00,9.204889,181.86765,26.05,1004.33136,59.685005,782.0,896.077,108.0,17.6,0.0,0.0,,1.0
2020-01-23 17:00:00+08:00,9.013878,176.82024,24.7,1004.29456,64.87734,578.0,825.0811,97.0,17.65,0.0,0.0,,1.0
2020-01-23 18:00:00+08:00,9.019978,176.186,23.65,1004.5631,71.75242,347.0,696.31366,79.0,18.25,0.0,0.0,,1.0
2020-01-23 19:00:00+08:00,8.434453,169.75597,22.0,1005.11255,78.801994,124.0,449.2746,47.0,18.15,0.0,0.0,,1.0
2020-01-23 20:00:00+08:00,7.300685,166.53477,20.95,1005.47986,82.984505,4.0,18.888582,3.0,17.95,0.0,0.0,,0.0
2020-01-23 21:00:00+08:00,6.992138,163.37917,20.7,1006.1669,83.742256,0.0,0.0,0.0,17.85,0.0,0.0,,0.0
2020-01-23 22:00:00+08:00,6.6730804,160.75038,20.4,1006.55505,85.03748,0.0,0.0,0.0,17.8,0.0,0.0,,0.0
2020-01-23 23:00:00+08:00,6.0926185,156.80138,20.05,1006.44604,86.89702,0.0,0.0,0.0,17.8,0.0,0.0,,0.0
2020-01-24 00:00:00+08:00,4.9193497,153.43501,19.7,1006.1388,87.414215,0.0,0.0,0.0,17.55,0.0,0.0,,0.0
2020-01-24 01:00:00+08:00,4.118252,150.9455,19.4,1005.535,86.01551,0.0,0.0,0.0,17.0,0.0,0.0,,0.0
2020-01-24 02:00:00+08:00,3.6891732,147.17146,19.25,1005.1341,82.78229,0.0,0.0,0.0,16.25,0.0,0.0,,0.0
2020-01-24 03:00:00+08:00,3.522783,145.40765,19.1,1004.6338,79.3946,0.0,0.0,0.0,15.45,0.0,0.0,,0.0
2020-01-24 04:00:00+08:00,3.1241,140.19447,19.1,1004.733,75.170425,0.0,0.0,0.0,14.6,0.0,0.0,,0.0
2020-01-24 05:00:00+08:00,2.6907248,138.01286,19.0,1004.92847,71.12655,0.0,0.0,0.0,13.65,0.0,0.0,,0.0
2020-01-24 06:00:00+08:00,2.7202942,143.97253,19.1,1005.5264,66.65357,1.0,0.0,1.0,12.75,0.0,0.0,,1.0
2020-01-24 07:00:00+08:00,3.6715121,150.64235,21.85,1006.4969,53.02339,104.0,425.3144,41.0,11.85,0.0,0.0,,1.0
2020-01-24 08:00:00+08:00,4.103657,133.02507,26.15,1006.21893,34.32452,327.0,695.2566,77.0,9.2,0.0,0.0,,1.0
2020-01-24 09:00:00+08:00,3.828838,139.23648,29.65,1006.41223,26.154568,566.0,840.6886,95.0,8.2,0.0,0.0,,1.0
2020-01-24 10:00:00+08:00,3.5468295,158.4985,32.0,1006.0773,22.180489,780.0,916.0993,108.0,7.75,0.0,0.0,,1.0
2020-01-24 11:00:00+08:00,5.2630787,194.30031,32.1,1005.6829,27.71618,948.0,958.93036,116.0,11.15,0.0,0.0,,1.0
2020-01-24 12:00:00+08:00,6.992138,196.62083,30.6,1005.3459,40.72741,1055.0,980.726,120.0,15.75,0.0,0.0,,1.0
2020-01-24 13:00:00+08:00,7.884795,195.44638,29.95,1005.0312,40.418217,1091.0,984.8531,121.0,15.05,0.0,0.0,,1.0
2020-01-24 14:00:00+08:00,7.7103825,189.70659,29.95,1004.7336,37.524555,1056.0,974.8975,120.0,13.9,0.0,0.0,,1.0
2020-01-24 15:00:00+08:00,7.8771825,188.02715,29.95,1004.1384,40.418217,958.0,956.16455,116.0,15.05,0.0,0.0,,1.0
2020-01-24 16:00:00+08:00,8.514693,183.3664,28.45,1003.89996,45.51619,797.0,916.43756,108.0,15.55,0.0,0.0,,1.0
2020-01-24 17:00:00+08:00,8.30542,177.93001,27.5,1003.87445,50.63091,587.0,842.8731,96.0,16.35,0.0,0.0,,1.0
2020-01-24 18:00:00+08:00,7.7414465,174.06857,25.6,1004.02155,55.91339,353.0,710.4836,80.0,16.15,0.0,0.0,,1.0
2020-01-24 19:00:00+08:00,6.576473,171.25392,24.25,1004.4806,61.379894,126.0,463.43356,47.0,16.35,0.0,0.0,,1.0
2020-01-24 20:00:00+08:00,5.772348,165.96373,23.45,1004.75616,60.806335,4.0,19.069185,3.0,15.45,0.0,0.0,,0.0
2020-01-24 21:00:00+08:00,5.8240876,164.05453,22.95,1005.23816,62.271023,0.0,0.0,0.0,15.35,0.0,0.0,,0.0
2020-01-24 22:00:00+08:00,6.9857,166.75948,22.2,1005.4158,69.25259,0.0,0.0,0.0,16.3,0.0,0.0,,0.0
2020-01-24 23:00:00+08:00,6.109828,158.89508,21.6,1005.3986,73.68598,0.0,0.0,0.0,16.7,0.0,0.0,,0.0
2020-01-25 00:00:00+08:00,4.1340055,147.84773,21.65,1005.1028,67.61288,0.0,0.0,0.0,15.4,0.0,0.0,,0.0
2020-01-25 01:00:00+08:00,3.3015149,144.86572,21.65,1004.6069,60.388515,0.0,0.0,0.0,13.65,0.0,0.0,,0.0
2020-01-25 02:00:00+08:00,3.640055,164.05453,21.55,1004.1081,58.048737,0.0,0.0,0.0,12.95,0.0,0.0,,0.0
2020-01-25 03:00:00+08:00,3.275668,148.73633,20.9,1003.79224,60.805897,0.0,0.0,0.0,13.05,0.0,0.0,,0.0
2020-01-25 04:00:00+08:00,3.2893767,160.46326,20.4,1003.778,61.489822,0.0,0.0,0.0,12.75,0.0,0.0,,0.0
2020-01-25 05:00:00+08:00,3.8013155,153.43501,19.9,1004.0618,67.91477,0.0,0.0,0.0,13.8,0.0,0.0,,0.0
2020-01-25 06:00:00+08:00,3.001666,150.01845,19.75,1004.55316,61.54177,1.0,0.0,1.0,12.15,0.0,0.0,,1.0
2020-01-25 07:00:00+08:00,3.1064448,146.82147,22.2,1005.2174,48.579506,97.0,347.3281,46.0,10.85,0.0,0.0,,1.0
2020-01-25 08:00:00+08:00,3.9293766,165.2564,24.45,1005.6762,42.549965,324.0,694.5077,76.0,10.9,0.0,0.0,,1.0
2020-01-25 09:00:00+08:00,4.2201896,166.29301,27.8,1005.3706,33.537125,557.0,827.73724,95.0,10.3,0.0,0.0,,1.0
2020-01-25 10:00:00+08:00,4.8010416,181.19347,30.45,1005.14374,30.344917,769.0,905.94037,106.0,11.1,0.0,0.0,,1.0
2020-01-25 11:00:00+08:00,6.280127,189.16228,29.85,1004.7308,44.177345,937.0,948.8528,115.0,16.35,0.0,0.0,,1.0
2020-01-25 12:00:00+08:00,7.1589108,192.09474,29.55,1004.3261,47.43812,1045.0,971.2356,120.0,17.2,0.0,0.0,,1.0
2020-01-25 13:00:00+08:00,7.4148498,190.09744,29.45,1003.82764,43.50896,1083.0,977.4258,121.0,15.75,0.0,0.0,,1.0
2020-01-25 14:00:00+08:00,7.3979726,189.33493,29.55,1003.23486,44.236763,1052.0,971.24115,120.0,16.1,0.0,0.0,,1.0
2020-01-25 15:00:00+08:00,8.485281,188.13002,28.6,1002.8129,49.95988,960.0,958.8761,116.0,17.15,0.0,0.0,,1.0
2020-01-25 16:00:00+08:00,8.30542,182.06999,27.9,1002.5956,49.776894,796.0,915.6051,108.0,16.45,0.0,0.0,,1.0
2020-01-25 17:00:00+08:00,7.8230433,175.60138,27.1,1002.2767,55.400326,586.0,841.9037,96.0,17.4,0.0,0.0,,1.0
2020-01-25 18:00:00+08:00,7.05762,172.67369,26.2,1002.55005,54.133717,351.0,711.8186,78.0,16.2,0.0,0.0,,1.0
2020-01-25 19:00:00+08:00,6.4938436,170.24765,24.25,1003.19116,66.02106,125.0,460.28696,47.0,17.5,0.0,0.0,,1.0
2020-01-25 20:00:00+08:00,6.6483083,164.2913,23.1,1003.6553,69.86689,4.0,19.10732,3.0,17.3,0.0,0.0,,0.0
2020-01-25 21:00:00+08:00,6.5802736,163.21727,22.15,1003.92633,76.14521,0.0,0.0,0.0,17.75,0.0,0.0,,0.0
2020-01-25 22:00:00+08:00,5.6044626,164.47583,21.75,1004.11383,77.53597,0.0,0.0,0.0,17.65,0.0,0.0,,0.0
2020-01-25 23:00:00+08:00,5.440588,162.89719,21.2,1003.8999,81.46363,0.0,0.0,0.0,17.9,0.0,0.0,,0.0
2020-01-26 00:00:00+08:00,4.9335585,162.29948,20.9,1004.08984,83.764885,0.0,0.0,0.0,18.05,0.0,0.0,,0.0
2020-01-26 01:00:00+08:00,4.3324356,161.14674,20.55,1003.78253,85.32107,0.0,0.0,0.0,18.0,0.0,0.0,,0.0
2020-01-26 02:00:00+08:00,4.0853395,158.45895,20.25,1003.5757,86.915634,0.0,0.0,0.0,18.0,0.0,0.0,,0.0
2020-01-26 03:00:00+08:00,3.8483763,155.43285,19.95,1003.3688,86.34174,0.0,0.0,0.0,17.6,0.0,0.0,,0.0
2020-01-26 04:00:00+08:00,3.3615475,149.62096,19.65,1003.36035,84.68971,0.0,0.0,0.0,17.0,0.0,0.0,,0.0
2020-01-26 05:00:00+08:00,3.0528674,148.39255,19.3,1003.5486,82.52503,0.0,0.0,0.0,16.25,0.0,0.0,,0.0
2020-01-26 06:00:00+08:00,2.9681644,147.38077,19.15,1003.842,78.894226,1.0,0.0,1.0,15.4,0.0,0.0,,1.0
2020-01-26 07:00:00+08:00,3.6055512,146.3099,21.45,1004.1053,62.94366,96.0,391.63718,39.0,14.1,0.0,0.0,,1.0
2020-01-26 08:00:00+08:00,3.6249137,155.55606,23.6,1003.8675,55.417107,315.0,676.83466,75.0,14.15,0.0,0.0,,1.0
2020-01-26 09:00:00+08:00,3.4176016,159.44388,27.15,1003.86505,42.738514,546.0,807.50195,97.0,13.4,0.0,0.0,,1.0
2020-01-26 10:00:00+08:00,3.4,180.0,30.65,1003.3634,32.901764,759.0,893.006,107.0,12.5,0.0,0.0,,1.0
2020-01-26 11:00:00+08:00,5.249762,197.74477,30.15,1002.9533,46.705696,926.0,937.6058,115.0,17.5,0.0,0.0,,1.0
2020-01-26 12:00:00+08:00,6.5551505,201.47685,28.95,1002.52466,57.61674,1032.0,954.392,124.0,19.75,0.0,0.0,,1.0
2020-01-26 13:00:00+08:00,6.484597,197.03786,28.6,1002.2177,53.713543,1067.0,944.6016,138.0,18.3,0.0,0.0,,1.0
2020-01-26 14:00:00+08:00,6.2641835,196.69933,29.3,1001.8394,47.82383,1031.0,924.8756,144.0,17.1,0.0,0.0,,1.0
2020-01-26 15:00:00+08:00,7.0611615,192.26476,29.3,1001.54175,47.67267,933.0,891.17596,149.0,17.05,0.0,0.0,,1.0
2020-01-26 16:00:00+08:00,7.368175,187.8001,28.8,1001.231,48.147545,782.0,886.8883,116.0,16.75,0.0,0.0,,1.0
2020-01-26 17:00:00+08:00,6.9007244,180.83029,27.95,1000.81165,54.229115,577.0,822.122,99.0,17.85,0.0,0.0,,1.0
2020-01-26 18:00:00+08:00,6.846897,173.29025,26.6,1000.8744,57.053493,342.0,676.7337,83.0,17.4,0.0,0.0,,1.0
2020-01-26 19:00:00+08:00,5.59017,169.6952,25.6,1001.0458,61.88014,122.0,451.40067,46.0,17.75,0.0,0.0,,1.0
2020-01-26 20:00:00+08:00,5.0695167,165.14134,24.25,1001.8025,66.02106,4.0,19.10732,3.0,17.5,0.0,0.0,,0.0
2020-01-26 21:00:00+08:00,4.5891175,168.69011,23.7,1002.085,69.105156,0.0,0.0,0.0,17.7,0.0,0.0,,0.0
2020-01-26 22:00:00+08:00,4.0804415,162.89719,23.15,1002.1688,70.76425,0.0,0.0,0.0,17.55,0.0,0.0,,0.0
2020-01-26 23:00:00+08:00,2.9832869,166.42955,22.8,1002.0601,72.5078,0.0,0.0,0.0,17.6,0.0,0.0,,0.0
2020-01-27 00:00:00+08:00,2.34094,160.0168,22.15,1001.8435,75.428795,0.0,0.0,0.0,17.6,0.0,0.0,,0.0
2020-01-27 01:00:00+08:00,2.418677,150.2552,22.2,1001.34924,71.94385,0.0,0.0,0.0,16.9,0.0,0.0,,0.0
2020-01-27 02:00:00+08:00,2.3600848,143.61555,22.1,1000.75134,67.05742,0.0,0.0,0.0,15.7,0.0,0.0,,0.0
2020-01-27 03:00:00+08:00,2.3430748,140.19447,22.2,1000.3574,58.585716,0.0,0.0,0.0,13.7,0.0,0.0,,0.0
2020-01-27 04:00:00+08:00,2.5612497,128.65984,22.75,1000.17413,47.769142,0.0,0.0,0.0,11.1,0.0,0.0,,0.0
2020-01-27 05:00:00+08:00,2.5553863,120.57915,23.05,1000.2818,36.56865,0.0,0.0,0.0,7.4,0.0,0.0,,0.0
2020-01-27 06:00:00+08:00,2.84605,108.43504,23.45,1000.59033,26.382093,1.0,0.0,1.0,3.05,0.0,0.0,,1.0
2020-01-27 07:00:00+08:00,3.7121422,94.635376,29.1,1001.1397,19.301052,95.0,395.147,38.0,3.35,0.0,0.0,,1.0
2020-01-27 08:00:00+08:00,2.8653097,119.24873,31.9,1001.21356,19.110764,315.0,681.6328,75.0,5.5,0.0,0.0,,1.0
2020-01-27 09:00:00+08:00,2.4166093,114.44395,35.65,1001.2107,15.071818,550.0,825.0258,93.0,5.1,0.0,0.0,,1.0
2020-01-27 10:00:00+08:00,0.44721362,153.43501,38.2,1001.1759,12.442634,763.0,901.98517,106.0,4.35,0.0,0.0,,1.0
2020-01-27 11:00:00+08:00,3.2802439,217.56866,37.05,1000.84937,21.97389,930.0,944.86523,114.0,11.8,0.0,0.0,,1.0
2020-01-27 12:00:00+08:00,5.5470715,207.95087,35.15,1000.90015,30.43564,1036.0,964.8943,119.0,15.2,0.0,0.0,,1.0
2020-01-27 13:00:00+08:00,5.8180757,204.36244,34.5,1000.8838,28.085272,1073.0,969.76276,120.0,13.4,0.0,0.0,,1.0
2020-01-27 14:00:00+08:00,4.3416586,208.92633,34.3,1000.38245,26.777042,1039.0,959.87976,119.0,12.5,0.0,0.0,,1.0
2020-01-27 15:00:00+08:00,4.924429,203.9625,34.0,1000.0772,30.715075,942.0,941.745,114.0,14.35,0.0,0.0,,1.0
2020-01-27 16:00:00+08:00,5.3366656,192.99461,32.5,999.9392,34.619328,783.0,900.8556,107.0,14.9,0.0,0.0,,1.0
2020-01-27 17:00:00+08:00,4.3566046,189.24603,32.0,999.8271,34.48139,576.0,828.23425,95.0,14.4,0.0,0.0,,1.0
2020-01-27 18:00:00+08:00,4.414748,193.0919,30.65,999.9904,43.420376,344.0,696.6366,78.0,16.8,0.0,0.0,,1.0
2020-01-27 19:00:00+08:00,3.275668,192.33908,28.3,1000.1264,52.139675,120.0,448.6078,45.0,17.55,0.0,0.0,,1.0
2020-01-27 20:00:00+08:00,2.1095023,238.57048,26.0,1000.7592,62.55585,3.0,19.10732,2.0,18.3,0.0,0.0,,0.0
2020-01-27 21:00:00+08:00,1.3038404,184.39862,24.6,1001.1176,72.14744,0.0,0.0,0.0,19.25,0.0,0.0,,0.0
2020-01-27 22:00:00+08:00,1.3038404,175.60138,23.95,1001.1992,75.95341,0.0,0.0,0.0,19.45,0.0,0.0,,0.0
2020-01-27 23:00:00+08:00,1.8,180.0,23.45,1000.9871,79.25312,0.0,0.0,0.0,19.65,0.0,0.0,,0.0
2020-01-28 00:00:00+08:00,1.9313208,201.25058,22.65,1001.0639,84.22169,0.0,0.0,0.0,19.85,0.0,0.0,,0.0
2020-01-28 01:00:00+08:00,2.0248458,212.90524,21.1,1000.62427,92.578835,0.0,0.0,0.0,19.85,0.0,0.0,,0.0
2020-01-28 02:00:00+08:00,1.1661904,239.0363,22.7,1000.3711,83.966576,0.0,0.0,0.0,19.85,0.0,0.0,,0.0
2020-01-28 03:00:00+08:00,1.811077,276.3401,20.25,999.90607,93.98562,0.0,0.0,0.0,19.25,0.0,0.0,,0.0
2020-01-28 04:00:00+08:00,2.0396078,258.6901,20.5,1000.0121,93.70501,0.0,0.0,0.0,19.45,0.0,0.0,,0.0
2020-01-28 05:00:00+08:00,1.8384776,247.61981,20.6,1000.11414,92.26412,0.0,0.0,0.0,19.3,0.0,0.0,,0.0
2020-01-28 06:00:00+08:00,1.2369317,255.96373,22.1,1000.4538,88.171425,1.0,0.0,1.0,20.05,0.0,0.0,,1.0
2020-01-28 07:00:00+08:00,1.0,306.86996,22.9,1001.2692,82.954834,90.0,377.7299,36.0,19.85,0.0,0.0,,1.0
2020-01-28 08:00:00+08:00,1.555635,224.9999,24.1,1001.4017,78.1264,306.0,663.6125,74.0,20.05,0.0,0.0,,1.0
2020-01-28 09:00:00+08:00,2.1400933,232.59457,26.15,1001.7552,67.24338,538.0,806.44073,93.0,19.6,0.0,0.0,,1.0
2020-01-28 10:00:00+08:00,3.4713109,228.50363,26.95,1001.6774,63.55128,748.0,883.48895,106.0,19.45,0.0,0.0,,1.0
2020-01-28 11:00:00+08:00,4.110961,221.05472,27.45,1001.88934,59.635674,913.0,926.6469,114.0,18.9,0.0,0.0,,1.0
2020-01-28 12:00:00+08:00,4.4102154,212.9694,28.0,1001.8048,57.390163,1020.0,950.16156,118.0,18.8,0.0,0.0,,1.0
2020-01-28 13:00:00+08:00,4.606517,207.12122,28.55,1001.522,55.063698,1061.0,957.3165,121.0,18.65,0.0,0.0,,1.0
2020-01-28 14:00:00+08:00,5.0990195,205.55992,28.55,1001.12524,55.40908,1031.0,953.214,118.0,18.75,0.0,0.0,,1.0
2020-01-28 15:00:00+08:00,5.5946403,204.27443,27.7,1001.00305,57.858944,928.0,919.5993,120.0,18.65,0.0,0.0,,1.0
2020-01-28 16:00:00+08:00,5.8872743,200.89784,26.7,1000.57965,63.695145,753.0,844.24023,120.0,19.25,0.0,0.0,,1.0
2020-01-28 17:00:00+08:00,5.6302757,199.72237,25.6,1000.1531,68.82571,534.0,737.9207,106.0,19.45,0.0,0.0,,1.0
2020-01-28 18:00:00+08:00,5.9774575,197.52565,23.85,1000.30365,80.79326,308.0,582.88324,86.0,20.35,0.0,0.0,,1.0
2020-01-28 19:00:00+08:00,5.656854,188.13002,23.05,1000.7777,84.52606,106.0,379.7081,43.0,20.3,0.0,0.0,,1.0
2020-01-28 20:00:00+08:00,5.0039983,177.70944,22.15,1001.05005,90.6605,3.0,0.0,3.0,20.55,0.0,0.0,,0.0
2020-01-28 21:00:00+08:00,4.509989,176.186,21.95,1001.6396,90.08884,0.0,0.0,0.0,20.25,0.0,0.0,,0.0
2020-01-28 22:00:00+08:00,4.704253,182.4366,22.0,1001.93866,88.710526,0.0,0.0,0.0,20.05,0.0,0.0,,0.0
2020-01-28 23:00:00+08:00,5.10392,182.2457,21.75,1001.73346,88.96573,0.0,0.0,0.0,19.85,0.0,0.0,,0.0
2020-01-29 00:00:00+08:00,5.10392,177.7543,21.55,1001.6286,88.949936,0.0,0.0,0.0,19.65,0.0,0.0,,0.0
2020-01-29 01:00:00+08:00,5.632051,173.8846,21.55,1001.2319,86.22644,0.0,0.0,0.0,19.15,0.0,0.0,,0.0
2020-01-29 02:00:00+08:00,5.8694124,171.1797,21.35,1000.92865,85.40331,0.0,0.0,0.0,18.8,0.0,0.0,,0.0
2020-01-29 03:00:00+08:00,5.770615,171.02745,21.25,1000.62823,83.280624,0.0,0.0,0.0,18.3,0.0,0.0,,0.0
2020-01-29 04:00:00+08:00,5.3600373,171.41646,21.2,1000.72614,83.01395,0.0,0.0,0.0,18.2,0.0,0.0,,0.0
2020-01-29 05:00:00+08:00,5.234501,173.41815,20.65,1000.9091,85.59974,0.0,0.0,0.0,18.15,0.0,0.0,,0.0
2020-01-29 06:00:00+08:00,5.3600373,171.41646,20.9,1001.412,83.50209,0.0,0.0,0.0,18.0,0.0,0.0,,1.0
2020-01-29 07:00:00+08:00,5.554278,166.46413,21.4,1002.31866,79.21405,61.0,155.28793,39.0,17.65,0.0,0.0,,1.0
2020-01-29 08:00:00+08:00,5.2086463,176.6982,22.4,1002.8423,71.07373,212.0,169.97227,153.0,16.9,0.0,0.0,,1.0
2020-01-29 09:00:00+08:00,5.001,181.14574,23.65,1002.97614,64.24359,468.0,576.68146,151.0,16.5,0.0,0.0,,1.0
2020-01-29 10:00:00+08:00,5.4120235,196.09088,24.55,1002.70337,61.44809,710.0,773.8664,149.0,16.65,0.0,0.0,,1.0
2020-01-29 11:00:00+08:00,5.502726,199.09358,25.0,1002.51733,60.390976,908.0,915.35315,120.0,16.8,0.0,0.0,,1.0
2020-01-29 12:00:00+08:00,5.3310413,203.19861,25.4,1002.0324,58.411003,1019.0,943.8549,124.0,16.65,0.0,0.0,,1.0
2020-01-29 13:00:00+08:00,5.235456,208.52303,25.5,1001.4397,57.514027,1064.0,960.172,122.0,16.5,0.0,0.0,,1.0
2020-01-29 14:00:00+08:00,5.5758405,212.54999,25.15,1001.1326,58.91084,1024.0,941.36127,123.0,16.55,0.0,0.0,,1.0
2020-01-29 15:00:00+08:00,5.7688823,213.6901,24.75,1000.7249,62.080902,909.0,837.1206,174.0,17.0,0.0,0.0,,1.0
2020-01-29 16:00:00+08:00,6.129437,213.6901,23.7,1000.2005,68.670944,528.0,388.46274,237.0,17.6,0.0,0.0,,1.0
2020-01-29 17:00:00+08:00,6.519202,212.47118,23.5,999.8972,69.06639,554.0,764.8668,111.0,17.5,0.0,0.0,,1.0
2020-01-29 18:00:00+08:00,6.603787,212.00534,22.9,1000.2774,70.94153,313.0,558.1695,101.0,17.35,0.0,0.0,,1.0
2020-01-29 19:00:00+08:00,6.1294374,208.23735,21.9,1000.74567,75.865906,92.0,267.3741,48.0,17.45,0.0,0.0,,1.0
2020-01-29 20:00:00+08:00,5.8137765,206.56499,21.4,1000.9302,75.78595,2.0,0.0,2.0,16.95,0.0,0.0,,0.0
2020-01-29 21:00:00+08:00,5.9093146,203.9625,21.25,1001.2233,74.33189,0.0,0.0,0.0,16.5,0.0,0.0,,0.0
2020-01-29 22:00:00+08:00,6.041523,204.44394,21.3,1001.4232,73.40047,0.0,0.0,0.0,16.35,0.0,0.0,,0.0
2020-01-29 23:00:00+08:00,6.0926185,203.19862,21.25,1001.12415,71.31466,0.0,0.0,0.0,15.85,0.0,0.0,,0.0
2020-01-30 00:00:00+08:00,5.8872743,200.89784,21.15,1000.8237,69.715775,0.0,0.0,0.0,15.4,0.0,0.0,,0.0
2020-01-30 01:00:00+08:00,5.6320515,196.50444,21.3,1000.3322,69.52157,0.0,0.0,0.0,15.5,0.0,0.0,,0.0
2020-01-30 02:00:00+08:00,6.140033,196.07364,21.3,999.7372,76.73634,0.0,0.0,0.0,17.05,0.0,0.0,,0.0
2020-01-30 03:00:00+08:00,6.5924196,189.60513,20.5,999.6154,87.211945,0.0,0.0,0.0,18.3,0.0,0.1,,0.0
2020-01-30 04:00:00+08:00,6.7742157,188.48886,20.75,999.8209,84.011734,0.0,0.0,0.0,17.95,0.0,0.1,,0.0
2020-01-30 05:00:00+08:00,7.3164196,190.23474,20.4,1000.30676,85.03748,0.0,0.0,0.0,17.8,0.0,0.1,,0.0
2020-01-30 06:00:00+08:00,7.218033,190.3758,20.35,1000.9999,76.833046,0.0,0.0,0.0,16.15,0.0,0.0,,1.0
2020-01-30 07:00:00+08:00,7.1589108,192.09474,20.8,1002.1034,71.23152,69.0,213.69006,39.0,15.4,0.0,0.0,,1.0
2020-01-30 08:00:00+08:00,6.5253353,195.10115,21.25,1002.21515,64.55017,220.0,359.79712,96.0,14.3,0.0,0.0,,1.0
2020-01-30 09:00:00+08:00,6.5924196,202.28563,22.2,1002.5394,58.01707,376.0,374.3661,171.0,13.55,0.0,0.0,,1.0
2020-01-30 10:00:00+08:00,6.9778223,205.4633,22.2,1002.6387,58.206078,458.0,356.74893,200.0,13.6,0.0,0.0,,1.0
2020-01-30 11:00:00+08:00,8.077747,201.80147,22.7,1002.7516,51.693886,707.0,523.57196,257.0,12.25,0.0,0.0,,1.0
2020-01-30 12:00:00+08:00,7.093659,201.5015,22.7,1002.6524,43.206097,616.0,306.18365,326.0,9.55,0.0,0.0,,1.0
2020-01-30 13:00:00+08:00,7.7820306,205.90645,23.8,1002.385,39.35543,956.0,701.89594,268.0,9.15,0.0,0.0,,1.0
2020-01-30 14:00:00+08:00,8.39345,201.67471,22.95,1002.3618,50.085995,969.0,738.19244,263.0,12.0,0.0,0.0,,1.0
2020-01-30 15:00:00+08:00,8.159657,199.32327,22.25,1001.94556,51.57583,687.0,436.55838,304.0,11.8,0.0,0.0,,1.0
2020-01-30 16:00:00+08:00,8.393451,195.1953,21.45,1001.82404,55.60283,507.0,372.81683,228.0,12.2,0.0,0.0,,1.0
2020-01-30 17:00:00+08:00,8.060397,191.44931,21.45,1002.02246,51.194885,449.0,499.75385,160.0,10.95,0.0,0.0,,1.0
2020-01-30 18:00:00+08:00,7.8447433,191.0234,20.75,1002.4988,53.089237,286.0,467.41702,109.0,10.85,0.0,0.0,,1.0
2020-01-30 19:00:00+08:00,7.368175,187.8001,20.2,1002.78064,50.692585,95.0,300.38446,46.0,9.65,0.0,0.0,,1.0
2020-01-30 20:00:00+08:00,6.2201285,184.61057,19.85,1003.3659,50.259605,2.0,0.0,2.0,9.2,0.0,0.0,,0.0
2020-01-30 21:00:00+08:00,6.1,180.0,19.75,1003.6606,50.9137,0.0,0.0,0.0,9.3,0.0,0.0,,0.0
2020-01-30 22:00:00+08:00,5.821512,175.07298,19.65,1003.4595,48.702625,0.0,0.0,0.0,8.55,0.0,0.0,,0.0
2020-01-30 23:00:00+08:00,5.4589376,171.57312,19.3,1002.7552,50.965103,0.0,0.0,0.0,8.9,0.0,0.0,,0.0
2020-01-31 00:00:00+08:00,5.6035705,177.95464,19.0,1003.0442,52.809418,0.0,0.0,0.0,9.15,0.0,0.0,,0.0
2020-01-31 01:00:00+08:00,4.9819674,169.59235,18.95,1002.3487,51.738556,0.0,0.0,0.0,8.8,0.0,0.0,,0.0
2020-01-31 02:00:00+08:00,5.0487623,172.03047,18.65,1001.94354,54.158783,0.0,0.0,0.0,9.2,0.0,0.0,,0.0
2020-01-31 03:00:00+08:00,4.8052053,167.98854,18.75,1001.8472,54.733833,0.0,0.0,0.0,9.45,0.0,0.0,,0.0
2020-01-31 04:00:00+08:00,3.9812057,154.72232,18.6,1002.3386,58.485836,0.0,0.0,0.0,10.3,0.0,0.0,,0.0
2020-01-31 05:00:00+08:00,3.3286633,122.73522,17.75,1002.9094,62.104477,0.0,0.0,0.0,10.4,0.0,0.0,,0.0
2020-01-31 06:00:00+08:00,3.471311,101.63361,17.15,1003.5863,61.55206,0.0,0.0,0.0,9.7,0.0,0.0,,1.0
2020-01-31 07:00:00+08:00,4.167733,120.256355,18.1,1004.20874,57.009056,74.0,265.96655,37.0,9.45,0.0,0.0,,1.0
2020-01-31 08:00:00+08:00,5.658622,133.56796,19.5,1004.5463,50.165493,273.0,537.73706,89.0,8.85,0.0,0.0,,1.0
2020-01-31 09:00:00+08:00,5.360038,143.3438,21.5,1004.801,39.235302,517.0,740.61,113.0,7.05,0.0,0.0,,1.0
2020-01-31 10:00:00+08:00,4.609772,155.65892,22.95,1004.9406,34.234356,714.0,785.9003,147.0,6.35,0.0,0.0,,1.0
2020-01-31 11:00:00+08:00,5.1088157,176.6336,24.45,1004.3867,31.063448,906.0,896.18396,137.0,6.25,0.0,0.0,,1.0
2020-01-31 12:00:00+08:00,6.6730804,199.24962,24.65,1003.99567,35.793587,1038.0,962.9738,127.0,8.5,0.0,0.0,,1.0
2020-01-31 13:00:00+08:00,8.508819,203.55228,23.45,1003.86346,45.637486,1079.0,973.14764,126.0,11.05,0.0,0.0,,1.0
2020-01-31 14:00:00+08:00,8.411897,198.00426,23.65,1003.5712,43.326813,1046.0,969.0163,120.0,10.45,0.0,0.0,,1.0
2020-01-31 15:00:00+08:00,8.829496,193.0919,23.75,1003.4749,42.637993,946.0,946.87897,116.0,10.3,0.0,0.0,,1.0
2020-01-31 16:00:00+08:00,9.669023,190.7288,23.05,1003.6541,45.22515,787.0,908.3165,108.0,10.55,0.0,0.0,,1.0
2020-01-31 17:00:00+08:00,9.625487,184.17035,22.6,1003.9391,45.554848,579.0,836.6465,96.0,10.25,0.0,0.0,,1.0
2020-01-31 18:00:00+08:00,9.702062,178.81883,21.45,1004.50195,51.02516,344.0,704.71576,78.0,10.9,0.0,0.0,,1.0
2020-01-31 19:00:00+08:00,9.226592,175.649,20.35,1004.967,58.5229,117.0,451.73383,44.0,11.95,0.0,0.0,,1.0
2020-01-31 20:00:00+08:00,8.515867,170.53775,19.7,1005.54376,63.37619,3.0,0.0,3.0,12.55,0.0,0.0,,0.0
2020-01-31 21:00:00+08:00,8.590692,167.90526,19.35,1005.6328,65.83899,0.0,0.0,0.0,12.8,0.0,0.0,,0.0
2020-01-31 22:00:00+08:00,8.516455,164.33177,19.25,1005.9275,66.25006,0.0,0.0,0.0,12.8,0.0,0.0,,0.0
2020-01-31 23:00:00+08:00,8.005623,159.52763,18.95,1005.9189,66.84087,0.0,0.0,0.0,12.65,0.0,0.0,,0.0
2020-02-01 00:00:00+08:00,7.5239615,156.50142,18.4,1005.8041,65.6364,0.0,0.0,0.0,11.85,0.0,0.0,,0.0
2020-02-01 01:00:00+08:00,7.023532,151.97559,17.95,1005.89026,62.77394,0.0,0.0,0.0,10.75,0.0,0.0,,0.0
2020-02-01 02:00:00+08:00,6.5,149.48984,17.35,1006.0712,63.057095,0.0,0.0,0.0,10.25,0.0,0.0,,0.0
2020-02-01 03:00:00+08:00,6.074537,147.09476,16.9,1006.0583,62.7444,0.0,0.0,0.0,9.75,0.0,0.0,,0.0
2020-02-01 04:00:00+08:00,5.5605755,142.3057,16.55,1006.4448,62.244442,0.0,0.0,0.0,9.3,0.0,0.0,,0.0
2020-02-01 05:00:00+08:00,4.883646,137.4896,16.25,1006.9319,62.175167,0.0,0.0,0.0,9.0,0.0,0.0,,0.0
2020-02-01 06:00:00+08:00,4.6690474,136.73567,16.25,1007.626,61.549072,0.0,0.0,0.0,8.85,0.0,0.0,,1.0
2020-02-01 07:00:00+08:00,4.8795495,135.83023,17.95,1008.17114,53.79488,84.0,362.71384,34.0,8.45,0.0,0.0,,1.0
2020-02-01 08:00:00+08:00,5.9548297,130.91429,20.8,1007.8558,39.712368,304.0,674.06885,75.0,6.6,0.0,0.0,,1.0
2020-02-01 09:00:00+08:00,5.9816384,128.21107,24.25,1007.5554,27.454895,542.0,817.0592,98.0,4.3,0.0,0.0,,1.0
2020-02-01 10:00:00+08:00,5.456189,138.7154,27.25,1007.2406,21.345387,761.0,908.66547,107.0,3.25,0.0,0.0,,1.0
2020-02-01 11:00:00+08:00,5.635601,152.52565,29.45,1006.6053,18.4527,937.0,964.1911,111.0,3.0,0.0,0.0,,1.0
2020-02-01 12:00:00+08:00,6.328507,174.55975,30.4,1005.7377,19.079214,1038.0,957.7822,133.0,4.25,0.0,0.0,,1.0
2020-02-01 13:00:00+08:00,8.881442,187.76508,28.5,1005.3893,32.304855,1070.0,934.2198,156.0,10.35,0.0,0.0,,1.0
2020-02-01 14:00:00+08:00,11.002727,187.83543,26.95,1004.7525,39.19552,1047.0,961.47943,129.0,11.9,0.0,0.0,,1.0
2020-02-01 15:00:00+08:00,11.0,180.0,26.4,1004.3409,37.51769,946.0,948.8997,115.0,10.75,0.0,0.0,,1.0
2020-02-01 16:00:00+08:00,10.339246,175.00635,26.35,1003.94275,41.68831,775.0,870.5604,125.0,12.3,0.0,0.0,,1.0
2020-02-01 17:00:00+08:00,9.918165,176.53185,25.3,1003.9141,52.707565,549.0,713.2362,138.0,14.95,0.0,0.0,,1.0
2020-02-01 18:00:00+08:00,9.732934,175.28532,23.4,1004.3577,61.97446,305.0,518.40594,110.0,15.7,0.0,0.0,,1.0
2020-02-01 19:00:00+08:00,9.0609045,169.18617,21.9,1004.6138,68.09775,89.0,225.01515,53.0,15.75,0.0,0.0,,1.0
2020-02-01 20:00:00+08:00,8.683317,165.32356,22.2,1004.8206,65.1722,2.0,0.0,2.0,15.35,0.0,0.0,,0.0
2020-02-01 21:00:00+08:00,7.984986,157.93205,22.15,1004.9182,60.8981,0.0,0.0,0.0,14.25,0.0,0.0,,0.0
2020-02-01 22:00:00+08:00,7.692204,153.76813,21.3,1004.79535,61.897305,0.0,0.0,0.0,13.7,0.0,0.0,,0.0
2020-02-01 23:00:00+08:00,6.574192,153.82477,22.05,1004.41956,54.668083,0.0,0.0,0.0,12.5,0.0,0.0,,0.0
2020-02-02 00:00:00+08:00,6.1294374,151.76265,23.35,1004.35657,38.963554,0.0,0.0,0.0,8.6,0.0,0.0,,0.0
2020-02-02 01:00:00+08:00,6.3820057,144.5666,24.5,1003.99164,26.85802,0.0,0.0,0.0,4.2,0.0,0.0,,0.0
2020-02-02 02:00:00+08:00,6.293648,135.64366,24.85,1003.7035,22.593473,0.0,0.0,0.0,2.05,0.0,0.0,,0.0
2020-02-02 03:00:00+08:00,6.2482,129.80553,25.0,1003.5092,22.632858,0.0,0.0,0.0,2.2,0.0,0.0,,0.0
2020-02-02 04:00:00+08:00,6.185467,124.46088,25.05,1003.4112,22.726732,0.0,0.0,0.0,2.3,0.0,0.0,,0.0
2020-02-02 05:00:00+08:00,6.140033,120.32352,25.25,1003.5161,22.45763,0.0,0.0,0.0,2.3,0.0,0.0,,0.0
2020-02-02 06:00:00+08:00,6.1269894,116.14678,25.4,1003.7187,22.73789,0.0,0.0,0.0,2.6,0.0,0.0,,1.0
2020-02-02 07:00:00+08:00,6.8949256,109.48622,27.2,1003.96576,21.483774,76.0,314.79907,33.0,3.3,0.0,0.0,,1.0
2020-02-02 08:00:00+08:00,8.174351,97.73351,29.7,1003.4373,20.354206,286.0,625.55133,75.0,4.6,0.0,0.0,,1.0
2020-02-02 09:00:00+08:00,10.223991,86.07417,32.2,1003.00714,18.854216,473.0,687.18024,101.0,5.55,0.0,0.0,,1.0
2020-02-02 10:00:00+08:00,10.369668,83.35482,34.65,1002.67346,17.072468,669.0,756.25385,126.0,6.1,0.0,0.0,,1.0
2020-02-02 11:00:00+08:00,9.178235,78.6901,37.2,1002.53986,15.6760645,895.0,915.5051,112.0,6.9,0.0,0.0,,1.0
2020-02-02 12:00:00+08:00,7.4330344,79.14364,39.05,1001.99066,14.574524,1007.0,943.061,117.0,7.3,0.0,0.0,,1.0
2020-02-02 13:00:00+08:00,6.537584,83.85348,40.85,1001.0431,13.464604,1049.0,951.52075,119.0,7.55,0.0,0.0,,1.0
2020-02-02 14:00:00+08:00,5.2630787,104.300316,41.05,999.95654,13.597445,1021.0,946.63873,118.0,7.85,0.0,0.0,,1.0
2020-02-02 15:00:00+08:00,4.596738,135.88132,40.85,999.0585,13.930825,923.0,925.84357,113.0,8.05,0.0,0.0,,1.0
2020-02-02 16:00:00+08:00,6.2968245,169.93938,39.1,998.41986,16.815275,767.0,887.7766,105.0,9.45,0.0,0.0,,1.0
2020-02-02 17:00:00+08:00,7.8409185,174.14407,35.9,998.14124,25.73894,522.0,725.0808,105.0,13.25,0.0,0.0,,1.0
2020-02-02 18:00:00+08:00,8.438008,174.55975,33.45,997.9797,36.821533,256.0,432.27094,94.0,16.7,0.0,0.0,,1.0
2020-02-02 19:00:00+08:00,7.7491937,162.7341,32.6,998.05695,39.61536,100.0,347.45523,45.0,17.1,0.0,0.0,,1.0
2020-02-02 20:00:00+08:00,6.0415235,151.31395,31.3,999.01526,36.936268,2.0,0.0,2.0,14.85,0.0,0.0,,0.0
2020-02-02 21:00:00+08:00,6.780118,127.208,34.3,999.19183,19.962547,0.0,0.0,0.0,8.1,0.0,0.0,,0.0
2020-02-02 22:00:00+08:00,7.8549347,111.66602,34.85,999.30524,18.271883,0.0,0.0,0.0,7.25,0.0,0.0,,0.0
2020-02-02 23:00:00+08:00,7.9831076,102.29526,34.25,999.09143,19.02117,0.0,0.0,0.0,7.35,0.0,0.0,,0.0
2020-02-03 00:00:00+08:00,8.914033,93.21542,33.85,998.58496,19.717827,0.0,0.0,0.0,7.55,0.0,0.0,,0.0
2020-02-03 01:00:00+08:00,10.538026,80.71652,33.25,998.56964,19.90976,0.0,0.0,0.0,7.2,0.0,0.0,,0.0
2020-02-03 02:00:00+08:00,10.866922,75.068535,32.8,998.55804,20.073181,0.0,0.0,0.0,6.95,0.0,0.0,,0.0
2020-02-03 03:00:00+08:00,10.656923,71.39494,32.35,998.74493,20.308523,0.0,0.0,0.0,6.75,0.0,0.0,,0.0
2020-02-03 04:00:00+08:00,9.6208105,69.30447,32.25,998.94073,19.665155,0.0,0.0,0.0,6.2,0.0,0.0,,0.0
2020-02-03 05:00:00+08:00,9.304837,69.22767,31.9,999.1301,19.310469,0.0,0.0,0.0,5.65,0.0,0.0,,0.0
2020-02-03 06:00:00+08:00,9.32309,67.28555,31.75,999.5229,19.340918,0.0,0.0,0.0,5.55,0.0,0.0,,1.0
2020-02-03 07:00:00+08:00,8.720665,63.435013,32.65,1000.2409,19.359142,71.0,295.52237,31.0,6.3,0.0,0.0,,1.0
2020-02-03 08:00:00+08:00,7.889233,59.53454,36.0,1000.32654,19.507046,284.0,633.02325,72.0,9.15,0.0,0.0,,1.0
2020-02-03 09:00:00+08:00,7.528612,39.61066,39.25,1000.6066,23.113703,496.0,736.1512,99.0,14.4,0.0,0.0,,1.0
2020-02-03 10:00:00+08:00,7.05195,18.178116,41.55,1000.5642,20.578577,696.0,797.1545,125.0,14.5,0.0,0.0,,1.0
2020-02-03 11:00:00+08:00,5.2430906,304.90256,38.7,1000.89044,22.678835,686.0,603.1512,171.0,13.65,0.0,0.0,,1.0
2020-02-03 12:00:00+08:00,5.60803,273.0664,33.75,1000.8644,36.323505,810.0,638.6856,208.0,16.75,0.0,0.0,,1.0
2020-02-03 13:00:00+08:00,5.903389,280.73883,32.5,1000.63367,38.10814,744.0,548.9691,208.0,16.4,0.0,0.0,,1.0
2020-02-03 14:00:00+08:00,5.59017,280.30478,32.55,1000.53564,37.16262,771.0,539.36316,257.0,16.05,0.0,0.0,,1.0
2020-02-03 15:00:00+08:00,2.9546573,246.0375,31.25,1000.7005,43.997757,748.0,645.35156,184.0,17.55,0.0,0.0,,1.0
2020-02-03 16:00:00+08:00,1.118034,206.56499,31.65,1001.5045,38.85537,633.0,631.1714,163.0,15.95,0.0,0.0,,1.0
2020-02-03 17:00:00+08:00,3.6359317,301.5042,33.3,1001.3489,27.04203,498.0,634.26935,134.0,11.8,0.0,0.0,,1.0
2020-02-03 18:00:00+08:00,4.527693,300.52963,31.9,1001.1143,33.139248,315.0,626.8589,81.0,13.7,0.0,0.0,,1.0
2020-02-03 19:00:00+08:00,3.1384711,300.65057,29.75,1001.4546,44.150192,93.0,338.63626,40.0,16.25,0.0,0.0,,1.0
2020-02-03 20:00:00+08:00,2.1400933,307.40543,27.8,1001.8987,50.870186,2.0,0.0,2.0,16.7,0.0,0.0,,0.0
2020-02-03 21:00:00+08:00,0.7,90.0,27.85,1002.396,48.511063,0.0,0.0,0.0,16.0,0.0,0.0,,0.0
2020-02-03 22:00:00+08:00,0.14142136,224.9999,28.15,1002.305,45.87443,0.0,0.0,0.0,15.4,0.0,0.0,,0.0
2020-02-03 23:00:00+08:00,0.53851646,158.19853,27.2,1001.4859,50.23108,0.0,0.0,0.0,15.95,0.0,0.0,,0.0
2020-02-04 00:00:00+08:00,1.811077,96.340096,25.95,1001.25354,53.043533,0.0,0.0,0.0,15.65,0.0,0.0,,0.0
2020-02-04 01:00:00+08:00,1.7720045,16.389616,27.35,1000.69635,49.474228,0.0,0.0,0.0,15.85,0.0,0.0,,0.0
2020-02-04 02:00:00+08:00,1.4422206,326.3099,25.1,1000.33795,60.990944,0.0,0.0,0.0,17.05,0.0,0.0,,0.0
2020-02-04 03:00:00+08:00,1.17047,289.9832,25.15,1000.04156,62.96012,0.0,0.0,0.0,17.6,0.0,0.0,,0.0
2020-02-04 04:00:00+08:00,1.2041595,221.63345,23.5,1000.7899,78.03889,0.0,0.0,0.0,19.45,0.0,0.0,,0.0
2020-02-04 05:00:00+08:00,1.3000001,157.3801,22.2,1001.34924,89.55235,0.0,0.0,0.0,20.4,0.0,0.0,,0.0
2020-02-04 06:00:00+08:00,0.92195445,12.528798,22.0,1001.44275,89.261024,0.0,0.0,0.0,20.15,0.0,0.0,,1.0
2020-02-04 07:00:00+08:00,0.8544004,339.44388,24.95,1001.82166,73.338264,72.0,313.15463,30.0,19.85,0.0,0.0,,1.0
2020-02-04 08:00:00+08:00,2.0024984,272.86234,26.45,1001.8622,67.93154,278.0,622.53186,71.0,20.05,0.0,0.0,,1.0
2020-02-04 09:00:00+08:00,2.8635643,257.90524,27.35,1002.08514,65.63691,506.0,774.31824,90.0,20.35,0.0,0.0,,1.0
2020-02-04 10:00:00+08:00,3.471311,258.3664,28.45,1002.1144,58.945454,711.0,849.44995,104.0,19.65,0.0,0.0,,1.0
2020-02-04 11:00:00+08:00,4.1231055,255.96373,29.0,1001.8316,55.17446,876.0,896.2729,112.0,19.1,0.0,0.0,,1.0
2020-02-04 12:00:00+08:00,4.3289723,263.36758,28.9,1001.6304,55.494873,994.0,933.7574,115.0,19.1,0.0,0.0,,1.0
2020-02-04 13:00:00+08:00,4.418144,264.80566,29.8,1001.4559,53.678368,1033.0,941.2248,115.0,19.4,0.0,0.0,,1.0
2020-02-04 14:00:00+08:00,4.1773195,258.9591,29.65,1001.3529,50.707848,1006.0,934.8824,116.0,18.35,0.0,0.0,,1.0
2020-02-04 15:00:00+08:00,3.8832974,258.11136,29.65,1001.1545,48.678024,906.0,909.577,112.0,17.7,0.0,0.0,,1.0
2020-02-04 16:00:00+08:00,2.7856774,248.96242,29.2,1001.0433,50.27416,749.0,867.49,104.0,17.8,0.0,0.0,,1.0
2020-02-04 17:00:00+08:00,1.8973665,251.56496,28.8,1001.33026,47.994965,550.0,798.1549,93.0,16.7,0.0,0.0,,1.0
2020-02-04 18:00:00+08:00,1.9924859,252.47433,28.4,1001.7164,48.194588,322.0,664.49927,75.0,16.4,0.0,0.0,,1.0
2020-02-04 19:00:00+08:00,1.8788295,244.7989,26.6,1001.86633,57.414806,105.0,407.46185,42.0,17.5,0.0,0.0,,1.0
2020-02-04 20:00:00+08:00,2.1023796,244.65387,24.6,1001.81195,74.65561,2.0,0.0,2.0,19.8,0.0,0.0,,0.0
2020-02-04 21:00:00+08:00,1.3000001,247.3801,23.75,1002.18555,84.3414,0.0,0.0,0.0,20.95,0.0,0.0,,0.0
2020-02-04 22:00:00+08:00,0.41231057,194.03627,23.5,1002.4761,86.67939,0.0,0.0,0.0,21.15,0.0,0.0,,0.0
2020-02-04 23:00:00+08:00,0.5830952,239.0363,23.1,1002.1675,90.72405,0.0,0.0,0.0,21.5,0.0,0.0,,0.0
2020-02-05 00:00:00+08:00,0.8544004,249.44386,22.3,1001.94684,97.59213,0.0,0.0,0.0,21.9,0.0,0.0,,0.0
2020-02-05 01:00:00+08:00,0.53851646,248.19853,22.45,1001.4553,98.191284,0.0,0.0,0.0,22.15,0.0,0.0,,0.0
2020-02-05 02:00:00+08:00,0.31622776,288.43503,22.25,1000.95374,99.39295,0.0,0.0,0.0,22.15,0.0,0.0,,0.0
2020-02-05 03:00:00+08:00,0.60827625,189.46225,22.1,1000.85046,99.08966,0.0,0.0,0.0,21.95,0.0,0.0,,0.0
2020-02-05 04:00:00+08:00,0.22360681,296.56497,21.75,1000.74164,99.39066,0.0,0.0,0.0,21.65,0.0,0.0,,0.0
2020-02-05 05:00:00+08:00,1.0,306.86996,21.3,1000.9273,99.69391,0.0,0.0,0.0,21.25,0.0,0.0,,0.0
2020-02-05 06:00:00+08:00,0.86023253,324.46225,21.0,1001.3156,99.387215,0.0,0.0,0.0,20.9,0.0,0.0,,1.0
2020-02-05 07:00:00+08:00,1.2165525,279.46225,21.8,1001.933,98.1825,44.0,195.65782,18.0,21.5,0.0,0.0,,1.0
2020-02-05 08:00:00+08:00,1.7029387,273.3664,24.1,1002.19525,83.60641,245.0,436.19946,101.0,21.15,0.0,0.0,,1.0
2020-02-05 09:00:00+08:00,1.7,241.92761,26.1,1002.64636,73.08372,480.0,667.04254,123.0,20.9,0.0,0.0,,1.0
2020-02-05 10:00:00+08:00,3.0232434,235.78424,27.0,1002.8693,69.30803,688.0,796.8006,120.0,20.9,0.0,0.0,,1.0
2020-02-05 11:00:00+08:00,3.3286633,237.26477,27.6,1002.9845,65.284904,828.0,806.1424,142.0,20.5,0.0,0.0,,1.0
2020-02-05 12:00:00+08:00,4.104875,235.92276,27.95,1002.498,61.06445,969.0,891.3752,131.0,19.75,0.0,0.0,,1.0
2020-02-05 13:00:00+08:00,4.5221677,234.90411,27.6,1002.1909,61.365646,899.0,728.784,189.0,19.5,0.0,0.0,,1.0
2020-02-05 14:00:00+08:00,4.318565,227.81563,27.35,1002.08514,61.884335,924.0,810.77386,153.0,19.4,0.0,0.0,,1.0
2020-02-05 15:00:00+08:00,4.103657,226.97493,27.45,1001.3933,61.3319,854.0,810.92255,147.0,19.35,0.0,0.0,,1.0
2020-02-05 16:00:00+08:00,3.6400552,217.18478,26.9,1001.1801,63.14636,695.0,754.4005,135.0,19.3,0.0,0.0,,1.0
2020-02-05 17:00:00+08:00,3.0413814,226.33215,26.35,1001.16534,63.61941,519.0,712.5956,112.0,18.9,0.0,0.0,,1.0
2020-02-05 18:00:00+08:00,3.1400635,217.23491,25.15,1001.33105,72.91968,315.0,637.80475,79.0,19.95,0.0,0.0,,1.0
2020-02-05 19:00:00+08:00,2.7294688,208.44283,23.75,1001.9871,81.784,101.0,391.0104,41.0,20.45,0.0,0.0,,1.0
2020-02-05 20:00:00+08:00,3.5608988,231.84273,23.1,1002.0683,87.176765,2.0,0.0,2.0,20.85,0.0,0.0,,0.0
2020-02-05 21:00:00+08:00,3.1144822,222.39738,22.95,1002.26263,87.43196,0.0,0.0,0.0,20.75,0.0,0.0,,0.0
2020-02-05 22:00:00+08:00,3.001666,209.98155,22.8,1002.35767,86.61381,0.0,0.0,0.0,20.45,0.0,0.0,,0.0
2020-02-05 23:00:00+08:00,2.6000001,202.6199,22.6,1002.05457,89.30696,0.0,0.0,0.0,20.75,0.0,0.0,,0.0
2020-02-06 00:00:00+08:00,2.1213202,171.86998,22.55,1002.25165,89.30317,0.0,0.0,0.0,20.7,0.0,0.0,,0.0
2020-02-06 01:00:00+08:00,2.3,180.0,22.35,1001.55164,90.39522,0.0,0.0,0.0,20.7,0.0,0.0,,0.0
2020-02-06 02:00:00+08:00,2.3194828,172.56868,22.1,1000.9497,92.06445,0.0,0.0,0.0,20.75,0.0,0.0,,0.0
2020-02-06 03:00:00+08:00,1.7262677,169.99208,22.35,1001.0557,89.84005,0.0,0.0,0.0,20.6,0.0,0.0,,0.0
2020-02-06 04:00:00+08:00,1.0,180.0,21.5,1001.03217,95.50054,0.0,0.0,0.0,20.75,0.0,0.0,,0.0
2020-02-06 05:00:00+08:00,1.4035668,175.91446,21.05,1001.0193,96.67158,0.0,0.0,0.0,20.5,0.0,0.0,,0.0
2020-02-06 06:00:00+08:00,1.7204651,215.53777,20.5,1001.49976,97.559494,0.0,0.0,0.0,20.1,0.0,0.0,,1.0
2020-02-06 07:00:00+08:00,1.9416488,214.50858,22.75,1002.5545,87.41419,65.0,273.45035,29.0,20.55,0.0,0.0,,1.0
2020-02-06 08:00:00+08:00,2.7202942,216.02747,23.7,1002.38257,79.53388,259.0,552.27673,78.0,19.95,0.0,0.0,,1.0
2020-02-06 09:00:00+08:00,3.405877,220.23628,24.75,1002.70874,73.30395,497.0,754.0167,95.0,19.65,0.0,0.0,,1.0
2020-02-06 10:00:00+08:00,3.8600519,216.57312,25.6,1002.9304,67.97459,683.0,772.03296,134.0,19.25,0.0,0.0,,1.0
2020-02-06 11:00:00+08:00,4.5221677,215.09589,26.2,1002.8476,63.985435,859.0,871.10925,119.0,18.85,0.0,0.0,,1.0
2020-02-06 12:00:00+08:00,4.4654226,214.04597,26.9,1002.2713,60.2583,979.0,909.62506,125.0,18.55,0.0,0.0,,1.0
2020-02-06 13:00:00+08:00,5.186521,213.9965,27.15,1001.782,58.457085,1023.0,913.5964,134.0,18.3,0.0,0.0,,1.0
2020-02-06 14:00:00+08:00,5.4708314,210.78407,26.9,1001.1801,58.397972,989.0,882.261,151.0,18.05,0.0,0.0,,1.0
2020-02-06 15:00:00+08:00,5.7454333,211.47679,26.5,1000.8719,60.926018,904.0,902.7395,118.0,18.35,0.0,0.0,,1.0
2020-02-06 16:00:00+08:00,5.1107726,210.57915,26.15,1000.66406,63.179634,740.0,829.94934,125.0,18.6,0.0,0.0,,1.0
2020-02-06 17:00:00+08:00,5.8694124,203.07043,24.75,1000.52655,70.39805,531.0,719.76025,121.0,19.0,0.0,0.0,,1.0
2020-02-06 18:00:00+08:00,4.8703184,199.17911,24.1,1000.90576,74.80554,313.0,619.1872,85.0,19.35,0.0,0.0,,1.0
2020-02-06 19:00:00+08:00,4.704253,182.4366,22.7,1001.46216,83.447556,100.0,373.72006,43.0,19.75,0.0,0.0,,1.0
2020-02-06 20:00:00+08:00,4.652956,188.65247,22.45,1001.25696,82.1317,1.0,0.0,1.0,19.25,0.0,0.0,,0.0
2020-02-06 21:00:00+08:00,4.1303754,186.95287,22.2,1001.5476,84.69723,0.0,0.0,0.0,19.5,0.0,0.0,,0.0
2020-02-06 22:00:00+08:00,4.0112343,175.71092,21.9,1001.6383,86.7979,0.0,0.0,0.0,19.6,0.0,0.0,,0.0
2020-02-06 23:00:00+08:00,3.9560082,159.27437,22.0,1001.54193,84.93977,0.0,0.0,0.0,19.35,0.0,0.0,,0.0
2020-02-07 00:00:00+08:00,3.6496572,170.53775,21.65,1001.33386,86.50499,0.0,0.0,0.0,19.3,0.0,0.0,,0.0
2020-02-07 01:00:00+08:00,3.736308,164.47583,21.4,1000.9302,88.66211,0.0,0.0,0.0,19.45,0.0,0.0,,0.0
2020-02-07 02:00:00+08:00,3.7,161.07526,21.15,1000.5262,89.75216,0.0,0.0,0.0,19.4,0.0,0.0,,0.0
2020-02-07 03:00:00+08:00,3.794733,161.56496,21.1,1000.42584,90.30838,0.0,0.0,0.0,19.45,0.0,0.0,,0.0
2020-02-07 04:00:00+08:00,4.0447497,171.46931,21.25,1000.4299,89.480995,0.0,0.0,0.0,19.45,0.0,0.0,,0.0
2020-02-07 05:00:00+08:00,4.1231055,165.96373,21.0,1000.6214,90.30139,0.0,0.0,0.0,19.35,0.0,0.0,,0.0
2020-02-07 06:00:00+08:00,4.2720017,159.44388,21.0,1001.1173,90.86475,0.0,0.0,0.0,19.45,0.0,0.0,,1.0
2020-02-07 07:00:00+08:00,4.5793014,148.39255,22.15,1001.3476,83.12518,48.0,138.01819,30.0,19.15,0.0,0.0,,1.0
2020-02-07 08:00:00+08:00,4.2720017,163.68607,23.2,1001.476,77.51023,220.0,433.38684,79.0,19.05,0.0,0.0,,1.0
2020-02-07 09:00:00+08:00,3.6878178,167.4712,25.25,1001.929,65.60843,486.0,679.7381,125.0,18.35,0.0,0.0,,1.0
2020-02-07 10:00:00+08:00,3.8013155,178.4926,27.65,1001.6962,54.668686,698.0,807.77466,125.0,17.7,0.0,0.0,,1.0
2020-02-07 11:00:00+08:00,4.808326,196.9276,28.55,1001.2244,54.038895,873.0,886.79895,121.0,18.35,0.0,0.0,,1.0
2020-02-07 12:00:00+08:00,6.2625875,199.59238,28.2,1000.71893,58.52182,992.0,933.2931,117.0,19.3,0.0,0.0,,1.0
2020-02-07 13:00:00+08:00,6.6098413,197.61267,27.4,1000.49927,59.997528,1033.0,941.4741,118.0,18.95,0.0,0.0,,1.0
2020-02-07 14:00:00+08:00,6.7446275,195.4787,27.15,999.79803,58.640667,1001.0,929.7342,119.0,18.35,0.0,0.0,,1.0
2020-02-07 15:00:00+08:00,7.5286117,196.9909,26.65,999.09045,60.012306,893.0,864.9212,141.0,18.25,0.0,0.0,,1.0
2020-02-07 16:00:00+08:00,7.18401,196.16457,26.0,999.27136,62.55585,748.0,868.0136,106.0,18.3,0.0,0.0,,1.0
2020-02-07 17:00:00+08:00,6.865857,192.61932,25.3,999.54974,65.00457,546.0,797.5058,93.0,18.25,0.0,0.0,,1.0
2020-02-07 18:00:00+08:00,6.140033,173.45381,24.95,1000.7306,67.633705,317.0,663.3388,74.0,18.55,0.0,0.0,,1.0
2020-02-07 19:00:00+08:00,5.6142673,184.08554,24.45,1000.9151,68.81732,100.0,395.93488,40.0,18.35,0.0,0.0,,1.0
2020-02-07 20:00:00+08:00,4.9,180.0,23.0,1000.77606,75.3294,1.0,0.0,1.0,18.4,0.0,0.0,,0.0
2020-02-07 21:00:00+08:00,4.6389656,172.56868,22.65,1000.76636,80.38549,0.0,0.0,0.0,19.1,0.0,0.0,,0.0
2020-02-07 22:00:00+08:00,4.440721,172.23492,22.15,1000.3558,84.95554,0.0,0.0,0.0,19.5,0.0,0.0,,0.0
2020-02-07 23:00:00+08:00,4.219004,174.55975,22.1,999.7595,87.08602,0.0,0.0,0.0,19.85,0.0,0.0,,0.0
2020-02-08 00:00:00+08:00,3.8470767,171.02745,22.15,999.95905,87.360756,0.0,0.0,0.0,19.95,0.0,0.0,,0.0
2020-02-08 01:00:00+08:00,2.8017852,55.175446,21.95,1000.84607,87.886086,0.0,0.0,0.0,19.85,0.0,0.0,,0.0
2020-02-08 02:00:00+08:00,3.4234486,186.70975,21.8,999.4534,88.69444,0.0,0.0,0.0,19.85,0.0,0.0,,0.0
2020-02-08 03:00:00+08:00,4.00125,178.56793,21.8,999.35425,90.357155,0.0,0.0,0.0,20.15,0.0,0.0,,0.0
2020-02-08 04:00:00+08:00,3.8078866,166.32867,21.6,999.44775,92.32031,0.0,0.0,0.0,20.3,0.0,0.0,,0.0
2020-02-08 05:00:00+08:00,4.016217,161.11382,21.75,999.65063,91.76059,0.0,0.0,0.0,20.35,0.0,0.0,,0.0
2020-02-08 06:00:00+08:00,3.7696154,158.19853,21.85,1000.4468,90.9207,0.0,0.0,0.0,20.3,0.0,0.0,,1.0
2020-02-08 07:00:00+08:00,3.733631,159.62349,22.6,1000.96356,86.327774,41.0,116.11275,26.0,20.2,0.0,0.0,,1.0
2020-02-08 08:00:00+08:00,2.942788,170.21767,24.7,1000.6245,77.732925,226.0,433.49557,86.0,20.55,0.0,0.0,,1.0
2020-02-08 09:00:00+08:00,3.7121422,184.63538,26.8,1000.68134,67.790955,491.0,754.2194,92.0,20.35,0.0,0.0,,1.0
2020-02-08 10:00:00+08:00,3.956008,196.14441,28.65,1000.83014,60.284096,700.0,843.70905,103.0,20.2,0.0,0.0,,1.0
2020-02-08 11:00:00+08:00,5.0159745,203.49858,29.3,1000.3514,58.961082,868.0,894.299,111.0,20.45,0.0,0.0,,1.0
2020-02-08 12:00:00+08:00,5.905929,208.30066,28.55,1000.43085,60.07511,980.0,922.8832,116.0,20.05,0.0,0.0,,1.0
2020-02-08 13:00:00+08:00,5.916925,210.46547,28.7,1000.2362,59.18679,1016.0,926.1997,117.0,19.95,0.0,0.0,,1.0
2020-02-08 14:00:00+08:00,7.376313,195.73207,27.65,999.8115,62.7242,999.0,935.1703,113.0,19.9,0.0,0.0,,1.0
2020-02-08 15:00:00+08:00,7.2732387,198.43504,27.15,999.5004,66.616455,886.0,863.9276,136.0,20.4,0.0,0.0,,1.0
2020-02-08 16:00:00+08:00,8.149233,194.2068,26.05,999.57007,69.340836,735.0,845.3628,111.0,20.0,0.0,0.0,,1.0
2020-02-08 17:00:00+08:00,7.891768,188.74608,25.25,999.9452,72.48683,533.0,764.594,100.0,19.95,0.0,0.0,,1.0
2020-02-08 18:00:00+08:00,7.406079,182.32149,24.05,1000.7059,76.680016,295.0,573.64984,86.0,19.7,0.0,0.0,,1.0
2020-02-08 19:00:00+08:00,8.205485,182.0952,22.9,1001.1701,81.42485,93.0,352.13788,40.0,19.55,0.0,0.0,,1.0
2020-02-08 20:00:00+08:00,6.8007355,179.1575,22.45,1002.5463,81.87635,1.0,0.0,1.0,19.2,0.0,0.0,,0.0
2020-02-08 21:00:00+08:00,7.2339478,174.44713,22.4,1002.8423,80.1016,0.0,0.0,0.0,18.8,0.0,0.0,,0.0
2020-02-08 22:00:00+08:00,7.368175,172.1999,22.15,1003.13293,80.82279,0.0,0.0,0.0,18.7,0.0,0.0,,0.0
2020-02-08 23:00:00+08:00,8.023092,169.95071,22.1,1002.735,76.377495,0.0,0.0,0.0,17.75,0.0,0.0,,0.0
2020-02-09 00:00:00+08:00,8.228001,163.76758,22.0,1003.1289,75.16681,0.0,0.0,0.0,17.4,0.0,0.0,,0.0
2020-02-09 01:00:00+08:00,7.093659,158.4985,21.65,1002.6232,75.10956,0.0,0.0,0.0,17.05,0.0,0.0,,0.0
2020-02-09 02:00:00+08:00,6.9641943,158.96242,21.35,1002.5155,74.58524,0.0,0.0,0.0,16.65,0.0,0.0,,0.0
2020-02-09 03:00:00+08:00,6.670832,156.12471,21.15,1002.1131,73.37443,0.0,0.0,0.0,16.2,0.0,0.0,,0.0
2020-02-09 04:00:00+08:00,6.053924,149.19862,20.75,1002.20123,72.60478,0.0,0.0,0.0,15.65,0.0,0.0,,0.0
2020-02-09 05:00:00+08:00,5.5226803,148.32457,20.6,1002.1969,70.73845,0.0,0.0,0.0,15.1,0.0,0.0,,0.0
2020-02-09 06:00:00+08:00,5.3712196,151.0491,20.5,1002.59076,69.59028,0.0,0.0,0.0,14.75,0.0,0.0,,1.0
2020-02-09 07:00:00+08:00,5.99333,154.2901,21.3,1003.0101,66.03668,63.0,281.35217,27.0,14.7,0.0,0.0,,1.0
2020-02-09 08:00:00+08:00,6.797794,153.81195,22.3,1003.4346,59.56802,266.0,608.2953,71.0,14.05,0.0,0.0,,1.0
2020-02-09 09:00:00+08:00,6.5551505,158.52315,24.0,1003.18427,53.0574,499.0,774.25555,91.0,13.85,0.0,0.0,,1.0
2020-02-09 10:00:00+08:00,6.4536815,167.4712,25.85,1002.83813,46.747787,711.0,861.42096,103.0,13.6,0.0,0.0,,1.0
2020-02-09 11:00:00+08:00,7.206247,177.6141,27.05,1002.07697,42.157227,881.0,910.13727,112.0,13.1,0.0,0.0,,1.0
2020-02-09 12:00:00+08:00,8.657945,186.63242,26.6,1001.37036,42.30863,992.0,937.0827,116.0,12.75,0.0,0.0,,1.0
2020-02-09 13:00:00+08:00,9.343447,185.52745,26.15,1000.76324,42.04537,1035.0,946.00806,118.0,12.25,0.0,0.0,,1.0
2020-02-09 14:00:00+08:00,9.508417,182.41098,26.1,1000.3649,44.294285,1008.0,941.7396,117.0,13.0,0.0,0.0,,1.0
2020-02-09 15:00:00+08:00,9.912618,182.8912,25.6,1000.0539,48.53688,911.0,920.69257,113.0,13.95,0.0,0.0,,1.0
2020-02-09 16:00:00+08:00,9.900505,179.4213,24.75,999.73303,51.722786,753.0,879.736,105.0,14.15,0.0,0.0,,1.0
2020-02-09 17:00:00+08:00,10.0005,179.42708,23.65,999.60376,56.69806,548.0,806.00256,93.0,14.55,0.0,0.0,,1.0
2020-02-09 18:00:00+08:00,9.918165,176.53185,22.55,999.67285,62.381256,317.0,668.05994,75.0,15.0,0.0,0.0,,1.0
2020-02-09 19:00:00+08:00,9.1268835,175.60138,21.55,999.9425,68.02768,98.0,394.83557,39.0,15.4,0.0,0.0,,1.0
2020-02-09 20:00:00+08:00,8.062258,172.87508,21.25,1000.03314,70.86015,1.0,0.0,1.0,15.75,0.0,0.0,,0.0
2020-02-09 21:00:00+08:00,7.8771825,171.97285,21.2,1000.13104,72.91684,0.0,0.0,0.0,16.15,0.0,0.0,,0.0
2020-02-09 22:00:00+08:00,7.8339005,165.96373,21.35,1000.6311,72.24929,0.0,0.0,0.0,16.15,0.0,0.0,,0.0
2020-02-09 23:00:00+08:00,7.5927596,167.06194,21.0,999.9271,73.81772,0.0,0.0,0.0,16.15,0.0,0.0,,0.0
2020-02-10 00:00:00+08:00,7.18401,163.83543,20.85,999.4271,71.928764,0.0,0.0,0.0,15.6,0.0,0.0,,0.0
2020-02-10 01:00:00+08:00,6.053924,157.6713,20.8,999.2272,66.57441,0.0,0.0,0.0,14.35,0.0,0.0,,0.0
2020-02-10 02:00:00+08:00,4.651881,154.5367,20.5,999.2187,62.11907,0.0,0.0,0.0,13.0,0.0,0.0,,0.0
2020-02-10 03:00:00+08:00,4.204759,154.65387,20.25,999.21185,59.86243,0.0,0.0,0.0,12.2,0.0,0.0,,0.0
2020-02-10 04:00:00+08:00,3.4014702,155.69547,20.1,999.505,55.63035,0.0,0.0,0.0,10.95,0.0,0.0,,0.0
2020-02-10 05:00:00+08:00,3.1953092,159.86362,20.1,999.30664,54.531857,0.0,0.0,0.0,10.65,0.0,0.0,,0.0
2020-02-10 06:00:00+08:00,2.9529645,151.69934,20.4,999.9101,48.090218,0.0,0.0,0.0,9.05,0.0,0.0,,1.0
2020-02-10 07:00:00+08:00,3.6769552,157.61983,22.5,1000.2664,36.162624,59.0,244.62665,28.0,6.75,0.0,0.0,,1.0
2020-02-10 08:00:00+08:00,3.6400552,142.81522,25.75,999.9587,28.452469,269.0,628.57166,69.0,6.1,0.0,0.0,,1.0
2020-02-10 09:00:00+08:00,4.263801,129.2894,29.55,999.862,26.755375,500.0,781.1213,90.0,8.45,0.0,0.0,,1.0
2020-02-10 10:00:00+08:00,4.103657,133.02507,32.05,999.23303,26.004978,711.0,865.0349,102.0,10.15,0.0,0.0,,1.0
2020-02-10 11:00:00+08:00,3.8587563,148.78166,33.65,998.9769,24.983381,878.0,910.64484,110.0,10.9,0.0,0.0,,1.0
2020-02-10 12:00:00+08:00,5.3009434,181.0809,34.15,998.29517,26.042921,988.0,935.2913,115.0,11.95,0.0,0.0,,1.0
2020-02-10 13:00:00+08:00,8.023092,190.04929,32.2,997.749,34.984882,1029.0,941.12555,118.0,14.8,0.0,0.0,,1.0
2020-02-10 14:00:00+08:00,9.042676,190.19144,31.3,997.22955,37.898705,1000.0,935.6877,116.0,15.25,0.0,0.0,,1.0
2020-02-10 15:00:00+08:00,9.4429865,185.46901,30.75,996.8183,36.78388,902.0,913.00336,112.0,14.3,0.0,0.0,,1.0
2020-02-10 16:00:00+08:00,8.908984,182.5733,29.95,996.4997,38.8849,744.0,872.17694,103.0,14.45,0.0,0.0,,1.0
2020-02-10 17:00:00+08:00,8.229823,175.12082,29.05,996.3767,43.53916,539.0,796.26526,91.0,15.4,0.0,0.0,,1.0
2020-02-10 18:00:00+08:00,7.632169,174.7377,27.85,996.6425,51.20698,306.0,649.89105,72.0,16.85,0.0,0.0,,1.0
2020-02-10 19:00:00+08:00,6.4132676,169.21574,26.5,996.80493,58.119663,88.0,343.89197,37.0,17.6,0.0,0.0,,1.0
2020-02-10 20:00:00+08:00,4.7675986,170.34018,25.65,997.7737,59.780533,1.0,0.0,1.0,17.25,0.0,0.0,,0.0
2020-02-10 21:00:00+08:00,4.204759,177.27374,24.65,998.8378,65.68931,0.0,0.0,0.0,17.8,0.0,0.0,,0.0
2020-02-10 22:00:00+08:00,3.6124783,175.23645,24.1,999.0212,71.16247,0.0,0.0,0.0,18.55,0.0,0.0,,0.0
2020-02-10 23:00:00+08:00,2.3430748,140.19447,23.25,999.09686,75.13443,0.0,0.0,0.0,18.6,0.0,0.0,,0.0
2020-02-11 00:00:00+08:00,1.5524175,75.068535,22.6,999.07904,74.55779,0.0,0.0,0.0,17.85,0.0,0.0,,0.0
2020-02-11 01:00:00+08:00,2.84605,71.564964,25.15,998.95044,51.32689,0.0,0.0,0.0,14.4,0.0,0.0,,0.0
2020-02-11 02:00:00+08:00,4.4922156,73.17851,26.0,998.9737,44.702885,0.0,0.0,0.0,13.05,0.0,0.0,,0.0
2020-02-11 03:00:00+08:00,3.544009,73.61038,25.1,998.8501,47.776386,0.0,0.0,0.0,13.25,0.0,0.0,,0.0
2020-02-11 04:00:00+08:00,2.1377556,79.21575,23.95,999.21545,52.020023,0.0,0.0,0.0,13.5,0.0,0.0,,0.0
2020-02-11 05:00:00+08:00,1.9104973,96.00892,22.95,999.3862,56.709465,0.0,0.0,0.0,13.9,0.0,0.0,,0.0
2020-02-11 06:00:00+08:00,2.0396078,101.3099,22.35,999.86554,60.551678,0.0,0.0,0.0,14.35,0.0,0.0,,0.0
2020-02-11 07:00:00+08:00,2.0124612,116.56499,24.75,1000.8241,53.767185,59.0,262.95865,26.0,14.75,0.0,0.0,,1.0
2020-02-11 08:00:00+08:00,1.5132746,82.40546,26.3,1001.263,55.730778,260.0,607.984,68.0,16.75,0.0,0.0,,1.0
2020-02-11 09:00:00+08:00,1.4764823,118.30067,27.95,1001.80365,50.107487,477.0,707.7133,107.0,16.6,0.0,0.0,,1.0
2020-02-11 10:00:00+08:00,1.746425,166.75948,29.3,1001.7402,45.600246,674.0,753.33386,145.0,16.35,0.0,0.0,,1.0
2020-02-11 11:00:00+08:00,2.4738634,194.03627,30.45,1001.2747,42.275997,807.0,706.8487,212.0,16.2,0.0,0.0,,1.0
2020-02-11 12:00:00+08:00,4.661545,215.39488,30.65,1000.78406,44.25376,902.0,674.9327,273.0,17.1,0.0,0.0,,1.0
2020-02-11 13:00:00+08:00,5.6859474,214.24908,30.15,1000.6716,47.29844,1016.0,907.30963,139.0,17.7,0.0,0.0,,1.0
2020-02-11 14:00:00+08:00,5.1107726,210.57915,30.1,1000.0748,45.960537,993.0,933.9197,112.0,17.2,0.0,0.0,,1.0
2020-02-11 15:00:00+08:00,4.604346,214.3804,30.0,999.97314,45.788536,894.0,909.995,108.0,17.05,0.0,0.0,,1.0
2020-02-11 16:00:00+08:00,4.701064,218.08882,28.95,1000.0446,49.42289,738.0,867.4074,102.0,17.3,0.0,0.0,,1.0
2020-02-11 17:00:00+08:00,4.8414874,218.2902,28.15,1000.321,53.096695,534.0,790.1509,91.0,17.7,0.0,0.0,,1.0
2020-02-11 18:00:00+08:00,3.7121422,207.25525,26.9,1000.68414,58.214756,306.0,651.22186,73.0,18.0,0.0,0.0,,1.0
2020-02-11 19:00:00+08:00,3.1953092,200.13638,25.8,1001.15027,66.1345,92.0,373.81894,37.0,19.0,0.0,0.0,,1.0
2020-02-11 20:00:00+08:00,4.925444,174.17375,25.15,1001.6286,70.253716,1.0,0.0,1.0,19.35,0.0,0.0,,0.0
2020-02-11 21:00:00+08:00,4.846648,158.19853,25.15,1002.1246,70.47256,0.0,0.0,0.0,19.4,0.0,0.0,,0.0
2020-02-11 22:00:00+08:00,4.304649,149.26459,25.1,1002.1234,67.03164,0.0,0.0,0.0,18.55,0.0,0.0,,0.0
2020-02-11 23:00:00+08:00,2.9206164,141.95291,24.7,1001.8148,65.90677,0.0,0.0,0.0,17.9,0.0,0.0,,0.0
2020-02-12 00:00:00+08:00,2.1023796,115.34614,24.75,1002.1135,63.070934,0.0,0.0,0.0,17.25,0.0,0.0,,0.0
2020-02-12 01:00:00+08:00,3.4234486,83.29026,25.7,1001.94135,57.01626,0.0,0.0,0.0,16.55,0.0,0.0,,0.0
2020-02-12 02:00:00+08:00,3.905125,76.67546,25.65,1001.6421,57.185635,0.0,0.0,0.0,16.55,0.0,0.0,,0.0
2020-02-12 03:00:00+08:00,3.8999999,67.3801,25.1,1001.52826,59.84195,0.0,0.0,0.0,16.75,0.0,0.0,,0.0
2020-02-12 04:00:00+08:00,4.248529,63.435013,24.7,1001.418,63.660698,0.0,0.0,0.0,17.35,0.0,0.0,,0.0
2020-02-12 05:00:00+08:00,4.031129,60.255207,24.1,1001.79846,67.88952,0.0,0.0,0.0,17.8,0.0,0.0,,0.0
2020-02-12 06:00:00+08:00,3.2449963,56.309914,23.55,1002.4776,70.173,0.0,0.0,0.0,17.8,0.0,0.0,,0.0
2020-02-12 07:00:00+08:00,3.3241541,43.7812,24.65,1003.5989,64.86673,57.0,257.50528,25.0,17.6,0.0,0.0,,1.0
2020-02-12 08:00:00+08:00,3.224903,29.744795,27.15,1003.17065,55.06384,258.0,606.2191,68.0,17.35,0.0,0.0,,1.0
2020-02-12 09:00:00+08:00,2.209072,5.19435,29.65,1003.53534,46.719906,488.0,768.15094,88.0,17.05,0.0,0.0,,1.0
2020-02-12 10:00:00+08:00,1.4,270.0,31.2,1003.5759,41.945312,699.0,852.37994,102.0,16.75,0.0,0.0,,1.0
2020-02-12 11:00:00+08:00,3.6878178,229.39879,31.5,1003.3854,43.78864,866.0,898.6538,111.0,17.7,0.0,0.0,,1.0
2020-02-12 12:00:00+08:00,4.738143,225.85501,31.2,1003.07983,45.53428,974.0,923.20557,115.0,18.05,0.0,0.0,,1.0
2020-02-12 13:00:00+08:00,4.8259716,235.9806,30.45,1002.86206,46.933098,1013.0,928.35455,117.0,17.85,0.0,0.0,,1.0
2020-02-12 14:00:00+08:00,4.2720017,237.42595,29.9,1002.35156,49.67096,972.0,900.35443,124.0,18.25,0.0,0.0,,1.0
2020-02-12 15:00:00+08:00,4.1880784,236.68936,29.85,1001.95306,50.9185,880.0,889.65216,113.0,18.6,0.0,0.0,,1.0
2020-02-12 16:00:00+08:00,4.0816665,239.03632,28.95,1001.9295,54.13863,729.0,849.0363,108.0,18.75,0.0,0.0,,1.0
2020-02-12 17:00:00+08:00,3.5171013,255.17348,28.05,1001.90533,57.58164,526.0,775.1599,93.0,18.9,0.0,0.0,,1.0
2020-02-12 18:00:00+08:00,3.2984846,255.96373,26.6,1002.06476,64.07139,300.0,638.6609,73.0,19.25,0.0,0.0,,1.0
2020-02-12 19:00:00+08:00,2.9068885,266.0549,25.2,1002.52264,73.83626,85.0,335.81424,36.0,20.2,0.0,0.0,,1.0
2020-02-12 20:00:00+08:00,2.630589,278.74606,24.2,1002.79285,84.90833,0.0,0.0,0.0,21.5,0.0,0.0,,0.0
2020-02-12 21:00:00+08:00,2.745906,280.49142,23.8,1003.1786,89.94477,0.0,0.0,0.0,22.05,0.0,0.0,,0.0
2020-02-12 22:00:00+08:00,2.3086793,274.96964,23.65,1003.2737,90.20882,0.0,0.0,0.0,21.95,0.0,0.0,,0.0
2020-02-12 23:00:00+08:00,2.7018514,272.12103,23.2,1003.063,93.25826,0.0,0.0,0.0,22.05,0.0,0.0,,0.0
2020-02-13 00:00:00+08:00,2.4186773,277.1249,22.65,1002.8492,97.00594,0.0,0.0,0.0,22.15,0.0,0.0,,0.0
2020-02-13 01:00:00+08:00,1.3,270.0,22.45,1002.5463,97.892654,0.0,0.0,0.0,22.1,0.0,0.0,,0.0
2020-02-13 02:00:00+08:00,1.8,270.0,22.35,1001.8492,97.89108,0.0,0.0,0.0,22.0,0.0,0.0,,0.0
2020-02-13 03:00:00+08:00,1.8973665,251.56496,22.25,1001.54877,96.70112,0.0,0.0,0.0,21.7,0.0,0.0,,0.0
2020-02-13 04:00:00+08:00,1.2041595,221.63345,22.0,1001.8395,95.517136,0.0,0.0,0.0,21.25,0.0,0.0,,0.0
2020-02-13 05:00:00+08:00,1.4764823,241.69934,21.9,1001.8366,93.769394,0.0,0.0,0.0,20.85,0.0,0.0,,0.0
2020-02-13 06:00:00+08:00,0.92195445,229.39879,22.0,1002.2362,91.49307,0.0,0.0,0.0,20.55,0.0,0.0,,0.0
2020-02-13 07:00:00+08:00,1.3601471,233.97253,22.65,1002.9484,85.27139,49.0,211.3036,23.0,20.05,0.0,0.0,,1.0
2020-02-13 08:00:00+08:00,2.4166093,294.44394,23.8,1002.6826,80.28911,251.0,578.70105,71.0,20.2,0.0,0.0,,1.0
2020-02-13 09:00:00+08:00,3.3120992,298.88647,25.6,1003.02966,70.119934,483.0,742.3143,98.0,19.75,0.0,0.0,,1.0
2020-02-13 10:00:00+08:00,4.3011627,287.5925,26.9,1003.16406,63.73833,694.0,830.28125,114.0,19.45,0.0,0.0,,1.0
2020-02-13 11:00:00+08:00,4.9648767,279.27252,27.35,1002.97784,61.692165,867.0,896.8385,115.0,19.35,0.0,0.0,,1.0
2020-02-13 12:00:00+08:00,5.5326304,276.22574,27.25,1002.7768,62.441963,972.0,907.50055,129.0,19.45,0.0,0.0,,1.0
2020-02-13 13:00:00+08:00,5.842089,276.88162,27.3,1002.48035,63.037567,1025.0,938.09625,121.0,19.65,0.0,0.0,,1.0
2020-02-13 14:00:00+08:00,5.813777,273.9451,27.45,1001.98846,61.906635,999.0,937.9923,117.0,19.5,0.0,0.0,,1.0
2020-02-13 15:00:00+08:00,5.9008474,270.971,27.0,1001.67896,64.35645,902.0,916.9529,113.0,19.7,0.0,0.0,,1.0
2020-02-13 16:00:00+08:00,5.4,270.0,26.45,1001.3662,68.142044,744.0,875.896,105.0,20.1,0.0,0.0,,1.0
2020-02-13 17:00:00+08:00,5.001,271.14572,25.85,1001.25104,70.166725,539.0,803.2991,92.0,20.0,0.0,0.0,,1.0
2020-02-13 18:00:00+08:00,4.3011627,271.33218,24.75,1001.32007,75.3769,306.0,645.90717,78.0,20.1,0.0,0.0,,1.0
2020-02-13 19:00:00+08:00,3.3734255,258.0239,23.5,1001.78174,84.05503,90.0,366.3853,37.0,20.65,0.0,0.0,,1.0
2020-02-13 20:00:00+08:00,3.3015149,234.86572,22.9,1002.2611,87.15868,0.0,0.0,0.0,20.65,0.0,0.0,,0.0
2020-02-13 21:00:00+08:00,1.9104972,222.87889,23.0,1002.8589,86.3661,0.0,0.0,0.0,20.6,0.0,0.0,,0.0
2020-02-13 22:00:00+08:00,0.60827625,279.46225,22.75,1002.75287,88.4979,0.0,0.0,0.0,20.75,0.0,0.0,,0.0
2020-02-13 23:00:00+08:00,1.029563,299.0545,21.75,1002.3285,94.63216,0.0,0.0,0.0,20.85,0.0,0.0,,0.0
2020-02-14 00:00:00+08:00,1.2206556,304.9921,21.6,1001.9273,95.50387,0.0,0.0,0.0,20.85,0.0,0.0,,0.0
2020-02-14 01:00:00+08:00,1.8973665,288.43503,21.55,1001.6286,96.38733,0.0,0.0,0.0,20.95,0.0,0.0,,0.0
2020-02-14 02:00:00+08:00,1.7720045,286.38962,21.4,1001.12854,97.27656,0.0,0.0,0.0,20.95,0.0,0.0,,0.0
2020-02-14 03:00:00+08:00,2.147091,297.75842,21.8,1001.04034,96.39402,0.0,0.0,0.0,21.2,0.0,0.0,,0.0
2020-02-14 04:00:00+08:00,2.1260293,311.18582,21.6,1001.03467,96.982475,0.0,0.0,0.0,21.1,0.0,0.0,,0.0
2020-02-14 05:00:00+08:00,2.3345237,316.73566,21.75,1001.0391,95.80265,0.0,0.0,0.0,21.05,0.0,0.0,,0.0
2020-02-14 06:00:00+08:00,2.4207437,321.70978,21.75,1001.4359,94.92359,0.0,0.0,0.0,20.9,0.0,0.0,,0.0
2020-02-14 07:00:00+08:00,2.385372,326.97614,22.0,1002.1371,92.62736,32.0,49.25077,26.0,20.75,0.0,0.0,,1.0
2020-02-14 08:00:00+08:00,2.7202942,323.97253,22.7,1002.05725,86.337364,158.0,116.62983,122.0,20.3,0.0,0.0,,1.0
2020-02-14 09:00:00+08:00,2.6400757,307.30402,24.9,1002.2169,73.78562,434.0,549.79,150.0,19.9,0.0,0.0,,1.0
2020-02-14 10:00:00+08:00,3.0364454,287.24155,26.8,1001.9708,65.117584,676.0,773.63367,137.0,19.7,0.0,0.0,,1.0
2020-02-14 11:00:00+08:00,4.110961,274.18484,27.65,1001.89465,63.5057,868.0,902.2122,113.0,20.1,0.0,0.0,,1.0
2020-02-14 12:00:00+08:00,5.3037724,267.83896,27.0,1001.67896,66.17566,977.0,929.521,115.0,20.15,0.0,0.0,,1.0
2020-02-14 13:00:00+08:00,5.6008925,271.023,27.15,1001.286,62.809303,1016.0,935.4438,116.0,19.45,0.0,0.0,,1.0
2020-02-14 14:00:00+08:00,5.423099,264.71002,27.15,1000.88916,62.809303,986.0,928.94275,114.0,19.45,0.0,0.0,,1.0
2020-02-14 15:00:00+08:00,5.0,270.0,27.0,1000.5878,59.90522,889.0,906.0059,111.0,18.55,0.0,0.0,,1.0
2020-02-14 16:00:00+08:00,4.8093657,266.42374,26.55,1000.1787,62.873352,736.0,870.0016,103.0,18.9,0.0,0.0,,1.0
2020-02-14 17:00:00+08:00,4.4102154,266.09958,25.65,1000.05505,67.77319,534.0,797.4919,92.0,19.25,0.0,0.0,,1.0
2020-02-14 18:00:00+08:00,3.6496572,260.53775,24.45,1000.61755,76.74138,300.0,639.13513,76.0,20.1,0.0,0.0,,1.0
2020-02-14 19:00:00+08:00,3.1780496,257.27563,23.45,1000.9871,83.53294,86.0,348.77524,36.0,20.5,0.0,0.0,,1.0
2020-02-14 20:00:00+08:00,2.828427,261.87,22.85,1001.0696,87.15417,0.0,0.0,0.0,20.6,0.0,0.0,,0.0
2020-02-14 21:00:00+08:00,2.0396078,281.3099,22.55,1001.4581,89.30317,0.0,0.0,0.0,20.7,0.0,0.0,,0.0
2020-02-14 22:00:00+08:00,1.1661904,300.96368,22.0,1001.54193,92.91284,0.0,0.0,0.0,20.8,0.0,0.0,,0.0
2020-02-14 23:00:00+08:00,1.6643317,302.7352,21.65,1001.43304,94.33737,0.0,0.0,0.0,20.7,0.0,0.0,,0.0
2020-02-15 00:00:00+08:00,1.8439089,310.60123,21.4,1001.2277,94.910484,0.0,0.0,0.0,20.55,0.0,0.0,,0.0
2020-02-15 01:00:00+08:00,2.0615528,309.09384,21.2,1001.0236,95.19633,0.0,0.0,0.0,20.4,0.0,0.0,,0.0
2020-02-15 02:00:00+08:00,1.8439089,319.39877,21.0,1001.1173,95.483864,0.0,0.0,0.0,20.25,0.0,0.0,,0.0
2020-02-15 03:00:00+08:00,1.7888545,333.43503,20.8,1001.11163,95.47714,0.0,0.0,0.0,20.05,0.0,0.0,,0.0
2020-02-15 04:00:00+08:00,2.0615528,337.1663,20.85,1001.4107,95.77455,0.0,0.0,0.0,20.15,0.0,0.0,,0.0
2020-02-15 05:00:00+08:00,2.1954498,329.9315,20.9,1001.70953,94.89165,0.0,0.0,0.0,20.05,0.0,0.0,,0.0
2020-02-15 06:00:00+08:00,2.0880613,343.3007,20.5,1002.2932,95.76355,0.0,0.0,0.0,19.8,0.0,0.0,,0.0
2020-02-15 07:00:00+08:00,2.6400757,322.69595,21.6,1003.1175,90.06385,39.0,132.66035,23.0,19.9,0.0,0.0,,1.0
2020-02-15 08:00:00+08:00,3.0675724,289.0257,23.0,1003.7516,76.75743,200.0,352.59332,92.0,18.7,0.0,0.2,,1.0
2020-02-15 09:00:00+08:00,3.8639357,259.56256,24.05,1004.1774,70.70898,361.0,423.73593,143.0,18.4,0.0,0.0,,1.0
2020-02-15 10:00:00+08:00,3.7,251.07526,24.75,1004.49414,66.750824,502.0,492.19153,160.0,18.15,0.0,0.0,,1.0
2020-02-15 11:00:00+08:00,4.294182,242.24155,25.35,1004.31213,64.40599,691.0,532.846,246.0,18.15,0.0,0.0,,1.0
2020-02-15 12:00:00+08:00,4.545327,230.35587,25.75,1004.3232,63.489117,782.0,531.4569,290.0,18.3,0.0,0.0,,1.0
2020-02-15 13:00:00+08:00,5.240229,221.90585,26.1,1003.93585,63.16867,867.0,592.3885,298.0,18.55,0.0,0.0,,1.0
2020-02-15 14:00:00+08:00,5.700877,217.87505,25.6,1003.8232,64.45946,724.0,359.64377,387.0,18.4,0.0,0.1,,1.0
2020-02-15 15:00:00+08:00,6.140033,210.32352,25.45,1003.5214,65.44497,664.0,408.4478,314.0,18.5,0.0,0.2,,1.0
2020-02-15 16:00:00+08:00,6.369458,202.13554,24.6,1003.2998,68.84648,487.0,237.05872,315.0,18.5,0.0,0.1,,1.0
2020-02-15 17:00:00+08:00,7.116881,199.70807,23.7,1003.3744,74.043015,284.0,45.29442,259.0,18.8,0.0,0.2,,1.0
2020-02-15 18:00:00+08:00,7.180529,192.875,22.9,1003.45135,79.42344,185.0,181.09659,122.0,19.15,0.0,0.2,,1.0
2020-02-15 19:00:00+08:00,7.05762,187.32631,22.0,1003.8231,84.1503,56.0,183.06924,30.0,19.2,0.0,0.2,,1.0
2020-02-15 20:00:00+08:00,6.4381676,186.24182,21.7,1004.40967,80.25852,0.0,0.0,0.0,18.15,0.0,0.1,,0.0
2020-02-15 21:00:00+08:00,5.7218876,185.01303,21.55,1004.90155,81.76416,0.0,0.0,0.0,18.3,0.0,0.1,,0.0
2020-02-15 22:00:00+08:00,5.124451,185.59924,21.4,1004.8974,80.97864,0.0,0.0,0.0,18.0,0.0,0.0,,0.0
2020-02-15 23:00:00+08:00,4.9030604,191.76826,20.8,1004.7812,84.28173,0.0,0.0,0.0,18.05,0.0,0.0,,0.0
2020-02-16 00:00:00+08:00,5.508176,195.80258,21.0,1005.0845,79.15771,0.0,0.0,0.0,17.25,0.0,0.0,,0.0
2020-02-16 01:00:00+08:00,5.920304,195.67958,21.0,1004.58856,75.00271,0.0,0.0,0.0,16.4,0.0,0.0,,0.0
2020-02-16 02:00:00+08:00,5.748913,193.06932,20.8,1004.3845,74.731125,0.0,0.0,0.0,16.15,0.0,0.0,,0.0
2020-02-16 03:00:00+08:00,5.6885853,190.1246,20.65,1004.2811,75.66532,0.0,0.0,0.0,16.2,0.0,0.0,,0.0
2020-02-16 04:00:00+08:00,5.261178,188.74608,20.65,1004.77704,72.58698,0.0,0.0,0.0,15.55,0.0,0.0,,0.0
2020-02-16 05:00:00+08:00,4.7,180.0,20.65,1005.27295,70.97547,0.0,0.0,0.0,15.2,0.0,0.0,,0.0
2020-02-16 06:00:00+08:00,4.90408,182.33725,20.6,1006.0649,70.73845,0.0,0.0,0.0,15.1,0.0,0.0,,0.0
2020-02-16 07:00:00+08:00,5.8008623,180.98773,20.85,1006.86554,68.32593,30.0,50.25262,24.0,14.8,0.0,0.0,,1.0
2020-02-16 08:00:00+08:00,5.5145264,175.84044,21.65,1007.18555,63.19235,104.0,16.45055,99.0,14.35,0.0,0.0,,1.0
2020-02-16 09:00:00+08:00,5.8077536,177.03912,22.65,1007.4117,57.93773,326.0,242.00856,202.0,13.95,0.0,0.0,,1.0
2020-02-16 10:00:00+08:00,6.512296,183.52138,23.25,1007.52765,54.971294,518.0,295.82465,313.0,13.7,0.0,0.0,,1.0
2020-02-16 11:00:00+08:00,6.537584,186.14653,24.35,1007.26044,50.292656,826.0,719.92566,226.0,13.35,0.0,0.0,,1.0
2020-02-16 12:00:00+08:00,6.4629717,188.00464,25.15,1006.78656,47.945858,891.0,605.9831,331.0,13.35,0.0,0.0,,1.0
2020-02-16 13:00:00+08:00,7.324616,194.226,24.85,1006.38153,51.916443,1021.0,914.6101,144.0,14.3,0.0,0.0,,1.0
2020-02-16 14:00:00+08:00,7.300685,193.46523,24.85,1005.8856,49.290318,1007.0,956.8942,112.0,13.5,0.0,0.0,,1.0
2020-02-16 15:00:00+08:00,7.7103825,189.70659,24.4,1005.3774,52.98825,914.0,946.17004,105.0,14.2,0.0,0.0,,1.0
2020-02-16 16:00:00+08:00,7.8771825,188.02715,23.95,1005.26587,54.791588,748.0,890.1644,104.0,14.3,0.0,0.0,,1.0
2020-02-16 17:00:00+08:00,8.122192,184.23631,23.2,1005.34424,59.779984,541.0,818.80853,91.0,14.95,0.0,0.0,,1.0
2020-02-16 18:00:00+08:00,8.000625,180.71614,22.25,1005.41693,63.325367,304.0,666.25024,74.0,14.95,0.0,0.0,,1.0
2020-02-16 19:00:00+08:00,7.302739,178.43068,21.35,1005.78845,67.7695,85.0,355.4899,35.0,15.15,0.0,0.0,,1.0
2020-02-16 20:00:00+08:00,6.736468,174.03561,20.75,1006.0693,72.60478,0.0,0.0,0.0,15.65,0.0,0.0,,0.0
2020-02-16 21:00:00+08:00,6.6910386,170.53775,20.65,1006.66144,72.58698,0.0,0.0,0.0,15.55,0.0,0.0,,0.0
2020-02-16 22:00:00+08:00,6.6490602,167.84508,20.5,1006.75616,76.611885,0.0,0.0,0.0,16.25,0.0,0.0,,0.0
2020-02-16 23:00:00+08:00,6.456005,163.81073,20.6,1006.6599,77.85567,0.0,0.0,0.0,16.6,0.0,0.0,,0.0
2020-02-17 00:00:00+08:00,6.7779055,158.3555,20.5,1006.55786,76.368164,0.0,0.0,0.0,16.2,0.0,0.0,,0.0
2020-02-17 01:00:00+08:00,6.8029404,155.69547,20.15,1006.3498,78.53564,0.0,0.0,0.0,16.3,0.0,0.0,,0.0
2020-02-17 02:00:00+08:00,6.664083,154.20403,19.75,1005.9416,81.277885,0.0,0.0,0.0,16.45,0.0,0.0,,0.0
2020-02-17 03:00:00+08:00,6.2265563,150.14108,19.35,1006.22784,85.73837,0.0,0.0,0.0,16.9,0.0,0.0,,0.0
2020-02-17 04:00:00+08:00,5.7688823,146.3099,18.9,1006.71075,88.17704,0.0,0.0,0.0,16.9,0.0,0.0,,0.0
2020-02-17 05:00:00+08:00,5.742821,144.92616,18.5,1007.0961,88.70504,0.0,0.0,0.0,16.6,0.0,0.0,,0.0
2020-02-17 06:00:00+08:00,5.220153,143.56905,18.25,1007.6839,87.561676,0.0,0.0,0.0,16.15,0.0,0.0,,0.0
2020-02-17 07:00:00+08:00,4.920366,142.43134,19.15,1008.2056,80.941124,50.0,228.44897,23.0,15.8,0.0,0.0,,1.0
2020-02-17 08:00:00+08:00,5.544367,140.85602,21.35,1007.5737,68.206215,256.0,623.368,68.0,15.25,0.0,0.0,,1.0
2020-02-17 09:00:00+08:00,5.544367,140.85602,24.65,1007.2689,51.864563,496.0,799.55475,88.0,14.1,0.0,0.0,,1.0
2020-02-17 10:00:00+08:00,5.360038,143.3438,28.45,1006.876,35.670006,714.0,887.00305,101.0,11.8,0.0,0.0,,1.0
2020-02-17 11:00:00+08:00,4.9648767,145.66972,31.55,1006.26404,25.785454,887.0,934.2579,110.0,9.6,0.0,0.0,,1.0
2020-02-17 12:00:00+08:00,4.6173587,162.3498,33.25,1005.51447,23.821444,999.0,958.3247,115.0,9.85,0.0,0.0,,1.0
2020-02-17 13:00:00+08:00,6.315061,190.95403,32.2,1004.89215,33.87364,1038.0,963.23425,116.0,14.3,0.0,0.0,,1.0
2020-02-17 14:00:00+08:00,8.125269,193.52318,30.45,1004.3501,46.491867,1003.0,950.14636,116.0,17.7,0.0,0.0,,1.0
2020-02-17 15:00:00+08:00,9.355747,190.46912,29.25,1003.723,47.058926,898.0,922.53314,111.0,16.8,0.0,0.0,,1.0
2020-02-17 16:00:00+08:00,9.113727,183.1449,28.5,1003.3061,47.308838,735.0,877.5853,102.0,16.2,0.0,0.0,,1.0
2020-02-17 17:00:00+08:00,8.414867,176.59363,27.85,1003.1896,51.86011,528.0,798.6929,91.0,17.05,0.0,0.0,,1.0
2020-02-17 18:00:00+08:00,8.1154175,176.46777,26.5,1003.2526,61.309048,296.0,656.9669,71.0,18.45,0.0,0.0,,1.0
2020-02-17 19:00:00+08:00,6.987131,170.94218,24.7,1003.6002,68.65072,81.0,344.71585,33.0,18.55,0.0,0.0,,1.0
2020-02-17 20:00:00+08:00,6.8154235,165.55592,23.8,1003.6745,70.441025,0.0,0.0,0.0,18.1,0.0,0.0,,0.0
2020-02-17 21:00:00+08:00,5.3851647,158.19853,24.05,1003.7807,67.666115,0.0,0.0,0.0,17.7,0.0,0.0,,0.0
2020-02-17 22:00:00+08:00,4.8010416,144.3235,23.95,1003.6789,63.69887,0.0,0.0,0.0,16.65,0.0,0.0,,0.0
2020-02-17 23:00:00+08:00,4.9517674,136.63654,26.55,1003.35297,38.44214,0.0,0.0,0.0,11.25,0.0,0.0,,0.0
2020-02-18 00:00:00+08:00,5.9076223,123.9591,28.2,1002.9013,24.63792,0.0,0.0,0.0,6.1,0.0,0.0,,0.0
2020-02-18 01:00:00+08:00,5.6938567,120.61853,27.95,1002.20044,25.786608,0.0,0.0,0.0,6.55,0.0,0.0,,0.0
2020-02-18 02:00:00+08:00,4.792703,113.35559,27.8,1001.70026,28.143723,0.0,0.0,0.0,7.7,0.0,0.0,,0.0
2020-02-18 03:00:00+08:00,4.648656,108.8248,27.95,1001.506,32.044006,0.0,0.0,0.0,9.75,0.0,0.0,,0.0
2020-02-18 04:00:00+08:00,5.5443664,97.253105,28.65,1001.6237,35.026226,0.0,0.0,0.0,11.7,0.0,0.0,,0.0
2020-02-18 05:00:00+08:00,6.8007355,89.1575,28.9,1001.6304,34.40843,0.0,0.0,0.0,11.65,0.0,0.0,,0.0
2020-02-18 06:00:00+08:00,7.9630394,82.785835,28.85,1001.7282,34.508236,0.0,0.0,0.0,11.65,0.0,0.0,,0.0
2020-02-18 07:00:00+08:00,9.512624,77.8632,29.25,1002.0366,34.054203,33.0,59.837166,26.0,11.8,0.0,0.0,,1.0
2020-02-18 08:00:00+08:00,8.5440035,69.44387,30.45,1001.77075,35.412285,136.0,43.443336,123.0,13.45,0.0,0.0,,1.0
2020-02-18 09:00:00+08:00,8.900562,62.57135,32.9,1002.2314,33.957012,326.0,220.39127,214.0,14.95,0.0,0.0,,1.0
2020-02-18 10:00:00+08:00,7.800641,53.86454,35.1,1002.1888,32.226906,459.0,165.411,345.0,16.05,0.0,0.0,,1.0
2020-02-18 11:00:00+08:00,5.742821,35.07383,37.25,1002.04504,30.322815,618.0,272.31912,392.0,16.95,0.0,0.0,,1.0
2020-02-18 12:00:00+08:00,4.3104525,3.9908433,39.1,1000.9997,27.51853,861.0,622.3308,288.0,17.0,0.0,0.0,,1.0
2020-02-18 13:00:00+08:00,6.928925,290.26578,35.15,1000.9994,35.907856,906.0,640.5296,294.0,17.8,0.0,0.0,,1.0
2020-02-18 14:00:00+08:00,5.6462374,292.93213,32.5,1002.02264,44.334576,736.0,499.08313,271.0,18.8,0.0,0.0,,1.0
2020-02-18 15:00:00+08:00,5.9481087,253.39293,31.6,1001.3048,46.944004,558.0,211.49492,378.0,18.9,0.0,0.0,,1.0
2020-02-18 16:00:00+08:00,2.0024984,272.86234,30.75,1001.58014,51.788643,435.0,178.00833,307.0,19.7,0.0,0.0,,1.0
2020-02-18 17:00:00+08:00,0.9,180.0,31.65,1001.3061,49.660625,307.0,126.68854,238.0,19.85,0.0,0.0,,1.0
2020-02-18 18:00:00+08:00,1.8027756,176.82024,31.6,1001.3048,49.95634,194.0,167.80191,137.0,19.9,0.0,0.0,,1.0
2020-02-18 19:00:00+08:00,1.603122,176.42374,30.35,1001.5695,53.815426,57.0,145.13109,37.0,19.95,0.0,0.0,,1.0
2020-02-18 20:00:00+08:00,4.2720017,69.44387,30.75,1001.28253,35.72681,0.0,0.0,0.0,13.85,0.0,0.0,,0.0
2020-02-18 21:00:00+08:00,2.6400757,52.695976,30.1,1001.6621,38.92646,0.0,0.0,0.0,14.6,0.0,0.0,,0.0
2020-02-18 22:00:00+08:00,2.0518284,313.0251,27.0,1001.2822,46.30513,0.0,0.0,0.0,14.5,0.0,0.0,,0.0
2020-02-18 23:00:00+08:00,2.0808651,35.217674,27.2,1001.5851,45.469967,0.0,0.0,0.0,14.4,0.0,0.0,,0.0
2020-02-19 00:00:00+08:00,2.7856774,21.037588,28.25,1001.21625,41.267628,0.0,0.0,0.0,13.85,0.0,0.0,,0.0
2020-02-19 01:00:00+08:00,1.1401755,127.875046,27.85,1001.7016,42.378372,0.0,0.0,0.0,13.9,0.0,0.0,,0.0
2020-02-19 02:00:00+08:00,1.9697715,336.0375,26.15,1001.7552,49.79502,0.0,0.0,0.0,14.85,0.0,0.0,,0.0
2020-02-19 03:00:00+08:00,2.0518284,43.02507,26.3,1001.3622,49.995068,0.0,0.0,0.0,15.05,0.0,0.0,,0.0
2020-02-19 04:00:00+08:00,3.9357338,27.216026,27.05,1001.18414,48.609676,0.0,0.0,0.0,15.3,0.0,0.0,,0.0
2020-02-19 05:00:00+08:00,5.672742,40.71076,27.5,1000.60095,49.04157,0.0,0.0,0.0,15.85,0.0,0.0,,0.0
2020-02-19 06:00:00+08:00,5.314132,19.798973,27.5,1001.8905,50.63091,0.0,0.0,0.0,16.35,0.0,0.0,,0.0
2020-02-19 07:00:00+08:00,8.236504,29.054508,28.55,1001.42285,46.871826,28.0,86.36681,18.0,16.1,0.0,0.0,,1.0
2020-02-19 08:00:00+08:00,6.5734315,33.206593,30.4,1001.17426,39.514683,179.0,350.28284,75.0,15.1,0.0,0.0,,1.0
2020-02-19 09:00:00+08:00,6.280127,37.234917,31.4,1002.1924,37.92633,256.0,167.95454,171.0,15.35,0.0,0.0,,1.0
2020-02-19 10:00:00+08:00,6.8622155,18.699081,33.8,1001.75854,32.808983,427.0,325.92175,203.0,15.2,0.0,0.0,,1.0
2020-02-19 11:00:00+08:00,5.2201533,343.3007,35.6,1001.40784,29.120852,615.0,322.41806,348.0,14.9,0.0,0.0,,1.0
2020-02-19 12:00:00+08:00,4.738143,262.7251,33.4,1001.1529,39.959713,798.0,489.66968,348.0,17.95,0.0,0.0,,1.0
2020-02-19 13:00:00+08:00,5.9135437,183.87845,27.9,1001.802,59.92586,583.0,164.62515,426.0,19.4,0.0,0.0,,1.0
2020-02-19 14:00:00+08:00,4.509989,183.814,30.0,1000.96515,47.407856,643.0,201.11354,456.0,17.6,0.0,0.0,,1.0
2020-02-19 15:00:00+08:00,5.8008623,180.98773,30.3,1001.07214,48.543194,703.0,402.81595,361.0,18.25,0.0,0.0,,1.0
2020-02-19 16:00:00+08:00,6.9892774,160.78723,32.15,1000.5254,42.33738,591.0,424.12195,287.0,17.75,0.0,0.0,,1.0
2020-02-19 17:00:00+08:00,7.666159,149.42085,29.85,1001.1594,46.921352,366.0,284.09158,212.0,17.3,0.0,0.0,,1.0
2020-02-19 18:00:00+08:00,4.243819,145.56096,30.1,1001.06683,47.584026,134.0,133.59875,89.0,17.75,0.0,0.0,,1.0
2020-02-19 19:00:00+08:00,6.7230945,157.249,27.75,1001.4015,61.781536,40.0,80.68183,29.0,19.75,0.0,0.0,,1.0
2020-02-19 20:00:00+08:00,5.7982755,147.6804,28.15,1001.21375,53.264202,0.0,0.0,0.0,17.75,0.0,0.0,,0.0
2020-02-19 21:00:00+08:00,7.2449985,110.1859,28.3,1001.3168,51.323105,0.0,0.0,0.0,17.3,0.0,0.0,,0.0
2020-02-19 22:00:00+08:00,7.81025,103.32455,28.05,1000.9133,53.23895,0.0,0.0,0.0,17.65,0.0,0.0,,0.0
2020-02-19 23:00:00+08:00,6.596969,104.03627,27.7,1001.2014,53.82603,0.0,0.0,0.0,17.5,0.0,0.0,,0.0
2020-02-20 00:00:00+08:00,7.891768,98.74608,27.85,1001.5032,48.048492,0.0,0.0,0.0,15.85,0.0,0.0,,0.0
2020-02-20 01:00:00+08:00,7.800641,89.265495,27.25,1000.9912,48.04255,0.0,0.0,0.0,15.3,0.0,0.0,,0.0
2020-02-20 02:00:00+08:00,7.542546,83.911575,26.95,1000.5863,50.326366,0.0,0.0,0.0,15.75,0.0,0.0,,0.0
2020-02-20 03:00:00+08:00,6.4350605,57.05078,26.75,1001.4736,53.0779,0.0,0.0,0.0,16.4,0.0,0.0,,0.0
2020-02-20 04:00:00+08:00,6.9310894,46.169064,25.95,1001.65027,59.09933,0.0,0.0,0.0,17.35,0.0,0.0,,0.0
2020-02-20 05:00:00+08:00,5.860034,36.674442,25.35,1001.83234,62.215183,0.0,0.0,0.0,17.6,0.0,0.0,,0.0
2020-02-20 06:00:00+08:00,6.021628,35.537766,25.25,1002.2266,61.80146,0.0,0.0,0.0,17.4,0.0,0.0,,0.0
2020-02-20 07:00:00+08:00,5.280152,24.623547,25.55,1003.22675,59.005234,16.0,0.0,16.0,16.95,0.0,0.0,,1.0
2020-02-20 08:00:00+08:00,1.1401755,37.875053,25.6,1003.724,63.85601,68.0,6.7894483,66.0,18.25,0.0,0.0,,1.0
2020-02-20 09:00:00+08:00,1.7888545,333.43503,26.35,1004.33954,59.193165,116.0,3.968324,114.0,17.75,0.0,0.0,,1.0
2020-02-20 10:00:00+08:00,2.3537204,282.26477,26.75,1004.6478,55.138985,210.0,13.131811,201.0,17.0,0.0,0.0,,1.0
2020-02-20 11:00:00+08:00,1.7691805,227.29063,26.65,1004.2486,57.79009,347.0,33.885845,319.0,17.65,0.0,0.0,,1.0
2020-02-20 12:00:00+08:00,4.295346,192.09474,26.8,1003.9548,64.71462,495.0,97.03368,406.0,19.6,0.0,0.1,,1.0
2020-02-20 13:00:00+08:00,5.769748,205.67677,26.5,1004.04614,65.663925,577.0,144.97934,439.0,19.55,0.0,0.0,,1.0
2020-02-20 14:00:00+08:00,6.152235,187.47147,26.95,1003.06616,58.409805,636.0,245.71994,408.0,18.1,0.0,0.0,,1.0
2020-02-20 15:00:00+08:00,5.7271285,192.09474,28.05,1002.6989,55.11296,651.0,370.76202,337.0,18.2,0.0,0.0,,1.0
2020-02-20 16:00:00+08:00,6.6850576,214.641,24.95,1003.3095,68.05826,276.0,39.192524,248.0,18.65,0.0,0.0,,1.0
2020-02-20 17:00:00+08:00,5.707013,191.113,23.1,1004.052,82.46612,119.0,0.0,119.0,19.95,0.0,1.8,,1.0
2020-02-20 18:00:00+08:00,4.197618,167.61925,22.75,1004.04224,86.07594,49.0,0.0,49.0,20.3,0.0,0.4,,1.0
2020-02-20 19:00:00+08:00,5.27731,152.94948,22.45,1004.2324,87.65786,21.0,0.0,21.0,20.3,0.0,0.2,,1.0
2020-02-20 20:00:00+08:00,3.0413814,152.59251,23.75,1003.67334,80.78025,0.0,0.0,0.0,20.25,0.0,0.1,,0.0
2020-02-20 21:00:00+08:00,2.828427,135.0001,24.1,1003.7822,79.34339,0.0,0.0,0.0,20.3,0.0,0.0,,0.0
2020-02-20 22:00:00+08:00,2.8653097,119.24873,24.4,1003.8896,77.688675,0.0,0.0,0.0,20.25,0.0,0.0,,0.0
2020-02-20 23:00:00+08:00,5.67186,99.1301,25.65,1002.83246,68.40877,0.0,0.0,0.0,19.4,0.0,0.0,,0.0
2020-02-21 00:00:00+08:00,7.3552704,82.9717,26.3,1002.15576,61.456272,0.0,0.0,0.0,18.3,0.0,0.0,,0.0
2020-02-21 01:00:00+08:00,5.571355,68.96242,25.8,1003.13416,62.905323,0.0,0.0,0.0,18.2,0.0,0.0,,0.0
2020-02-21 02:00:00+08:00,5.5542774,66.66594,25.35,1002.62585,65.015114,0.0,0.0,0.0,18.3,0.0,0.0,,0.0
2020-02-21 03:00:00+08:00,5.6462374,67.06787,25.15,1002.8189,66.0002,0.0,0.0,0.0,18.35,0.0,0.0,,0.0
2020-02-21 04:00:00+08:00,5.235456,61.47699,24.8,1003.1071,65.92758,0.0,0.0,0.0,18.0,0.0,0.0,,0.0
2020-02-21 05:00:00+08:00,4.3416586,61.07368,24.6,1003.10144,66.301926,0.0,0.0,0.0,17.9,0.0,0.0,,0.0
2020-02-21 06:00:00+08:00,3.4985712,59.03632,24.15,1004.08093,68.11344,0.0,0.0,0.0,17.9,0.0,0.0,,0.0
2020-02-21 07:00:00+08:00,3.3970575,47.385983,24.95,1004.69824,65.13495,29.0,44.08907,24.0,17.95,0.0,0.0,,1.0
2020-02-21 08:00:00+08:00,1.6,360.0,23.65,1004.66235,84.85073,94.0,10.264969,91.0,20.95,0.0,0.0,,1.0
2020-02-21 09:00:00+08:00,2.1023796,25.346138,23.6,1005.3553,86.15852,73.0,1.9924552,72.0,21.15,0.0,0.9,,1.0
2020-02-21 10:00:00+08:00,2.2847319,23.198618,23.7,1005.65576,81.02374,149.0,2.926437,147.0,20.25,0.0,0.8,,1.0
2020-02-21 11:00:00+08:00,2.1260293,41.185837,25.0,1005.3938,68.28126,322.0,20.61938,305.0,18.75,0.0,0.4,,1.0
2020-02-21 12:00:00+08:00,1.9723083,59.53454,26.35,1004.7363,62.242516,369.0,41.512157,331.0,18.55,0.0,0.0,,1.0
2020-02-21 13:00:00+08:00,1.2727922,44.999897,27.45,1004.2701,58.52788,395.0,26.315916,370.0,18.6,0.0,0.0,,1.0
2020-02-21 14:00:00+08:00,0.72801095,105.945465,27.85,1003.4871,58.622036,441.0,59.401768,386.0,19.0,0.0,0.2,,1.0
2020-02-21 15:00:00+08:00,1.2,180.0,28.05,1002.79816,58.486546,470.0,106.542816,380.0,19.15,0.0,0.1,,1.0
2020-02-21 16:00:00+08:00,2.6172504,186.58185,27.8,1002.39465,59.71668,349.0,71.62802,298.0,19.25,0.0,0.0,,1.0
2020-02-21 17:00:00+08:00,2.9614186,191.68935,26.45,1002.45734,68.353096,211.0,39.122562,190.0,20.15,0.0,0.1,,1.0
2020-02-21 18:00:00+08:00,2.8160257,196.50444,24.8,1003.20636,81.41354,68.0,15.108003,63.0,21.4,0.0,0.5,,1.0
2020-02-21 19:00:00+08:00,3.0149627,174.2895,23.45,1003.5659,91.302795,19.0,0.0,19.0,21.95,0.0,0.4,,1.0
2020-02-21 20:00:00+08:00,3.905125,166.67546,23.6,1003.56995,87.75774,0.0,0.0,0.0,21.45,0.0,0.1,,0.0
2020-02-21 21:00:00+08:00,3.5735137,162.07199,23.35,1003.7615,87.19931,0.0,0.0,0.0,21.1,0.0,0.0,,0.0
2020-02-21 22:00:00+08:00,3.9,180.0,22.95,1003.7504,89.059746,0.0,0.0,0.0,21.05,0.0,0.2,,0.0
2020-02-21 23:00:00+08:00,3.7854989,167.79955,22.75,1003.0504,88.22589,0.0,0.0,0.0,20.7,0.0,0.0,,0.0
2020-02-22 00:00:00+08:00,4.3829217,152.8504,22.65,1003.04755,87.405334,0.0,0.0,0.0,20.45,0.0,0.0,,0.0
2020-02-22 01:00:00+08:00,3.9824615,151.50446,22.5,1002.84515,88.204994,0.0,0.0,0.0,20.45,0.0,0.0,,0.0
2020-02-22 02:00:00+08:00,2.4166093,155.55606,22.3,1003.3354,88.461075,0.0,0.0,0.0,20.3,0.0,0.5,,0.0
2020-02-22 03:00:00+08:00,3.3301651,138.65233,22.05,1003.03094,91.778496,0.0,0.0,0.0,20.65,0.0,2.5,,0.0
2020-02-22 04:00:00+08:00,4.701064,141.91118,22.05,1002.7334,90.37448,0.0,0.0,0.0,20.4,0.0,0.5,,0.0
2020-02-22 05:00:00+08:00,4.4922156,163.17851,21.8,1003.024,91.763565,0.0,0.0,0.0,20.4,0.0,1.1,,0.0
2020-02-22 06:00:00+08:00,5.3814497,138.01286,21.6,1002.9191,88.95389,0.0,0.0,0.0,19.7,0.0,1.1,,0.0
2020-02-22 07:00:00+08:00,5.234501,173.41815,21.65,1004.5076,92.0385,12.0,26.731602,9.0,20.3,0.0,4.8,,1.0
2020-02-22 08:00:00+08:00,2.6907248,131.98714,22.4,1003.83417,86.04176,115.0,131.05717,77.0,19.95,0.0,2.3,,1.0
2020-02-22 09:00:00+08:00,5.622277,95.10208,23.5,1002.972,78.2818,183.0,104.0424,131.0,19.5,0.0,0.1,,1.0
2020-02-22 10:00:00+08:00,8.338465,84.49462,26.35,1002.35565,60.320934,448.0,385.92426,185.0,18.05,0.0,0.0,,1.0
2020-02-22 11:00:00+08:00,7.0830784,76.944756,28.9,1002.12634,50.038086,742.0,658.87866,200.0,17.45,0.0,0.0,,1.0
2020-02-22 12:00:00+08:00,5.0537114,62.927998,30.7,1001.57886,45.257202,859.0,699.46924,220.0,17.5,0.0,0.0,,1.0
2020-02-22 13:00:00+08:00,5.8600345,64.74687,28.8,1001.13184,54.440735,687.0,486.24057,226.0,18.7,0.0,0.2,,1.0
2020-02-22 14:00:00+08:00,3.939543,66.037506,29.7,1000.5604,51.682243,791.0,636.4582,203.0,18.7,0.0,0.0,,1.0
2020-02-22 15:00:00+08:00,1.7029387,86.63361,30.7,999.5947,48.042843,811.0,801.18243,136.0,18.45,0.0,0.0,,1.0
2020-02-22 16:00:00+08:00,0.0,270.0,30.6,999.1951,48.16721,642.0,735.6799,120.0,18.4,0.0,0.0,,1.0
2020-02-22 17:00:00+08:00,1.555635,224.9999,29.95,998.9798,49.528385,470.0,694.7025,99.0,18.25,0.0,0.0,,1.0
2020-02-22 18:00:00+08:00,4.6840153,196.1135,27.6,999.6118,61.74806,215.0,399.46777,84.0,19.6,0.0,0.0,,1.0
2020-02-22 19:00:00+08:00,5.0249376,174.2895,25.15,1000.24,74.05643,57.0,242.84525,25.0,20.2,0.0,0.0,,1.0
2020-02-22 20:00:00+08:00,4.317406,166.60748,24.7,1000.92206,77.01697,0.0,0.0,0.0,20.4,0.0,0.0,,0.0
2020-02-22 21:00:00+08:00,4.3011627,144.46223,24.15,1002.09717,77.1722,0.0,0.0,0.0,19.9,0.0,0.1,,0.0
2020-02-22 22:00:00+08:00,3.8078866,156.80139,23.6,1002.2805,81.76537,0.0,0.0,0.0,20.3,0.0,0.2,,0.0
2020-02-22 23:00:00+08:00,3.535534,151.2603,22.95,1001.86584,86.6279,0.0,0.0,0.0,20.6,0.0,0.1,,0.0
2020-02-23 00:00:00+08:00,2.8319604,132.13753,22.75,1001.66187,87.95458,0.0,0.0,0.0,20.65,0.0,0.0,,0.0
2020-02-23 01:00:00+08:00,3.2,90.0,23.05,1001.07526,84.00538,0.0,0.0,0.0,20.2,0.0,0.0,,0.0
2020-02-23 02:00:00+08:00,3.206244,86.423744,22.75,1000.5708,85.01833,0.0,0.0,0.0,20.1,0.0,0.0,,0.0
2020-02-23 03:00:00+08:00,2.630589,98.74608,22.45,1000.66187,87.38752,0.0,0.0,0.0,20.25,0.0,0.0,,0.0
2020-02-23 04:00:00+08:00,2.184033,105.945465,22.45,1000.5626,88.74668,0.0,0.0,0.0,20.5,0.0,0.0,,0.0
2020-02-23 05:00:00+08:00,1.7720045,106.38962,22.3,1000.6575,89.28405,0.0,0.0,0.0,20.45,0.0,0.0,,0.0
2020-02-23 06:00:00+08:00,1.7029387,93.366394,22.0,1001.2444,89.81453,0.0,0.0,0.0,20.25,0.0,0.0,,0.0
2020-02-23 07:00:00+08:00,3.008322,105.42222,22.85,1001.76385,85.555786,34.0,153.0787,17.0,20.3,0.0,0.2,,1.0
2020-02-23 08:00:00+08:00,2.7892652,104.5345,24.5,1001.6111,68.61167,195.0,434.5475,70.0,18.35,0.0,0.2,,1.0
2020-02-23 09:00:00+08:00,2.9274564,97.853226,27.05,1001.48175,60.292755,385.0,586.69714,93.0,18.7,0.0,0.0,,1.0
2020-02-23 10:00:00+08:00,1.3892444,120.256355,29.2,1001.0433,53.528267,592.0,682.8272,128.0,18.8,0.0,0.0,,1.0
2020-02-23 11:00:00+08:00,0.8544004,200.55612,30.15,1000.77075,51.155037,722.0,673.7895,169.0,18.95,0.0,0.0,,1.0
2020-02-23 12:00:00+08:00,3.0,216.86998,29.75,1000.4625,55.358322,763.0,629.61096,189.0,19.85,0.0,0.1,,1.0
2020-02-23 13:00:00+08:00,5.0537114,207.07199,28.95,1000.44147,60.166603,784.0,571.7942,243.0,20.45,0.0,0.0,,1.0
2020-02-23 14:00:00+08:00,4.992995,212.73521,28.15,1000.321,61.87064,769.0,606.43536,210.0,20.15,0.0,0.0,,1.0
2020-02-23 15:00:00+08:00,4.6690474,226.73567,27.45,1000.0046,63.6593,760.0,720.044,155.0,19.95,0.0,0.0,,1.0
2020-02-23 16:00:00+08:00,4.701064,231.91118,26.8,999.7886,67.37351,611.0,702.9408,114.0,20.25,0.0,0.0,,1.0
2020-02-23 17:00:00+08:00,4.318565,227.81563,25.95,999.8648,69.752396,440.0,653.16986,93.0,20.0,0.0,0.0,,1.0
2020-02-23 18:00:00+08:00,4.1880784,213.31064,24.75,1000.0306,76.079216,237.0,517.1262,69.0,20.25,0.0,0.0,,1.0
2020-02-23 19:00:00+08:00,3.577709,206.56499,23.95,1000.8024,81.557144,58.0,253.45828,25.0,20.6,0.0,0.0,,1.0
2020-02-23 20:00:00+08:00,2.4351592,199.17911,23.4,1000.9854,85.61115,0.0,0.0,0.0,20.85,0.0,0.0,,0.0
2020-02-23 21:00:00+08:00,2.209072,185.19434,23.25,1001.5765,87.997116,0.0,0.0,0.0,21.15,0.0,0.0,,0.0
2020-02-23 22:00:00+08:00,1.811077,186.3401,22.95,1001.66754,89.059746,0.0,0.0,0.0,21.05,0.0,0.0,,0.0
2020-02-23 23:00:00+08:00,1.3152945,171.25392,22.35,1001.3533,92.64611,0.0,0.0,0.0,21.1,0.0,0.0,,0.0
2020-02-24 00:00:00+08:00,1.8027756,176.82024,21.85,1001.4386,94.34565,0.0,0.0,0.0,20.9,0.0,0.0,,0.0
2020-02-24 01:00:00+08:00,1.6492423,194.03627,21.85,1001.24023,94.05599,0.0,0.0,0.0,20.85,0.0,0.0,,0.0
2020-02-24 02:00:00+08:00,1.0,180.0,22.65,1000.76636,91.814125,0.0,0.0,0.0,21.25,0.0,0.0,,0.0
2020-02-24 03:00:00+08:00,0.9055385,6.3401003,21.55,1000.3392,95.79646,0.0,0.0,0.0,20.85,0.0,0.0,,0.0
2020-02-24 04:00:00+08:00,1.603122,3.5762644,21.4,1000.1367,96.383286,0.0,0.0,0.0,20.8,0.0,0.0,,0.0
2020-02-24 05:00:00+08:00,2.109502,5.4402504,21.2,1000.32935,94.610344,0.0,0.0,0.0,20.3,0.0,0.0,,0.0
2020-02-24 06:00:00+08:00,1.7117243,6.70975,20.45,1001.0027,94.87463,0.0,0.0,0.0,19.6,0.0,0.0,,0.0
2020-02-24 07:00:00+08:00,1.1401755,322.12494,22.25,1001.7472,87.36965,39.0,182.00171,19.0,20.05,0.0,0.0,,1.0
2020-02-24 08:00:00+08:00,2.9832866,309.55963,24.4,1001.31067,78.411674,229.0,578.19006,64.0,20.4,0.0,0.0,,1.0
2020-02-24 09:00:00+08:00,3.0413814,297.4075,26.0,1001.5528,73.06652,448.0,722.34515,90.0,20.8,0.0,0.0,,1.0
2020-02-24 10:00:00+08:00,3.7054014,273.094,26.9,1001.7753,71.44984,656.0,816.15967,103.0,21.3,0.0,0.0,,1.0
2020-02-24 11:00:00+08:00,4.7265205,263.92764,27.0,1001.5798,72.791794,822.0,865.8723,113.0,21.7,0.0,0.0,,1.0
2020-02-24 12:00:00+08:00,5.4037027,267.87894,26.25,1001.3609,74.925095,893.0,852.9737,117.0,21.45,0.0,0.0,,1.0
2020-02-24 13:00:00+08:00,5.4589376,278.42688,26.55,1000.7739,70.73129,937.0,856.8601,128.0,20.8,0.0,0.0,,1.0
2020-02-24 14:00:00+08:00,5.622277,275.10208,26.7,1000.4804,67.14554,910.0,851.43005,127.0,20.1,0.0,0.0,,1.0
2020-02-24 15:00:00+08:00,5.6142673,274.08554,26.55,1000.37714,64.66167,825.0,845.0007,117.0,19.35,0.0,0.0,,1.0
2020-02-24 16:00:00+08:00,5.1088157,273.3664,25.9,1000.558,66.77622,702.0,857.4382,98.0,19.25,0.0,0.0,,1.0
2020-02-24 17:00:00+08:00,4.1773195,258.9591,25.35,1000.84045,71.61184,497.0,775.96234,87.0,19.85,0.0,0.0,,1.0
2020-02-24 18:00:00+08:00,3.324154,248.83867,24.35,1001.4083,80.858086,265.0,612.3445,68.0,20.85,0.0,0.0,,1.0
2020-02-24 19:00:00+08:00,2.5,233.13002,23.4,1001.77893,84.563576,60.0,248.87517,28.0,20.65,0.0,0.0,,1.0
2020-02-24 20:00:00+08:00,1.5811387,214.69522,23.35,1001.97614,90.74068,0.0,0.0,0.0,21.75,0.0,0.0,,0.0
2020-02-24 21:00:00+08:00,0.64031243,218.65984,22.95,1002.6594,94.67924,0.0,0.0,0.0,22.05,0.0,0.0,,0.0
2020-02-24 22:00:00+08:00,0.22360681,333.43503,22.9,1002.55865,95.256195,0.0,0.0,0.0,22.1,0.0,0.0,,0.0
2020-02-24 23:00:00+08:00,1.1,360.0,21.7,1002.22766,98.181114,0.0,0.0,0.0,21.4,0.0,0.0,,0.0
2020-02-25 00:00:00+08:00,1.4,360.0,21.85,1002.13293,97.28564,0.0,0.0,0.0,21.4,0.0,0.0,,0.0
2020-02-25 01:00:00+08:00,1.6124516,7.12493,21.55,1001.6286,96.38733,0.0,0.0,0.0,20.95,0.0,0.0,,0.0
2020-02-25 02:00:00+08:00,1.4142135,8.130019,20.8,1001.30994,96.06963,0.0,0.0,0.0,20.15,0.0,0.0,,0.0
2020-02-25 03:00:00+08:00,1.5,360.0,20.35,1001.09906,95.16601,0.0,0.0,0.0,19.55,0.0,0.0,,0.0
2020-02-25 04:00:00+08:00,1.5524175,345.06854,20.15,1001.2917,94.56842,0.0,0.0,0.0,19.25,0.0,0.0,,0.0
2020-02-25 05:00:00+08:00,1.5264337,328.39255,20.35,1001.4957,94.57642,0.0,0.0,0.0,19.45,0.0,0.0,,0.0
2020-02-25 06:00:00+08:00,1.7088008,339.44388,20.2,1001.98724,95.7541,0.0,0.0,0.0,19.5,0.0,0.0,,0.0
2020-02-25 07:00:00+08:00,1.8,360.0,20.95,1002.802,89.7374,33.0,147.15063,17.0,19.2,0.0,0.0,,1.0
2020-02-25 08:00:00+08:00,1.4764823,298.30066,22.85,1003.0533,84.7663,216.0,512.17944,71.0,20.15,0.0,0.0,,1.0
2020-02-25 09:00:00+08:00,1.8027756,273.17978,24.3,1003.2916,76.71841,352.0,354.59918,177.0,19.95,0.0,0.0,,1.0
2020-02-25 10:00:00+08:00,2.5317976,260.9098,25.55,1003.5243,71.64781,606.0,706.0537,129.0,20.05,0.0,0.0,,1.0
2020-02-25 11:00:00+08:00,2.7658634,257.4712,26.35,1003.546,67.07517,778.0,725.9198,185.0,19.75,0.0,0.0,,1.0
2020-02-25 12:00:00+08:00,3.1320918,253.30067,26.95,1002.9669,65.14903,888.0,752.3708,205.0,19.85,0.0,0.0,,1.0
2020-02-25 13:00:00+08:00,3.8013155,243.43501,26.9,1002.86646,67.60179,904.0,727.1119,219.0,20.4,0.0,0.0,,1.0
2020-02-25 14:00:00+08:00,4.0706263,242.176,26.25,1002.35284,69.37896,927.0,845.86584,151.0,20.2,0.0,0.0,,1.0
2020-02-25 15:00:00+08:00,4.118252,240.94548,26.65,1002.2647,66.51482,822.0,819.9425,137.0,19.9,0.0,0.0,,1.0
2020-02-25 16:00:00+08:00,3.2802439,232.43134,25.7,1001.94135,67.36237,634.0,682.60614,155.0,19.2,0.0,0.0,,1.0
2020-02-25 17:00:00+08:00,3.2649655,229.9698,25.3,1001.63275,69.62926,448.0,626.19293,119.0,19.35,0.0,0.0,,1.0
2020-02-25 18:00:00+08:00,2.7202942,216.02747,24.55,1002.1082,74.18562,239.0,502.4239,79.0,19.65,0.0,0.0,,1.0
2020-02-25 19:00:00+08:00,3.008322,195.42223,23.45,1002.6733,81.24256,55.0,236.39343,25.0,20.05,0.0,0.0,,0.0
2020-02-25 20:00:00+08:00,2.84605,161.56496,23.15,1002.7639,82.21719,0.0,0.0,0.0,19.95,0.0,0.0,,0.0
2020-02-25 21:00:00+08:00,1.9416487,168.11136,23.4,1003.0683,79.98739,0.0,0.0,0.0,19.75,0.0,0.0,,0.0
2020-02-25 22:00:00+08:00,1.3038404,175.60138,22.8,1003.05194,85.28681,0.0,0.0,0.0,20.2,0.0,0.0,,0.0
2020-02-25 23:00:00+08:00,1.2041595,131.63345,22.65,1002.75,85.53563,0.0,0.0,0.0,20.1,0.0,0.0,,0.0
2020-02-26 00:00:00+08:00,1.3000001,157.3801,22.75,1002.5545,83.71233,0.0,0.0,0.0,19.85,0.0,0.0,,0.0
2020-02-26 01:00:00+08:00,1.2727922,135.0001,22.35,1002.3451,84.450645,0.0,0.0,0.0,19.6,0.0,0.0,,0.0
2020-02-26 02:00:00+08:00,1.3038404,175.60138,22.0,1001.34357,87.347305,0.0,0.0,0.0,19.8,0.0,0.0,,0.0
2020-02-26 03:00:00+08:00,1.431782,204.77512,21.45,1001.1298,92.88435,0.0,0.0,0.0,20.25,0.0,0.0,,0.0
2020-02-26 04:00:00+08:00,1.2083046,204.44394,21.8,1001.04034,94.63413,0.0,0.0,0.0,20.9,0.0,0.0,,0.0
2020-02-26 05:00:00+08:00,1.3,180.0,22.2,1001.15094,93.49564,0.0,0.0,0.0,21.1,0.0,0.0,,0.0
2020-02-26 06:00:00+08:00,1.0049876,185.7105,23.1,1001.77075,90.170204,0.0,0.0,0.0,21.4,0.0,0.0,,0.0
2020-02-26 07:00:00+08:00,1.8439089,12.528798,25.2,1002.42346,74.52369,27.0,120.838715,14.0,20.35,0.0,0.0,,1.0
2020-02-26 08:00:00+08:00,9.1181135,68.78196,26.9,1001.37854,69.50249,160.0,348.94705,62.0,20.85,0.0,0.0,,1.0
2020-02-26 09:00:00+08:00,8.989995,64.2901,28.75,1001.72577,61.433556,266.0,305.23666,116.0,20.6,0.0,0.0,,1.0
2020-02-26 10:00:00+08:00,8.947066,62.00294,30.45,1002.2668,55.872356,477.0,512.178,132.0,20.65,0.0,0.1,,1.0
2020-02-26 11:00:00+08:00,7.543209,75.41104,31.1,1002.6806,53.01191,505.0,363.22046,209.0,20.4,0.0,0.0,,1.0
2020-02-26 12:00:00+08:00,6.0728908,107.241554,29.05,1002.3288,66.79541,545.0,292.56226,280.0,22.25,0.0,0.8,,1.0
2020-02-26 13:00:00+08:00,5.948109,153.00424,30.25,1001.2693,58.81971,601.0,343.6313,278.0,21.3,0.0,0.6,,1.0
2020-02-26 14:00:00+08:00,5.7558665,187.98924,30.45,1001.2747,57.6168,591.0,389.0275,235.0,21.15,0.0,0.0,,1.0
2020-02-26 15:00:00+08:00,5.700877,164.74483,30.55,1000.9796,58.53013,708.0,626.72986,186.0,21.5,0.0,0.1,,1.0
2020-02-26 16:00:00+08:00,6.2201285,175.38943,30.8,1000.68854,55.44342,476.0,457.84396,156.0,20.85,0.0,0.0,,1.0
2020-02-26 17:00:00+08:00,6.315061,169.04597,29.2,1000.2497,61.345318,208.0,155.0767,127.0,21.0,0.0,0.0,,1.0
2020-02-26 18:00:00+08:00,5.80517,169.07724,27.9,1000.4132,68.007454,128.0,228.49681,56.0,21.45,0.0,0.0,,1.0
2020-02-26 19:00:00+08:00,6.896376,150.46132,27.35,1000.1012,68.95024,33.0,127.808014,17.0,21.15,0.0,0.0,,0.0
2020-02-26 20:00:00+08:00,9.831073,99.36644,29.95,998.18616,49.68396,0.0,0.0,0.0,18.3,0.0,0.0,,0.0
2020-02-26 21:00:00+08:00,12.709839,87.745476,29.9,997.8874,50.455463,0.0,0.0,0.0,18.5,0.0,0.0,,0.0
2020-02-26 22:00:00+08:00,13.72953,79.50858,29.65,997.8808,51.669483,0.0,0.0,0.0,18.65,0.0,0.0,,0.0
2020-02-26 23:00:00+08:00,12.298374,79.69521,29.2,998.76166,52.69787,0.0,0.0,0.0,18.55,0.0,0.0,,0.0
2020-02-27 00:00:00+08:00,8.338465,84.49462,28.95,999.6479,54.819126,0.0,0.0,0.0,18.95,0.0,0.0,,0.0
2020-02-27 01:00:00+08:00,8.471717,82.53953,28.65,999.6397,56.305096,0.0,0.0,0.0,19.1,0.0,0.0,,0.0
2020-02-27 02:00:00+08:00,8.714355,86.71083,28.25,999.43066,54.989662,0.0,0.0,0.0,18.35,0.0,0.0,,0.0
2020-02-27 03:00:00+08:00,7.1,90.0,27.95,999.8197,54.058697,0.0,0.0,0.0,17.8,0.0,0.0,,0.0
2020-02-27 04:00:00+08:00,6.0876927,104.26455,27.4,1000.00323,54.43436,0.0,0.0,0.0,17.4,0.0,0.0,,0.0
2020-02-27 05:00:00+08:00,5.2201533,106.699326,26.5,1000.3759,58.85669,0.0,0.0,0.0,17.8,0.0,0.4,,0.0
2020-02-27 06:00:00+08:00,5.280152,114.62355,26.15,1000.36646,57.30644,0.0,0.0,0.0,17.05,0.0,0.0,,0.0
2020-02-27 07:00:00+08:00,5.360038,126.656204,26.6,1000.7752,54.753296,22.0,84.557274,13.0,16.75,0.0,0.0,,1.0
2020-02-27 08:00:00+08:00,7.080254,126.384445,25.85,1001.9454,64.71487,165.0,323.04874,75.0,18.7,0.0,0.0,,1.0
2020-02-27 09:00:00+08:00,7.6216793,109.14823,27.75,1001.2031,58.598507,284.0,353.54703,111.0,18.9,0.0,0.0,,1.0
2020-02-27 10:00:00+08:00,8.668333,106.76264,30.6,999.5919,48.92709,500.0,518.1764,152.0,18.65,0.0,0.0,,1.0
2020-02-27 11:00:00+08:00,8.598837,98.69542,33.75,998.8801,38.451195,782.0,789.7272,140.0,17.65,0.0,0.0,,1.0
2020-02-27 12:00:00+08:00,8.205485,92.09521,35.25,998.12494,33.41647,885.0,808.8638,154.0,16.75,0.0,0.0,,1.0
2020-02-27 13:00:00+08:00,7.21734,86.02759,36.55,997.9594,31.40584,919.0,818.95685,151.0,16.9,0.0,0.0,,1.0
2020-02-27 14:00:00+08:00,5.500909,88.9584,38.0,997.20184,28.471571,945.0,915.93475,109.0,16.6,0.0,0.0,,1.0
2020-02-27 15:00:00+08:00,4.560702,105.25517,38.4,996.815,26.81683,790.0,805.74994,121.0,16.0,0.0,0.0,,1.0
2020-02-27 16:00:00+08:00,3.6055512,123.6901,37.95,996.10925,26.87056,504.0,458.3032,185.0,15.65,0.0,0.0,,1.0
2020-02-27 17:00:00+08:00,3.352611,162.64589,37.2,995.99115,28.169182,484.0,776.2597,81.0,15.75,0.0,0.0,,1.0
2020-02-27 18:00:00+08:00,4.1773195,168.9591,35.45,996.0463,33.36506,254.0,606.43024,65.0,16.9,0.0,0.0,,1.0
2020-02-27 19:00:00+08:00,2.6172504,276.58185,30.05,996.9982,52.58421,54.0,251.16624,23.0,19.3,0.0,0.0,,0.0
2020-02-27 20:00:00+08:00,4.802083,301.37296,24.55,999.13257,84.170105,0.0,0.0,0.0,21.7,0.0,0.0,,0.0
2020-02-27 21:00:00+08:00,2.505993,298.61035,23.3,999.7927,92.13312,0.0,0.0,0.0,21.95,0.0,0.0,,0.0
2020-02-27 22:00:00+08:00,2.4738634,284.03625,23.9,1000.0074,89.40549,0.0,0.0,0.0,22.05,0.0,0.0,,0.0
2020-02-27 23:00:00+08:00,2.630589,278.74606,23.75,999.50745,90.21575,0.0,0.0,0.0,22.05,0.0,0.0,,0.0
2020-02-28 00:00:00+08:00,2.720294,287.1028,23.25,999.1961,94.69094,0.0,0.0,0.0,22.35,0.0,0.0,,0.0
2020-02-28 01:00:00+08:00,2.7166157,276.3401,23.0,998.79236,96.425896,0.0,0.0,0.0,22.4,0.0,0.0,,0.0
2020-02-28 02:00:00+08:00,0.72801095,254.05453,22.7,998.9826,97.89659,0.0,0.0,0.0,22.35,0.0,0.0,,0.0
2020-02-28 03:00:00+08:00,2.34094,250.0168,23.0,998.4948,95.84121,0.0,0.0,0.0,22.3,0.0,0.0,,0.0
2020-02-28 04:00:00+08:00,1.8788295,244.7989,22.8,998.9854,97.304794,0.0,0.0,0.0,22.35,0.0,0.0,,0.0
2020-02-28 05:00:00+08:00,2.8178005,242.52565,22.95,999.0887,95.839714,0.0,0.0,0.0,22.25,0.0,0.0,,0.0
2020-02-28 06:00:00+08:00,3.535534,241.2603,22.8,999.87805,96.12747,0.0,0.0,0.0,22.15,0.0,0.0,,0.0
2020-02-28 07:00:00+08:00,3.1890438,221.18582,23.15,1000.28424,93.25586,21.0,56.98102,15.0,22.0,0.0,0.0,,1.0
2020-02-28 08:00:00+08:00,2.8792362,200.32323,24.05,1000.01154,85.938705,155.0,300.33713,72.0,21.55,0.0,0.0,,1.0
2020-02-28 09:00:00+08:00,3.7013512,231.58191,25.2,1000.2413,79.00923,346.0,474.1098,115.0,21.3,0.0,0.0,,1.0
2020-02-28 10:00:00+08:00,3.9661064,236.3099,25.25,1000.342,79.258644,405.0,373.3787,155.0,21.4,0.0,0.0,,1.0
2020-02-28 11:00:00+08:00,3.758989,208.61037,25.45,999.65295,78.80266,483.0,234.30362,293.0,21.5,0.0,0.0,,1.0
2020-02-28 12:00:00+08:00,3.6055512,236.3099,26.1,999.96814,74.67148,636.0,509.0737,177.0,21.25,0.0,0.0,,1.0
2020-02-28 13:00:00+08:00,4.243819,235.56094,26.25,999.97217,74.239655,756.0,460.69855,325.0,21.3,0.0,0.0,,1.0
2020-02-28 14:00:00+08:00,4.5221677,234.90411,26.25,999.57544,73.55973,820.0,593.2215,280.0,21.15,0.0,0.0,,1.0
2020-02-28 15:00:00+08:00,4.4654226,235.95401,26.05,999.3717,73.52586,809.0,761.2463,179.0,20.95,0.0,0.0,,1.0
2020-02-28 16:00:00+08:00,4.1340055,237.84773,25.35,999.2534,73.86152,607.0,575.6929,208.0,20.35,0.0,0.0,,1.0
2020-02-28 17:00:00+08:00,4.3011627,234.46223,24.75,999.33624,74.44932,460.0,655.16095,122.0,19.9,0.0,0.0,,1.0
2020-02-28 18:00:00+08:00,3.8948684,228.12221,23.85,999.70856,77.126884,239.0,522.50146,78.0,19.6,0.0,0.0,,1.0
2020-02-28 19:00:00+08:00,3.482815,219.17365,23.1,1000.0846,79.69862,50.0,213.78413,24.0,19.4,0.0,0.0,,0.0
2020-02-28 20:00:00+08:00,3.1622777,198.43504,22.55,1000.0696,80.372185,0.0,0.0,0.0,19.0,0.0,0.0,,0.0
2020-02-28 21:00:00+08:00,2.9120438,195.94547,22.3,1000.35986,82.62659,0.0,0.0,0.0,19.2,0.0,0.0,,0.0
2020-02-28 22:00:00+08:00,3.0364454,197.24155,22.2,1000.75415,83.650215,0.0,0.0,0.0,19.3,0.0,0.0,,0.0
2020-02-28 23:00:00+08:00,3.008322,195.42223,22.1,1000.65216,83.89976,0.0,0.0,0.0,19.25,0.0,0.0,,0.0
2020-02-29 00:00:00+08:00,3.104835,194.93147,22.0,1000.6493,84.1503,0.0,0.0,0.0,19.2,0.0,0.0,,0.0
2020-02-29 01:00:00+08:00,3.1622777,198.43504,21.9,1000.4481,84.40188,0.0,0.0,0.0,19.15,0.0,0.0,,0.0
2020-02-29 02:00:00+08:00,3.1953092,200.13638,21.85,1000.1493,83.87179,0.0,0.0,0.0,19.0,0.0,0.0,,0.0
2020-02-29 03:00:00+08:00,3.1320918,196.69933,21.95,999.9535,82.84287,0.0,0.0,0.0,18.9,0.0,0.0,,0.0
2020-02-29 04:00:00+08:00,2.886174,194.03627,21.85,999.8517,83.61055,0.0,0.0,0.0,18.95,0.0,0.0,,0.0
2020-02-29 05:00:00+08:00,3.2015622,194.47034,21.7,999.94653,84.38016,0.0,0.0,0.0,18.95,0.0,0.0,,0.0
2020-02-29 06:00:00+08:00,2.828427,188.13002,21.65,1000.4412,84.638466,0.0,0.0,0.0,18.95,0.0,0.0,,0.0
2020-02-29 07:00:00+08:00,3.206244,183.57626,22.5,1001.0599,80.11507,29.0,124.80221,16.0,18.9,0.0,0.0,,1.0
2020-02-29 08:00:00+08:00,4.318565,185.31445,23.6,1001.0903,72.876945,187.0,404.92654,76.0,18.45,0.0,0.0,,1.0
2020-02-29 09:00:00+08:00,4.4553337,189.0394,24.65,1001.2184,67.1509,374.0,502.96152,130.0,18.15,0.0,0.0,,1.0
2020-02-29 10:00:00+08:00,4.8270073,193.17256,25.35,1001.138,64.00269,597.0,651.6666,162.0,18.05,0.0,0.0,,1.0
2020-02-29 11:00:00+08:00,5.124451,197.02061,25.95,1001.0552,58.356712,804.0,825.85706,136.0,17.15,0.0,0.0,,1.0
2020-02-29 12:00:00+08:00,5.565968,197.78398,26.3,1000.8662,56.62126,909.0,851.59143,143.0,17.0,0.0,0.0,,1.0
2020-02-29 13:00:00+08:00,5.597321,198.75874,26.45,1000.47345,58.291286,956.0,871.16376,143.0,17.6,0.0,0.0,,1.0
2020-02-29 14:00:00+08:00,6.0166435,201.4478,26.5,1000.27673,59.97763,922.0,873.5695,129.0,18.1,0.0,0.0,,1.0
2020-02-29 15:00:00+08:00,6.484597,199.83221,25.95,999.964,65.54947,816.0,811.0853,147.0,19.0,0.0,0.0,,1.0
2020-02-29 16:00:00+08:00,7.1168814,197.162,25.4,999.94934,66.46639,659.0,750.6934,141.0,18.7,0.0,0.0,,1.0
2020-02-29 17:00:00+08:00,6.9857,193.24052,24.6,1000.3241,68.41651,418.0,515.05237,154.0,18.4,0.0,0.0,,1.0
2020-02-29 18:00:00+08:00,6.576473,188.74608,24.0,1000.8037,68.2984,219.0,413.75558,93.0,17.8,0.0,0.0,,1.0
2020-02-29 19:00:00+08:00,6.3505907,187.23683,23.05,1001.07526,75.81076,50.0,217.07867,24.0,18.55,0.0,0.0,,0.0
2020-02-29 20:00:00+08:00,5.6008925,181.02301,22.7,1001.1647,75.99306,0.0,0.0,0.0,18.25,0.0,0.0,,0.0
2020-02-29 21:00:00+08:00,4.883646,169.3804,22.45,1001.6537,74.06451,0.0,0.0,0.0,17.6,0.0,0.0,,0.0
2020-02-29 22:00:00+08:00,4.707441,167.73524,22.4,1001.65216,75.94549,0.0,0.0,0.0,17.95,0.0,0.0,,0.0
2020-02-29 23:00:00+08:00,5.1662364,165.42575,22.15,1001.3476,79.31912,0.0,0.0,0.0,18.4,0.0,0.0,,0.0
2020-03-01 00:00:00+08:00,4.964876,161.20001,21.95,1001.24286,81.049934,0.0,0.0,0.0,18.55,0.0,0.0,,0.0
2020-03-01 01:00:00+08:00,4.792703,156.64442,21.7,1000.74,84.11719,0.0,0.0,0.0,18.9,0.0,0.0,,0.0
2020-03-01 02:00:00+08:00,4.4777226,150.57263,21.4,1000.53345,86.75119,0.0,0.0,0.0,19.1,0.0,0.0,,0.0
2020-03-01 03:00:00+08:00,4.263801,140.7106,21.0,1000.2247,88.629616,0.0,0.0,0.0,19.05,0.0,0.0,,0.0
2020-03-01 04:00:00+08:00,4.318565,137.81563,20.35,1000.70233,86.652275,0.0,0.0,0.0,18.05,0.0,0.0,,0.0
2020-03-01 05:00:00+08:00,4.263801,140.7106,19.85,1000.98566,86.60481,0.0,0.0,0.0,17.55,0.0,0.0,,0.0
2020-03-01 06:00:00+08:00,3.8183768,135.0001,19.2,1001.4631,91.03096,0.0,0.0,0.0,17.7,0.0,0.0,,0.0
2020-03-01 07:00:00+08:00,4.172529,135.97093,19.85,1002.07666,86.87835,34.0,164.98882,17.0,17.6,0.0,0.0,,1.0
2020-03-01 08:00:00+08:00,5.1739736,131.08165,21.7,1002.426,75.35582,224.0,584.77704,65.0,17.15,0.0,0.0,,1.0
2020-03-01 09:00:00+08:00,5.1312766,123.07069,24.05,1002.19366,62.318943,422.0,604.5302,130.0,16.4,0.0,0.0,,1.0
2020-03-01 10:00:00+08:00,5.3535037,122.79953,27.1,1002.07825,49.725636,675.0,870.0775,96.0,15.7,0.0,0.0,,1.0
2020-03-01 11:00:00+08:00,5.161395,125.537766,29.55,1001.4492,38.773937,845.0,916.00165,106.0,14.05,0.0,0.0,,1.0
2020-03-01 12:00:00+08:00,4.7801676,142.65057,31.25,1000.5021,32.21393,955.0,940.59863,111.0,12.7,0.0,0.0,,1.0
2020-03-01 13:00:00+08:00,5.1546097,161.91646,32.15,999.7317,29.234564,996.0,950.71826,111.0,12.0,0.0,0.0,,1.0
2020-03-01 14:00:00+08:00,6.4031243,178.21013,31.75,999.12604,33.969177,964.0,943.4505,110.0,13.95,0.0,0.0,,1.0
2020-03-01 15:00:00+08:00,6.8117547,183.3664,31.0,998.70984,44.348343,862.0,920.95056,105.0,17.45,0.0,0.0,,1.0
2020-03-01 16:00:00+08:00,6.6030297,181.73567,31.3,998.2216,42.64277,697.0,873.4874,97.0,17.1,0.0,0.0,,1.0
2020-03-01 17:00:00+08:00,6.152235,172.52853,31.6,998.03094,37.981564,487.0,789.5398,85.0,15.55,0.0,0.0,,1.0
2020-03-01 18:00:00+08:00,5.5362444,163.20155,30.9,998.3102,37.545357,254.0,628.2219,65.0,14.75,0.0,0.0,,1.0
2020-03-01 19:00:00+08:00,5.841233,141.95291,30.7,998.8011,30.212845,50.0,237.50842,22.0,11.25,0.0,0.0,,0.0
2020-03-01 20:00:00+08:00,5.5605755,142.3057,29.4,999.36224,31.387917,0.0,0.0,0.0,10.7,0.0,0.0,,0.0
2020-03-01 21:00:00+08:00,7.324616,128.90414,28.75,1000.23773,35.753872,0.0,0.0,0.0,12.1,0.0,0.0,,0.0
2020-03-01 22:00:00+08:00,7.5716577,123.690094,28.1,1000.2202,36.886974,0.0,0.0,0.0,12.0,0.0,0.0,,0.0
2020-03-01 23:00:00+08:00,8.207923,112.19034,28.1,1000.02185,36.886974,0.0,0.0,0.0,12.0,0.0,0.0,,0.0
2020-03-02 00:00:00+08:00,8.104321,105.75124,27.75,1000.2111,38.524555,0.0,0.0,0.0,12.35,0.0,0.0,,0.0
2020-03-02 01:00:00+08:00,8.973851,104.19113,26.5,1000.07837,44.985935,0.0,0.0,0.0,13.6,0.0,0.0,,0.0
2020-03-02 02:00:00+08:00,10.239629,95.04236,25.3,1000.0457,53.906643,0.0,0.0,0.0,15.3,0.0,0.0,,0.0
2020-03-02 03:00:00+08:00,10.007997,92.29056,24.65,1000.0281,56.94271,0.0,0.0,0.0,15.55,0.0,0.0,,0.0
2020-03-02 04:00:00+08:00,9.404785,91.827934,24.35,1000.6148,57.788834,0.0,0.0,0.0,15.5,0.0,0.0,,0.0
2020-03-02 05:00:00+08:00,9.10055,89.370415,24.0,1001.1013,58.2629,0.0,0.0,0.0,15.3,0.0,0.0,,0.0
2020-03-02 06:00:00+08:00,8.8,90.0,23.6,1001.6854,58.542454,0.0,0.0,0.0,15.0,0.0,0.0,,0.0
2020-03-02 07:00:00+08:00,9.2,90.0,23.5,1002.2777,58.330437,30.0,117.74778,18.0,14.85,0.0,0.0,,1.0
2020-03-02 08:00:00+08:00,9.513149,93.012726,24.9,1002.4153,53.80528,211.0,522.8449,70.0,14.9,0.0,0.0,,1.0
2020-03-02 09:00:00+08:00,10.307764,87.776085,26.6,1002.5607,48.49002,449.0,761.06354,83.0,14.85,0.0,0.0,,1.0
2020-03-02 10:00:00+08:00,10.756393,84.13049,28.5,1002.6117,43.249187,662.0,853.2093,96.0,14.8,0.0,0.0,,1.0
2020-03-02 11:00:00+08:00,10.394711,82.25975,30.55,1002.3685,38.675907,831.0,901.019,106.0,14.9,0.0,0.0,,1.0
2020-03-02 12:00:00+08:00,9.617692,81.02746,32.5,1001.8242,34.842854,940.0,925.0739,112.0,15.0,0.0,0.0,,1.0
2020-03-02 13:00:00+08:00,8.485281,81.86999,34.05,1001.3683,31.940847,982.0,939.1907,110.0,15.0,0.0,0.0,,1.0
2020-03-02 14:00:00+08:00,7.2249565,85.23644,35.3,1001.00354,29.70284,949.0,924.05835,115.0,14.95,0.0,0.0,,1.0
2020-03-02 15:00:00+08:00,6.4070277,92.68372,35.9,1000.2248,28.643322,820.0,791.14905,172.0,14.9,0.0,0.0,,1.0
2020-03-02 16:00:00+08:00,6.4536815,102.5288,35.5,999.9171,29.187899,587.0,478.2793,260.0,14.85,0.0,0.0,,1.0
2020-03-02 17:00:00+08:00,6.9641943,111.03758,34.6,1000.0926,30.482798,382.0,367.82635,196.0,14.75,0.0,0.0,,1.0
2020-03-02 18:00:00+08:00,6.774216,121.10875,33.1,1000.5501,33.147614,157.0,127.90188,119.0,14.75,0.0,0.0,,1.0
2020-03-02 19:00:00+08:00,6.6309876,113.08516,31.5,1001.00433,35.81884,40.0,120.71551,26.0,14.55,0.0,0.0,,0.0
2020-03-02 20:00:00+08:00,6.7542577,115.426834,30.3,1001.3698,34.57166,0.0,0.0,0.0,12.95,0.0,0.0,,0.0
2020-03-02 21:00:00+08:00,7.7369246,104.21589,30.0,1001.85803,33.8162,0.0,0.0,0.0,12.35,0.0,0.0,,0.0
2020-03-02 22:00:00+08:00,8.505292,92.021324,29.15,1002.03375,36.338844,0.0,0.0,0.0,12.7,0.0,0.0,,0.0
2020-03-02 23:00:00+08:00,9.226592,85.64901,28.5,1001.8181,37.242455,0.0,0.0,0.0,12.5,0.0,0.0,,0.0
2020-03-03 00:00:00+08:00,9.535197,80.34018,27.65,1002.0931,38.877785,0.0,0.0,0.0,12.4,0.0,0.0,,0.0
2020-03-03 01:00:00+08:00,9.317188,77.60461,26.8,1002.07007,39.412624,0.0,0.0,0.0,11.85,0.0,0.0,,0.0
2020-03-03 02:00:00+08:00,9.070832,75.96373,26.1,1001.952,40.401794,0.0,0.0,0.0,11.6,0.0,0.0,,0.0
2020-03-03 03:00:00+08:00,9.013879,72.57005,25.5,1001.8365,41.451324,0.0,0.0,0.0,11.45,0.0,0.0,,0.0
2020-03-03 04:00:00+08:00,8.6977005,70.52334,25.05,1001.92334,42.01626,0.0,0.0,0.0,11.25,0.0,0.0,,0.0
2020-03-03 05:00:00+08:00,8.28734,70.253075,24.6,1002.4071,42.591812,0.0,0.0,0.0,11.05,0.0,0.0,,0.0
2020-03-03 06:00:00+08:00,8.099382,69.775055,24.25,1002.89355,42.920067,0.0,0.0,0.0,10.85,0.0,0.0,,0.0
2020-03-03 07:00:00+08:00,8.1154175,67.543015,24.6,1003.59735,42.450726,31.0,158.74153,15.0,11.0,0.0,0.0,,1.0
2020-03-03 08:00:00+08:00,7.4323616,66.19405,26.7,1003.4563,43.883965,220.0,598.21106,60.0,13.4,0.0,0.0,,1.0
2020-03-03 09:00:00+08:00,7.3824115,61.69934,29.25,1003.52466,38.19077,452.0,770.70056,83.0,13.55,0.0,0.0,,1.0
2020-03-03 10:00:00+08:00,6.9641943,57.90745,31.65,1003.68713,33.503437,668.0,864.993,96.0,13.65,0.0,0.0,,1.0
2020-03-03 11:00:00+08:00,4.750789,59.656826,33.95,1003.0524,28.677568,841.0,917.1466,105.0,13.25,0.0,0.0,,1.0
2020-03-03 12:00:00+08:00,0.98994946,135.0001,34.25,1002.36554,25.983622,951.0,943.1202,109.0,12.0,0.0,0.0,,1.0
2020-03-03 13:00:00+08:00,3.0870697,204.90474,34.4,1001.7739,25.598309,991.0,950.33704,111.0,11.9,0.0,0.0,,1.0
2020-03-03 14:00:00+08:00,6.307139,205.34613,33.9,1001.4635,29.325245,959.0,943.5119,110.0,13.55,0.0,0.0,,1.0
2020-03-03 15:00:00+08:00,7.0604534,195.61105,32.75,1001.1362,32.102383,855.0,917.8035,106.0,13.95,0.0,0.0,,1.0
2020-03-03 16:00:00+08:00,6.4381676,186.24182,31.85,1000.81506,33.01794,684.0,856.8092,101.0,13.6,0.0,0.0,,1.0
2020-03-03 17:00:00+08:00,6.9007244,180.83029,30.8,1000.88696,40.78241,482.0,790.64484,85.0,15.95,0.0,0.0,,1.0
2020-03-03 18:00:00+08:00,6.5924196,170.39487,29.0,1001.2364,48.8148,246.0,623.94727,63.0,17.15,0.0,0.0,,1.0
2020-03-03 19:00:00+08:00,6.139218,167.77489,27.1,1001.68146,53.845444,45.0,219.24068,20.0,16.95,0.0,0.0,,0.0
2020-03-03 20:00:00+08:00,5.8940644,165.2564,26.35,1001.8597,54.69093,0.0,0.0,0.0,16.5,0.0,0.0,,0.0
2020-03-03 21:00:00+08:00,4.368066,164.05453,25.65,1002.13806,58.285355,0.0,0.0,0.0,16.85,0.0,0.0,,0.0
2020-03-03 22:00:00+08:00,2.529822,161.56496,24.75,1002.1135,64.68382,0.0,0.0,0.0,17.65,0.0,0.0,,0.0
2020-03-03 23:00:00+08:00,1.8867962,147.99466,23.05,1001.76953,74.63248,0.0,0.0,0.0,18.3,0.0,0.0,,0.0
2020-03-04 00:00:00+08:00,2.2022717,87.3975,22.55,1001.5573,70.652466,0.0,0.0,0.0,16.95,0.0,0.0,,0.0
2020-03-04 01:00:00+08:00,2.2135942,71.564964,23.7,1001.1923,47.711243,0.0,0.0,0.0,11.95,0.0,0.0,,0.0
2020-03-04 02:00:00+08:00,3.5171013,75.17348,26.05,1000.6612,29.735884,0.0,0.0,0.0,7.0,0.0,0.0,,0.0
2020-03-04 03:00:00+08:00,5.2000003,67.3801,26.85,1000.28613,27.408197,0.0,0.0,0.0,6.5,0.0,0.0,,0.0
2020-03-04 04:00:00+08:00,6.177378,60.94549,26.85,1000.1869,25.05182,0.0,0.0,0.0,5.2,0.0,0.0,,0.0
2020-03-04 05:00:00+08:00,6.6241984,61.113514,26.65,1000.37994,23.474453,0.0,0.0,0.0,4.1,0.0,0.0,,0.0
2020-03-04 06:00:00+08:00,6.809552,60.04649,26.25,1000.8649,23.04211,0.0,0.0,0.0,3.5,0.0,0.0,,0.0
2020-03-04 07:00:00+08:00,7.017834,57.215733,26.65,1001.1735,22.268057,30.0,150.48877,15.0,3.35,0.0,0.0,,1.0
2020-03-04 08:00:00+08:00,6.224147,46.301884,29.4,1001.247,21.443827,217.0,591.8858,60.0,5.1,0.0,0.0,,1.0
2020-03-04 09:00:00+08:00,5.841233,38.047092,32.6,1001.13245,18.36939,447.0,761.5552,84.0,5.5,0.0,0.0,,1.0
2020-03-04 10:00:00+08:00,4.7413077,27.645891,35.1,1000.9982,17.593727,657.0,840.46985,103.0,6.9,0.0,0.0,,1.0
2020-03-04 11:00:00+08:00,1.8973665,18.435053,36.45,1000.6358,19.159367,821.0,882.16986,115.0,9.25,0.0,0.0,,1.0
2020-03-04 12:00:00+08:00,5.375872,223.49261,34.25,999.88513,25.64337,934.0,917.5093,117.0,11.8,0.0,0.0,,1.0
2020-03-04 13:00:00+08:00,6.315853,203.31773,32.35,999.63776,28.153282,980.0,941.02484,111.0,11.6,0.0,0.0,,1.0
2020-03-04 14:00:00+08:00,5.700877,201.61484,32.65,999.14954,27.047209,948.0,935.27966,109.0,11.25,0.0,0.0,,1.0
2020-03-04 15:00:00+08:00,5.536244,200.07161,31.95,998.933,27.401459,849.0,916.32434,104.0,10.85,0.0,0.0,,1.0
2020-03-04 16:00:00+08:00,4.924429,203.9625,31.1,998.8115,29.335762,690.0,883.183,92.0,11.15,0.0,0.0,,1.0
2020-03-04 17:00:00+08:00,4.535416,194.03627,30.3,998.79047,30.912693,473.0,782.33386,83.0,11.25,0.0,0.0,,1.0
2020-03-04 18:00:00+08:00,5.7218876,185.01303,28.55,998.7444,41.619164,241.0,615.0009,63.0,14.25,0.0,0.0,,1.0
2020-03-04 19:00:00+08:00,4.652956,171.34753,26.75,998.5969,51.907143,43.0,214.17735,19.0,16.05,0.0,0.0,,0.0
2020-03-04 20:00:00+08:00,3.7643058,163.0091,26.05,999.1733,48.187214,0.0,0.0,0.0,14.25,0.0,0.0,,0.0
2020-03-04 21:00:00+08:00,2.4515302,168.23174,25.2,999.54694,49.70481,0.0,0.0,0.0,13.95,0.0,0.0,,0.0
2020-03-04 22:00:00+08:00,1.6,180.0,24.0,999.7127,56.601345,0.0,0.0,0.0,14.85,0.0,0.0,,0.0
2020-03-04 23:00:00+08:00,1.7,180.0,23.2,999.3931,62.527058,0.0,0.0,0.0,15.65,0.0,0.0,,0.0
2020-03-05 00:00:00+08:00,1.8027756,213.6901,22.6,999.07904,70.2154,0.0,0.0,0.0,16.9,0.0,0.0,,0.0
2020-03-05 01:00:00+08:00,2.059126,209.0545,21.55,998.4548,83.31538,0.0,0.0,0.0,18.6,0.0,0.0,,0.0
2020-03-05 02:00:00+08:00,2.302173,177.5105,21.15,997.65,85.65033,0.0,0.0,0.0,18.65,0.0,0.0,,0.0
2020-03-05 03:00:00+08:00,2.4041631,135.0001,20.55,997.13763,81.38074,0.0,0.0,0.0,17.25,0.0,0.0,,0.0
2020-03-05 04:00:00+08:00,2.2022715,140.52757,20.55,996.84,68.930145,0.0,0.0,0.0,14.65,0.0,0.0,,0.0
2020-03-05 05:00:00+08:00,2.5942245,117.552734,19.85,996.91943,59.76749,0.0,0.0,0.0,11.8,0.0,0.0,,0.0
2020-03-05 06:00:00+08:00,2.2627418,135.0001,20.5,997.136,50.772644,0.0,0.0,0.0,9.95,0.0,0.0,,0.0
2020-03-05 07:00:00+08:00,1.3928387,158.96242,22.0,997.57465,53.062214,29.0,152.18752,14.0,12.0,0.0,0.0,,1.0
2020-03-05 08:00:00+08:00,2.6,180.0,25.2,998.0591,35.587524,214.0,589.2483,59.0,8.9,0.0,0.0,,1.0
2020-03-05 09:00:00+08:00,3.710795,194.03627,27.2,998.1132,37.867367,437.0,716.51526,97.0,11.6,0.0,0.0,,1.0
2020-03-05 10:00:00+08:00,4.8703184,199.17911,27.95,998.3317,45.08975,636.0,748.84375,144.0,14.95,0.0,0.0,,1.0
2020-03-05 11:00:00+08:00,6.7230945,202.751,27.3,998.2149,53.04908,821.0,879.614,119.0,16.9,0.0,0.0,,1.0
2020-03-05 12:00:00+08:00,5.9615436,202.69383,27.8,997.9308,50.870186,922.0,880.5481,140.0,16.7,0.0,0.0,,1.0
2020-03-05 13:00:00+08:00,6.2769423,210.65059,27.4,997.821,57.24631,969.0,917.5976,124.0,18.2,0.0,0.0,,1.0
2020-03-05 14:00:00+08:00,7.306162,210.4257,26.55,998.09564,65.87851,917.0,834.23926,171.0,19.65,0.0,0.0,,1.0
2020-03-05 15:00:00+08:00,7.392564,210.03319,25.8,998.3729,69.07845,787.0,706.2409,215.0,19.7,0.0,0.0,,1.0
2020-03-05 16:00:00+08:00,7.4249578,205.52965,25.05,998.45166,71.11444,621.0,693.186,154.0,19.45,0.0,0.0,,1.0
2020-03-05 17:00:00+08:00,6.8883963,207.68097,24.45,998.93134,72.12074,442.0,676.9885,107.0,19.1,0.0,0.0,,1.0
2020-03-05 18:00:00+08:00,6.3631754,210.19153,23.5,999.40125,75.64589,226.0,549.8816,69.0,18.95,0.0,0.0,,1.0
2020-03-05 19:00:00+08:00,5.235456,208.52303,22.55,999.9704,79.62318,39.0,181.72021,19.0,18.85,0.0,0.0,,0.0
2020-03-05 20:00:00+08:00,4.382921,214.77791,22.25,1000.4578,79.831245,0.0,0.0,0.0,18.6,0.0,0.0,,0.0
2020-03-05 21:00:00+08:00,4.0816665,210.96368,21.95,1000.9453,81.303986,0.0,0.0,0.0,18.6,0.0,0.0,,0.0
2020-03-05 22:00:00+08:00,3.8275318,213.2749,21.8,1001.1395,81.28482,0.0,0.0,0.0,18.45,0.0,0.0,,0.0
2020-03-05 23:00:00+08:00,4.20119,218.23386,21.65,1001.2347,80.50422,0.0,0.0,0.0,18.15,0.0,0.0,,0.0
2020-03-06 00:00:00+08:00,4.263801,219.2894,21.55,1001.43024,79.48491,0.0,0.0,0.0,17.85,0.0,0.0,,0.0
2020-03-06 01:00:00+08:00,3.522783,214.59235,21.15,1001.12134,80.69152,0.0,0.0,0.0,17.7,0.0,0.0,,0.0
2020-03-06 02:00:00+08:00,3.679674,222.79738,21.05,1000.8209,80.171,0.0,0.0,0.0,17.5,0.0,0.0,,0.0
2020-03-06 03:00:00+08:00,3.753665,228.23979,20.9,1001.01526,79.39432,0.0,0.0,0.0,17.2,0.0,0.0,,0.0
2020-03-06 04:00:00+08:00,3.920459,232.25313,20.55,1001.5014,77.848236,0.0,0.0,0.0,16.55,0.0,0.0,,0.0
2020-03-06 05:00:00+08:00,4.243819,235.56094,20.8,1002.1034,73.07962,0.0,0.0,0.0,15.8,0.0,0.0,,0.0
2020-03-06 06:00:00+08:00,4.1340055,237.84773,20.95,1002.9012,67.47078,0.0,0.0,0.0,14.7,0.0,0.0,,0.0
2020-03-06 07:00:00+08:00,4.022437,235.1246,21.5,1003.6109,61.342556,20.0,51.307655,15.0,13.75,0.0,0.0,,1.0
2020-03-06 08:00:00+08:00,4.4553337,225.90929,22.7,1003.6442,65.278595,132.0,84.342316,110.0,15.85,0.0,0.0,,1.0
2020-03-06 09:00:00+08:00,5.4037023,218.991,22.95,1004.048,65.95935,307.0,306.96198,162.0,16.25,0.0,0.2,,1.0
2020-03-06 10:00:00+08:00,5.0328918,220.97165,23.95,1004.37317,56.225468,448.0,372.60562,204.0,14.7,0.0,0.0,,1.0
2020-03-06 11:00:00+08:00,5.1739736,221.08165,24.5,1004.686,53.53046,656.0,453.6194,295.0,14.45,0.0,0.0,,1.0
2020-03-06 12:00:00+08:00,5.161395,215.53777,24.7,1004.4929,52.383617,817.0,679.71216,215.0,14.3,0.0,0.0,,1.0
2020-03-06 13:00:00+08:00,5.3009434,215.78906,24.95,1004.599,47.735973,917.0,768.8506,211.0,13.1,0.0,0.0,,1.0
2020-03-06 14:00:00+08:00,5.3009434,215.78906,24.95,1004.79736,46.808975,903.0,804.4052,186.0,12.8,0.0,0.0,,1.0
2020-03-06 15:00:00+08:00,5.2801514,217.30403,24.75,1004.49414,47.21634,851.0,908.5775,118.0,12.75,0.0,0.0,,1.0
2020-03-06 16:00:00+08:00,4.9648767,214.33028,24.3,1004.6803,47.249245,691.0,886.23834,97.0,12.35,0.0,0.0,,1.0
2020-03-06 17:00:00+08:00,4.429447,208.30066,23.8,1004.76556,50.973564,478.0,800.21814,85.0,13.05,0.0,0.0,,1.0
2020-03-06 18:00:00+08:00,4.7423625,204.94388,22.75,1004.8357,62.8283,233.0,586.0265,68.0,15.3,0.0,0.0,,1.0
2020-03-06 19:00:00+08:00,4.2059484,198.00426,21.95,1005.6069,71.67067,30.0,92.55775,20.0,16.6,0.0,0.0,,0.0
2020-03-06 20:00:00+08:00,3.2557642,190.6196,21.4,1006.0876,73.18457,0.0,0.0,0.0,16.4,0.0,0.0,,0.0
2020-03-06 21:00:00+08:00,3.1016126,181.84756,21.6,1006.688,71.15189,0.0,0.0,0.0,16.15,0.0,0.0,,0.0
2020-03-06 22:00:00+08:00,2.9068885,176.05489,21.3,1006.8782,72.24034,0.0,0.0,0.0,16.1,0.0,0.0,,0.0
2020-03-06 23:00:00+08:00,2.7018514,177.87895,20.65,1007.15735,74.23057,0.0,0.0,0.0,15.9,0.0,0.0,,0.0
2020-03-07 00:00:00+08:00,1.8027756,176.82024,19.7,1007.13055,79.47879,0.0,0.0,0.0,16.05,0.0,0.0,,0.0
2020-03-07 01:00:00+08:00,3.1144822,174.47255,20.4,1006.85254,77.33196,0.0,0.0,0.0,16.3,0.0,0.0,,0.0
2020-03-07 02:00:00+08:00,3.0594118,168.69011,20.65,1006.5623,76.8795,0.0,0.0,0.0,16.45,0.0,0.0,,0.0
2020-03-07 03:00:00+08:00,2.5,163.73972,19.65,1006.33563,81.78382,0.0,0.0,0.0,16.45,0.0,0.0,,0.0
2020-03-07 04:00:00+08:00,2.2472205,147.72438,18.95,1006.6131,85.42578,0.0,0.0,0.0,16.45,0.0,0.0,,0.0
2020-03-07 05:00:00+08:00,2.0615528,112.833694,18.3,1006.8921,88.406906,0.0,0.0,0.0,16.35,0.0,0.0,,0.0
2020-03-07 06:00:00+08:00,2.3086793,85.03035,17.7,1007.5689,88.07433,0.0,0.0,0.0,15.7,0.0,0.0,,0.0
2020-03-07 07:00:00+08:00,3.0,90.0,18.8,1008.49304,81.154724,26.0,124.55592,14.0,15.5,0.0,0.0,,1.0
2020-03-07 08:00:00+08:00,3.3615475,120.37905,21.35,1008.9622,71.105606,179.0,405.9726,74.0,15.9,0.0,0.0,,1.0
2020-03-07 09:00:00+08:00,4.6238513,158.42863,23.25,1009.4122,63.141026,414.0,644.38806,111.0,15.85,0.0,0.0,,1.0
2020-03-07 10:00:00+08:00,4.527693,173.6599,24.45,1009.54456,55.987762,565.0,634.3261,151.0,15.1,0.0,0.0,,1.0
2020-03-07 11:00:00+08:00,4.9819674,190.40765,25.5,1009.47424,51.418003,774.0,722.08716,201.0,14.75,0.0,0.0,,1.0
2020-03-07 12:00:00+08:00,5.440588,197.10281,25.9,1008.9894,50.212486,935.0,932.95746,111.0,14.75,0.0,0.0,,1.0
2020-03-07 13:00:00+08:00,5.8523498,199.9832,26.0,1008.4963,48.95902,978.0,945.8529,112.0,14.45,0.0,0.0,,1.0
2020-03-07 14:00:00+08:00,6.293648,197.57135,25.95,1008.3954,47.07968,945.0,941.0142,109.0,13.8,0.0,0.0,,1.0
2020-03-07 15:00:00+08:00,6.5253353,195.10115,25.35,1008.1806,55.851723,842.0,918.44165,104.0,15.9,0.0,0.0,,1.0
2020-03-07 16:00:00+08:00,6.4536815,192.5288,24.7,1008.16296,58.61702,675.0,868.3974,96.0,16.05,0.0,0.0,,1.0
2020-03-07 17:00:00+08:00,6.7742157,188.48886,23.9,1008.3391,61.692566,464.0,781.783,83.0,16.1,0.0,0.0,,1.0
2020-03-07 18:00:00+08:00,6.8066144,182.52606,22.95,1008.80884,62.471066,231.0,608.8754,62.0,15.4,0.0,0.0,,1.0
2020-03-07 19:00:00+08:00,6.1073728,177.18451,22.05,1009.1803,70.111244,37.0,188.67198,17.0,16.35,0.0,0.0,,0.0
2020-03-07 20:00:00+08:00,5.7870545,170.04944,21.3,1009.4568,76.2518,0.0,0.0,0.0,16.95,0.0,0.0,,0.0
2020-03-07 21:00:00+08:00,5.6293874,167.692,21.05,1010.0446,77.676216,0.0,0.0,0.0,17.0,0.0,0.0,,0.0
2020-03-07 22:00:00+08:00,5.3851643,164.93146,20.85,1009.8409,77.64621,0.0,0.0,0.0,16.8,0.0,0.0,,0.0
2020-03-07 23:00:00+08:00,5.186521,160.86626,20.55,1009.8324,79.59726,0.0,0.0,0.0,16.9,0.0,0.0,,0.0
2020-03-08 00:00:00+08:00,4.9396358,158.62932,20.35,1009.6283,80.33047,0.0,0.0,0.0,16.85,0.0,0.0,,0.0
2020-03-08 01:00:00+08:00,4.924429,156.0375,20.1,1009.1252,81.58131,0.0,0.0,0.0,16.85,0.0,0.0,,0.0
2020-03-08 02:00:00+08:00,4.5177426,152.30061,20.1,1008.6293,80.55226,0.0,0.0,0.0,16.65,0.0,0.0,,0.0
2020-03-08 03:00:00+08:00,3.8832977,145.49142,19.75,1008.421,80.50553,0.0,0.0,0.0,16.3,0.0,0.0,,0.0
2020-03-08 04:00:00+08:00,3.3301651,138.65233,19.1,1008.4024,83.55953,0.0,0.0,0.0,16.25,0.0,0.0,,0.0
2020-03-08 05:00:00+08:00,2.86007,126.46933,18.65,1008.58813,85.66743,0.0,0.0,0.0,16.2,0.0,0.0,,0.0
2020-03-08 06:00:00+08:00,2.720294,107.10281,18.2,1009.071,86.44642,0.0,0.0,0.0,15.9,0.0,0.0,,0.0
2020-03-08 07:00:00+08:00,3.535534,118.7397,18.85,1009.48645,79.104836,26.0,126.00403,14.0,15.15,0.0,0.0,,1.0
2020-03-08 08:00:00+08:00,3.405877,130.23628,21.1,1009.0545,69.038124,194.0,499.15015,66.0,15.2,0.0,0.0,,1.0
2020-03-08 09:00:00+08:00,4.6173587,162.3498,23.15,1008.8142,63.93089,410.0,660.193,101.0,15.95,0.0,0.0,,1.0
2020-03-08 10:00:00+08:00,4.7010636,178.78116,24.45,1008.5527,59.121487,634.0,782.5325,125.0,15.95,0.0,0.0,,1.0
2020-03-08 11:00:00+08:00,5.3150725,191.94415,25.05,1008.27155,58.142155,776.0,764.6502,171.0,16.25,0.0,0.0,,1.0
2020-03-08 12:00:00+08:00,6.1684685,196.96623,25.0,1007.7744,60.008904,864.0,753.93256,200.0,16.7,0.0,0.0,,1.0
2020-03-08 13:00:00+08:00,6.1351447,199.0257,25.05,1007.27966,56.496,915.0,793.11993,191.0,15.8,0.0,0.0,,1.0
2020-03-08 14:00:00+08:00,5.9615436,202.69383,25.1,1006.8845,53.683125,920.0,908.0493,116.0,15.05,0.0,0.0,,1.0
2020-03-08 15:00:00+08:00,5.3225937,205.60214,25.0,1006.4849,52.29195,838.0,915.9468,105.0,14.55,0.0,0.0,,1.0
2020-03-08 16:00:00+08:00,5.0328918,200.95586,24.65,1006.17786,53.5687,676.0,874.5535,96.0,14.6,0.0,0.0,,1.0
2020-03-08 17:00:00+08:00,5.3851643,195.06854,24.15,1006.16394,59.239822,463.0,785.8727,83.0,15.7,0.0,0.0,,1.0
2020-03-08 18:00:00+08:00,5.3600373,188.58354,22.95,1006.13086,70.72705,227.0,606.8765,61.0,17.35,0.0,0.0,,1.0
2020-03-08 19:00:00+08:00,5.2038445,182.20255,22.3,1006.11255,77.86233,35.0,173.15552,17.0,18.25,0.0,0.0,,0.0
2020-03-08 20:00:00+08:00,4.8259716,174.05324,22.05,1006.10565,79.803925,0.0,0.0,0.0,18.4,0.0,0.0,,0.0
2020-03-08 21:00:00+08:00,4.9365983,173.01904,21.85,1006.4969,84.39645,0.0,0.0,0.0,19.1,0.0,0.0,,0.0
2020-03-08 22:00:00+08:00,5.0249376,174.2895,21.9,1006.39905,84.92927,0.0,0.0,0.0,19.25,0.0,0.0,,0.0
2020-03-08 23:00:00+08:00,4.9648767,170.72748,21.55,1006.09174,88.12509,0.0,0.0,0.0,19.5,0.0,0.0,,0.0
2020-03-09 00:00:00+08:00,4.8052053,167.98854,21.7,1005.69904,86.50975,0.0,0.0,0.0,19.35,0.0,0.0,,0.0
2020-03-09 01:00:00+08:00,3.981206,168.40785,21.75,1005.10565,85.977875,0.0,0.0,0.0,19.3,0.0,0.0,,0.0
2020-03-09 02:00:00+08:00,3.49285,166.75948,21.75,1004.60974,85.71069,0.0,0.0,0.0,19.25,0.0,0.0,,0.0
2020-03-09 03:00:00+08:00,3.2015622,165.52966,21.3,1004.0019,89.2071,0.0,0.0,0.0,19.45,0.0,0.0,,0.0
2020-03-09 04:00:00+08:00,3.0364454,162.75845,21.05,1003.69714,92.00368,0.0,0.0,0.0,19.7,0.0,0.0,,0.0
2020-03-09 05:00:00+08:00,2.9154758,157.8336,21.0,1003.5968,92.57342,0.0,0.0,0.0,19.75,0.0,0.0,,0.0
2020-03-09 06:00:00+08:00,2.4596748,153.43501,20.95,1003.9922,93.43585,0.0,0.0,0.0,19.85,0.0,0.0,,0.0
2020-03-09 07:00:00+08:00,2.302173,145.6196,21.55,1004.30646,90.06031,19.0,74.36609,12.0,19.85,0.0,0.0,,1.0
2020-03-09 08:00:00+08:00,2.4351592,160.82089,23.25,1003.957,81.469086,181.0,452.34116,66.0,19.9,0.0,0.0,,1.0
2020-03-09 09:00:00+08:00,2.209072,174.80566,25.1,1003.9088,70.02605,413.0,667.576,102.0,19.25,0.0,0.0,,1.0
2020-03-09 10:00:00+08:00,2.0615528,194.03627,27.05,1003.8625,60.670776,640.0,831.5072,101.0,18.8,0.0,0.0,,1.0
2020-03-09 11:00:00+08:00,2.3600848,216.38445,28.75,1003.6106,54.598763,813.0,900.0354,103.0,18.7,0.0,0.0,,1.0
2020-03-09 12:00:00+08:00,3.847077,242.10283,28.75,1002.81696,60.12089,923.0,931.47363,105.0,20.25,0.0,0.0,,1.0
2020-03-09 13:00:00+08:00,4.9477267,255.96373,28.25,1002.3075,62.084347,962.0,939.47687,107.0,20.3,0.0,0.0,,1.0
2020-03-09 14:00:00+08:00,5.3600373,255.96373,27.65,1001.59705,60.055046,925.0,927.0394,107.0,19.2,0.0,0.0,,1.0
2020-03-09 15:00:00+08:00,4.976947,247.5572,27.1,1001.1855,63.583736,819.0,899.6813,102.0,19.6,0.0,0.0,,1.0
2020-03-09 16:00:00+08:00,4.9819674,231.51978,26.35,1001.16534,70.47695,657.0,853.5428,94.0,20.55,0.0,0.0,,1.0
2020-03-09 17:00:00+08:00,4.0,216.86998,25.65,1001.1462,72.55697,446.0,758.81586,82.0,20.35,0.0,0.0,,1.0
2020-03-09 18:00:00+08:00,3.354102,206.56499,24.1,1001.6001,80.32893,216.0,571.4784,62.0,20.5,0.0,0.0,,1.0
2020-03-09 19:00:00+08:00,1.7804494,231.84273,24.05,1001.4994,74.333084,32.0,157.03455,16.0,19.2,0.0,0.0,,0.0
2020-03-09 20:00:00+08:00,1.7,208.07239,22.65,1001.85736,79.14129,0.0,0.0,0.0,18.85,0.0,0.0,,0.0
2020-03-09 21:00:00+08:00,1.555635,224.9999,22.15,1002.24023,83.12518,0.0,0.0,0.0,19.15,0.0,0.0,,0.0
2020-03-09 22:00:00+08:00,1.6970563,224.9999,21.85,1002.13293,90.6403,0.0,0.0,0.0,20.25,0.0,0.0,,0.0
2020-03-09 23:00:00+08:00,1.7691805,222.70937,22.0,1001.54193,90.37102,0.0,0.0,0.0,20.35,0.0,0.0,,0.0
2020-03-10 00:00:00+08:00,2.1540658,201.80147,22.1,1000.9497,87.08602,0.0,0.0,0.0,19.85,0.0,0.0,,0.0
2020-03-10 01:00:00+08:00,2.2022717,92.60251,20.65,1000.4132,91.40942,0.0,0.0,0.0,19.2,0.0,0.0,,0.0
2020-03-10 02:00:00+08:00,2.2203605,97.76508,21.5,999.6437,84.62233,0.0,0.0,0.0,18.8,0.0,0.0,,0.0
2020-03-10 03:00:00+08:00,2.5495098,115.55992,22.25,999.36676,64.14509,0.0,0.0,0.0,15.15,0.0,0.0,,0.0
2020-03-10 04:00:00+08:00,2.8160257,106.50443,23.25,999.3944,41.9318,0.0,0.0,0.0,9.6,0.0,0.0,,0.0
2020-03-10 05:00:00+08:00,3.1144822,95.52745,23.65,999.703,37.1158,0.0,0.0,0.0,8.15,0.0,0.0,,0.0
2020-03-10 06:00:00+08:00,3.5057096,86.729576,24.25,1000.31464,34.959595,0.0,0.0,0.0,7.8,0.0,0.0,,0.0
2020-03-10 07:00:00+08:00,3.1016126,91.84757,25.15,1001.1326,33.582924,24.0,128.99739,12.0,8.0,0.0,0.0,,1.0
2020-03-10 08:00:00+08:00,2.5317976,99.090195,28.35,1001.11993,29.766628,203.0,579.29626,57.0,9.0,0.0,0.0,,1.0
2020-03-10 09:00:00+08:00,3.4014702,65.695465,31.8,1001.2107,24.416456,434.0,763.471,80.0,9.0,0.0,0.0,,1.0
2020-03-10 10:00:00+08:00,3.764306,50.389355,34.4,1001.0794,20.6056,649.0,860.7262,93.0,8.65,0.0,0.0,,1.0
2020-03-10 11:00:00+08:00,2.6907248,41.98713,35.8,1000.6192,18.55896,819.0,912.93665,101.0,8.25,0.0,0.0,,1.0
2020-03-10 12:00:00+08:00,0.98994946,224.9999,36.2,1000.034,17.971107,928.0,938.7815,106.0,8.1,0.0,0.0,,1.0
2020-03-10 13:00:00+08:00,5.9506307,204.84236,33.45,999.5671,33.8902,967.0,946.7977,108.0,15.4,0.0,0.0,,1.0
2020-03-10 14:00:00+08:00,7.692204,195.84314,32.1,999.2344,36.92014,930.0,937.1094,106.0,15.55,0.0,0.0,,1.0
2020-03-10 15:00:00+08:00,6.47611,193.39252,31.7,998.7279,36.10606,822.0,908.528,101.0,14.85,0.0,0.0,,1.0
2020-03-10 16:00:00+08:00,5.2000003,202.6199,30.25,998.7892,46.292164,658.0,861.31323,93.0,17.45,0.0,0.0,,1.0
2020-03-10 17:00:00+08:00,5.6302757,199.72237,28.5,998.74286,57.330887,454.0,792.3138,77.0,19.25,0.0,0.0,,1.0
2020-03-10 18:00:00+08:00,4.531004,202.03629,27.55,998.91626,56.2138,216.0,591.5568,59.0,18.05,0.0,0.0,,1.0
2020-03-10 19:00:00+08:00,3.1384711,202.47948,26.15,999.2754,62.198036,30.0,160.29506,14.0,18.35,0.0,0.0,,0.0
2020-03-10 20:00:00+08:00,2.2135942,198.43504,25.15,1000.24,68.310745,0.0,0.0,0.0,18.9,0.0,0.0,,0.0
2020-03-10 21:00:00+08:00,1.8973665,198.43504,24.75,1000.4273,67.38212,0.0,0.0,0.0,18.3,0.0,0.0,,0.0
2020-03-10 22:00:00+08:00,1.8788295,205.2011,24.1,1000.11224,70.276436,0.0,0.0,0.0,18.35,0.0,0.0,,0.0
2020-03-10 23:00:00+08:00,2.0880613,196.69933,22.75,999.8765,80.90092,0.0,0.0,0.0,19.3,0.0,0.0,,0.0
2020-03-11 00:00:00+08:00,2.2847319,113.198616,22.0,999.3599,84.41274,0.0,0.0,0.0,19.25,0.0,0.0,,0.0
2020-03-11 01:00:00+08:00,2.4020824,92.385895,22.4,998.67664,72.89625,0.0,0.0,0.0,17.3,0.0,0.0,,0.0
2020-03-11 02:00:00+08:00,2.6683328,167.00539,22.0,998.4673,63.679153,0.0,0.0,0.0,14.8,0.0,0.0,,0.0
2020-03-11 03:00:00+08:00,1.746425,256.75946,21.95,998.6641,72.35667,0.0,0.0,0.0,16.75,0.0,0.0,,0.0
2020-03-11 04:00:00+08:00,0.60827625,9.462248,23.1,998.89435,73.70997,0.0,0.0,0.0,18.15,0.0,0.0,,0.0
2020-03-11 05:00:00+08:00,1.5652475,63.435013,21.05,998.9365,73.123405,0.0,0.0,0.0,16.05,0.0,0.0,,0.0
2020-03-11 06:00:00+08:00,1.5231546,23.198618,19.45,999.48676,79.44378,0.0,0.0,0.0,15.8,0.0,0.0,,0.0
2020-03-11 07:00:00+08:00,2.7073975,355.76367,21.15,999.93115,81.45731,24.0,130.54753,12.0,17.85,0.0,0.0,,1.0
2020-03-11 08:00:00+08:00,1.4142135,351.87,25.95,999.66644,32.90615,203.0,584.41144,57.0,8.4,0.0,0.0,,1.0
2020-03-11 09:00:00+08:00,2.376973,284.6209,28.35,999.9295,32.048203,437.0,773.6193,80.0,10.1,0.0,0.0,,1.0
2020-03-11 10:00:00+08:00,2.7658634,257.4712,29.2,1000.1505,33.593643,653.0,869.98505,93.0,11.55,0.0,0.0,,1.0
2020-03-11 11:00:00+08:00,3.1906114,237.80429,29.75,1000.5617,34.873264,823.0,920.8512,101.0,12.6,0.0,0.0,,1.0
2020-03-11 12:00:00+08:00,3.2802439,232.43134,30.35,1000.57745,34.02461,932.0,946.1721,106.0,12.75,0.0,0.0,,1.0
2020-03-11 13:00:00+08:00,3.8275318,236.7251,30.35,1000.27985,33.143787,970.0,953.1003,108.0,12.35,0.0,0.0,,1.0
2020-03-11 14:00:00+08:00,4.3011627,234.46223,29.4,1000.35425,37.738422,933.0,943.8691,106.0,13.5,0.0,0.0,,1.0
2020-03-11 15:00:00+08:00,4.404543,230.52757,28.3,1000.2255,46.357998,825.0,916.2278,101.0,15.7,0.0,0.0,,1.0
2020-03-11 16:00:00+08:00,4.7423625,222.43619,27.3,1000.3972,54.237713,657.0,864.6132,93.0,17.25,0.0,0.0,,1.0
2020-03-11 17:00:00+08:00,4.9396353,211.75943,26.05,1000.6612,64.35411,444.0,769.1906,81.0,18.8,0.0,0.0,,1.0
2020-03-11 18:00:00+08:00,4.6957426,206.56499,24.65,1001.02,75.12789,212.0,585.50525,59.0,19.95,0.0,0.0,,1.0
2020-03-11 19:00:00+08:00,3.9560082,200.72563,23.5,1001.5834,84.05503,28.0,143.23926,14.0,20.65,0.0,0.0,,0.0
2020-03-11 20:00:00+08:00,3.4785054,198.43504,22.85,1002.9541,87.42307,0.0,0.0,0.0,20.65,0.0,0.0,,0.0
2020-03-11 21:00:00+08:00,3.352611,197.35411,22.6,1003.5423,89.032455,0.0,0.0,0.0,20.7,0.0,0.0,,0.0
2020-03-11 22:00:00+08:00,3.1400635,189.16228,22.5,1003.5394,89.574776,0.0,0.0,0.0,20.7,0.0,0.0,,0.0
2020-03-11 23:00:00+08:00,3.5,180.0,22.4,1003.43744,88.742676,0.0,0.0,0.0,20.45,0.0,0.0,,0.0
2020-03-12 00:00:00+08:00,3.535534,171.86998,21.95,1003.52405,88.1588,0.0,0.0,0.0,19.9,0.0,0.0,,0.0
2020-03-12 01:00:00+08:00,3.3955853,166.37299,21.5,1003.2142,91.17961,0.0,0.0,0.0,20.0,0.0,0.0,,0.0
2020-03-12 02:00:00+08:00,3.420526,164.74483,21.2,1002.7097,92.87134,0.0,0.0,0.0,20.0,0.0,0.0,,0.0
2020-03-12 03:00:00+08:00,3.5902646,167.125,21.05,1002.50696,93.44068,0.0,0.0,0.0,19.95,0.0,0.0,,0.0
2020-03-12 04:00:00+08:00,4.2579336,170.53775,21.15,1002.609,92.00949,0.0,0.0,0.0,19.8,0.0,0.0,,0.0
2020-03-12 05:00:00+08:00,4.2755113,169.21574,21.25,1003.00854,90.03881,0.0,0.0,0.0,19.55,0.0,0.0,,0.0
2020-03-12 06:00:00+08:00,4.197618,167.61925,21.2,1003.60236,89.477196,0.0,0.0,0.0,19.4,0.0,0.0,,0.0
2020-03-12 07:00:00+08:00,3.8600519,163.44286,21.65,1004.30927,86.23617,21.0,99.10029,12.0,19.25,0.0,0.0,,1.0
2020-03-12 08:00:00+08:00,3.992493,157.93205,22.6,1005.1293,78.88738,174.0,428.08017,68.0,18.75,0.0,0.0,,1.0
2020-03-12 09:00:00+08:00,3.8639357,169.56258,24.3,1005.57294,68.35757,385.0,583.5608,117.0,18.1,0.0,0.0,,1.0
2020-03-12 10:00:00+08:00,4.2107005,184.08554,25.85,1005.7147,60.20573,612.0,770.2022,118.0,17.55,0.0,0.0,,1.0
2020-03-12 11:00:00+08:00,5.001,191.53459,26.8,1005.93866,57.101814,795.0,882.7912,105.0,17.6,0.0,0.0,,1.0
2020-03-12 12:00:00+08:00,5.7567353,197.176,26.8,1005.8395,58.74241,904.0,916.8784,106.0,18.05,0.0,0.0,,1.0
2020-03-12 13:00:00+08:00,6.306346,194.69736,26.55,1005.5352,57.766174,941.0,925.0961,107.0,17.55,0.0,0.0,,1.0
2020-03-12 14:00:00+08:00,6.4536815,192.5288,26.45,1005.1356,56.478733,908.0,917.49896,107.0,17.1,0.0,0.0,,1.0
2020-03-12 15:00:00+08:00,6.7742157,188.48886,26.05,1004.9265,58.565292,806.0,894.7985,102.0,17.3,0.0,0.0,,1.0
2020-03-12 16:00:00+08:00,7.125307,184.83034,25.4,1004.3138,61.835217,642.0,846.40155,93.0,17.55,0.0,0.0,,1.0
2020-03-12 17:00:00+08:00,6.7029843,181.70978,24.6,1004.39087,66.09367,433.0,754.2577,80.0,17.85,0.0,0.0,,1.0
2020-03-12 18:00:00+08:00,6.5069194,177.35751,23.45,1004.75616,71.94192,205.0,571.5025,58.0,18.1,0.0,0.0,,1.0
2020-03-12 19:00:00+08:00,5.8694124,171.1797,22.3,1005.4183,79.09208,26.0,135.8999,13.0,18.5,0.0,0.0,,0.0
2020-03-12 20:00:00+08:00,5.141984,166.50426,22.0,1006.50104,81.31037,0.0,0.0,0.0,18.65,0.0,0.0,,0.0
2020-03-12 21:00:00+08:00,4.9335585,162.29948,21.7,1006.8892,84.11719,0.0,0.0,0.0,18.9,0.0,0.0,,0.0
2020-03-12 22:00:00+08:00,4.7434163,161.56496,21.5,1006.6855,86.76054,0.0,0.0,0.0,19.2,0.0,0.0,,0.0
2020-03-12 23:00:00+08:00,4.0816665,149.03632,21.35,1006.4827,88.10814,0.0,0.0,0.0,19.3,0.0,0.0,,0.0
2020-03-13 00:00:00+08:00,3.3615475,149.62096,21.3,1005.9855,87.01274,0.0,0.0,0.0,19.05,0.0,0.0,,0.0
2020-03-13 01:00:00+08:00,4.248529,153.43501,21.25,1005.2897,84.86061,0.0,0.0,0.0,18.6,0.0,0.0,,0.0
2020-03-13 02:00:00+08:00,4.8083262,135.0001,21.7,1004.60803,77.04097,0.0,0.0,0.0,17.5,0.0,0.0,,0.0
2020-03-13 03:00:00+08:00,1.6278821,137.4896,21.9,1004.217,71.20733,0.0,0.0,0.0,16.45,0.0,0.0,,0.0
2020-03-13 04:00:00+08:00,0.92195445,220.60121,21.7,1004.60803,78.0187,0.0,0.0,0.0,17.7,0.0,0.0,,0.0
2020-03-13 05:00:00+08:00,1.7,118.072395,22.15,1004.42224,72.39234,0.0,0.0,0.0,16.95,0.0,0.0,,0.0
2020-03-13 06:00:00+08:00,2.0396078,78.6901,24.45,1004.8826,55.272003,0.0,0.0,0.0,14.9,0.0,0.0,,0.0
2020-03-13 07:00:00+08:00,2.0518284,136.97493,24.1,1005.3692,53.94997,7.0,11.146681,6.0,14.2,0.0,0.0,,1.0
2020-03-13 08:00:00+08:00,6.9,90.0,26.75,1004.7471,45.79059,46.0,4.074861,45.0,14.1,0.0,0.0,,1.0
2020-03-13 09:00:00+08:00,7.4431176,83.829926,27.85,1004.57837,40.75653,96.0,24.069035,85.0,13.3,0.0,0.0,,1.0
2020-03-13 10:00:00+08:00,7.368175,82.199905,31.35,1004.77057,33.31183,302.0,104.84,235.0,13.3,0.0,0.0,,1.0
2020-03-13 11:00:00+08:00,6.200806,89.07598,32.0,1004.68835,31.380013,233.0,38.504116,203.0,12.95,0.0,0.0,,1.0
2020-03-13 12:00:00+08:00,5.508176,93.12207,32.55,1004.2064,30.024256,210.0,4.610076,206.0,12.75,0.0,0.0,,1.0
2020-03-13 13:00:00+08:00,5.4037027,87.87895,34.3,1003.5573,26.689344,363.0,85.68841,286.0,12.45,0.0,0.0,,1.0
2020-03-13 14:00:00+08:00,5.769748,64.32324,34.35,1002.8641,24.835928,236.0,42.53668,199.0,11.4,0.0,0.0,,1.0
2020-03-13 15:00:00+08:00,6.1684685,73.033775,33.75,1002.45184,26.631071,248.0,43.40534,214.0,11.95,0.0,0.0,,1.0
2020-03-13 16:00:00+08:00,6.303174,88.18174,33.05,1002.1363,28.905458,175.0,38.764427,150.0,12.6,0.0,0.0,,1.0
2020-03-13 17:00:00+08:00,6.412488,86.423744,31.45,1001.99524,33.886276,71.0,2.1547832,70.0,13.65,0.0,0.0,,1.0
2020-03-13 18:00:00+08:00,6.7742157,81.51115,30.2,1002.16095,36.869843,31.0,3.9507017,30.0,13.85,0.0,0.0,,1.0
2020-03-13 19:00:00+08:00,6.419502,94.46708,29.85,1002.3499,37.986526,7.0,10.686036,6.0,14.0,0.0,0.0,,0.0
2020-03-13 20:00:00+08:00,6.9462223,67.126305,30.55,1002.86456,33.968895,0.0,0.0,0.0,12.9,0.0,0.0,,0.0
2020-03-13 21:00:00+08:00,5.7428217,82.99883,30.2,1003.153,34.770496,0.0,0.0,0.0,12.95,0.0,0.0,,0.0
2020-03-13 22:00:00+08:00,4.925444,95.82625,29.5,1003.2336,36.317593,0.0,0.0,0.0,13.0,0.0,0.0,,0.0
2020-03-13 23:00:00+08:00,6.9231496,79.17704,29.1,1002.8261,37.77787,0.0,0.0,0.0,13.25,0.0,0.0,,0.0
2020-03-14 00:00:00+08:00,7.156815,82.77578,28.55,1002.514,37.995705,0.0,0.0,0.0,12.85,0.0,0.0,,0.0
2020-03-14 01:00:00+08:00,7.3082147,73.300674,26.05,1002.5459,50.413887,0.0,0.0,0.0,14.95,0.0,0.0,,0.0
2020-03-14 02:00:00+08:00,6.303174,88.18174,24.4,1002.005,59.29877,0.0,0.0,0.0,15.95,0.0,0.1,,0.0
2020-03-14 03:00:00+08:00,6.303174,88.18174,24.85,1001.81885,56.266476,0.0,0.0,0.0,15.55,0.0,0.0,,0.0
2020-03-14 04:00:00+08:00,5.080354,79.79609,25.5,1001.4397,52.928593,0.0,0.0,0.0,15.2,0.0,0.0,,0.0
2020-03-14 05:00:00+08:00,5.8180757,65.63756,25.3,1001.3352,58.387203,0.0,0.0,0.0,16.55,0.0,0.0,,0.0
2020-03-14 06:00:00+08:00,5.1923018,74.3577,24.2,1001.2059,64.36216,0.0,0.0,0.0,17.05,0.0,0.0,,0.0
2020-03-14 07:00:00+08:00,4.3863425,65.77226,23.75,1001.59033,68.897484,7.0,11.2856455,6.0,17.7,0.0,0.0,,1.0
2020-03-14 08:00:00+08:00,2.6,90.0,26.45,1001.96136,53.510838,108.0,148.03,72.0,16.25,0.0,0.5,,1.0
2020-03-14 09:00:00+08:00,4.341659,82.056625,27.85,1001.89996,50.400726,277.0,334.23187,125.0,16.6,0.0,0.0,,1.0
2020-03-14 10:00:00+08:00,4.846648,68.19854,28.95,1001.6319,49.26694,519.0,499.42984,201.0,17.25,0.0,0.0,,1.0
2020-03-14 11:00:00+08:00,3.8587563,58.781662,30.2,1001.2681,45.84222,680.0,668.2673,161.0,17.25,0.0,0.0,,1.0
2020-03-14 12:00:00+08:00,0.60827625,350.53775,30.25,1000.17804,45.27921,638.0,474.01395,228.0,17.1,0.0,0.4,,1.0
2020-03-14 13:00:00+08:00,2.0223749,261.46933,29.7,999.56836,47.929752,566.0,315.97186,283.0,17.5,0.0,0.1,,1.0
2020-03-14 14:00:00+08:00,3.3600597,216.52895,28.55,999.33966,52.533054,361.0,12.692999,350.0,17.9,0.0,0.1,,1.0
2020-03-14 15:00:00+08:00,3.4985712,210.96368,29.35,998.8647,48.906834,454.0,226.97182,277.0,17.5,0.0,0.0,,1.0
2020-03-14 16:00:00+08:00,4.243819,214.43904,29.3,998.76416,48.585907,488.0,478.79395,181.0,17.35,0.0,0.0,,1.0
2020-03-14 17:00:00+08:00,4.0459857,230.01317,28.45,999.1384,51.038395,373.0,591.116,101.0,17.35,0.0,0.0,,1.0
2020-03-14 18:00:00+08:00,3.4713109,228.50363,27.15,999.79803,57.727856,174.0,437.71408,65.0,18.1,0.0,0.0,,1.0
2020-03-14 19:00:00+08:00,2.5612497,231.34016,25.7,1000.3543,68.20615,21.0,98.360245,12.0,19.4,0.0,0.0,,0.0
2020-03-14 20:00:00+08:00,1.4764823,118.30067,24.55,1000.52124,73.72637,0.0,0.0,0.0,19.55,0.0,0.0,,0.0
2020-03-14 21:00:00+08:00,1.7262677,100.00792,24.3,1000.71277,71.64535,0.0,0.0,0.0,18.85,0.0,0.0,,0.0
2020-03-14 22:00:00+08:00,1.8357561,60.64234,23.15,1000.5818,73.48747,0.0,0.0,0.0,18.15,0.0,0.0,,0.0
2020-03-14 23:00:00+08:00,2.0615528,320.90613,23.4,1000.39026,73.992455,0.0,0.0,0.0,18.5,0.0,0.0,,0.0
2020-03-15 00:00:00+08:00,1.746425,336.3706,22.8,1000.4732,85.28681,0.0,0.0,0.0,20.2,0.0,0.0,,0.0
2020-03-15 01:00:00+08:00,1.9646883,345.25638,22.75,1000.37244,85.54571,0.0,0.0,0.0,20.2,0.0,0.0,,0.0
2020-03-15 02:00:00+08:00,2.6925821,344.93146,22.7,1000.272,81.65307,0.0,0.0,0.0,19.4,0.0,0.0,,0.0
2020-03-15 03:00:00+08:00,2.9017239,358.0251,22.3,999.9632,87.10424,0.0,0.0,0.0,20.05,0.0,0.0,,0.0
2020-03-15 04:00:00+08:00,3.4014704,358.31534,22.2,1000.15906,93.20901,0.0,0.0,0.0,21.05,0.0,0.0,,0.0
2020-03-15 05:00:00+08:00,3.7054014,356.906,22.25,1000.3586,94.36221,0.0,0.0,0.0,21.3,0.0,0.0,,0.0
2020-03-15 06:00:00+08:00,4.0804415,342.8972,22.35,1000.95654,94.65579,0.0,0.0,0.0,21.45,0.0,0.0,,0.0
2020-03-15 07:00:00+08:00,4.6957426,333.43503,23.05,1001.472,92.40077,13.0,34.28364,10.0,21.75,0.0,0.0,,1.0
2020-03-15 08:00:00+08:00,4.68188,340.0168,24.35,1001.8051,82.10994,128.0,248.98117,68.0,21.1,0.0,0.0,,1.0
2020-03-15 09:00:00+08:00,5.021952,324.72748,25.5,1002.33246,73.886765,216.0,110.492165,166.0,20.5,0.0,0.0,,1.0
2020-03-15 10:00:00+08:00,5.0477715,303.6901,26.65,1002.36383,67.135506,428.0,271.1383,256.0,20.05,0.0,0.1,,1.0
2020-03-15 11:00:00+08:00,5.314132,289.79895,26.55,1002.361,69.650475,526.0,286.78418,304.0,20.55,0.0,0.0,,1.0
2020-03-15 12:00:00+08:00,5.308484,266.76038,26.3,1002.25494,71.56163,734.0,546.27655,263.0,20.75,0.0,0.1,,1.0
2020-03-15 13:00:00+08:00,4.609772,245.65892,24.65,1002.30945,80.15513,305.0,33.60804,275.0,21.0,0.0,0.1,,1.0
2020-03-15 14:00:00+08:00,4.356604,238.13406,25.3,1002.1287,75.931145,446.0,255.98123,225.0,20.75,0.0,0.1,,1.0
2020-03-15 15:00:00+08:00,4.62277,231.14662,25.5,1002.13403,73.432274,600.0,605.44354,130.0,20.4,0.0,0.0,,1.0
2020-03-15 16:00:00+08:00,4.5343137,228.57643,25.1,1002.42096,74.04802,506.0,600.87256,123.0,20.15,0.0,0.0,,1.0
2020-03-15 17:00:00+08:00,4.5343137,228.57643,24.6,1003.00226,75.352806,363.0,552.4501,111.0,19.95,0.0,0.0,,1.0
2020-03-15 18:00:00+08:00,4.1231055,219.09384,23.55,1003.56866,79.02158,143.0,363.46204,54.0,19.7,0.0,0.0,,1.0
2020-03-15 19:00:00+08:00,3.3600597,216.52895,22.9,1004.0464,81.67813,18.0,78.30412,11.0,19.6,0.0,0.0,,0.0
2020-03-15 20:00:00+08:00,2.9154758,202.1664,22.65,1004.53534,82.92549,0.0,0.0,0.0,19.6,0.0,0.0,,0.0
2020-03-15 21:00:00+08:00,2.9410882,197.81898,22.35,1005.0231,85.24052,0.0,0.0,0.0,19.75,0.0,0.0,,0.0
2020-03-15 22:00:00+08:00,2.720294,197.10281,22.1,1005.0162,86.81649,0.0,0.0,0.0,19.8,0.0,0.0,,0.0
2020-03-15 23:00:00+08:00,3.008322,195.42223,21.9,1004.8121,87.60972,0.0,0.0,0.0,19.75,0.0,0.0,,0.0
2020-03-16 00:00:00+08:00,2.7892652,194.5345,21.6,1004.70435,88.12929,0.0,0.0,0.0,19.55,0.0,0.0,,0.0
2020-03-16 01:00:00+08:00,2.209072,185.19434,21.4,1004.5007,88.112404,0.0,0.0,0.0,19.35,0.0,0.0,,0.0
2020-03-16 02:00:00+08:00,1.5132746,172.40544,20.7,1004.2825,91.69748,0.0,0.0,0.0,19.3,0.0,0.0,,0.0
2020-03-16 03:00:00+08:00,1.2369317,165.96373,20.45,1004.2756,93.1215,0.0,0.0,0.0,19.3,0.0,0.0,,0.0
2020-03-16 04:00:00+08:00,1.7029386,139.76372,19.9,1004.5577,94.85369,0.0,0.0,0.0,19.05,0.0,0.0,,0.0
2020-03-16 05:00:00+08:00,1.5,126.86998,20.05,1004.85925,94.564384,0.0,0.0,0.0,19.15,0.0,0.0,,0.0
2020-03-16 06:00:00+08:00,1.2529964,118.61037,20.0,1005.3536,93.68179,0.0,0.0,0.0,18.95,0.0,0.0,,0.0
2020-03-16 07:00:00+08:00,0.82462114,104.03627,20.55,1005.9645,94.58444,15.0,34.719234,12.0,19.65,0.0,0.0,,1.0
2020-03-16 08:00:00+08:00,1.17047,19.983198,22.0,1006.40186,81.05643,126.0,138.20369,93.0,18.6,0.0,0.0,,1.0
2020-03-16 09:00:00+08:00,1.2369317,284.03625,23.2,1007.0304,73.03601,256.0,164.34949,182.0,18.1,0.0,0.0,,1.0
2020-03-16 10:00:00+08:00,2.236068,259.69522,24.0,1007.05255,67.65607,358.0,177.22134,246.0,17.65,0.0,0.0,,1.0
2020-03-16 11:00:00+08:00,3.0083218,248.5522,24.7,1006.97266,63.25963,514.0,246.26318,324.0,17.25,0.0,0.0,,1.0
2020-03-16 12:00:00+08:00,3.2695565,246.57129,25.0,1006.5841,60.390976,554.0,185.01285,395.0,16.8,0.0,0.0,,1.0
2020-03-16 13:00:00+08:00,3.758989,241.38963,25.45,1006.2988,57.501972,736.0,463.14035,324.0,16.45,0.0,0.0,,1.0
2020-03-16 14:00:00+08:00,3.9962482,238.29861,25.5,1006.00256,57.697144,786.0,619.765,253.0,16.55,0.0,0.0,,1.0
2020-03-16 15:00:00+08:00,4.118252,240.94548,25.4,1005.7025,56.943417,768.0,819.22876,135.0,16.25,0.0,0.0,,1.0
2020-03-16 16:00:00+08:00,4.1146083,244.05775,25.1,1005.89264,56.689037,570.0,686.6111,135.0,15.9,0.0,0.0,,1.0
2020-03-16 17:00:00+08:00,4.9739323,239.82657,23.95,1006.0594,66.16754,341.0,429.12366,147.0,17.25,0.0,0.0,,1.0
2020-03-16 18:00:00+08:00,4.404543,230.52757,22.55,1006.41736,76.20821,83.0,66.48613,67.0,18.15,0.0,0.0,,1.0
2020-03-16 19:00:00+08:00,4.103657,226.97493,22.05,1006.60156,79.05683,16.0,68.76231,10.0,18.25,0.0,0.0,,0.0
2020-03-16 20:00:00+08:00,4.596738,225.8813,22.0,1006.7986,80.04755,0.0,0.0,0.0,18.4,0.0,0.1,,0.0
2020-03-16 21:00:00+08:00,4.4553337,225.90929,21.7,1006.9884,78.0187,0.0,0.0,0.0,17.7,0.0,0.0,,0.0
2020-03-16 22:00:00+08:00,4.545327,230.35587,21.4,1007.1785,76.50937,0.0,0.0,0.0,17.1,0.0,0.0,,0.0
2020-03-16 23:00:00+08:00,4.1231055,230.90614,21.1,1006.9717,74.07039,0.0,0.0,0.0,16.3,0.0,0.0,,0.0
2020-03-17 00:00:00+08:00,3.3421547,231.07245,20.8,1006.7648,72.38169,0.0,0.0,0.0,15.65,0.0,0.0,,0.0
2020-03-17 01:00:00+08:00,3.2202482,233.84172,20.6,1006.8583,70.28501,0.0,0.0,0.0,15.0,0.0,0.0,,0.0
2020-03-17 02:00:00+08:00,2.0124612,243.43501,19.8,1006.6375,73.374466,0.0,0.0,0.0,14.9,0.0,0.0,,0.0
2020-03-17 03:00:00+08:00,3.8078864,240.06857,20.5,1006.55786,70.71967,0.0,0.0,0.0,15.0,0.0,0.0,,0.0
2020-03-17 04:00:00+08:00,4.5793014,238.39255,21.25,1006.8766,63.103287,0.0,0.0,0.0,13.95,0.0,0.0,,0.0
2020-03-17 05:00:00+08:00,3.4669871,236.76828,20.8,1007.2607,64.87203,0.0,0.0,0.0,13.95,0.0,0.0,,0.0
2020-03-17 06:00:00+08:00,1.8027756,250.55988,19.9,1007.63214,67.256096,0.0,0.0,0.0,13.65,0.0,0.0,,0.0
2020-03-17 07:00:00+08:00,2.9410884,234.6887,20.85,1008.05566,70.10698,11.0,11.721296,10.0,15.2,0.0,0.0,,1.0
2020-03-17 08:00:00+08:00,3.748333,223.91916,22.25,1008.4916,66.23536,58.0,12.680782,55.0,15.65,0.0,0.0,,1.0
2020-03-17 09:00:00+08:00,3.748333,223.91916,21.85,1008.87726,72.3388,77.0,0.0,77.0,16.65,0.0,0.0,,1.0
2020-03-17 10:00:00+08:00,3.3301651,221.34767,21.8,1008.87573,76.33047,139.0,0.0,139.0,17.45,0.0,0.3,,1.0
2020-03-17 11:00:00+08:00,3.4999998,233.13002,22.25,1008.7891,73.56442,195.0,2.6010213,193.0,17.3,0.0,0.2,,1.0
2020-03-17 12:00:00+08:00,4.6400433,232.88306,22.35,1008.5937,72.42792,183.0,23.349432,163.0,17.15,0.0,0.3,,1.0
2020-03-17 13:00:00+08:00,4.545327,230.35587,21.7,1008.5753,73.46967,129.0,1.1280848,128.0,16.75,0.0,0.0,,1.0
2020-03-17 14:00:00+08:00,4.4102154,237.0306,21.95,1007.98724,68.54439,218.0,19.845943,201.0,15.9,0.0,0.0,,1.0
2020-03-17 15:00:00+08:00,4.248529,243.43501,22.75,1007.6129,62.026333,386.0,131.33977,285.0,15.1,0.0,0.0,,1.0
2020-03-17 16:00:00+08:00,4.5793014,238.39255,23.15,1007.4256,59.1935,381.0,220.76837,242.0,14.75,0.0,0.0,,1.0
2020-03-17 17:00:00+08:00,4.8600416,233.3658,22.7,1007.5124,59.6624,146.0,58.041534,120.0,14.45,0.0,0.0,,1.0
2020-03-17 18:00:00+08:00,4.1880784,236.68936,22.45,1007.9022,59.990364,66.0,25.382824,60.0,14.3,0.0,0.0,,1.0
2020-03-17 19:00:00+08:00,5.456189,228.7154,22.3,1008.0962,64.362335,6.0,0.0,6.0,15.25,0.0,0.0,,0.0
2020-03-17 20:00:00+08:00,3.9446166,239.53453,22.2,1009.1847,63.723103,0.0,0.0,0.0,15.0,0.0,0.0,,0.0
2020-03-17 21:00:00+08:00,5.234501,226.54811,21.55,1009.2655,72.05537,0.0,0.0,0.0,16.3,0.0,0.0,,0.0
2020-03-17 22:00:00+08:00,5.080354,216.1933,20.65,1009.24005,81.65098,0.0,0.0,0.0,17.4,0.0,0.0,,0.0
2020-03-17 23:00:00+08:00,4.204759,205.34613,20.4,1009.1336,82.65801,0.0,0.0,0.0,17.35,0.0,0.0,,0.0
2020-03-18 00:00:00+08:00,4.295346,192.09474,20.25,1009.1296,83.16408,0.0,0.0,0.0,17.3,0.0,0.0,,0.0
2020-03-18 01:00:00+08:00,4.6389656,187.43132,20.0,1009.22144,83.13475,0.0,0.0,0.0,17.05,0.0,0.2,,0.0
2020-03-18 02:00:00+08:00,4.9648767,189.27252,19.95,1009.121,79.76731,0.0,0.0,0.0,16.35,0.0,0.1,,0.0
2020-03-18 03:00:00+08:00,5.8549128,187.85323,20.0,1009.02313,74.35847,0.0,0.0,0.0,15.3,0.0,0.0,,0.0
2020-03-18 04:00:00+08:00,6.239391,186.4415,19.8,1009.5137,69.00551,0.0,0.0,0.0,13.95,0.0,0.0,,0.0
2020-03-18 05:00:00+08:00,6.400781,180.89516,19.8,1009.91034,63.815086,0.0,0.0,0.0,12.75,0.0,0.0,,0.0
2020-03-18 06:00:00+08:00,5.0990195,168.69011,19.7,1010.4033,61.530235,0.0,0.0,0.0,12.1,0.0,0.0,,0.0
2020-03-18 07:00:00+08:00,4.401136,158.68202,19.5,1011.2902,61.48403,12.0,11.872831,11.0,11.9,0.0,0.0,,1.0
2020-03-18 08:00:00+08:00,5.1264024,159.44388,20.65,1011.52124,54.311146,114.0,85.33009,94.0,11.1,0.0,0.0,,1.0
2020-03-18 09:00:00+08:00,5.3488317,159.19313,21.9,1012.3499,47.221207,344.0,367.9479,180.0,10.15,0.0,0.0,,1.0
2020-03-18 10:00:00+08:00,5.2201533,159.82927,23.0,1011.98395,42.713524,520.0,400.22726,269.0,9.65,0.0,0.0,,1.0
2020-03-18 11:00:00+08:00,5.1195703,167.59259,24.1,1011.7173,39.307976,688.0,511.5559,296.0,9.4,0.0,0.0,,1.0
2020-03-18 12:00:00+08:00,5.315073,175.68405,24.6,1011.03656,39.44922,724.0,440.45746,348.0,9.9,0.0,0.0,,1.0
2020-03-18 13:00:00+08:00,6.4070277,182.68372,24.1,1010.527,43.596672,632.0,244.54253,416.0,10.95,0.0,0.0,,1.0
2020-03-18 14:00:00+08:00,7.752419,186.66656,23.8,1010.41925,44.095863,730.0,474.72116,325.0,10.85,0.0,0.0,,1.0
2020-03-18 15:00:00+08:00,7.91012,182.89851,23.6,1010.1163,43.16865,789.0,883.3662,113.0,10.35,0.0,0.0,,1.0
2020-03-18 16:00:00+08:00,7.6006575,180.75383,23.05,1010.3987,45.22515,533.0,505.0907,217.0,10.55,0.0,0.0,,1.0
2020-03-18 17:00:00+08:00,7.7103825,177.02634,22.05,1010.8664,48.700653,226.0,54.08228,202.0,10.75,0.0,0.0,,1.0
2020-03-18 18:00:00+08:00,7.200694,170.40694,21.3,1011.5396,52.705875,86.0,43.09259,76.0,11.25,0.0,0.0,,1.0
2020-03-18 19:00:00+08:00,6.7446275,164.5213,20.75,1012.01996,55.06115,8.0,0.0,8.0,11.4,0.0,0.0,,0.0
2020-03-18 20:00:00+08:00,7.3539104,157.61983,20.55,1011.41925,55.74377,0.0,0.0,0.0,11.4,0.0,0.0,,0.0
2020-03-18 21:00:00+08:00,6.441273,152.24155,20.5,1011.7151,55.363358,0.0,0.0,0.0,11.25,0.0,0.0,,0.0
2020-03-18 22:00:00+08:00,4.9739323,149.82657,20.1,1012.10046,58.07756,0.0,0.0,0.0,11.6,0.0,0.0,,0.0
2020-03-18 23:00:00+08:00,4.8548946,147.61934,19.85,1012.19257,55.198566,0.0,0.0,0.0,10.6,0.0,0.0,,0.0
2020-03-19 00:00:00+08:00,5.408327,146.3099,19.8,1011.89386,50.246178,0.0,0.0,0.0,9.15,0.0,0.0,,0.0
2020-03-19 01:00:00+08:00,5.7801385,142.73352,19.5,1011.38934,48.169353,0.0,0.0,0.0,8.25,0.0,0.0,,0.0
2020-03-19 02:00:00+08:00,5.5217752,144.58286,19.5,1010.9927,47.843575,0.0,0.0,0.0,8.15,0.0,0.0,,0.0
2020-03-19 03:00:00+08:00,5.060632,142.22426,19.25,1011.1837,48.593422,0.0,0.0,0.0,8.15,0.0,0.0,,0.0
2020-03-19 04:00:00+08:00,5.0249376,137.41954,18.95,1011.0759,49.00878,0.0,0.0,0.0,8.0,0.0,0.0,,0.0
2020-03-19 05:00:00+08:00,4.883646,132.5104,18.5,1011.2614,50.578636,0.0,0.0,0.0,8.05,0.0,0.0,,0.0
2020-03-19 06:00:00+08:00,4.304649,120.73541,17.9,1011.6408,51.634323,0.0,0.0,0.0,7.8,0.0,0.0,,0.0
2020-03-19 07:00:00+08:00,4.0706263,117.824005,18.05,1012.33923,51.324,16.0,72.16682,10.0,7.85,0.0,0.0,,1.0
2020-03-19 08:00:00+08:00,4.750789,120.34317,19.45,1012.8754,47.829838,175.0,478.05197,64.0,8.1,0.0,0.0,,1.0
2020-03-19 09:00:00+08:00,5.3310413,113.198616,21.95,1012.94635,41.004864,318.0,369.8456,154.0,8.1,0.0,0.0,,1.0
2020-03-19 10:00:00+08:00,4.8332186,114.44395,25.05,1012.7351,33.668957,589.0,718.75397,140.0,7.95,0.0,0.0,,1.0
2020-03-19 11:00:00+08:00,4.2544093,113.55228,27.75,1011.91644,28.515793,766.0,821.0935,139.0,7.85,0.0,0.0,,1.0
2020-03-19 12:00:00+08:00,3.4655447,136.16905,29.6,1010.87476,25.788326,812.0,657.09125,253.0,7.95,0.0,0.0,,1.0
2020-03-19 13:00:00+08:00,3.8327537,164.87595,30.45,1009.9056,25.149984,852.0,740.86456,200.0,8.3,0.0,0.0,,1.0
2020-03-19 14:00:00+08:00,6.8249536,190.9806,29.05,1009.47125,35.253723,861.0,826.2627,159.0,12.15,0.0,0.0,,1.0
2020-03-19 15:00:00+08:00,8.649278,190.6603,26.85,1009.2137,45.22793,769.0,865.45184,110.0,14.0,0.0,0.0,,1.0
2020-03-19 16:00:00+08:00,8.609298,182.66295,25.05,1009.3626,49.343513,557.0,662.82275,145.0,13.7,0.0,0.0,,1.0
2020-03-19 17:00:00+08:00,8.009994,177.13765,24.1,1009.83264,58.474037,170.0,141.05986,108.0,15.45,0.0,0.0,,1.0
2020-03-19 18:00:00+08:00,7.787811,167.3914,23.3,1010.10803,59.803467,87.0,79.05397,69.0,15.05,0.0,0.0,,1.0
2020-03-19 19:00:00+08:00,6.2169123,168.87085,22.6,1010.9811,66.52012,9.0,0.0,9.0,16.05,0.0,0.0,,0.0
2020-03-19 20:00:00+08:00,4.9517674,136.63654,22.35,1011.07324,62.336216,0.0,0.0,0.0,14.8,0.0,0.0,,0.0
2020-03-19 21:00:00+08:00,4.6010866,137.64261,22.8,1011.3835,60.072372,0.0,0.0,0.0,14.65,0.0,0.0,,0.0
2020-03-19 22:00:00+08:00,5.500909,117.030785,24.15,1009.43713,47.519848,0.0,0.0,0.0,12.3,0.0,0.0,,0.0
2020-03-19 23:00:00+08:00,4.554119,98.841736,25.55,1009.3766,37.403038,0.0,0.0,0.0,9.95,0.0,0.0,,0.0
2020-03-20 00:00:00+08:00,7.787811,77.391396,26.6,1008.80994,34.451256,0.0,0.0,0.0,9.65,0.0,0.0,,0.0
2020-03-20 01:00:00+08:00,8.658521,75.96373,26.15,1008.1036,38.45724,0.0,0.0,0.0,10.9,0.0,0.0,,0.0
2020-03-20 02:00:00+08:00,8.793179,72.80138,25.55,1007.88873,38.416245,0.0,0.0,0.0,10.35,0.0,0.0,,0.0
2020-03-20 03:00:00+08:00,6.407808,67.036194,25.05,1007.974,41.87729,0.0,0.0,0.0,11.2,0.0,0.0,,0.0
2020-03-20 04:00:00+08:00,2.0024984,87.13766,23.35,1008.8199,51.022003,0.0,0.0,0.0,12.65,0.0,0.0,,0.0
2020-03-20 05:00:00+08:00,1.0,143.13002,23.95,1009.6301,50.515892,0.0,0.0,0.0,13.05,0.0,0.0,,0.0
2020-03-20 06:00:00+08:00,0.56568545,135.0001,23.5,1010.6094,53.101463,0.0,0.0,0.0,13.4,0.0,0.0,,0.0
2020-03-20 07:00:00+08:00,1.3038404,85.60138,22.4,1011.2729,60.955868,15.0,73.11941,9.0,14.5,0.0,0.0,,1.0
2020-03-20 08:00:00+08:00,1.6124516,7.12493,24.6,1011.3341,62.63996,173.0,521.7327,53.0,17.0,0.0,0.0,,1.0
2020-03-20 09:00:00+08:00,0.98994946,315.0001,26.7,1011.39185,54.952145,380.0,652.8665,92.0,16.9,0.0,0.0,,1.0
2020-03-20 10:00:00+08:00,1.8384776,247.61981,28.2,1011.5317,51.622673,602.0,824.4698,89.0,17.3,0.0,0.0,,1.0
2020-03-20 11:00:00+08:00,3.1890438,221.18582,28.75,1010.8522,52.583843,763.0,873.956,98.0,18.1,0.0,0.0,,1.0
2020-03-20 12:00:00+08:00,4.4777226,209.42737,29.05,1009.7689,52.990856,861.0,894.14636,103.0,18.5,0.0,0.0,,1.0
2020-03-20 13:00:00+08:00,5.4708314,210.78407,28.95,1008.9727,52.965588,881.0,879.36084,110.0,18.4,0.0,0.0,,1.0
2020-03-20 14:00:00+08:00,5.314132,199.79897,28.8,1008.5719,52.43165,855.0,881.765,109.0,18.1,0.0,0.0,,1.0
2020-03-20 15:00:00+08:00,6.003332,209.98155,27.75,1008.0478,54.865932,704.0,777.4609,115.0,17.85,0.0,0.0,,1.0
2020-03-20 16:00:00+08:00,4.8052053,192.01146,27.35,1008.0369,56.519478,595.0,821.0727,88.0,17.95,0.0,0.0,,1.0
2020-03-20 17:00:00+08:00,4.707441,192.26476,26.8,1008.121,58.558113,390.0,723.73083,75.0,18.0,0.0,0.0,,1.0
2020-03-20 18:00:00+08:00,4.6270943,186.20335,25.5,1008.5815,65.04683,168.0,519.5052,52.0,18.45,0.0,0.0,,1.0
2020-03-20 19:00:00+08:00,3.710795,194.03627,24.25,1009.24164,71.86039,14.0,76.458626,8.0,18.85,0.0,0.0,,0.0
2020-03-20 20:00:00+08:00,3.214032,174.64427,23.85,1009.72644,70.229485,0.0,0.0,0.0,18.1,0.0,0.0,,0.0
2020-03-20 21:00:00+08:00,3.6124783,184.76355,23.45,1010.509,74.69859,0.0,0.0,0.0,18.7,0.0,0.0,,0.0
2020-03-20 22:00:00+08:00,4.8373547,172.87508,23.0,1010.5954,80.682304,0.0,0.0,0.0,19.5,0.0,0.0,,0.0
2020-03-20 23:00:00+08:00,5.096077,164.05453,22.6,1010.386,82.150055,0.0,0.0,0.0,19.4,0.0,0.0,,0.0
2020-03-21 00:00:00+08:00,4.531004,157.96371,22.3,1010.0799,82.11332,0.0,0.0,0.0,19.1,0.0,0.0,,0.0
2020-03-21 01:00:00+08:00,3.8948684,150.80261,22.05,1009.7753,82.854744,0.0,0.0,0.0,19.0,0.0,0.0,,0.0
2020-03-21 02:00:00+08:00,2.5495098,138.17992,21.55,1009.3647,84.36379,0.0,0.0,0.0,18.8,0.0,0.0,,0.0
2020-03-21 03:00:00+08:00,1.4764823,118.30067,20.9,1009.2471,86.16317,0.0,0.0,0.0,18.5,0.0,0.0,,0.0
2020-03-21 04:00:00+08:00,1.3928387,111.03758,20.15,1009.3251,89.39745,0.0,0.0,0.0,18.35,0.0,0.0,,0.0
2020-03-21 05:00:00+08:00,1.4866068,109.653915,20.25,1009.6255,88.014435,0.0,0.0,0.0,18.2,0.0,0.0,,0.0
2020-03-21 06:00:00+08:00,1.3416408,116.56499,20.15,1010.11847,88.005875,0.0,0.0,0.0,18.1,0.0,0.0,,0.0
2020-03-21 07:00:00+08:00,0.94868326,108.43504,20.8,1010.236,84.0173,15.0,49.39748,11.0,18.0,0.0,0.0,,1.0
2020-03-21 08:00:00+08:00,2.7730849,154.35904,23.55,1011.206,65.87521,167.0,465.29242,61.0,16.8,0.0,0.0,,1.0
2020-03-21 09:00:00+08:00,3.6496572,170.53775,25.55,1011.3604,59.757256,390.0,699.60034,83.0,17.15,0.0,0.0,,1.0
2020-03-21 10:00:00+08:00,3.4058774,176.6336,27.15,1011.3048,54.200153,593.0,795.5202,100.0,17.1,0.0,0.0,,1.0
2020-03-21 11:00:00+08:00,3.354102,190.3048,28.75,1010.8522,49.37049,752.0,842.82355,113.0,17.1,0.0,0.0,,1.0
2020-03-21 12:00:00+08:00,5.3310413,203.19861,28.65,1010.25415,54.91642,860.0,884.3265,113.0,18.7,0.0,0.0,,1.0
2020-03-21 13:00:00+08:00,6.6309876,203.08516,27.55,1009.53033,62.508156,882.0,834.62604,153.0,19.75,0.0,0.0,,1.0
2020-03-21 14:00:00+08:00,6.868042,196.06006,27.1,1008.9227,62.021442,850.0,849.95135,134.0,19.2,0.0,0.0,,1.0
2020-03-21 15:00:00+08:00,6.760177,187.65056,26.7,1008.8128,61.354195,760.0,878.34973,98.0,18.65,0.0,0.0,,1.0
2020-03-21 16:00:00+08:00,6.3505907,187.23683,26.35,1008.50574,65.428955,600.0,836.40497,87.0,19.35,0.0,0.0,,1.0
2020-03-21 17:00:00+08:00,6.1073728,182.81549,25.65,1008.5856,70.34702,386.0,721.7124,75.0,19.85,0.0,0.0,,1.0
2020-03-21 18:00:00+08:00,5.8,180.0,24.7,1008.85724,74.21066,164.0,516.3232,51.0,19.8,0.0,0.0,,1.0
2020-03-21 19:00:00+08:00,4.9365983,173.01904,23.6,1009.0252,77.32914,13.0,65.58753,8.0,19.4,0.0,0.0,,0.0
2020-03-21 20:00:00+08:00,4.1231055,157.1663,22.95,1009.30475,76.74973,0.0,0.0,0.0,18.65,0.0,0.0,,0.0
2020-03-21 21:00:00+08:00,3.4132097,148.17259,22.5,1009.68884,78.626854,0.0,0.0,0.0,18.6,0.0,0.0,,0.0
2020-03-21 22:00:00+08:00,2.5806975,144.46223,22.25,1009.58264,80.835815,0.0,0.0,0.0,18.8,0.0,0.0,,0.0
2020-03-21 23:00:00+08:00,1.8788295,115.20109,21.75,1009.2712,82.560616,0.0,0.0,0.0,18.65,0.0,0.0,,0.0
2020-03-22 00:00:00+08:00,2.0,90.0,21.85,1008.87726,76.3383,0.0,0.0,0.0,17.5,0.0,0.0,,0.0
2020-03-22 01:00:00+08:00,2.5,90.0,23.15,1008.4175,62.31601,0.0,0.0,0.0,15.55,0.0,0.0,,0.0
2020-03-22 02:00:00+08:00,2.7,90.0,23.45,1008.32684,60.806335,0.0,0.0,0.0,15.45,0.0,0.0,,0.0
2020-03-22 03:00:00+08:00,2.8071337,94.08554,23.2,1008.3198,60.944027,0.0,0.0,0.0,15.25,0.0,0.0,,0.0
2020-03-22 04:00:00+08:00,2.886174,104.03627,22.9,1008.5097,60.874893,0.0,0.0,0.0,14.95,0.0,0.0,,0.0
2020-03-22 05:00:00+08:00,3.613862,104.420815,22.85,1008.90515,59.122303,0.0,0.0,0.0,14.45,0.0,0.0,,0.0
2020-03-22 06:00:00+08:00,4.90408,87.66274,22.7,1009.09937,57.762234,0.0,0.0,0.0,13.95,0.0,0.0,,0.0
2020-03-22 07:00:00+08:00,6.1008196,89.06083,22.85,1009.3019,56.501064,15.0,87.6138,8.0,13.75,0.0,0.0,,1.0
2020-03-22 08:00:00+08:00,7.3824115,81.43095,24.9,1009.45776,50.601536,175.0,545.15265,52.0,13.95,0.0,0.0,,1.0
2020-03-22 09:00:00+08:00,7.746612,78.83517,27.95,1009.54114,41.859215,401.0,744.55707,76.0,13.8,0.0,0.0,,1.0
2020-03-22 10:00:00+08:00,7.5927596,77.06194,30.8,1009.5178,35.050907,609.0,844.13617,88.0,13.6,0.0,0.0,,1.0
2020-03-22 11:00:00+08:00,6.964194,74.16755,32.9,1008.9777,31.117033,773.0,896.2253,96.0,13.6,0.0,0.0,,1.0
2020-03-22 12:00:00+08:00,5.5362444,73.201546,34.35,1007.9241,28.045137,875.0,919.62836,101.0,13.25,0.0,0.0,,1.0
2020-03-22 13:00:00+08:00,4.2201896,76.29302,35.05,1007.1483,24.047571,797.0,732.12384,160.0,11.5,0.0,0.0,,1.0
2020-03-22 14:00:00+08:00,3.1064448,93.691315,34.5,1006.5391,22.969854,725.0,714.1798,126.0,10.35,0.0,0.0,,1.0
2020-03-22 15:00:00+08:00,2.9681644,122.61923,33.95,1006.3265,24.162937,649.0,732.262,100.0,10.65,0.0,0.0,,1.0
2020-03-22 16:00:00+08:00,3.275668,121.26367,33.8,1006.1239,25.105766,560.0,766.63995,93.0,11.1,0.0,0.0,,1.0
2020-03-22 17:00:00+08:00,3.51141,109.98319,33.3,1006.40875,26.424063,377.0,703.3016,77.0,11.45,0.0,0.0,,1.0
2020-03-22 18:00:00+08:00,2.8653097,119.24873,31.8,1006.46875,30.016808,157.0,503.74078,49.0,12.1,0.0,0.0,,1.0
2020-03-22 19:00:00+08:00,3.2893767,109.53674,30.0,1006.9174,34.038933,11.0,67.58319,6.0,12.45,0.0,0.0,,0.0
2020-03-22 20:00:00+08:00,4.4598207,132.27364,28.5,1006.87726,43.52864,0.0,0.0,0.0,14.9,0.0,0.0,,0.0
2020-03-22 21:00:00+08:00,5.921149,94.84392,29.5,1007.20166,37.643612,0.0,0.0,0.0,13.55,0.0,0.0,,0.0
2020-03-22 22:00:00+08:00,5.9135437,93.87845,28.65,1007.3773,41.78159,0.0,0.0,0.0,14.4,0.0,0.0,,0.0
2020-03-22 23:00:00+08:00,6.503076,91.76235,28.1,1007.06494,46.45272,0.0,0.0,0.0,15.55,0.0,0.0,,0.0
2020-03-23 00:00:00+08:00,6.9007244,89.1697,27.5,1007.14795,50.149418,0.0,0.0,0.0,16.2,0.0,0.0,,0.0
2020-03-23 01:00:00+08:00,6.726812,84.882774,26.65,1006.9268,50.733105,0.0,0.0,0.0,15.6,0.0,0.0,,0.0
2020-03-23 02:00:00+08:00,6.609841,79.540146,25.8,1006.70514,53.17535,0.0,0.0,0.0,15.55,0.0,0.0,,0.0
2020-03-23 03:00:00+08:00,6.334824,78.15795,25.05,1006.3869,56.315643,0.0,0.0,0.0,15.75,0.0,0.0,,0.0
2020-03-23 04:00:00+08:00,6.6219335,75.124275,24.45,1006.4697,58.93296,0.0,0.0,0.0,15.9,0.0,0.0,,0.0
2020-03-23 05:00:00+08:00,6.926038,72.34979,23.85,1006.75085,62.47286,0.0,0.0,0.0,16.25,0.0,0.0,,0.0
2020-03-23 06:00:00+08:00,7.2449985,69.81411,23.45,1007.23584,65.64551,0.0,0.0,0.0,16.65,0.0,0.0,,0.0
2020-03-23 07:00:00+08:00,7.4094534,68.62931,23.6,1007.5374,65.46897,14.0,76.12599,8.0,16.75,0.0,0.0,,1.0
2020-03-23 08:00:00+08:00,7.9699435,72.47434,25.65,1007.79205,55.57026,170.0,532.5947,51.0,16.1,0.0,0.0,,1.0
2020-03-23 09:00:00+08:00,8.065358,70.44166,28.25,1007.9618,47.091396,393.0,730.1337,76.0,15.9,0.0,0.0,,1.0
2020-03-23 10:00:00+08:00,7.762087,68.06147,30.7,1007.82886,39.344273,598.0,829.7347,88.0,15.3,0.0,0.0,,1.0
2020-03-23 11:00:00+08:00,7.1175838,65.95578,32.85,1007.1906,32.75987,760.0,880.967,97.0,14.35,0.0,0.0,,1.0
2020-03-23 12:00:00+08:00,5.8591805,62.560368,34.6,1006.4424,27.657866,862.0,907.5314,101.0,13.25,0.0,0.0,,1.0
2020-03-23 13:00:00+08:00,3.757659,64.79892,35.5,1005.5725,24.403429,823.0,767.3188,158.0,12.1,0.0,0.0,,1.0
2020-03-23 14:00:00+08:00,1.7088008,110.55613,35.2,1004.77094,24.16589,784.0,749.69763,158.0,11.7,0.0,0.0,,1.0
2020-03-23 15:00:00+08:00,3.0016663,181.9091,34.8,1004.2648,24.871063,732.0,826.03033,116.0,11.8,0.0,0.0,,1.0
2020-03-23 16:00:00+08:00,5.9682493,188.6731,32.7,1004.21063,36.150185,496.0,595.11255,136.0,15.75,0.0,0.0,,1.0
2020-03-23 17:00:00+08:00,6.449806,187.12492,31.6,1004.28107,41.656994,324.0,537.6959,97.0,17.0,0.0,0.0,,1.0
2020-03-23 18:00:00+08:00,6.412488,176.42374,30.25,1004.6423,45.27921,95.0,214.36954,50.0,17.1,0.0,0.0,,1.0
2020-03-23 19:00:00+08:00,5.481788,165.20319,29.4,1004.91754,47.248386,8.0,27.88403,6.0,17.0,0.0,0.0,,0.0
2020-03-23 20:00:00+08:00,5.1971145,149.98172,28.3,1005.1855,41.415585,0.0,0.0,0.0,13.95,0.0,0.0,,0.0
2020-03-23 21:00:00+08:00,4.0459857,129.98683,28.15,1005.6777,40.707195,0.0,0.0,0.0,13.55,0.0,0.0,,0.0
2020-03-23 22:00:00+08:00,3.2015622,88.21013,28.4,1005.6844,37.953835,0.0,0.0,0.0,12.7,0.0,0.0,,0.0
2020-03-23 23:00:00+08:00,4.8104053,69.30447,28.7,1005.39465,42.20216,0.0,0.0,0.0,14.6,0.0,0.0,,0.0
2020-03-24 00:00:00+08:00,5.6753855,75.71888,27.95,1005.17633,42.681686,0.0,0.0,0.0,14.1,0.0,0.0,,0.0
2020-03-24 01:00:00+08:00,5.9665737,76.42955,27.4,1004.7648,41.706978,0.0,0.0,0.0,13.25,0.0,0.0,,0.0
2020-03-24 02:00:00+08:00,6.0440054,73.66389,26.9,1004.3544,41.704494,0.0,0.0,0.0,12.8,0.0,0.0,,0.0
2020-03-24 03:00:00+08:00,6.741662,69.14547,26.55,1004.2457,41.470905,0.0,0.0,0.0,12.4,0.0,0.0,,0.0
2020-03-24 04:00:00+08:00,7.5272837,70.6021,26.1,1004.1343,41.75589,0.0,0.0,0.0,12.1,0.0,0.0,,0.0
2020-03-24 05:00:00+08:00,7.5272837,70.6021,25.2,1004.5065,44.482956,0.0,0.0,0.0,12.25,0.0,0.0,,0.0
2020-03-24 06:00:00+08:00,7.655717,66.1135,24.45,1005.18024,48.228638,0.0,0.0,0.0,12.8,0.0,0.0,,0.0
2020-03-24 07:00:00+08:00,7.782673,62.44729,24.4,1005.67505,49.170425,14.0,77.18282,8.0,13.05,0.0,0.0,,1.0
2020-03-24 08:00:00+08:00,7.9630394,54.713177,27.2,1005.65216,42.336548,169.0,533.3532,51.0,13.3,0.0,0.0,,1.0
2020-03-24 09:00:00+08:00,7.8243213,51.22582,30.4,1005.8369,35.513855,392.0,736.4188,74.0,13.45,0.0,0.0,,1.0
2020-03-24 10:00:00+08:00,7.224957,48.366554,33.05,1005.8071,30.25882,598.0,834.8506,87.0,13.3,0.0,0.0,,1.0
2020-03-24 11:00:00+08:00,6.0307546,40.29208,35.4,1005.3716,25.27476,760.0,886.9713,95.0,12.55,0.0,0.0,,1.0
2020-03-24 12:00:00+08:00,2.5632012,20.556128,36.8,1004.61346,19.568214,860.0,909.74884,100.0,9.85,0.0,0.0,,1.0
2020-03-24 13:00:00+08:00,0.92195445,347.4712,36.95,1004.1211,18.57946,750.0,713.62646,134.0,9.2,0.0,0.0,,1.0
2020-03-24 14:00:00+08:00,3.3241541,223.7812,35.15,1003.38055,22.982533,628.0,567.8248,156.0,10.9,0.0,0.0,,1.0
2020-03-24 15:00:00+08:00,4.90408,219.20718,33.1,1003.328,36.376095,593.0,573.00616,168.0,16.2,0.0,0.0,,1.0
2020-03-24 16:00:00+08:00,4.9648767,214.33028,30.6,1003.46094,48.16721,411.0,471.13824,128.0,18.4,0.0,0.0,,1.0
2020-03-24 17:00:00+08:00,3.905125,193.32454,29.15,1003.7202,54.527508,292.0,483.53006,90.0,19.05,0.0,0.0,,1.0
2020-03-24 18:00:00+08:00,3.4132097,174.95764,28.15,1004.1897,57.785416,141.0,447.84457,49.0,19.05,0.0,0.0,,1.0
2020-03-24 19:00:00+08:00,3.8832974,168.11136,26.95,1004.3557,61.21913,9.0,43.188618,6.0,18.85,0.0,0.0,,0.0
2020-03-24 20:00:00+08:00,2.657066,160.20103,25.95,1005.1221,66.78635,0.0,0.0,0.0,19.3,0.0,0.0,,0.0
2020-03-24 21:00:00+08:00,2.7073975,175.76369,25.45,1005.40607,68.58283,0.0,0.0,0.0,19.25,0.0,0.0,,0.0
2020-03-24 22:00:00+08:00,2.5079873,156.50142,24.9,1005.7877,73.78562,0.0,0.0,0.0,19.9,0.0,0.0,,0.0
2020-03-24 23:00:00+08:00,3.0675724,109.025696,25.75,1005.5135,61.525345,0.0,0.0,0.0,17.8,0.0,0.0,,0.0
2020-03-25 00:00:00+08:00,2.5079873,85.42616,26.35,1005.3315,46.58009,0.0,0.0,0.0,14.0,0.0,0.0,,0.0
2020-03-25 01:00:00+08:00,2.2135942,71.564964,25.95,1005.22125,39.961136,0.0,0.0,0.0,11.3,0.0,0.0,,0.0
2020-03-25 02:00:00+08:00,2.7784889,59.743652,26.3,1004.834,38.627327,0.0,0.0,0.0,11.1,0.0,0.0,,0.0
2020-03-25 03:00:00+08:00,3.9115214,57.528828,26.35,1004.4387,37.5036,0.0,0.0,0.0,10.7,0.0,0.0,,0.0
2020-03-25 04:00:00+08:00,3.939543,66.037506,26.05,1004.33136,37.795086,0.0,0.0,0.0,10.55,0.0,0.0,,0.0
2020-03-25 05:00:00+08:00,2.9154758,67.83361,25.4,1004.80975,38.889618,0.0,0.0,0.0,10.4,0.0,0.0,,0.0
2020-03-25 06:00:00+08:00,3.535534,61.26031,25.15,1005.2987,38.560513,0.0,0.0,0.0,10.05,0.0,0.0,,0.0
2020-03-25 07:00:00+08:00,4.7885275,61.294147,25.45,1005.7037,37.00095,12.0,52.178905,8.0,9.7,0.0,0.0,,1.0
2020-03-25 08:00:00+08:00,3.0066593,86.186005,27.35,1006.15216,41.829304,123.0,264.78503,65.0,13.25,0.0,0.0,,1.0
2020-03-25 09:00:00+08:00,1.6970563,135.0001,30.15,1006.62384,35.099014,259.0,202.58124,172.0,13.05,0.0,0.0,,1.0
2020-03-25 10:00:00+08:00,2.0880613,73.300674,31.8,1006.56793,29.72181,272.0,137.81934,188.0,11.95,0.0,0.0,,1.0
2020-03-25 11:00:00+08:00,2.6000001,112.61991,34.3,1006.13684,25.070436,655.0,589.12396,215.0,11.5,0.0,0.0,,1.0
2020-03-25 12:00:00+08:00,1.5811387,145.30478,35.2,1005.5647,23.37979,800.0,817.095,120.0,11.2,0.0,0.0,,1.0
2020-03-25 13:00:00+08:00,2.6000001,202.6199,35.5,1005.1756,22.392832,840.0,840.98944,117.0,10.8,0.0,0.0,,1.0
2020-03-25 14:00:00+08:00,4.614109,209.8988,35.1,1004.3716,22.96981,798.0,819.38995,120.0,10.85,0.0,0.0,,1.0
2020-03-25 15:00:00+08:00,5.7939625,201.25058,33.65,1004.23517,29.067526,649.0,699.53094,133.0,13.2,0.0,0.0,,1.0
2020-03-25 16:00:00+08:00,5.622277,174.89792,33.15,1004.123,31.38831,536.0,734.4149,98.0,13.95,0.0,0.0,,1.0
2020-03-25 17:00:00+08:00,5.315073,184.31595,32.25,1004.19885,36.25797,369.0,718.5462,72.0,15.4,0.0,0.0,,1.0
2020-03-25 18:00:00+08:00,5.0089917,176.56644,30.35,1004.7441,42.51889,151.0,517.58606,47.0,16.2,0.0,0.0,,1.0
2020-03-25 19:00:00+08:00,3.8910153,154.09355,29.55,1005.11975,39.02594,8.0,44.642445,5.0,14.15,0.0,0.0,,0.0
2020-03-25 20:00:00+08:00,5.7584724,159.67677,28.9,1005.5984,41.850517,0.0,0.0,0.0,14.65,0.0,0.0,,0.0
2020-03-25 21:00:00+08:00,3.8013155,125.36255,28.45,1006.4791,40.133163,0.0,0.0,0.0,13.6,0.0,0.0,,0.0
2020-03-25 22:00:00+08:00,3.130495,116.56499,28.2,1006.5717,36.431942,0.0,0.0,0.0,11.9,0.0,0.0,,0.0
2020-03-25 23:00:00+08:00,3.535534,118.7397,27.8,1006.2634,37.046604,0.0,0.0,0.0,11.8,0.0,0.0,,0.0
2020-03-26 00:00:00+08:00,4.8,90.0,28.2,1005.8773,36.192524,0.0,0.0,0.0,11.8,0.0,0.0,,0.0
2020-03-26 01:00:00+08:00,5.80517,79.07724,28.35,1005.2863,36.59414,0.0,0.0,0.0,12.1,0.0,0.0,,0.0
2020-03-26 02:00:00+08:00,5.846366,77.1523,27.85,1004.9751,38.300243,0.0,0.0,0.0,12.35,0.0,0.0,,0.0
2020-03-26 03:00:00+08:00,6.0728908,72.75845,27.35,1004.6642,39.95773,0.0,0.0,0.0,12.55,0.0,0.0,,0.0
2020-03-26 04:00:00+08:00,6.519202,69.34101,27.15,1004.361,40.561806,0.0,0.0,0.0,12.6,0.0,0.0,,0.0
2020-03-26 05:00:00+08:00,6.9354167,65.28258,27.05,1004.75525,41.06881,0.0,0.0,0.0,12.7,0.0,0.0,,0.0
2020-03-26 06:00:00+08:00,7.071068,61.26031,26.85,1005.14667,41.282944,0.0,0.0,0.0,12.6,0.0,0.0,,0.0
2020-03-26 07:00:00+08:00,7.1867933,58.079163,26.95,1005.64526,40.373283,12.0,66.15598,7.0,12.35,0.0,0.0,,1.0
2020-03-26 08:00:00+08:00,7.366139,48.301968,29.05,1005.6024,33.220318,164.0,530.3335,49.0,11.25,0.0,0.0,,1.0
2020-03-26 09:00:00+08:00,7.993122,46.52072,31.9,1005.8764,26.846579,347.0,594.73596,93.0,10.5,0.0,0.0,,1.0
2020-03-26 10:00:00+08:00,7.441102,41.185837,34.7,1005.8497,22.339872,535.0,693.714,114.0,10.1,0.0,0.0,,1.0
2020-03-26 11:00:00+08:00,4.368066,15.945477,36.5,1005.69727,20.63715,636.0,685.5106,126.0,10.4,0.0,0.0,,1.0
2020-03-26 12:00:00+08:00,3.535534,261.87,34.85,1005.25824,26.31357,788.0,811.8173,115.0,12.7,0.0,0.0,,1.0
2020-03-26 13:00:00+08:00,5.3665633,243.43501,32.05,1004.9872,33.83228,855.0,850.29614,127.0,14.15,0.0,0.0,,1.0
2020-03-26 14:00:00+08:00,3.6249137,245.55606,31.0,1004.66223,34.765865,761.0,786.7751,113.0,13.65,0.0,0.0,,1.0
2020-03-26 15:00:00+08:00,3.0528674,238.39255,31.5,1004.2782,33.571064,723.0,826.12524,117.0,13.55,0.0,0.0,,1.0
2020-03-26 16:00:00+08:00,2.745906,236.88864,31.2,1004.2704,33.59749,574.0,827.57135,84.0,13.3,0.0,0.0,,1.0
2020-03-26 17:00:00+08:00,2.0248458,237.09476,30.3,1004.34595,35.83443,365.0,714.11487,73.0,13.5,0.0,0.0,,1.0
2020-03-26 18:00:00+08:00,0.60827625,189.46225,29.5,1004.2256,37.399395,142.0,468.341,50.0,13.45,0.0,0.0,,1.0
2020-03-26 19:00:00+08:00,0.5830952,210.96368,28.75,1004.6026,40.08614,8.0,46.19934,5.0,13.85,0.0,0.0,,0.0
2020-03-26 20:00:00+08:00,2.1213202,261.87,26.9,1005.04877,47.48822,0.0,0.0,0.0,14.8,0.0,0.0,,0.0
2020-03-26 21:00:00+08:00,0.9055385,6.3401003,27.85,1005.27277,42.792603,0.0,0.0,0.0,14.05,0.0,0.0,,0.0
2020-03-26 22:00:00+08:00,0.8062258,7.12493,27.6,1005.1669,42.172024,0.0,0.0,0.0,13.6,0.0,0.0,,0.0
2020-03-26 23:00:00+08:00,1.9313208,291.25058,24.2,1005.07416,58.124233,0.0,0.0,0.0,15.45,0.0,0.0,,0.0
2020-03-27 00:00:00+08:00,1.7888545,296.56497,23.35,1004.8525,72.15031,0.0,0.0,0.0,18.05,0.0,0.0,,0.0
2020-03-27 01:00:00+08:00,1.5231546,336.8014,22.8,1004.93646,78.66982,0.0,0.0,0.0,18.9,0.0,0.0,,0.0
2020-03-27 02:00:00+08:00,1.5231546,336.8014,22.4,1004.826,81.108055,0.0,0.0,0.0,19.0,0.0,0.0,,0.0
2020-03-27 03:00:00+08:00,1.3892444,329.74365,22.5,1004.6305,84.46686,0.0,0.0,0.0,19.75,0.0,0.0,,0.0
2020-03-27 04:00:00+08:00,2.0615528,284.03625,22.75,1004.7366,93.807976,0.0,0.0,0.0,21.7,0.0,0.0,,0.0
2020-03-27 05:00:00+08:00,1.811077,276.3401,22.8,1005.3332,95.54351,0.0,0.0,0.0,22.05,0.0,0.0,,0.0
2020-03-27 06:00:00+08:00,2.1023796,267.27374,22.8,1005.8291,95.25272,0.0,0.0,0.0,22.0,0.0,0.0,,0.0
2020-03-27 07:00:00+08:00,2.3086793,252.3498,22.9,1006.4269,94.96635,11.0,53.691853,7.0,22.05,0.0,0.0,,1.0
2020-03-27 08:00:00+08:00,2.9068882,243.43501,24.15,1006.6599,86.739914,141.0,382.03683,59.0,21.8,0.0,0.0,,1.0
2020-03-27 09:00:00+08:00,3.088689,240.94548,25.05,1007.08124,80.45439,309.0,499.18915,97.0,21.45,0.0,0.0,,1.0
2020-03-27 10:00:00+08:00,3.3120992,241.11351,25.7,1007.09937,75.99388,497.0,524.6263,180.0,21.15,0.0,0.0,,1.0
2020-03-27 11:00:00+08:00,3.2572994,252.1212,26.45,1007.0203,70.7129,670.0,672.02704,172.0,20.7,0.0,0.0,,1.0
2020-03-27 12:00:00+08:00,3.8600519,253.44284,26.75,1006.9293,65.91981,817.0,804.10724,153.0,19.85,0.0,0.0,,1.0
2020-03-27 13:00:00+08:00,4.2059484,251.99574,26.85,1006.6346,64.12496,861.0,850.32837,136.0,19.5,0.0,0.0,,1.0
2020-03-27 14:00:00+08:00,4.237924,250.70985,26.6,1005.9333,65.07557,803.0,816.09454,134.0,19.5,0.0,0.0,,1.0
2020-03-27 15:00:00+08:00,4.3965893,252.80138,26.35,1005.7283,64.82082,703.0,795.1412,123.0,19.2,0.0,0.0,,1.0
2020-03-27 16:00:00+08:00,4.2059484,241.60707,25.95,1005.7172,65.95951,552.0,748.5788,112.0,19.1,0.0,0.0,,1.0
2020-03-27 17:00:00+08:00,4.327817,229.68597,25.25,1005.7975,68.117546,346.0,613.16705,98.0,18.95,0.0,0.0,,1.0
2020-03-27 18:00:00+08:00,4.6690474,223.26433,24.2,1006.1652,74.35804,129.0,395.9342,53.0,19.35,0.0,0.0,,1.0
2020-03-27 19:00:00+08:00,4.327817,220.31403,23.55,1006.64343,80.25581,5.0,15.953734,4.0,19.95,0.0,0.0,,0.0
2020-03-27 20:00:00+08:00,3.8183768,224.9999,23.25,1007.03174,78.97932,0.0,0.0,0.0,19.4,0.0,0.0,,0.0
2020-03-27 21:00:00+08:00,2.828427,224.9999,22.9,1007.22034,78.43905,0.0,0.0,0.0,18.95,0.0,0.0,,0.0
2020-03-27 22:00:00+08:00,2.6172504,223.45189,22.55,1007.4092,79.87215,0.0,0.0,0.0,18.9,0.0,0.0,,0.0
2020-03-27 23:00:00+08:00,2.9698482,224.9999,22.55,1007.11163,79.374855,0.0,0.0,0.0,18.8,0.0,0.0,,0.0
2020-03-28 00:00:00+08:00,3.8600519,216.57312,22.3,1007.0052,80.842384,0.0,0.0,0.0,18.85,0.0,0.0,,0.0
2020-03-28 01:00:00+08:00,4.2720017,212.57405,22.0,1006.99695,81.31037,0.0,0.0,0.0,18.65,0.0,0.0,,0.0
2020-03-28 02:00:00+08:00,3.6359317,211.50421,21.7,1006.9884,80.25852,0.0,0.0,0.0,18.15,0.0,0.0,,0.0
2020-03-28 03:00:00+08:00,3.1906114,212.19571,21.45,1006.98145,80.9851,0.0,0.0,0.0,18.05,0.0,0.0,,0.0
2020-03-28 04:00:00+08:00,2.9681644,212.61923,21.4,1006.881,82.00239,0.0,0.0,0.0,18.2,0.0,0.0,,0.0
2020-03-28 05:00:00+08:00,2.385372,213.02386,21.2,1007.272,81.97757,0.0,0.0,0.0,18.0,0.0,0.0,,0.0
2020-03-28 06:00:00+08:00,2.5806975,215.53777,21.4,1007.7736,80.724464,0.0,0.0,0.0,17.95,0.0,0.0,,0.0
2020-03-28 07:00:00+08:00,2.7018511,218.991,22.15,1008.09204,76.14521,9.0,40.86408,6.0,17.75,0.0,0.0,,1.0
2020-03-28 08:00:00+08:00,2.4207437,231.7098,23.45,1008.72363,70.15413,130.0,305.98724,65.0,17.7,0.0,0.0,,1.0
2020-03-28 09:00:00+08:00,4.9517674,226.63654,23.7,1009.1273,74.043015,287.0,381.26202,126.0,18.8,0.0,0.0,,1.0
2020-03-28 10:00:00+08:00,5.1078367,203.05133,23.05,1009.3076,78.46068,227.0,54.85565,194.0,19.1,0.0,0.1,,1.0
2020-03-28 11:00:00+08:00,6.648308,186.91113,24.0,1008.93713,73.40352,390.0,124.64683,298.0,18.95,0.0,0.2,,1.0
2020-03-28 12:00:00+08:00,6.8593006,187.53935,23.85,1008.5362,71.788475,379.0,113.0716,286.0,18.45,0.0,0.0,,1.0
2020-03-28 13:00:00+08:00,6.519202,184.39862,24.65,1007.864,65.89639,599.0,379.25916,277.0,17.85,0.0,0.0,,1.0
2020-03-28 14:00:00+08:00,6.419502,184.46707,24.9,1007.474,62.90498,612.0,327.25537,345.0,17.35,0.0,0.0,,1.0
2020-03-28 15:00:00+08:00,6.264982,188.25935,24.75,1006.9739,61.298725,577.0,380.53244,301.0,16.8,0.0,0.0,,1.0
2020-03-28 16:00:00+08:00,6.4132676,190.78426,24.0,1007.1518,61.715202,519.0,610.15375,163.0,16.2,0.0,0.0,,1.0
2020-03-28 17:00:00+08:00,6.363961,188.13002,23.05,1007.3239,63.70516,341.0,632.46906,88.0,15.8,0.0,0.0,,1.0
2020-03-28 18:00:00+08:00,5.7218876,185.01303,22.15,1008.1912,66.42693,133.0,448.05258,49.0,15.6,0.0,0.0,,1.0
2020-03-28 19:00:00+08:00,5.0039983,182.29056,21.6,1008.77075,67.60274,5.0,16.546747,4.0,15.35,0.0,0.0,,0.0
2020-03-28 20:00:00+08:00,4.3011627,162.40749,21.5,1009.06586,63.363693,0.0,0.0,0.0,14.25,0.0,0.0,,0.0
2020-03-28 21:00:00+08:00,4.0261645,165.61858,21.45,1009.75854,61.331043,0.0,0.0,0.0,13.7,0.0,0.0,,0.0
2020-03-28 22:00:00+08:00,4.4944406,159.14546,21.25,1009.3561,60.68922,0.0,0.0,0.0,13.35,0.0,0.0,,0.0
2020-03-28 23:00:00+08:00,4.2720017,147.42595,20.0,1008.92395,65.76221,0.0,0.0,0.0,13.4,0.0,0.0,,0.0
2020-03-29 00:00:00+08:00,4.4944406,159.14546,20.25,1008.73285,63.291626,0.0,0.0,0.0,13.05,0.0,0.0,,0.0
2020-03-29 01:00:00+08:00,4.031129,156.61476,19.9,1008.12805,64.0463,0.0,0.0,0.0,12.9,0.0,0.0,,0.0
2020-03-29 02:00:00+08:00,3.4,118.072395,19.3,1007.7139,64.97138,0.0,0.0,0.0,12.55,0.0,0.0,,0.0
2020-03-29 03:00:00+08:00,4.304649,120.73541,18.75,1007.30176,62.54024,0.0,0.0,0.0,11.45,0.0,0.0,,0.0
2020-03-29 04:00:00+08:00,3.1827662,133.72705,18.4,1008.2833,63.50376,0.0,0.0,0.0,11.35,0.0,0.0,,0.0
2020-03-29 05:00:00+08:00,4.031129,136.00499,19.0,1008.4988,61.571518,0.0,0.0,0.0,11.45,0.0,0.0,,0.0
2020-03-29 06:00:00+08:00,3.8600519,126.57312,18.2,1009.071,63.669636,0.0,0.0,0.0,11.2,0.0,0.0,,0.0
2020-03-29 07:00:00+08:00,4.1231055,129.09386,18.2,1009.26935,64.51847,10.0,55.30274,6.0,11.4,0.0,0.0,,1.0
2020-03-29 08:00:00+08:00,5.1312766,123.07069,19.85,1009.9115,55.567177,153.0,489.99194,50.0,10.7,0.0,0.0,,1.0
2020-03-29 09:00:00+08:00,5.8051705,132.20723,21.45,1010.0561,49.19071,302.0,450.15094,113.0,10.35,0.0,0.0,,1.0
2020-03-29 10:00:00+08:00,5.6035705,145.17545,22.3,1010.0799,46.548138,345.0,272.16763,182.0,10.3,0.0,0.0,,1.0
2020-03-29 11:00:00+08:00,5.4781384,158.58696,24.2,1009.83514,39.73432,745.0,885.5896,94.0,9.65,0.0,0.0,,1.0
2020-03-29 12:00:00+08:00,5.707889,176.98727,25.1,1009.26514,36.901978,851.0,921.6438,96.0,9.35,0.0,0.0,,1.0
2020-03-29 13:00:00+08:00,6.537584,186.14653,25.1,1008.67,38.16128,885.0,928.54236,100.0,9.85,0.0,0.0,,1.0
2020-03-29 14:00:00+08:00,7.891768,188.74608,24.2,1008.24817,43.479954,848.0,923.67224,98.0,11.0,0.0,0.0,,1.0
2020-03-29 15:00:00+08:00,8.050466,186.41869,23.4,1008.226,45.623734,678.0,722.4506,157.0,11.0,0.0,0.0,,1.0
2020-03-29 16:00:00+08:00,7.3824115,188.56906,22.75,1008.6048,50.529938,376.0,253.82623,229.0,11.95,0.0,0.0,,1.0
2020-03-29 17:00:00+08:00,7.5006666,180.76389,21.85,1008.38135,55.88602,127.0,45.501545,109.0,12.65,0.0,0.0,,1.0
2020-03-29 18:00:00+08:00,7.300685,180.7848,21.5,1008.6691,57.46977,57.0,65.56474,45.0,12.75,0.0,0.0,,1.0
2020-03-29 19:00:00+08:00,6.512296,176.47862,20.7,1009.3406,59.77273,5.0,34.362938,3.0,12.6,0.0,0.0,,0.0
2020-03-29 20:00:00+08:00,5.661272,162.52513,20.3,1009.3292,59.8743,0.0,0.0,0.0,12.25,0.0,0.0,,0.0
2020-03-29 21:00:00+08:00,5.5542774,156.66594,19.9,1009.51654,64.25601,0.0,0.0,0.0,12.95,0.0,0.0,,0.0
2020-03-29 22:00:00+08:00,5.456189,153.90463,19.55,1009.50635,67.1841,0.0,0.0,0.0,13.3,0.0,0.0,,0.0
2020-03-29 23:00:00+08:00,5.5226803,148.32457,19.05,1009.19446,67.74224,0.0,0.0,0.0,12.95,0.0,0.0,,0.0
2020-03-30 00:00:00+08:00,5.0,143.13002,18.25,1008.97314,64.74314,0.0,0.0,0.0,11.5,0.0,0.0,,0.0
2020-03-30 01:00:00+08:00,4.62277,141.14662,17.5,1008.9516,61.839874,0.0,0.0,0.0,10.1,0.0,0.0,,0.0
2020-03-30 02:00:00+08:00,4.560702,142.12495,17.0,1008.8378,63.188858,0.0,0.0,0.0,9.95,0.0,0.0,,0.0
2020-03-30 03:00:00+08:00,4.0459857,140.01317,16.5,1008.62494,65.66412,0.0,0.0,0.0,10.05,0.0,0.0,,0.0
2020-03-30 04:00:00+08:00,3.6124785,138.36655,16.05,1008.9095,68.25453,0.0,0.0,0.0,10.2,0.0,0.0,,0.0
2020-03-30 05:00:00+08:00,3.3970575,137.38599,15.7,1009.29596,70.73615,0.0,0.0,0.0,10.4,0.0,0.0,,0.0
2020-03-30 06:00:00+08:00,3.482815,129.17365,15.4,1009.5846,72.108696,0.0,0.0,0.0,10.4,0.0,0.0,,0.0
2020-03-30 07:00:00+08:00,3.7735925,122.00535,15.55,1010.08484,71.418724,11.0,56.14698,7.0,10.4,0.0,0.0,,1.0
2020-03-30 08:00:00+08:00,4.1617303,125.21768,17.65,1010.0468,62.70572,161.0,538.511,49.0,10.45,0.0,0.0,,1.0
2020-03-30 09:00:00+08:00,3.720215,126.25393,20.55,1009.9316,50.2786,384.0,745.0522,73.0,9.85,0.0,0.0,,1.0
2020-03-30 10:00:00+08:00,3.224903,150.2552,23.0,1009.90106,39.394592,589.0,843.6888,86.0,8.45,0.0,0.0,,1.0
2020-03-30 11:00:00+08:00,3.206244,176.42374,24.5,1009.1495,35.030544,748.0,891.95807,95.0,8.05,0.0,0.0,,1.0
2020-03-30 12:00:00+08:00,4.90408,200.28264,25.05,1008.3707,36.394474,848.0,918.0434,99.0,9.1,0.0,0.0,,1.0
2020-03-30 13:00:00+08:00,6.7779055,201.6445,24.2,1007.9506,43.479954,878.0,924.2341,100.0,11.0,0.0,0.0,,1.0
2020-03-30 14:00:00+08:00,6.8622155,198.69908,23.95,1007.5472,42.836365,832.0,907.109,99.0,10.55,0.0,0.0,,1.0
2020-03-30 15:00:00+08:00,7.4632435,197.9495,23.3,1007.43005,47.918316,716.0,849.3631,107.0,11.65,0.0,0.0,,1.0
2020-03-30 16:00:00+08:00,7.766595,191.88864,22.65,1007.4117,51.005096,562.0,831.56805,84.0,12.0,0.0,0.0,,1.0
2020-03-30 17:00:00+08:00,7.156815,187.22423,22.15,1007.4969,54.872955,356.0,728.56946,71.0,12.65,0.0,0.0,,1.0
2020-03-30 18:00:00+08:00,6.7186303,184.2678,20.95,1007.86017,63.860634,135.0,509.5182,44.0,13.85,0.0,0.0,,1.0
2020-03-30 19:00:00+08:00,6.0033326,181.9091,20.3,1008.1391,66.90294,5.0,17.863543,4.0,13.95,0.0,0.0,,0.0
2020-03-30 20:00:00+08:00,5.8,180.0,20.0,1008.42804,66.407524,0.0,0.0,0.0,13.55,0.0,0.0,,0.0
2020-03-30 21:00:00+08:00,6.0074954,177.13765,19.85,1008.91974,67.46479,0.0,0.0,0.0,13.65,0.0,0.0,,0.0
2020-03-30 22:00:00+08:00,5.9539905,172.27826,19.75,1008.7185,67.66406,0.0,0.0,0.0,13.6,0.0,0.0,,0.0
2020-03-30 23:00:00+08:00,5.7271285,167.90526,19.85,1008.5231,66.809715,0.0,0.0,0.0,13.5,0.0,0.0,,0.0
2020-03-31 00:00:00+08:00,5.6302757,160.27763,19.55,1008.21704,68.73246,0.0,0.0,0.0,13.65,0.0,0.0,,0.0
2020-03-31 01:00:00+08:00,5.235456,151.47697,19.0,1007.9037,72.05668,0.0,0.0,0.0,13.85,0.0,0.0,,0.0
2020-03-31 02:00:00+08:00,4.5803933,143.88057,18.25,1008.27893,74.30154,0.0,0.0,0.0,13.6,0.0,0.0,,0.0
2020-03-31 03:00:00+08:00,4.327817,130.31403,17.4,1008.05615,73.19067,0.0,0.0,0.0,12.55,0.0,0.0,,0.0
2020-03-31 04:00:00+08:00,4.883646,132.5104,17.05,1007.84766,70.525734,0.0,0.0,0.0,11.65,0.0,0.0,,0.0
2020-03-31 05:00:00+08:00,4.8270073,129.95749,16.8,1007.93964,68.40669,0.0,0.0,0.0,10.95,0.0,0.0,,0.0
2020-03-31 06:00:00+08:00,4.675468,131.53168,16.7,1008.3334,67.03502,0.0,0.0,0.0,10.55,0.0,0.0,,0.0
2020-03-31 07:00:00+08:00,4.6861496,129.80553,16.75,1008.4339,66.37878,10.0,57.02283,6.0,10.45,0.0,0.0,,1.0
2020-03-31 08:00:00+08:00,4.89183,139.14471,19.1,1008.9975,58.218987,159.0,534.6414,49.0,10.7,0.0,0.0,,1.0
2020-03-31 09:00:00+08:00,6.0901566,150.4886,21.2,1009.15643,51.641197,344.0,619.32794,87.0,10.85,0.0,0.0,,1.0
2020-03-31 10:00:00+08:00,5.9135437,161.25856,22.9,1009.10486,40.996216,566.0,726.24207,135.0,8.95,0.0,0.0,,1.0
2020-03-31 11:00:00+08:00,5.842089,173.11838,23.7,1008.7305,39.062813,656.0,637.80005,191.0,8.95,0.0,0.0,,1.0
2020-03-31 12:00:00+08:00,5.903389,181.94144,24.35,1007.6572,40.04398,822.0,813.5173,161.0,9.9,0.0,0.0,,1.0
2020-03-31 13:00:00+08:00,6.670832,192.99461,24.2,1006.7604,46.451767,863.0,862.6365,140.0,12.0,0.0,0.0,,1.0
2020-03-31 14:00:00+08:00,7.34983,194.98167,23.55,1006.3458,48.622166,758.0,657.84796,229.0,12.1,0.0,0.0,,1.0
2020-03-31 15:00:00+08:00,6.963476,192.43954,23.15,1006.33453,51.13683,606.0,455.91098,281.0,12.5,0.0,0.0,,1.0
2020-03-31 16:00:00+08:00,6.942622,191.6336,22.8,1006.325,54.14648,442.0,375.10382,228.0,13.05,0.0,0.0,,1.0
2020-03-31 17:00:00+08:00,7.3979726,189.33493,22.2,1006.9035,59.931667,321.0,550.69226,108.0,14.05,0.0,0.0,,1.0
2020-03-31 18:00:00+08:00,6.906519,182.4895,21.3,1006.8782,67.977516,122.0,419.0386,49.0,15.15,0.0,0.0,,1.0
2020-03-31 19:00:00+08:00,6.1032777,178.12216,20.6,1007.15576,75.176155,4.0,18.593538,3.0,16.05,0.0,0.0,,0.0
2020-03-31 20:00:00+08:00,5.770615,171.02745,20.6,1007.25494,74.69779,0.0,0.0,0.0,15.95,0.0,0.0,,0.0
2020-03-31 21:00:00+08:00,5.6044626,164.47583,20.5,1007.5497,75.159744,0.0,0.0,0.0,15.95,0.0,0.0,,0.0
2020-03-31 22:00:00+08:00,5.5785303,165.4655,20.2,1007.24365,76.80979,0.0,0.0,0.0,16.0,0.0,0.0,,0.0
2020-03-31 23:00:00+08:00,5.5785303,165.4655,20.0,1006.742,78.76449,0.0,0.0,0.0,16.2,0.0,0.0,,0.0
2020-04-01 00:00:00+08:00,5.0921507,160.49747,19.65,1006.33563,80.74906,0.0,0.0,0.0,16.25,0.0,0.0,,0.0
2020-04-01 01:00:00+08:00,4.5694637,156.80139,19.25,1006.0267,81.99445,0.0,0.0,0.0,16.1,0.0,0.0,,0.0
2020-04-01 02:00:00+08:00,4.5793014,148.39255,18.65,1005.4146,83.507614,0.0,0.0,0.0,15.8,0.0,0.0,,0.0
2020-04-01 03:00:00+08:00,4.1868844,139.84407,17.95,1005.19604,83.694855,0.0,0.0,0.0,15.15,0.0,0.0,,0.0
2020-04-01 04:00:00+08:00,3.623534,140.59937,17.3,1005.27655,82.813416,0.0,0.0,0.0,14.35,0.0,0.0,,0.0
2020-04-01 05:00:00+08:00,3.905125,140.19447,16.95,1005.3656,82.50315,0.0,0.0,0.0,13.95,0.0,0.0,,0.0
2020-04-01 06:00:00+08:00,3.4655447,136.16905,16.55,1005.94904,82.45395,0.0,0.0,0.0,13.55,0.0,0.0,,0.0
2020-04-01 07:00:00+08:00,3.6069376,133.87679,16.7,1006.05255,80.09142,9.0,43.444233,6.0,13.25,0.0,0.0,,1.0
2020-04-01 08:00:00+08:00,3.679674,137.20262,18.95,1006.0181,67.50064,151.0,496.3138,50.0,12.8,0.0,0.0,,1.0
2020-04-01 09:00:00+08:00,3.5608988,141.84273,21.45,1005.69214,54.695423,372.0,717.58374,76.0,11.95,0.0,0.0,,1.0
2020-04-01 10:00:00+08:00,2.8792362,159.67677,23.75,1005.2603,45.56889,543.0,658.51697,154.0,11.3,0.0,0.0,,1.0
2020-04-01 11:00:00+08:00,2.9068885,176.05489,25.5,1004.61383,39.967392,662.0,581.25183,240.0,10.9,0.0,0.0,,1.0
2020-04-01 12:00:00+08:00,4.167733,210.25635,26.1,1003.93585,43.14981,812.0,811.9542,155.0,12.6,0.0,0.0,,1.0
2020-04-01 13:00:00+08:00,5.8523498,213.147,24.85,1003.2075,54.66491,839.0,808.9009,164.0,15.1,0.0,0.0,,1.0
2020-04-01 14:00:00+08:00,6.003332,209.98155,24.9,1002.812,51.09595,806.0,853.5286,123.0,14.1,0.0,0.0,,1.0
2020-04-01 15:00:00+08:00,6.352952,208.1785,24.55,1002.80255,52.85554,667.0,708.3248,165.0,14.3,0.0,0.0,,1.0
2020-04-01 16:00:00+08:00,6.484597,199.83221,23.9,1002.98303,57.126137,526.0,743.5313,105.0,14.9,0.0,0.0,,1.0
2020-04-01 17:00:00+08:00,6.356886,199.29015,23.05,1003.05896,64.113594,314.0,538.6699,108.0,15.9,0.0,0.0,,1.0
2020-04-01 18:00:00+08:00,5.7870545,198.12195,22.15,1003.62885,70.80223,119.0,435.66174,45.0,16.6,0.0,0.0,,1.0
2020-04-01 19:00:00+08:00,5.2201533,196.69933,21.75,1004.21295,73.47829,3.0,19.10732,2.0,16.8,0.0,0.0,,0.0
2020-04-01 20:00:00+08:00,5.0635953,189.0902,21.7,1004.60803,72.77313,0.0,0.0,0.0,16.6,0.0,0.0,,0.0
2020-04-01 21:00:00+08:00,4.8259716,185.94676,21.75,1004.70886,71.406624,0.0,0.0,0.0,16.35,0.0,0.0,,0.0
2020-04-01 22:00:00+08:00,5.080354,190.20392,21.5,1004.801,73.435074,0.0,0.0,0.0,16.55,0.0,0.0,,0.0
2020-04-01 23:00:00+08:00,4.8093657,183.57626,21.2,1004.49493,74.087364,0.0,0.0,0.0,16.4,0.0,0.0,,0.0
2020-04-02 00:00:00+08:00,4.318565,185.31445,21.05,1004.19305,74.29817,0.0,0.0,0.0,16.3,0.0,0.0,,0.0
2020-04-02 01:00:00+08:00,4.1,180.0,20.8,1003.78937,75.20898,0.0,0.0,0.0,16.25,0.0,0.0,,0.0
2020-04-02 02:00:00+08:00,3.8,180.0,20.9,1003.6931,74.50999,0.0,0.0,0.0,16.2,0.0,0.0,,0.0
2020-04-02 03:00:00+08:00,4.3289723,186.63242,20.8,1003.4919,74.731125,0.0,0.0,0.0,16.15,0.0,0.0,,0.0
2020-04-02 04:00:00+08:00,4.3289723,186.63242,20.9,1003.49475,73.80058,0.0,0.0,0.0,16.05,0.0,0.0,,0.0
2020-04-02 05:00:00+08:00,4.204759,182.72626,20.5,1003.5825,75.64107,0.0,0.0,0.0,16.05,0.0,0.0,,0.0
2020-04-02 06:00:00+08:00,4.704253,182.4366,20.75,1004.1848,74.4848,0.0,0.0,0.0,16.05,0.0,0.0,,0.0
2020-04-02 07:00:00+08:00,5.6008925,178.97699,20.25,1004.76575,82.11869,5.0,14.715851,4.0,17.1,0.0,0.0,,1.0
2020-04-02 08:00:00+08:00,5.920304,195.67958,21.5,1005.59454,68.23615,102.0,253.42163,51.0,15.4,0.0,0.1,,1.0
2020-04-02 09:00:00+08:00,6.332456,201.29742,21.7,1006.19495,67.622986,169.0,97.558655,129.0,15.45,0.0,0.1,,1.0
2020-04-02 10:00:00+08:00,6.1465435,201.97456,22.6,1006.2203,60.414455,383.0,355.4677,174.0,14.55,0.0,0.0,,1.0
2020-04-02 11:00:00+08:00,5.8523498,199.9832,22.8,1006.02747,57.41305,409.0,207.48273,259.0,13.95,0.0,0.0,,1.0
2020-04-02 12:00:00+08:00,4.924429,192.90741,23.2,1005.5426,47.261883,458.0,264.33966,245.0,11.35,0.0,0.0,,1.0
2020-04-02 13:00:00+08:00,5.772348,194.03627,23.45,1005.15295,47.018135,405.0,131.19983,296.0,11.5,0.0,0.0,,1.0
2020-04-02 14:00:00+08:00,6.395311,189.90411,22.95,1004.5439,49.593384,404.0,158.2362,278.0,11.85,0.0,0.0,,1.0
2020-04-02 15:00:00+08:00,6.041523,192.42593,23.8,1004.1705,47.58143,628.0,659.96716,163.0,12.0,0.0,0.0,,1.0
2020-04-02 16:00:00+08:00,5.9439044,192.63336,22.85,1004.14435,55.40935,493.0,613.93634,148.0,13.45,0.0,0.0,,1.0
2020-04-02 17:00:00+08:00,5.824946,191.88864,21.55,1004.5048,67.809845,263.0,327.95932,139.0,15.35,0.0,0.0,,1.0
2020-04-02 18:00:00+08:00,5.1,180.0,21.2,1004.89166,66.87254,96.0,229.53584,58.0,14.8,0.0,0.0,,1.0
2020-04-02 19:00:00+08:00,4.7010636,178.78116,20.75,1005.17664,70.53972,2.0,0.0,2.0,15.2,0.0,0.0,,0.0
2020-04-02 20:00:00+08:00,4.804165,182.3859,20.7,1006.1669,70.078354,0.0,0.0,0.0,15.05,0.0,0.0,,0.0
2020-04-02 21:00:00+08:00,5.0089917,176.56644,20.5,1006.4587,69.36631,0.0,0.0,0.0,14.7,0.0,0.0,,0.0
2020-04-02 22:00:00+08:00,5.261178,171.25392,20.25,1006.8485,69.54183,0.0,0.0,0.0,14.5,0.0,0.0,,0.0
2020-04-02 23:00:00+08:00,5.554278,166.46413,20.1,1006.94324,70.64438,0.0,0.0,0.0,14.6,0.0,0.0,,0.0
2020-04-03 00:00:00+08:00,5.4120235,163.90912,20.0,1007.0396,68.821625,0.0,0.0,0.0,14.1,0.0,0.0,,0.0
2020-04-03 01:00:00+08:00,4.6957426,153.43501,19.35,1007.2196,72.58847,0.0,0.0,0.0,14.3,0.0,0.0,,0.0
2020-04-03 02:00:00+08:00,4.527693,133.21011,18.85,1007.0071,75.37231,0.0,0.0,0.0,14.4,0.0,0.0,,0.0
2020-04-03 03:00:00+08:00,4.6647615,120.96369,17.85,1006.4824,75.9454,0.0,0.0,0.0,13.55,0.0,0.0,,0.0
2020-04-03 04:00:00+08:00,4.62277,128.85338,17.35,1006.76544,72.703125,0.0,0.0,0.0,12.4,0.0,0.0,,0.0
2020-04-03 05:00:00+08:00,4.6400433,127.11694,17.15,1007.4539,73.38698,0.0,0.0,0.0,12.35,0.0,0.0,,0.0
2020-04-03 06:00:00+08:00,3.939543,113.962494,16.3,1008.12335,77.965836,0.0,0.0,0.0,12.45,0.0,0.0,,0.0
2020-04-03 07:00:00+08:00,3.8327537,105.12406,16.3,1008.91675,77.45567,8.0,29.91797,6.0,12.35,0.0,0.0,,1.0
2020-04-03 08:00:00+08:00,4.560702,105.25517,17.95,1009.9563,64.67757,118.0,271.38364,64.0,11.2,0.0,0.0,,1.0
2020-04-03 09:00:00+08:00,5.507268,119.357666,20.15,1010.21765,52.230324,330.0,512.87366,121.0,10.05,0.0,0.0,,1.0
2020-04-03 10:00:00+08:00,5.879626,131.55252,21.5,1009.95844,46.327908,521.0,601.528,169.0,9.5,0.0,0.0,,1.0
2020-04-03 11:00:00+08:00,5.108816,139.76372,22.85,1009.4011,40.98208,707.0,773.75385,150.0,8.9,0.0,0.0,,1.0
2020-04-03 12:00:00+08:00,4.0496917,147.09476,24.05,1008.6409,37.103683,812.0,823.7876,151.0,8.5,0.0,0.0,,1.0
2020-04-03 13:00:00+08:00,3.49285,166.75948,25.05,1007.87476,33.668957,822.0,753.219,199.0,7.95,0.0,0.0,,1.0
2020-04-03 14:00:00+08:00,5.5362444,196.79845,24.3,1007.16,40.164146,799.0,815.29425,153.0,9.9,0.0,0.0,,1.0
2020-04-03 15:00:00+08:00,7.0604534,195.61105,22.55,1006.91327,51.824783,687.0,760.92706,154.0,12.15,0.0,0.0,,1.0
2020-04-03 16:00:00+08:00,6.905071,190.00792,21.7,1006.8892,53.335297,522.0,704.6753,129.0,11.8,0.0,0.0,,1.0
2020-04-03 17:00:00+08:00,6.419502,184.46707,21.4,1007.07935,53.257763,314.0,561.79156,104.0,11.5,0.0,0.0,,1.0
2020-04-03 18:00:00+08:00,5.8077536,177.03912,20.7,1007.2578,56.523087,108.0,347.19193,52.0,11.75,0.0,0.0,,1.0
2020-04-03 19:00:00+08:00,4.738143,172.72508,20.45,1007.74677,60.700974,2.0,0.0,2.0,12.6,0.0,0.0,,0.0
2020-04-03 20:00:00+08:00,4.9040794,163.41258,20.2,1007.24365,65.16542,0.0,0.0,0.0,13.45,0.0,0.0,,0.0
2020-04-03 21:00:00+08:00,3.8999999,157.3801,19.7,1007.42804,72.65102,0.0,0.0,0.0,14.65,0.0,0.0,,0.0
2020-04-03 22:00:00+08:00,2.5495098,131.82008,18.9,1007.40497,75.38054,0.0,0.0,0.0,14.45,0.0,0.0,,0.0
2020-04-03 23:00:00+08:00,2.4351592,109.17911,18.0,1007.18097,71.17156,0.0,0.0,0.0,12.7,0.0,0.0,,0.0
2020-04-04 00:00:00+08:00,3.1780496,102.72436,19.05,1006.71515,42.761253,0.0,0.0,0.0,6.1,0.0,0.0,,0.0
2020-04-04 01:00:00+08:00,3.8209946,96.00892,19.55,1006.63025,32.908062,0.0,0.0,0.0,2.8,0.0,0.0,,0.0
2020-04-04 02:00:00+08:00,4.504442,92.544754,19.4,1006.13,32.057487,0.0,0.0,0.0,2.3,0.0,0.0,,0.0
2020-04-04 03:00:00+08:00,4.604346,87.5105,19.3,1006.02795,31.12767,0.0,0.0,0.0,1.8,0.0,0.0,,0.0
2020-04-04 04:00:00+08:00,4.8507733,81.70294,19.1,1006.1214,30.959269,0.0,0.0,0.0,1.55,0.0,0.0,,0.0
2020-04-04 05:00:00+08:00,5.4571056,76.21838,19.25,1006.42334,30.781277,0.0,0.0,0.0,1.6,0.0,0.0,,0.0
2020-04-04 06:00:00+08:00,6.705222,72.64589,19.35,1006.7237,30.699936,0.0,0.0,0.0,1.65,0.0,0.0,,0.0
2020-04-04 07:00:00+08:00,7.3375745,72.55273,19.65,1006.93066,30.025253,7.0,15.211005,6.0,1.6,0.0,0.0,,1.0
2020-04-04 08:00:00+08:00,7.5610843,69.88733,21.5,1007.5781,28.161636,146.0,477.86578,52.0,2.3,0.0,0.0,,1.0
2020-04-04 09:00:00+08:00,7.5769386,67.49644,23.75,1007.74,24.830364,316.0,422.23123,145.0,2.45,0.0,0.0,,1.0
2020-04-04 10:00:00+08:00,6.797794,63.81196,26.35,1007.9105,21.878166,517.0,592.40204,172.0,2.85,0.0,0.0,,1.0
2020-04-04 11:00:00+08:00,6.074537,57.094753,28.65,1007.57574,19.533033,680.0,689.2141,186.0,3.15,0.0,0.0,,1.0
2020-04-04 12:00:00+08:00,4.8600416,53.3658,29.7,1007.20703,18.64415,595.0,287.86902,365.0,3.35,0.0,0.0,,1.0
2020-04-04 13:00:00+08:00,3.8600519,53.426876,29.75,1006.41473,18.788242,379.0,43.720512,343.0,3.5,0.0,0.0,,1.0
2020-04-04 14:00:00+08:00,1.1,90.0,29.9,1005.7244,19.091301,430.0,145.86505,315.0,3.85,0.0,0.0,,1.0
2020-04-04 15:00:00+08:00,2.376973,165.37909,30.25,1005.1383,18.843307,549.0,348.97794,306.0,3.95,0.0,0.0,,1.0
2020-04-04 16:00:00+08:00,3.667424,168.9965,27.75,1004.9726,31.139265,127.0,36.1375,107.0,9.15,0.0,0.0,,1.0
2020-04-04 17:00:00+08:00,4.6010866,181.24533,26.1,1005.1262,44.005688,75.0,13.531737,70.0,12.9,0.0,0.0,,1.0
2020-04-04 18:00:00+08:00,4.570558,169.91946,25.05,1005.5934,45.925205,58.0,69.89503,47.0,12.6,0.0,0.0,,1.0
2020-04-04 19:00:00+08:00,4.118252,150.9455,24.2,1005.6693,41.36237,2.0,0.0,2.0,10.25,0.0,0.0,,0.0
2020-04-04 20:00:00+08:00,1.5033296,176.186,22.75,1006.4227,55.927975,0.0,0.0,0.0,13.5,0.0,0.0,,0.0
2020-04-04 21:00:00+08:00,1.6492423,194.03627,21.5,1006.88385,81.24633,0.0,0.0,0.0,18.15,0.0,0.0,,0.0
2020-04-04 22:00:00+08:00,2.147091,152.24155,22.05,1006.79987,77.58101,0.0,0.0,0.0,17.95,0.0,0.0,,0.0
2020-04-04 23:00:00+08:00,1.9723083,149.53453,22.2,1005.5149,59.73774,0.0,0.0,0.0,14.0,0.0,0.0,,0.0
2020-04-05 00:00:00+08:00,2.1,180.0,20.95,1005.2815,67.03695,0.0,0.0,0.0,14.6,0.0,0.0,,0.0
2020-04-05 01:00:00+08:00,2.0880613,106.699326,20.75,1004.8791,62.78679,0.0,0.0,0.0,13.4,0.0,0.0,,0.0
2020-04-05 02:00:00+08:00,1.5,180.0,21.2,1004.7925,54.27224,0.0,0.0,0.0,11.6,0.0,0.0,,0.0
2020-04-05 03:00:00+08:00,1.8384775,135.0001,20.25,1004.66656,60.455418,0.0,0.0,0.0,12.35,0.0,0.0,,0.0
2020-04-05 04:00:00+08:00,1.5132746,97.59455,20.5,1004.67346,47.4732,0.0,0.0,0.0,8.95,0.0,0.0,,0.0
2020-04-05 05:00:00+08:00,0.44721362,63.435013,22.2,1005.4158,35.217075,0.0,0.0,0.0,6.1,0.0,0.0,,0.0
2020-04-05 06:00:00+08:00,2.1931713,155.77226,20.5,1005.7644,38.414597,0.0,0.0,0.0,5.85,0.0,0.0,,0.0
2020-04-05 07:00:00+08:00,1.8248286,99.46225,20.65,1005.96716,38.061058,2.0,0.0,2.0,5.85,0.0,0.2,,1.0
2020-04-05 08:00:00+08:00,2.8844411,56.309914,21.35,1005.09424,76.501526,44.0,15.4295025,41.0,17.05,0.0,0.0,,1.0
2020-04-05 09:00:00+08:00,2.1095023,31.429514,24.55,1005.7782,36.13035,218.0,191.32224,141.0,8.55,0.0,0.0,,1.0
2020-04-05 10:00:00+08:00,2.3323808,59.03632,27.3,1005.45624,25.967937,466.0,469.3281,194.0,6.1,0.0,0.0,,1.0
2020-04-05 11:00:00+08:00,1.2727922,315.0001,29.05,1005.0072,26.711136,574.0,545.10754,185.0,8.0,0.0,0.0,,1.0
2020-04-05 12:00:00+08:00,1.118034,280.30478,29.5,1004.5232,27.475367,760.0,804.5015,120.0,8.8,0.0,0.0,,1.0
2020-04-05 13:00:00+08:00,1.421267,230.71062,29.85,1003.83795,27.477545,841.0,911.34106,94.0,9.1,0.0,0.0,,1.0
2020-04-05 14:00:00+08:00,4.5254836,224.9999,28.65,1003.2109,39.284386,793.0,877.09015,105.0,13.45,0.0,0.0,,1.0
2020-04-05 15:00:00+08:00,6.021628,215.53777,27.6,1002.8853,47.67555,675.0,824.9726,104.0,15.5,0.0,0.0,,1.0
2020-04-05 16:00:00+08:00,4.8600416,216.6342,26.55,1002.857,47.547596,513.0,781.20404,84.0,14.5,0.0,0.0,,1.0
2020-04-05 17:00:00+08:00,3.577709,206.56499,25.45,1003.12463,55.5207,317.0,681.8564,68.0,15.9,0.0,0.0,,1.0
2020-04-05 18:00:00+08:00,2.8160255,186.1154,24.15,1003.2875,66.20898,107.0,451.13995,37.0,17.45,0.0,0.0,,1.0
2020-04-05 19:00:00+08:00,2.8442926,190.1246,22.75,1003.7447,81.153046,2.0,0.0,2.0,19.35,0.0,0.0,,0.0
2020-04-05 20:00:00+08:00,1.6278821,169.3804,22.1,1004.7186,82.08872,0.0,0.0,0.0,18.9,0.0,0.0,,0.0
2020-04-05 21:00:00+08:00,1.6278821,169.3804,21.15,1004.9893,83.53074,0.0,0.0,0.0,18.25,0.0,0.0,,0.0
2020-04-05 22:00:00+08:00,2.0396078,191.30989,20.2,1004.9626,88.5643,0.0,0.0,0.0,18.25,0.0,0.0,,0.0
2020-04-05 23:00:00+08:00,1.7088008,200.55612,21.3,1004.597,82.50644,0.0,0.0,0.0,18.2,0.0,0.0,,0.0
2020-04-06 00:00:00+08:00,0.9055385,83.659904,21.6,1004.1093,81.51443,0.0,0.0,0.0,18.3,0.0,0.0,,0.0
2020-04-06 01:00:00+08:00,1.4764823,61.69934,18.3,1003.91693,90.971794,0.0,0.0,0.0,16.8,0.0,0.0,,0.0
2020-04-06 02:00:00+08:00,1.2806249,51.34017,17.75,1003.50446,90.357574,0.0,0.0,0.0,16.15,0.0,0.0,,0.0
2020-04-06 03:00:00+08:00,0.28284273,44.999897,19.1,1003.4437,80.93454,0.0,0.0,0.0,15.75,0.0,0.0,,0.0
2020-04-06 04:00:00+08:00,0.98488575,336.0375,20.55,1003.1875,74.451225,0.0,0.0,0.0,15.85,0.0,0.0,,0.0
2020-04-06 05:00:00+08:00,1.3038405,327.52884,20.5,1003.48334,79.08696,0.0,0.0,0.0,16.75,0.0,0.0,,0.0
2020-04-06 06:00:00+08:00,0.8062258,29.744795,18.85,1003.7343,84.33393,0.0,0.0,0.0,16.15,0.0,0.0,,0.0
2020-04-06 07:00:00+08:00,1.0,53.13002,17.75,1004.29785,88.6436,7.0,47.222645,4.0,15.85,0.0,0.0,,1.0
2020-04-06 08:00:00+08:00,0.86023253,215.53777,22.4,1004.2309,84.19429,140.0,499.59814,44.0,19.6,0.0,0.0,,1.0
2020-04-06 09:00:00+08:00,1.7029386,220.23628,24.1,1004.47656,72.28382,354.0,710.14087,70.0,18.8,0.0,0.0,,1.0
2020-04-06 10:00:00+08:00,2.418677,240.2552,25.55,1004.61536,61.674274,552.0,809.76984,85.0,17.65,0.0,0.0,,1.0
2020-04-06 11:00:00+08:00,3.310589,244.98314,26.15,1004.3342,59.14628,709.0,871.2723,90.0,17.55,0.0,0.0,,1.0
2020-04-06 12:00:00+08:00,3.7121422,242.74475,26.35,1003.94275,57.900856,805.0,897.68054,94.0,17.4,0.0,0.0,,1.0
2020-04-06 13:00:00+08:00,4.2201896,233.67308,26.3,1003.44525,56.44217,836.0,908.2029,95.0,16.95,0.0,0.0,,1.0
2020-04-06 14:00:00+08:00,4.545327,230.35587,26.1,1003.04315,54.80272,800.0,908.51843,91.0,16.3,0.0,0.0,,1.0
2020-04-06 15:00:00+08:00,4.675468,228.46832,25.55,1002.63153,54.316563,692.0,879.437,87.0,15.65,0.0,0.0,,1.0
2020-04-06 16:00:00+08:00,4.9578223,221.72942,24.9,1002.51447,58.851707,523.0,814.9175,79.0,16.3,0.0,0.0,,1.0
2020-04-06 17:00:00+08:00,4.494441,212.27562,24.0,1002.39075,63.10554,317.0,695.59515,66.0,16.55,0.0,0.0,,1.0
2020-04-06 18:00:00+08:00,3.5846896,202.98874,22.7,1002.6524,72.94878,105.0,451.15897,36.0,17.6,0.0,0.0,,1.0
2020-04-06 19:00:00+08:00,2.886174,194.03627,21.75,1003.122,80.01367,1.0,0.0,1.0,18.15,0.0,0.0,,0.0
2020-04-06 20:00:00+08:00,2.630589,188.74608,21.1,1003.40125,84.05068,0.0,0.0,0.0,18.3,0.0,0.0,,0.0
2020-04-06 21:00:00+08:00,2.5317976,189.0902,20.5,1003.48334,85.85387,0.0,0.0,0.0,18.05,0.0,0.0,,0.0
2020-04-06 22:00:00+08:00,1.8384776,112.38018,18.75,1003.5332,92.74196,0.0,0.0,0.0,17.55,0.0,0.0,,0.0
2020-04-06 23:00:00+08:00,1.811077,96.340096,18.25,1003.2211,94.49121,0.0,0.0,0.0,17.35,0.0,0.0,,0.0
2020-04-07 00:00:00+08:00,0.41231057,75.96373,19.85,1003.5643,91.07334,0.0,0.0,0.0,18.35,0.0,0.0,,0.0
2020-04-07 01:00:00+08:00,0.14142136,44.999897,19.8,1003.7614,90.78491,0.0,0.0,0.0,18.25,0.0,0.0,,0.0
2020-04-07 02:00:00+08:00,0.8062258,60.255207,18.25,1003.91534,93.59947,0.0,0.0,0.0,17.2,0.0,0.0,,0.0
2020-04-07 03:00:00+08:00,0.22360681,63.435013,19.55,1003.55585,89.633224,0.0,0.0,0.0,17.8,0.0,0.0,,0.0
2020-04-07 04:00:00+08:00,0.92195445,77.4712,18.15,1003.4167,91.541275,0.0,0.0,0.0,16.75,0.0,0.0,,0.0
2020-04-07 05:00:00+08:00,1.360147,72.89719,16.5,1003.4683,94.41867,0.0,0.0,0.0,15.6,0.0,0.0,,0.0
2020-04-07 06:00:00+08:00,1.5132746,82.40546,16.4,1003.5646,93.21118,0.0,0.0,0.0,15.3,0.0,0.0,,0.0
2020-04-07 07:00:00+08:00,1.6278821,79.380394,17.35,1004.0878,91.1996,7.0,32.04126,5.0,15.9,0.0,0.0,,1.0
2020-04-07 08:00:00+08:00,1.8027756,70.559875,19.85,1004.1593,80.5189,142.0,521.4034,43.0,16.4,0.0,0.0,,1.0
2020-04-07 09:00:00+08:00,1.0049876,84.2895,22.9,1004.4432,60.874893,326.0,536.0297,113.0,14.95,0.0,0.0,,1.0
2020-04-07 10:00:00+08:00,1.0816654,33.6901,26.3,1004.1396,47.32705,550.0,808.5841,86.0,14.2,0.0,0.0,,1.0
2020-04-07 11:00:00+08:00,1.1401755,285.25516,28.7,1003.0138,38.663395,706.0,872.3755,89.0,13.25,0.0,0.0,,1.0
2020-04-07 12:00:00+08:00,3.6055512,236.3099,28.15,1002.20575,48.435986,804.0,901.6786,93.0,16.25,0.0,0.0,,1.0
2020-04-07 13:00:00+08:00,4.920366,232.43134,27.1,1001.7807,55.05143,831.0,906.30054,95.0,17.3,0.0,0.0,,1.0
2020-04-07 14:00:00+08:00,4.967897,229.89915,26.4,1001.26587,55.578842,783.0,877.18976,102.0,16.8,0.0,0.0,,1.0
2020-04-07 15:00:00+08:00,3.748333,226.08084,26.15,1000.8624,56.04867,664.0,801.5068,116.0,16.7,0.0,0.0,,1.0
2020-04-07 16:00:00+08:00,3.5608988,218.15727,26.1,1000.7617,58.76241,512.0,789.99316,85.0,17.4,0.0,0.0,,1.0
2020-04-07 17:00:00+08:00,3.6891732,212.82854,24.65,1001.02,64.25574,309.0,684.4409,65.0,17.45,0.0,0.0,,1.0
2020-04-07 18:00:00+08:00,3.2202482,216.15828,23.4,1001.67975,70.588066,99.0,431.28143,34.0,17.75,0.0,0.0,,1.0
2020-04-07 19:00:00+08:00,2.6000001,202.6199,22.25,1002.0447,79.33308,1.0,0.0,1.0,18.5,0.0,0.0,,0.0
2020-04-07 20:00:00+08:00,2.404163,196.9276,22.05,1002.9318,80.55722,0.0,0.0,0.0,18.55,0.0,0.0,,0.0
2020-04-07 21:00:00+08:00,1.7029387,176.6336,21.2,1003.00726,87.00354,0.0,0.0,0.0,18.95,0.0,0.0,,0.0
2020-04-07 22:00:00+08:00,2.0396078,168.69011,20.9,1003.2963,89.45452,0.0,0.0,0.0,19.1,0.0,0.0,,0.0
2020-04-07 23:00:00+08:00,1.4560219,164.05453,20.15,1003.2752,92.81635,0.0,0.0,0.0,18.95,0.0,0.0,,0.0
2020-04-08 00:00:00+08:00,1.8867962,147.99466,19.4,1003.0556,94.53813,0.0,0.0,0.0,18.5,0.0,0.0,,0.0
2020-04-08 01:00:00+08:00,2.0808651,125.21768,18.85,1002.7426,95.11176,0.0,0.0,0.0,18.05,0.0,0.0,,0.0
2020-04-08 02:00:00+08:00,1.8384776,112.38018,19.05,1002.4507,93.63732,0.0,0.0,0.0,18.0,0.0,0.0,,0.0
2020-04-08 03:00:00+08:00,2.0615528,112.833694,18.25,1002.1303,93.30387,0.0,0.0,0.0,17.15,0.0,0.0,,0.0
2020-04-08 04:00:00+08:00,2.118962,109.290146,17.75,1002.0169,93.575676,0.0,0.0,0.0,16.7,0.0,0.0,,0.0
2020-04-08 05:00:00+08:00,2.0099752,95.7105,17.6,1002.1117,93.27153,0.0,0.0,0.0,16.5,0.0,0.0,,0.0
2020-04-08 06:00:00+08:00,1.6,90.0,18.3,1002.52856,89.53889,0.0,0.0,0.0,16.55,0.0,0.0,,0.0
2020-04-08 07:00:00+08:00,1.6,90.0,17.95,1003.11346,92.40521,6.0,32.620605,4.0,16.7,0.0,0.0,,1.0
2020-04-08 08:00:00+08:00,1.9235383,81.02746,21.2,1003.80066,77.45317,135.0,490.4414,43.0,17.1,0.0,0.0,,1.0
2020-04-08 09:00:00+08:00,1.2041595,131.63345,24.25,1004.5798,58.88556,347.0,706.6885,68.0,15.7,0.0,0.0,,1.0
2020-04-08 10:00:00+08:00,1.5652475,206.56499,26.5,1004.74054,47.534157,544.0,812.66876,80.0,14.45,0.0,0.0,,1.0
2020-04-08 11:00:00+08:00,2.6172504,223.45189,27.35,1004.36664,49.950523,698.0,864.9972,89.0,16.0,0.0,0.0,,1.0
2020-04-08 12:00:00+08:00,3.538361,227.29063,27.4,1003.87195,52.572243,793.0,891.7308,93.0,16.85,0.0,0.0,,1.0
2020-04-08 13:00:00+08:00,4.1231055,230.90614,27.45,1003.67487,46.726315,820.0,898.22455,94.0,15.05,0.0,0.0,,1.0
2020-04-08 14:00:00+08:00,4.1617303,234.78232,26.9,1003.26324,47.949146,780.0,889.5856,93.0,14.95,0.0,0.0,,1.0
2020-04-08 15:00:00+08:00,4.263801,230.7106,26.65,1003.3558,53.22168,673.0,862.4434,87.0,16.35,0.0,0.0,,1.0
2020-04-08 16:00:00+08:00,3.88973,223.95847,25.8,1003.13416,52.666546,510.0,803.8506,79.0,15.4,0.0,0.0,,1.0
2020-04-08 17:00:00+08:00,3.748333,226.08084,24.8,1003.603,64.49097,306.0,684.3768,65.0,17.65,0.0,0.0,,1.0
2020-04-08 18:00:00+08:00,2.5806975,215.53777,23.25,1003.7586,74.66557,97.0,424.2769,34.0,18.5,0.0,0.0,,1.0
2020-04-08 19:00:00+08:00,1.264911,198.43504,22.3,1004.3272,82.88428,1.0,0.0,1.0,19.25,0.0,0.0,,0.0
2020-04-08 20:00:00+08:00,1.3601471,143.97253,21.65,1005.1028,82.29061,0.0,0.0,0.0,18.5,0.0,0.0,,0.0
2020-04-08 21:00:00+08:00,2.0248456,159.77505,20.65,1005.6697,86.68067,0.0,0.0,0.0,18.35,0.0,0.0,,0.0
2020-04-08 22:00:00+08:00,2.158703,166.60748,19.95,1005.9473,92.22728,0.0,0.0,0.0,18.65,0.0,0.0,,0.0
2020-04-08 23:00:00+08:00,2.059126,150.9455,19.8,1006.14166,92.79785,0.0,0.0,0.0,18.6,0.0,0.0,,0.0
2020-04-09 00:00:00+08:00,2.2472205,122.27562,19.1,1005.8239,93.05287,0.0,0.0,0.0,17.95,0.0,0.0,,0.0
2020-04-09 01:00:00+08:00,1.7088008,110.55613,19.3,1005.6312,89.05074,0.0,0.0,0.0,17.45,0.0,0.0,,0.0
2020-04-09 02:00:00+08:00,1.868154,105.52418,18.9,1005.3223,83.803406,0.0,0.0,0.0,16.1,0.0,0.0,,0.0
2020-04-09 03:00:00+08:00,2.236068,100.30479,18.2,1004.90576,81.59979,0.0,0.0,0.0,15.0,0.0,0.0,,0.0
2020-04-09 04:00:00+08:00,2.376973,112.24908,17.85,1005.09406,78.961525,0.0,0.0,0.0,14.15,0.0,0.0,,0.0
2020-04-09 05:00:00+08:00,2.1023796,115.34614,17.95,1005.3944,76.20882,0.0,0.0,0.0,13.7,0.0,0.0,,0.0
2020-04-09 06:00:00+08:00,1.9924859,107.52566,18.5,1005.6085,70.34049,0.0,0.0,0.0,13.0,0.0,0.0,,0.0
2020-04-09 07:00:00+08:00,2.2203605,97.76508,19.1,1005.92303,63.450626,6.0,16.61173,5.0,12.0,0.0,0.0,,1.0
2020-04-09 08:00:00+08:00,2.8442926,100.12462,23.4,1005.94476,48.262676,124.0,350.78952,59.0,11.85,0.0,0.0,,1.0
2020-04-09 09:00:00+08:00,2.0396078,101.3099,27.35,1006.3506,39.178467,345.0,706.23645,68.0,12.25,0.0,0.0,,1.0
2020-04-09 10:00:00+08:00,2.1,90.0,31.15,1006.05475,29.83922,541.0,806.2588,83.0,11.45,0.0,0.0,,1.0
2020-04-09 11:00:00+08:00,1.3000001,67.3801,33.25,1005.51447,25.128456,695.0,863.28644,90.0,10.65,0.0,0.0,,1.0
2020-04-09 12:00:00+08:00,1.7691805,227.29063,33.5,1004.9259,26.302801,792.0,895.7969,92.0,11.55,0.0,0.0,,1.0
2020-04-09 13:00:00+08:00,5.0328918,220.97165,30.95,1005.0577,40.305702,819.0,902.529,93.0,15.9,0.0,0.0,,1.0
2020-04-09 14:00:00+08:00,5.269725,213.38853,29.95,1004.6344,42.68138,775.0,889.1186,92.0,15.9,0.0,0.0,,1.0
2020-04-09 15:00:00+08:00,4.5188494,204.86368,29.25,1004.91345,43.593758,663.0,845.6717,92.0,15.6,0.0,0.0,,1.0
2020-04-09 16:00:00+08:00,3.6235344,207.97939,28.15,1005.0825,50.15968,498.0,782.2195,82.0,16.8,0.0,0.0,,1.0
2020-04-09 17:00:00+08:00,4.0718546,204.67685,26.6,1005.1398,63.475418,300.0,684.3078,62.0,19.1,0.0,0.0,,1.0
2020-04-09 18:00:00+08:00,3.522783,186.5197,24.7,1005.48486,71.49447,92.0,410.21698,32.0,19.2,0.0,0.0,,1.0
2020-04-09 19:00:00+08:00,3.324154,186.91113,23.9,1006.35535,78.09732,1.0,0.0,1.0,19.85,0.0,0.0,,0.0
2020-04-09 20:00:00+08:00,3.436568,171.6342,23.3,1007.2316,81.72808,0.0,0.0,0.0,20.0,0.0,0.0,,0.0
2020-04-09 21:00:00+08:00,3.324154,158.83867,23.35,1007.6297,77.291504,0.0,0.0,0.0,19.15,0.0,0.0,,0.0
2020-04-09 22:00:00+08:00,2.624881,162.25523,23.05,1007.72064,75.10185,0.0,0.0,0.0,18.4,0.0,0.0,,0.0
2020-04-09 23:00:00+08:00,2.4166093,155.55606,22.7,1007.80994,74.574425,0.0,0.0,0.0,17.95,0.0,0.0,,0.0
2020-04-10 00:00:00+08:00,2.4698179,158.62932,22.35,1007.701,77.14012,0.0,0.0,0.0,18.15,0.0,0.0,,0.0
2020-04-10 01:00:00+08:00,2.1095023,148.57048,21.75,1007.48596,78.51886,0.0,0.0,0.0,17.85,0.0,0.0,,0.0
2020-04-10 02:00:00+08:00,2.0,126.86999,21.25,1007.07495,77.21601,0.0,0.0,0.0,17.1,0.0,0.0,,0.0
2020-04-10 03:00:00+08:00,2.2472203,110.854546,21.2,1006.4785,68.61571,0.0,0.0,0.0,15.2,0.0,0.0,,0.0
2020-04-10 04:00:00+08:00,2.209072,95.19434,21.05,1006.17664,60.840782,0.0,0.0,0.0,13.2,0.0,0.0,,0.0
2020-04-10 05:00:00+08:00,2.3086793,85.03035,21.2,1006.28015,56.647278,0.0,0.0,0.0,12.25,0.0,0.0,,0.0
2020-04-10 06:00:00+08:00,2.6925821,74.931465,21.8,1006.4953,51.970585,0.0,0.0,0.0,11.5,0.0,0.0,,0.0
2020-04-10 07:00:00+08:00,3.5341196,64.8852,23.5,1006.7411,42.284195,6.0,33.848938,4.0,9.95,0.0,0.0,,1.0
2020-04-10 08:00:00+08:00,2.3430748,50.194473,26.3,1006.91705,35.066296,134.0,502.7287,42.0,9.65,0.0,0.0,,1.0
2020-04-10 09:00:00+08:00,2.0124612,26.564985,30.65,1007.03394,24.779596,346.0,716.0658,67.0,8.25,0.0,0.0,,1.0
2020-04-10 10:00:00+08:00,2.5,16.26028,33.65,1007.0131,20.629974,544.0,821.04114,80.0,8.05,0.0,0.0,,1.0
2020-04-10 11:00:00+08:00,2.1023796,357.27374,35.15,1006.45636,19.302559,698.0,874.4881,88.0,8.3,0.0,0.0,,1.0
2020-04-10 12:00:00+08:00,0.9055385,263.6599,35.1,1005.95905,20.50049,793.0,901.21106,92.0,9.15,0.0,0.0,,1.0
2020-04-10 13:00:00+08:00,3.3241541,226.2188,33.9,1005.63043,29.040276,820.0,909.39594,92.0,13.4,0.0,0.0,,1.0
2020-04-10 14:00:00+08:00,4.3931766,221.30852,32.65,1005.1022,34.107353,776.0,897.827,90.0,14.8,0.0,0.0,,1.0
2020-04-10 15:00:00+08:00,4.384062,224.9999,31.0,1005.25745,36.615936,667.0,865.9604,86.0,14.45,0.0,0.0,,1.0
2020-04-10 16:00:00+08:00,3.0232434,214.21576,29.6,1005.8155,38.41249,500.0,801.9429,77.0,13.95,0.0,0.0,,1.0
2020-04-10 17:00:00+08:00,3.2893767,199.53674,29.2,1006.1026,41.66401,296.0,678.3999,63.0,14.85,0.0,0.0,,1.0
2020-04-10 18:00:00+08:00,2.7166157,173.6599,27.35,1006.3506,51.7316,90.0,409.59033,31.0,16.55,0.0,0.0,,1.0
2020-04-10 19:00:00+08:00,2.641969,150.5242,26.55,1006.428,52.021557,0.0,0.0,0.0,15.9,0.0,0.0,,0.0
2020-04-10 20:00:00+08:00,1.868154,164.47583,25.45,1006.99316,57.501972,0.0,0.0,0.0,16.45,0.0,0.0,,0.0
2020-04-10 21:00:00+08:00,1.9026297,176.98727,24.65,1007.16974,56.57897,0.0,0.0,0.0,15.45,0.0,0.0,,0.0
2020-04-10 22:00:00+08:00,1.9416488,214.50858,23.85,1007.1476,59.549507,0.0,0.0,0.0,15.5,0.0,0.0,,0.0
2020-04-10 23:00:00+08:00,1.8,270.0,22.25,1007.3014,75.207596,0.0,0.0,0.0,17.65,0.0,0.0,,0.0
2020-04-11 00:00:00+08:00,1.811077,276.3401,21.65,1007.2847,87.58774,0.0,0.0,0.0,19.5,0.0,0.0,,0.0
2020-04-11 01:00:00+08:00,0.9433981,327.99466,23.35,1007.233,82.49612,0.0,0.0,0.0,20.2,0.0,0.0,,0.0
2020-04-11 02:00:00+08:00,1.0,360.0,21.6,1006.98553,85.96308,0.0,0.0,0.0,19.15,0.0,0.0,,0.0
2020-04-11 03:00:00+08:00,0.8544004,20.556128,20.95,1006.67,86.168015,0.0,0.0,0.0,18.55,0.0,0.0,,0.0
2020-04-11 04:00:00+08:00,1.3892444,59.743652,19.4,1006.0308,85.20159,0.0,0.0,0.0,16.85,0.0,0.0,,0.0
2020-04-11 05:00:00+08:00,2.404163,73.07241,20.3,1006.0564,52.79576,0.0,0.0,0.0,10.35,0.0,0.0,,0.0
2020-04-11 06:00:00+08:00,3.0870697,65.09527,22.5,1005.91986,30.62025,0.0,0.0,0.0,4.35,0.0,0.0,,0.0
2020-04-11 07:00:00+08:00,3.3600597,53.471054,24.25,1006.06757,26.789314,5.0,17.249582,4.0,3.95,0.0,0.0,,1.0
2020-04-11 08:00:00+08:00,1.8788295,25.201094,25.5,1006.99445,27.799862,130.0,464.8525,46.0,5.55,0.0,0.0,,1.0
2020-04-11 09:00:00+08:00,1.2041595,355.23645,29.65,1007.0074,21.06353,337.0,664.0367,80.0,5.05,0.0,0.0,,1.0
2020-04-11 10:00:00+08:00,1.2206556,325.0079,32.75,1006.59283,17.592817,532.0,764.85236,102.0,5.0,0.0,0.0,,1.0
2020-04-11 11:00:00+08:00,2.0615528,255.96373,33.5,1006.1164,21.159973,698.0,878.6162,88.0,8.3,0.0,0.0,,1.0
2020-04-11 12:00:00+08:00,3.4205263,232.12495,32.95,1005.7051,25.47061,792.0,904.114,92.0,10.6,0.0,0.0,,1.0
2020-04-11 13:00:00+08:00,3.764306,230.38934,33.0,1005.2106,23.204453,816.0,902.54083,97.0,9.25,0.0,0.0,,1.0
2020-04-11 14:00:00+08:00,4.159327,242.81897,31.95,1004.5878,28.23175,772.0,888.2209,97.0,11.3,0.0,0.0,,1.0
2020-04-11 15:00:00+08:00,4.2720017,253.68607,29.6,1004.5258,44.96067,664.0,867.0153,86.0,16.4,0.0,0.0,,1.0
2020-04-11 16:00:00+08:00,3.5805027,234.09018,28.45,1004.99115,56.25656,497.0,802.8723,77.0,18.9,0.0,0.0,,1.0
2020-04-11 17:00:00+08:00,3.623534,230.59937,26.4,1005.7296,71.35973,292.0,675.2634,63.0,20.8,0.0,0.0,,1.0
2020-04-11 18:00:00+08:00,3.3941126,224.9999,24.8,1006.0828,83.940834,86.0,394.82077,30.0,21.9,0.0,0.0,,1.0
2020-04-11 19:00:00+08:00,2.8017852,214.82455,24.05,1006.9547,89.14493,0.0,0.0,0.0,22.15,0.0,0.0,,0.0
2020-04-11 20:00:00+08:00,2.3345237,223.26433,23.35,1007.3321,93.26564,0.0,0.0,0.0,22.2,0.0,0.0,,0.0
2020-04-11 21:00:00+08:00,2.302173,214.3804,22.8,1007.6145,94.962685,0.0,0.0,0.0,21.95,0.0,0.0,,0.0
2020-04-11 22:00:00+08:00,1.8357561,209.35765,21.5,1007.37976,96.98023,0.0,0.0,0.0,21.0,0.0,0.0,,0.0
2020-04-11 23:00:00+08:00,2.0518284,226.97493,21.0,1007.26636,96.96895,0.0,0.0,0.0,20.5,0.0,0.0,,0.0
2020-04-12 00:00:00+08:00,2.118962,199.29015,20.95,1007.1659,96.074,0.0,0.0,0.0,20.3,0.0,0.0,,0.0
2020-04-12 01:00:00+08:00,2.3259406,205.4633,20.55,1006.95624,96.36034,0.0,0.0,0.0,19.95,0.0,0.0,,0.0
2020-04-12 02:00:00+08:00,1.7492856,210.96368,20.85,1006.6672,95.77455,0.0,0.0,0.0,20.15,0.0,0.0,,0.0
2020-04-12 03:00:00+08:00,1.8027756,183.17976,21.15,1006.17944,95.194595,0.0,0.0,0.0,20.35,0.0,0.0,,0.0
2020-04-12 04:00:00+08:00,2.0099752,185.7105,21.3,1005.9855,95.199936,0.0,0.0,0.0,20.5,0.0,0.0,,0.0
2020-04-12 05:00:00+08:00,2.942788,189.78233,21.8,1006.6937,94.63413,0.0,0.0,0.0,20.9,0.0,0.0,,0.0
2020-04-12 06:00:00+08:00,3.1016126,178.15244,22.1,1007.099,94.93667,0.0,0.0,0.0,21.25,0.0,0.0,,0.0
2020-04-12 07:00:00+08:00,2.8160257,163.49556,22.1,1007.39655,95.520454,4.0,17.586983,3.0,21.35,0.0,0.0,,1.0
2020-04-12 08:00:00+08:00,3.2695565,156.57129,23.05,1007.8198,90.99888,106.0,325.1144,48.0,21.5,0.0,0.0,,1.0
2020-04-12 09:00:00+08:00,3.667424,168.9965,24.75,1008.2633,78.22071,285.0,509.86642,89.0,20.7,0.0,0.0,,1.0
2020-04-12 10:00:00+08:00,4.6173587,184.96965,26.75,1008.6156,68.62296,496.0,700.9405,104.0,20.5,0.0,0.0,,1.0
2020-04-12 11:00:00+08:00,4.7296934,193.44862,27.2,1008.23126,67.45321,546.0,448.63904,236.0,20.65,0.0,0.0,,1.0
2020-04-12 12:00:00+08:00,4.464303,195.59286,28.1,1007.561,63.016937,681.0,631.9596,194.0,20.4,0.0,0.0,,1.0
2020-04-12 13:00:00+08:00,5.056679,204.5377,28.2,1007.1669,63.820534,791.0,876.71063,96.0,20.7,0.0,0.0,,1.0
2020-04-12 14:00:00+08:00,5.5461698,205.64096,27.5,1006.5528,66.07407,717.0,762.0884,141.0,20.6,0.0,0.0,,1.0
2020-04-12 15:00:00+08:00,5.186521,199.13374,26.45,1006.4251,72.02992,576.0,638.6079,153.0,21.0,0.0,0.0,,1.0
2020-04-12 16:00:00+08:00,5.1546097,198.08354,25.75,1006.4062,77.175255,445.0,618.7555,124.0,21.45,0.0,0.0,,1.0
2020-04-12 17:00:00+08:00,5.0487623,187.96953,24.9,1006.48206,80.929054,232.0,400.21872,98.0,21.4,0.0,0.0,,1.0
2020-04-12 18:00:00+08:00,4.925444,185.82625,24.15,1006.75903,84.64351,49.0,71.613434,39.0,21.4,0.0,0.0,,1.0
2020-04-12 19:00:00+08:00,4.604346,177.5105,24.0,1007.1518,85.933784,0.0,0.0,0.0,21.5,0.0,0.0,,0.0
2020-04-12 20:00:00+08:00,4.7265205,173.92764,23.6,1007.7358,89.65628,0.0,0.0,0.0,21.8,0.0,0.0,,0.0
2020-04-12 21:00:00+08:00,4.428318,173.51703,23.35,1008.0264,89.912445,0.0,0.0,0.0,21.6,0.0,0.0,,0.0
2020-04-12 22:00:00+08:00,4.341659,172.05663,23.2,1008.0223,89.07918,0.0,0.0,0.0,21.3,0.0,0.0,,0.0
2020-04-12 23:00:00+08:00,4.004997,177.13765,22.8,1007.7136,90.42619,0.0,0.0,0.0,21.15,0.0,0.0,,0.0
2020-04-13 00:00:00+08:00,4.119466,174.4279,22.6,1007.4105,89.582214,0.0,0.0,0.0,20.8,0.0,0.0,,0.0
2020-04-13 01:00:00+08:00,3.710795,165.96373,22.35,1007.5026,89.84005,0.0,0.0,0.0,20.6,0.0,0.0,,0.0
2020-04-13 02:00:00+08:00,3.6878178,167.4712,22.1,1007.39655,90.377945,0.0,0.0,0.0,20.45,0.0,0.0,,0.0
2020-04-13 03:00:00+08:00,3.5735137,162.07199,21.9,1006.9941,91.20508,0.0,0.0,0.0,20.4,0.0,0.0,,0.0
2020-04-13 04:00:00+08:00,3.905125,166.67546,21.95,1006.9954,91.208244,0.0,0.0,0.0,20.45,0.0,0.0,,0.0
2020-04-13 05:00:00+08:00,3.905125,166.67546,22.2,1007.20105,88.72662,0.0,0.0,0.0,20.25,0.0,0.0,,0.0
2020-04-13 06:00:00+08:00,3.4176016,159.44388,21.95,1007.2929,88.98146,0.0,0.0,0.0,20.05,0.0,0.0,,0.0
2020-04-13 07:00:00+08:00,3.640055,164.05453,21.75,1007.6843,88.96573,3.0,17.940119,2.0,19.85,0.0,0.0,,1.0
2020-04-13 08:00:00+08:00,3.8078864,150.06857,22.55,1008.5002,83.68979,93.0,244.1927,50.0,19.65,0.0,0.0,,1.0
2020-04-13 09:00:00+08:00,3.758989,151.38963,23.75,1009.02936,75.68577,266.0,447.8898,95.0,19.2,0.0,0.0,,1.0
2020-04-13 10:00:00+08:00,4.2426405,171.86998,25.3,1008.97296,65.618866,466.0,580.63873,143.0,18.4,0.0,0.0,,1.0
2020-04-13 11:00:00+08:00,4.554119,188.84174,26.45,1008.3098,58.844925,585.0,606.39575,168.0,17.75,0.0,0.0,,1.0
2020-04-13 12:00:00+08:00,5.7974133,194.99513,26.15,1007.7068,60.085503,592.0,624.52216,113.0,17.8,0.0,0.0,,1.0
2020-04-13 13:00:00+08:00,5.9481087,196.60706,26.85,1007.2298,56.754856,782.0,870.91815,95.0,17.55,0.0,0.0,,1.0
2020-04-13 14:00:00+08:00,6.8308125,197.90454,25.65,1006.7009,57.36765,740.0,864.72156,90.0,16.6,0.0,0.0,,1.0
2020-04-13 15:00:00+08:00,6.8447056,191.80241,25.25,1006.591,56.544937,634.0,834.2105,85.0,16.0,0.0,0.0,,1.0
2020-04-13 16:00:00+08:00,6.067125,188.53069,24.6,1006.57306,63.63891,472.0,760.0213,81.0,17.25,0.0,0.0,,1.0
2020-04-13 17:00:00+08:00,5.557877,188.2758,23.6,1006.9423,71.29431,274.0,635.3419,64.0,18.1,0.0,0.0,,1.0
2020-04-13 18:00:00+08:00,5.3009434,181.0809,22.35,1007.40344,79.595604,75.0,320.1058,31.0,18.65,0.0,0.0,,1.0
2020-04-13 19:00:00+08:00,5.0159745,175.42616,22.25,1007.6981,78.590935,0.0,0.0,0.0,18.35,0.0,0.0,,0.0
2020-04-13 20:00:00+08:00,5.0635953,170.9098,22.3,1008.0962,75.453064,0.0,0.0,0.0,17.75,0.0,0.0,,0.0
2020-04-13 21:00:00+08:00,4.414748,166.9081,21.9,1008.58105,76.82908,0.0,0.0,0.0,17.65,0.0,0.0,,0.0
2020-04-13 22:00:00+08:00,4.2201896,166.29301,21.7,1008.4761,75.59456,0.0,0.0,0.0,17.2,0.0,0.0,,0.0
2020-04-13 23:00:00+08:00,4.368066,164.05453,21.55,1008.1745,72.51557,0.0,0.0,0.0,16.4,0.0,0.0,,0.0
2020-04-14 00:00:00+08:00,3.8626416,158.74942,21.2,1007.86707,74.087364,0.0,0.0,0.0,16.4,0.0,0.0,,0.0
2020-04-14 01:00:00+08:00,3.7161808,156.19405,20.8,1007.6574,78.38097,0.0,0.0,0.0,16.9,0.0,0.0,,0.0
2020-04-14 02:00:00+08:00,3.8013155,153.43501,20.35,1007.6448,81.87167,0.0,0.0,0.0,17.15,0.0,0.0,,0.0
2020-04-14 03:00:00+08:00,3.8910153,154.09355,20.0,1007.53546,81.8278,0.0,0.0,0.0,16.8,0.0,0.0,,0.0
2020-04-14 04:00:00+08:00,4.248529,153.43501,19.8,1007.6293,81.28435,0.0,0.0,0.0,16.5,0.0,0.0,,0.0
2020-04-14 05:00:00+08:00,4.243819,145.56096,19.5,1008.1166,81.504875,0.0,0.0,0.0,16.25,0.0,0.0,,0.0
2020-04-14 06:00:00+08:00,3.9824615,141.1155,19.2,1008.30615,80.68937,0.0,0.0,0.0,15.8,0.0,0.0,,0.0
2020-04-14 07:00:00+08:00,3.676955,135.0001,18.95,1008.99335,78.865425,4.0,18.303947,3.0,15.2,0.0,0.0,,1.0
2020-04-14 08:00:00+08:00,5.108816,139.76372,21.0,1009.8451,65.12562,122.0,466.11325,41.0,14.2,0.0,0.0,,1.0
2020-04-14 09:00:00+08:00,5.60803,148.86108,22.85,1010.5913,58.55177,268.0,458.912,94.0,14.3,0.0,0.0,,1.0
2020-04-14 10:00:00+08:00,5.0159745,156.50142,24.4,1010.5352,54.026127,454.0,594.6066,125.0,14.5,0.0,0.0,,1.0
2020-04-14 11:00:00+08:00,4.9010205,178.83089,25.45,1010.1673,51.074467,585.0,628.3351,155.0,14.6,0.0,0.0,,1.0
2020-04-14 12:00:00+08:00,6.3788714,193.60056,25.55,1009.6742,52.771667,724.0,821.3861,97.0,15.2,0.0,0.0,,1.0
2020-04-14 13:00:00+08:00,7.256721,191.9293,25.1,1009.3643,54.20316,775.0,854.88055,104.0,15.2,0.0,0.0,,1.0
2020-04-14 14:00:00+08:00,7.0035706,189.86574,25.05,1008.86664,50.3138,740.0,861.47125,96.0,14.0,0.0,0.0,,1.0
2020-04-14 15:00:00+08:00,6.9354167,185.79271,24.9,1008.6643,49.94888,636.0,838.1174,88.0,13.75,0.0,0.0,,1.0
2020-04-14 16:00:00+08:00,6.8359346,185.8773,24.0,1008.93713,59.015045,472.0,768.39404,80.0,15.5,0.0,0.0,,1.0
2020-04-14 17:00:00+08:00,7.006426,182.45398,23.1,1009.20966,65.36337,273.0,646.6943,62.0,16.25,0.0,0.0,,1.0
2020-04-14 18:00:00+08:00,6.4070277,177.31628,22.0,1009.4765,70.32528,73.0,340.01718,27.0,16.35,0.0,0.0,,1.0
2020-04-14 19:00:00+08:00,5.9841456,170.38034,21.7,1009.9638,71.170395,0.0,0.0,0.0,16.25,0.0,0.0,,0.0
2020-04-14 20:00:00+08:00,5.531727,167.4712,21.5,1010.5536,69.78305,0.0,0.0,0.0,15.75,0.0,0.0,,0.0
2020-04-14 21:00:00+08:00,5.4120235,163.90912,21.05,1010.6397,70.82278,0.0,0.0,0.0,15.55,0.0,0.0,,0.0
2020-04-14 22:00:00+08:00,5.508176,164.19742,20.85,1010.73346,71.240776,0.0,0.0,0.0,15.45,0.0,0.0,,0.0
2020-04-14 23:00:00+08:00,5.7974133,165.00487,20.65,1010.33105,72.35482,0.0,0.0,0.0,15.5,0.0,0.0,,0.0
2020-04-15 00:00:00+08:00,6.1611686,166.86597,20.7,1010.3324,71.44186,0.0,0.0,0.0,15.35,0.0,0.0,,0.0
2020-04-15 01:00:00+08:00,6.016644,164.57777,20.6,1010.7262,73.044495,0.0,0.0,0.0,15.6,0.0,0.0,,0.0
2020-04-15 02:00:00+08:00,5.4781384,158.58696,20.55,1010.92334,73.97673,0.0,0.0,0.0,15.75,0.0,0.0,,0.0
2020-04-15 03:00:00+08:00,5.3851647,158.19853,20.3,1010.9161,74.17122,0.0,0.0,0.0,15.55,0.0,0.0,,0.0
2020-04-15 04:00:00+08:00,4.8332186,155.55606,20.1,1011.1087,73.191246,0.0,0.0,0.0,15.15,0.0,0.0,,0.0
2020-04-15 05:00:00+08:00,4.90408,159.71736,20.15,1011.50696,68.40701,0.0,0.0,0.0,14.15,0.0,0.0,,0.0
2020-04-15 06:00:00+08:00,5.0695167,157.98866,19.65,1011.98865,66.55088,0.0,0.0,0.0,13.25,0.0,0.0,,0.0
2020-04-15 07:00:00+08:00,4.482187,141.34016,18.75,1012.65704,70.6181,4.0,18.689693,3.0,13.3,0.0,0.0,,1.0
2020-04-15 08:00:00+08:00,4.976947,112.4428,19.3,1013.46606,66.477646,109.0,279.94852,61.0,12.9,0.0,0.0,,1.0
2020-04-15 09:00:00+08:00,6.794115,132.61403,20.9,1014.00775,57.134327,263.0,316.05576,144.0,12.1,0.0,0.0,,1.0
2020-04-15 10:00:00+08:00,6.2008066,142.206,22.2,1013.94543,49.886044,463.0,508.7957,183.0,11.25,0.0,0.0,,1.0
2020-04-15 11:00:00+08:00,6.0827627,152.59251,23.15,1013.4759,42.61254,550.0,411.14966,270.0,9.75,0.0,0.0,,1.0
2020-04-15 12:00:00+08:00,5.7584724,159.67677,23.75,1012.79846,40.143623,559.0,284.32468,343.0,9.4,0.0,0.0,,1.0
2020-04-15 13:00:00+08:00,5.824946,168.11136,24.55,1011.82874,39.171764,616.0,390.53192,311.0,9.75,0.0,0.0,,1.0
2020-04-15 14:00:00+08:00,6.802941,178.31535,24.95,1011.0464,41.988316,768.0,918.7072,85.0,11.15,0.0,0.0,,1.0
2020-04-15 15:00:00+08:00,8.21523,183.48926,23.4,1010.90405,49.06399,652.0,872.8423,85.0,12.1,0.0,0.0,,1.0
2020-04-15 16:00:00+08:00,7.81025,177.06439,23.05,1011.09296,48.4875,485.0,806.5217,77.0,11.6,0.0,0.0,,1.0
2020-04-15 17:00:00+08:00,7.4545293,173.06575,22.4,1011.1737,52.817547,280.0,676.9054,62.0,12.3,0.0,0.0,,1.0
2020-04-15 18:00:00+08:00,6.6910386,170.53775,21.25,1011.2405,58.73998,75.0,368.0291,26.0,12.85,0.0,0.0,,1.0
2020-04-15 19:00:00+08:00,6.2297673,161.27412,20.7,1011.82007,60.362965,0.0,0.0,0.0,12.75,0.0,0.0,,0.0
2020-04-15 20:00:00+08:00,6.053924,157.6713,20.35,1012.5045,65.62286,0.0,0.0,0.0,13.7,0.0,0.0,,0.0
2020-04-15 21:00:00+08:00,5.4120235,152.48808,19.95,1012.3938,65.96613,0.0,0.0,0.0,13.4,0.0,0.0,,0.0
2020-04-15 22:00:00+08:00,5.1312766,146.92932,19.55,1012.1841,65.66653,0.0,0.0,0.0,12.95,0.0,0.0,,0.0
2020-04-15 23:00:00+08:00,5.060632,142.22426,19.05,1011.9714,65.77519,0.0,0.0,0.0,12.5,0.0,0.0,,0.0
2020-04-16 00:00:00+08:00,5.2630787,141.17017,18.35,1011.7527,70.54209,0.0,0.0,0.0,12.9,0.0,0.0,,0.0
2020-04-16 01:00:00+08:00,5.4037023,141.009,17.75,1011.33887,73.97418,0.0,0.0,0.0,13.05,0.0,0.0,,0.0
2020-04-16 02:00:00+08:00,5.1623635,134.21527,17.25,1010.9277,76.84551,0.0,0.0,0.0,13.15,0.0,0.0,,0.0
2020-04-16 03:00:00+08:00,4.883646,132.5104,16.9,1011.215,79.08159,0.0,0.0,0.0,13.25,0.0,0.0,,0.0
2020-04-16 04:00:00+08:00,4.6861496,129.80553,16.65,1011.2077,80.08455,0.0,0.0,0.0,13.2,0.0,0.0,,0.0
2020-04-16 05:00:00+08:00,4.560702,127.875046,16.35,1011.1991,79.78176,0.0,0.0,0.0,12.85,0.0,0.0,,0.0
2020-04-16 06:00:00+08:00,4.4407206,125.837746,16.05,1011.48773,77.928085,0.0,0.0,0.0,12.2,0.0,0.0,,0.0
2020-04-16 07:00:00+08:00,4.356604,121.865944,15.9,1011.68164,74.63405,4.0,19.08986,3.0,11.4,0.0,0.0,,1.0
2020-04-16 08:00:00+08:00,4.7010636,119.29127,17.9,1012.43427,61.726288,118.0,425.68832,46.0,10.45,0.0,0.0,,1.0
2020-04-16 09:00:00+08:00,4.7413077,117.64589,20.75,1012.61505,47.862823,323.0,663.33954,75.0,9.3,0.0,0.0,,1.0
2020-04-16 10:00:00+08:00,4.8877397,120.76265,23.2,1012.18805,40.668045,506.0,719.86774,112.0,9.1,0.0,0.0,,1.0
2020-04-16 11:00:00+08:00,4.429447,118.30067,25.5,1010.8629,34.25681,669.0,849.96063,93.0,8.6,0.0,0.0,,1.0
2020-04-16 12:00:00+08:00,3.4985712,120.963684,27.4,1009.8238,29.90747,755.0,851.80347,111.0,8.25,0.0,0.0,,1.0
2020-04-16 13:00:00+08:00,2.9410884,144.6887,28.2,1008.4564,28.542421,685.0,528.9096,274.0,8.25,0.0,0.0,,1.0
2020-04-16 14:00:00+08:00,4.004997,177.13765,28.7,1007.3786,28.679527,714.0,766.9154,147.0,8.75,0.0,0.0,,1.0
2020-04-16 15:00:00+08:00,5.8549128,187.85323,27.05,1007.1359,41.20349,619.0,790.2351,109.0,12.75,0.0,0.0,,1.0
2020-04-16 16:00:00+08:00,7.2691126,187.90707,25.4,1007.5871,50.732716,427.0,566.1562,143.0,14.45,0.0,0.0,,1.0
2020-04-16 17:00:00+08:00,7.302739,178.43068,23.6,1007.63666,55.059258,223.0,327.17386,119.0,14.05,0.0,0.0,,1.0
2020-04-16 18:00:00+08:00,6.258594,167.074,22.75,1008.1088,57.961914,56.0,99.223854,43.0,14.05,0.0,0.0,,1.0
2020-04-16 19:00:00+08:00,6.016644,164.57777,22.5,1008.49866,62.570984,0.0,0.0,0.0,15.0,0.0,0.0,,0.0
2020-04-16 20:00:00+08:00,4.976947,157.5572,21.55,1009.1663,66.08912,0.0,0.0,0.0,14.95,0.0,0.0,,0.0
2020-04-16 21:00:00+08:00,4.792703,156.64442,21.05,1009.3504,72.89044,0.0,0.0,0.0,16.0,0.0,0.0,,0.0
2020-04-16 22:00:00+08:00,4.1146083,154.05775,20.7,1009.3406,77.37752,0.0,0.0,0.0,16.6,0.0,0.0,,0.0
2020-04-16 23:00:00+08:00,3.4985712,149.03632,20.35,1008.8349,80.07608,0.0,0.0,0.0,16.8,0.0,0.0,,0.0
2020-04-17 00:00:00+08:00,2.6400757,142.69597,20.1,1008.3317,79.28203,0.0,0.0,0.0,16.4,0.0,0.0,,0.0
2020-04-17 01:00:00+08:00,1.7029386,130.23628,19.4,1007.9151,78.67786,0.0,0.0,0.0,15.6,0.0,0.0,,0.0
2020-04-17 02:00:00+08:00,1.4764823,118.30067,18.65,1007.49725,77.31264,0.0,0.0,0.0,14.6,0.0,0.0,,0.0
2020-04-17 03:00:00+08:00,2.184033,105.945465,17.55,1007.06885,76.39327,0.0,0.0,0.0,13.35,0.0,0.0,,0.0
2020-04-17 04:00:00+08:00,2.0248458,122.90524,17.8,1006.6792,69.06135,0.0,0.0,0.0,12.05,0.0,0.0,,0.0
2020-04-17 05:00:00+08:00,1.8867962,147.99466,18.3,1006.59454,65.3988,0.0,0.0,0.0,11.7,0.0,0.0,,0.0
2020-04-17 06:00:00+08:00,2.1260293,138.81418,17.75,1006.8762,67.47591,0.0,0.0,0.0,11.65,0.0,0.0,,0.0
2020-04-17 07:00:00+08:00,1.5,126.86998,19.15,1007.1147,57.845074,3.0,0.0,3.0,10.65,0.0,0.0,,1.0
2020-04-17 08:00:00+08:00,2.1540658,68.19853,21.7,1007.38513,37.194187,92.0,293.74533,43.0,6.45,0.0,0.0,,1.0
2020-04-17 09:00:00+08:00,1.421267,50.710617,23.85,1008.13947,30.894451,104.0,29.63291,93.0,5.65,0.0,0.0,,1.0
2020-04-17 10:00:00+08:00,0.64031243,218.65984,26.7,1008.2177,26.992464,311.0,141.46123,234.0,6.15,0.0,0.0,,1.0
2020-04-17 11:00:00+08:00,1.3453624,228.01286,28.75,1007.5786,25.736422,550.0,447.84866,248.0,7.2,0.0,0.0,,1.0
2020-04-17 12:00:00+08:00,2.5495098,228.17992,29.75,1006.9107,27.174034,695.0,708.4084,162.0,8.85,0.0,0.0,,1.0
2020-04-17 13:00:00+08:00,3.8013155,215.36255,29.25,1006.20306,30.317581,718.0,671.26917,199.0,10.05,0.0,0.0,,1.0
2020-04-17 14:00:00+08:00,3.8587563,211.21834,28.7,1005.39465,32.252914,685.0,718.14154,157.0,10.5,0.0,0.0,,1.0
2020-04-17 15:00:00+08:00,4.2059484,198.00426,27.9,1005.3731,35.281418,513.0,495.96072,195.0,11.15,0.0,0.0,,1.0
2020-04-17 16:00:00+08:00,4.428318,186.48297,26.8,1005.54193,40.067,355.0,440.27423,136.0,12.1,0.0,0.0,,1.0
2020-04-17 17:00:00+08:00,4.6270943,186.20335,25.0,1006.1874,52.63049,119.0,133.86864,77.0,14.65,0.0,0.0,,1.0
2020-04-17 18:00:00+08:00,4.8093657,176.42374,24.0,1006.3582,63.5078,26.0,31.027157,22.0,16.65,0.0,0.0,,1.0
2020-04-17 19:00:00+08:00,4.7127485,162.71841,23.5,1006.7411,65.65604,0.0,0.0,0.0,16.7,0.0,0.0,,0.0
2020-04-17 20:00:00+08:00,4.0249224,153.43501,23.4,1006.8374,62.17302,0.0,0.0,0.0,15.75,0.0,0.0,,0.0
2020-04-17 21:00:00+08:00,3.1890438,138.81418,23.3,1006.53735,57.53474,0.0,0.0,0.0,14.45,0.0,0.0,,0.0
2020-04-17 22:00:00+08:00,2.6400757,142.69597,23.15,1006.2354,52.838486,0.0,0.0,0.0,13.0,0.0,0.0,,0.0
2020-04-17 23:00:00+08:00,2.3323808,149.03632,23.25,1005.8415,50.99568,0.0,0.0,0.0,12.55,0.0,0.0,,0.0
2020-04-18 00:00:00+08:00,1.0440307,196.69933,22.5,1005.7215,53.893253,0.0,0.0,0.0,12.7,0.0,0.0,,0.0
2020-04-18 01:00:00+08:00,1.1313709,135.0001,22.1,1005.0162,59.135464,0.0,0.0,0.0,13.75,0.0,0.0,,0.0
2020-04-18 02:00:00+08:00,1.4035668,184.08554,21.35,1004.8959,63.741875,0.0,0.0,0.0,14.2,0.0,0.0,,0.0
2020-04-18 03:00:00+08:00,2.6019223,177.79745,21.55,1004.604,75.809975,0.0,0.0,0.0,17.1,0.0,0.0,,0.0
2020-04-18 04:00:00+08:00,2.4596748,153.43501,21.4,1004.2031,80.21821,0.0,0.0,0.0,17.85,0.0,0.0,,0.0
2020-04-18 05:00:00+08:00,1.56205,129.80553,20.0,1003.9651,84.19352,0.0,0.0,0.0,17.25,0.0,0.0,,0.0
2020-04-18 06:00:00+08:00,1.4142135,135.0001,20.25,1003.87317,79.80865,0.0,0.0,0.0,16.65,0.0,0.0,,0.0
2020-04-18 07:00:00+08:00,1.6401219,142.43134,19.85,1004.1593,83.64555,3.0,19.10732,2.0,17.0,0.0,0.0,,1.0
2020-04-18 08:00:00+08:00,2.5806975,144.46223,22.5,1004.4321,63.993885,114.0,474.22153,36.0,15.35,0.0,0.0,,1.0
2020-04-18 09:00:00+08:00,2.1931713,155.77226,25.0,1004.6003,49.17009,209.0,241.4901,120.0,13.6,0.0,0.0,,1.0
2020-04-18 10:00:00+08:00,1.9104973,186.00891,28.05,1004.0877,38.23058,479.0,707.54443,96.0,12.5,0.0,0.0,,1.0
2020-04-18 11:00:00+08:00,3.1241,219.80553,29.15,1003.4226,40.45789,620.0,771.9947,102.0,14.35,0.0,0.0,,1.0
2020-04-18 12:00:00+08:00,5.060632,217.77574,27.6,1003.08374,50.335564,733.0,841.41077,103.0,16.35,0.0,0.0,,1.0
2020-04-18 13:00:00+08:00,4.172529,224.02907,27.3,1002.38116,48.36508,700.0,721.46704,145.0,15.45,0.0,0.0,,1.0
2020-04-18 14:00:00+08:00,4.4598207,222.27362,27.0,1001.7782,49.223984,691.0,775.4823,124.0,15.45,0.0,0.0,,1.0
2020-04-18 15:00:00+08:00,5.360038,216.6562,25.8,1002.043,59.251137,582.0,733.10803,115.0,17.25,0.0,0.0,,1.0
2020-04-18 16:00:00+08:00,5.420332,209.8759,24.95,1002.3176,68.699455,450.0,762.2924,74.0,18.8,0.0,0.0,,1.0
2020-04-18 17:00:00+08:00,5.27731,207.05052,23.8,1002.58344,74.52351,252.0,620.0357,60.0,19.0,0.0,0.0,,1.0
2020-04-18 18:00:00+08:00,4.4777226,203.70265,22.75,1002.95123,78.66267,58.0,268.03317,24.0,18.85,0.0,0.0,,1.0
2020-04-18 19:00:00+08:00,4.701064,203.83875,22.4,1003.93335,79.60251,0.0,0.0,0.0,18.7,0.0,0.0,,0.0
2020-04-18 20:00:00+08:00,4.7759814,199.57321,22.3,1004.8231,75.453064,0.0,0.0,0.0,17.75,0.0,0.0,,0.0
2020-04-18 21:00:00+08:00,5.770615,207.89719,22.05,1005.7089,76.36968,0.0,0.0,0.0,17.7,0.0,0.0,,0.0
2020-04-18 22:00:00+08:00,5.1078367,203.05133,21.6,1005.59705,76.782776,0.0,0.0,0.0,17.35,0.0,0.0,,0.0
2020-04-18 23:00:00+08:00,4.14367,199.74693,21.2,1005.58594,77.9448,0.0,0.0,0.0,17.2,0.0,0.0,,0.0
2020-04-19 00:00:00+08:00,3.6769552,202.38017,20.8,1005.47546,80.390854,0.0,0.0,0.0,17.3,0.0,0.0,,0.0
2020-04-19 01:00:00+08:00,3.3120992,208.88649,20.7,1005.27423,78.61532,0.0,0.0,0.0,16.85,0.0,0.0,,0.0
2020-04-19 02:00:00+08:00,2.9832866,219.55963,20.5,1005.1694,80.60546,0.0,0.0,0.0,17.05,0.0,0.0,,0.0
2020-04-19 03:00:00+08:00,1.1661904,239.0363,20.05,1004.5617,86.62386,0.0,0.0,0.0,17.75,0.0,0.3,,0.0
2020-04-19 04:00:00+08:00,1.4035668,265.91446,19.9,1004.0618,91.07659,0.0,0.0,0.0,18.4,0.0,0.4,,0.0
2020-04-19 05:00:00+08:00,2.6925821,254.93146,19.9,1004.26013,92.22447,0.0,0.0,0.0,18.6,0.0,0.6,,0.0
2020-04-19 06:00:00+08:00,3.4014702,245.69547,20.0,1004.7585,84.99531,0.0,0.0,0.0,17.4,0.0,0.2,,0.0
2020-04-19 07:00:00+08:00,3.5510561,237.65257,20.15,1005.45715,82.106346,1.0,0.0,1.0,17.0,0.0,0.0,,1.0
2020-04-19 08:00:00+08:00,3.758989,241.38963,20.4,1006.05914,85.843925,26.0,18.502,23.0,17.95,0.0,0.2,,1.0
2020-04-19 09:00:00+08:00,5.4451814,224.25603,20.25,1006.8485,88.84652,87.0,79.261856,58.0,18.35,0.0,0.6,,1.0
2020-04-19 10:00:00+08:00,5.189412,205.08356,22.05,1007.395,74.231125,321.0,308.38113,155.0,17.25,0.0,0.2,,1.0
2020-04-19 11:00:00+08:00,5.5036354,204.70241,23.05,1007.22473,65.56137,378.0,238.15103,219.0,16.25,0.0,0.0,,1.0
2020-04-19 12:00:00+08:00,6.315853,203.31773,23.65,1007.0428,61.635857,575.0,503.2872,200.0,15.85,0.0,0.0,,1.0
2020-04-19 13:00:00+08:00,6.1684685,196.96623,23.9,1006.65295,57.86591,602.0,573.56714,163.0,15.1,0.0,0.0,,1.0
2020-04-19 14:00:00+08:00,6.016644,195.42223,24.15,1005.86633,55.55428,670.0,728.912,140.0,14.7,0.0,0.0,,1.0
2020-04-19 15:00:00+08:00,6.041523,192.42593,23.7,1005.75494,56.1637,507.0,564.0832,150.0,14.45,0.0,0.0,,1.0
2020-04-19 16:00:00+08:00,6.395311,189.90411,22.8,1005.7299,62.03765,388.0,537.69116,125.0,15.15,0.0,0.0,,1.0
2020-04-19 17:00:00+08:00,5.5036354,177.91748,21.4,1006.1867,70.88812,158.0,163.59291,108.0,15.9,0.0,0.0,,1.0
2020-04-19 18:00:00+08:00,3.9293766,165.2564,21.05,1006.375,69.47317,45.0,104.15612,32.0,15.25,0.0,0.0,,1.0
2020-04-19 19:00:00+08:00,3.1780498,155.85446,20.85,1006.96466,67.23309,0.0,0.0,0.0,14.55,0.0,0.0,,0.0
2020-04-19 20:00:00+08:00,2.9546573,156.0375,19.95,1007.63336,68.367035,0.0,0.0,0.0,13.95,0.0,0.0,,0.0
2020-04-19 21:00:00+08:00,2.385372,146.97614,18.8,1007.7988,72.02023,0.0,0.0,0.0,13.65,0.0,0.0,,0.0
2020-04-19 22:00:00+08:00,2.2671568,138.57643,17.85,1007.97003,76.440926,0.0,0.0,0.0,13.65,0.0,0.0,,0.0
2020-04-19 23:00:00+08:00,2.1095023,121.42952,17.25,1007.8534,78.1084,0.0,0.0,0.0,13.4,0.0,0.0,,0.0
2020-04-20 00:00:00+08:00,2.1023796,115.34614,16.65,1007.4394,79.56358,0.0,0.0,0.0,13.1,0.0,0.0,,0.0
2020-04-20 01:00:00+08:00,2.184033,105.945465,16.4,1007.23376,78.23694,0.0,0.0,0.0,12.6,0.0,0.0,,0.0
2020-04-20 02:00:00+08:00,2.2847319,113.198616,16.1,1006.82825,79.22554,0.0,0.0,0.0,12.5,0.0,0.0,,0.0
2020-04-20 03:00:00+08:00,2.3706539,117.64589,16.0,1006.23047,79.2112,0.0,0.0,0.0,12.4,0.0,0.0,,0.0
2020-04-20 04:00:00+08:00,2.236068,100.30479,15.6,1006.02045,80.466324,0.0,0.0,0.0,12.25,0.0,0.0,,0.0
2020-04-20 05:00:00+08:00,2.5317976,80.909805,15.3,1006.309,80.425446,0.0,0.0,0.0,11.95,0.0,0.0,,0.0
2020-04-20 06:00:00+08:00,2.720294,72.89719,15.0,1006.7964,80.11939,0.0,0.0,0.0,11.6,0.0,0.0,,0.0
2020-04-20 07:00:00+08:00,2.8231187,67.06787,14.9,1007.4873,79.31459,3.0,19.10732,2.0,11.35,0.0,0.0,,1.0
2020-04-20 08:00:00+08:00,2.641969,60.524208,17.85,1008.4659,66.39111,116.0,481.8365,39.0,11.5,0.0,0.0,,1.0
2020-04-20 09:00:00+08:00,0.50990194,101.3099,20.8,1008.84753,61.38117,322.0,696.5814,69.0,13.1,0.0,0.0,,1.0
2020-04-20 10:00:00+08:00,1.7492856,239.03632,21.85,1009.2739,53.55007,514.0,799.5827,86.0,12.0,0.0,0.0,,1.0
2020-04-20 11:00:00+08:00,2.529822,251.56496,22.45,1008.8941,52.484528,627.0,739.122,136.0,12.25,0.0,0.0,,1.0
2020-04-20 12:00:00+08:00,3.324154,248.83867,22.8,1008.7055,51.381393,688.0,695.9135,172.0,12.25,0.0,0.0,,1.0
2020-04-20 13:00:00+08:00,3.9357338,242.78397,22.85,1008.1117,49.240532,711.0,751.12366,139.0,11.65,0.0,0.0,,1.0
2020-04-20 14:00:00+08:00,4.494441,237.72438,22.7,1007.61163,47.125553,693.0,719.13007,173.0,10.85,0.0,0.0,,1.0
2020-04-20 15:00:00+08:00,4.482187,231.34016,22.35,1007.5026,47.186802,609.0,777.6728,120.0,10.55,0.0,0.0,,1.0
2020-04-20 16:00:00+08:00,4.3416586,218.45374,21.8,1007.4871,48.149055,449.0,721.55804,99.0,10.35,0.0,0.0,,1.0
2020-04-20 17:00:00+08:00,3.6400552,217.18478,21.2,1007.6687,50.620678,259.0,649.6992,63.0,10.55,0.0,0.0,,1.0
2020-04-20 18:00:00+08:00,2.376973,202.24907,19.85,1007.7296,57.8248,62.0,317.56293,23.0,11.3,0.0,0.0,,0.0
2020-04-20 19:00:00+08:00,1.6278821,169.3804,18.55,1008.2878,66.538445,0.0,0.0,0.0,12.2,0.0,0.0,,0.0
2020-04-20 20:00:00+08:00,2.2847319,156.80139,17.55,1008.9531,72.73905,0.0,0.0,0.0,12.6,0.0,0.0,,0.0
2020-04-20 21:00:00+08:00,2.1400933,127.40543,17.05,1008.9386,76.313484,0.0,0.0,0.0,12.85,0.0,0.0,,0.0
2020-04-20 22:00:00+08:00,2.184033,105.945465,16.15,1008.91235,80.277824,0.0,0.0,0.0,12.75,0.0,0.0,,0.0
2020-04-20 23:00:00+08:00,1.8248286,99.46225,16.35,1008.9183,76.95626,0.0,0.0,0.0,12.3,0.0,0.0,,0.0
2020-04-21 00:00:00+08:00,1.8027756,93.17977,15.7,1008.5026,76.34809,0.0,0.0,0.0,11.55,0.0,0.0,,0.0
2020-04-21 01:00:00+08:00,1.9104973,83.99109,15.4,1008.19635,74.548775,0.0,0.0,0.0,10.9,0.0,0.0,,0.0
2020-04-21 02:00:00+08:00,2.2022717,87.3975,15.05,1007.98755,78.29314,0.0,0.0,0.0,11.3,0.0,0.0,,0.0
2020-04-21 03:00:00+08:00,2.5,90.0,14.95,1007.588,80.37758,0.0,0.0,0.0,11.6,0.0,0.0,,0.0
2020-04-21 04:00:00+08:00,2.6,90.0,14.85,1007.58514,82.78636,0.0,0.0,0.0,11.95,0.0,0.0,,0.0
2020-04-21 05:00:00+08:00,2.7018514,92.12105,14.8,1007.58356,81.96546,0.0,0.0,0.0,11.75,0.0,0.0,,0.0
2020-04-21 06:00:00+08:00,3.1144822,84.47256,14.6,1008.1726,81.13124,0.0,0.0,0.0,11.4,0.0,0.0,,0.0
2020-04-21 07:00:00+08:00,3.471311,78.366394,14.6,1008.66846,81.40005,2.0,19.10732,1.0,11.45,0.0,0.0,,1.0
2020-04-21 08:00:00+08:00,3.8327537,74.875946,17.1,1009.1382,72.181595,116.0,495.35785,38.0,12.05,0.0,0.0,,1.0
2020-04-21 09:00:00+08:00,3.4014704,88.31535,20.25,1009.6255,59.665916,326.0,726.7182,64.0,12.15,0.0,0.0,,1.0
2020-04-21 10:00:00+08:00,2.404163,106.9276,22.3,1009.38556,46.859726,522.0,837.9312,76.0,10.4,0.0,0.0,,1.0
2020-04-21 11:00:00+08:00,1.0770329,158.19853,23.8,1008.73303,40.15776,673.0,889.60736,85.0,9.45,0.0,0.0,,1.0
2020-04-21 12:00:00+08:00,2.4413111,214.9921,24.75,1008.06494,38.576683,756.0,883.64105,104.0,9.7,0.0,0.0,,1.0
2020-04-21 13:00:00+08:00,5.215362,212.47118,23.95,1007.5472,47.154217,732.0,707.4122,196.0,12.0,0.0,0.0,,1.0
2020-04-21 14:00:00+08:00,5.412947,205.14474,23.35,1006.8362,48.72861,714.0,803.76355,136.0,11.95,0.0,0.0,,1.0
2020-04-21 15:00:00+08:00,4.846648,201.80147,23.4,1006.7382,46.849304,619.0,848.32385,89.0,11.4,0.0,0.0,,1.0
2020-04-21 16:00:00+08:00,4.9040794,196.58742,22.95,1006.9243,48.781837,455.0,794.08936,73.0,11.6,0.0,0.0,,1.0
2020-04-21 17:00:00+08:00,5.001,191.53459,21.9,1006.89496,53.211365,252.0,651.46924,58.0,11.95,0.0,0.0,,1.0
2020-04-21 18:00:00+08:00,3.6055512,183.17976,20.65,1006.8598,61.346573,58.0,297.9024,22.0,12.95,0.0,0.0,,0.0
2020-04-21 19:00:00+08:00,3.214032,174.64427,20.0,1007.4363,68.821625,0.0,0.0,0.0,14.1,0.0,0.0,,0.0
2020-04-21 20:00:00+08:00,3.0364454,162.75845,19.6,1007.9211,71.23838,0.0,0.0,0.0,14.25,0.0,0.0,,0.0
2020-04-21 21:00:00+08:00,2.3323808,149.03632,18.75,1007.8968,75.59995,0.0,0.0,0.0,14.35,0.0,0.0,,0.0
2020-04-21 22:00:00+08:00,2.0808651,144.78232,18.05,1007.9757,79.24603,0.0,0.0,0.0,14.4,0.0,0.0,,0.0
2020-04-21 23:00:00+08:00,2.0615528,140.90616,17.75,1007.8679,81.80573,0.0,0.0,0.0,14.6,0.0,0.0,,0.0
2020-04-22 00:00:00+08:00,1.8439089,130.60121,17.35,1007.75714,85.25928,0.0,0.0,0.0,14.85,0.0,0.0,,0.0
2020-04-22 01:00:00+08:00,1.7804494,128.15727,16.9,1007.5458,87.15886,0.0,0.0,0.0,14.75,0.0,0.0,,0.0
2020-04-22 02:00:00+08:00,1.8601075,126.25393,16.95,1007.4482,86.883064,0.0,0.0,0.0,14.75,0.0,0.0,,0.0
2020-04-22 03:00:00+08:00,1.8357561,119.357666,17.0,1007.0528,87.4492,0.0,0.0,0.0,14.9,0.0,0.0,,0.0
2020-04-22 04:00:00+08:00,1.8439089,102.5288,16.65,1007.04266,87.98342,0.0,0.0,0.0,14.65,0.0,0.0,,0.0
2020-04-22 05:00:00+08:00,1.9026297,93.012726,16.1,1007.52246,88.220604,0.0,0.0,0.0,14.15,0.0,0.0,,0.0
2020-04-22 06:00:00+08:00,2.0024984,87.13766,15.9,1007.9134,89.0653,0.0,0.0,0.0,14.1,0.0,0.0,,0.0
2020-04-22 07:00:00+08:00,1.7029387,93.366394,15.6,1008.4004,89.6211,2.0,19.10732,1.0,13.9,0.0,0.0,,1.0
2020-04-22 08:00:00+08:00,1.6124516,97.12492,18.7,1009.58105,76.5753,107.0,431.93674,40.0,14.5,0.0,0.0,,1.0
2020-04-22 09:00:00+08:00,1.5811388,161.56496,21.0,1010.1426,70.81342,296.0,598.0228,82.0,15.5,0.0,0.0,,1.0
2020-04-22 10:00:00+08:00,2.529822,198.43504,22.4,1010.08276,63.97207,495.0,780.35004,82.0,15.25,0.0,0.0,,1.0
2020-04-22 11:00:00+08:00,3.9824615,208.49554,23.15,1009.9053,60.154163,624.0,757.2545,126.0,15.0,0.0,0.0,,1.0
2020-04-22 12:00:00+08:00,4.7853947,206.02953,23.25,1009.4122,56.783226,687.0,715.00635,162.0,14.2,0.0,0.0,,1.0
2020-04-22 13:00:00+08:00,4.846648,201.80147,22.95,1009.10645,56.709465,552.0,331.61505,302.0,13.9,0.0,0.0,,1.0
2020-04-22 14:00:00+08:00,4.554119,199.23076,23.45,1008.62445,54.843338,678.0,743.86865,146.0,13.85,0.0,0.0,,1.0
2020-04-22 15:00:00+08:00,4.9040794,196.58742,23.15,1008.4175,55.48447,541.0,604.08044,166.0,13.75,0.0,0.0,,1.0
2020-04-22 16:00:00+08:00,4.9729266,195.15411,22.55,1008.7977,57.35205,358.0,406.6123,164.0,13.7,0.0,0.0,,1.0
2020-04-22 17:00:00+08:00,4.414748,193.0919,21.75,1009.2712,58.097218,90.0,40.819885,78.0,13.15,0.0,0.0,,1.0
2020-04-22 18:00:00+08:00,3.4525354,190.00792,21.35,1009.6565,58.764004,30.0,58.863117,23.0,12.95,0.0,0.0,,0.0
2020-04-22 19:00:00+08:00,2.408319,184.76355,20.4,1010.3238,65.20836,0.0,0.0,0.0,13.65,0.0,0.0,,0.0
2020-04-22 20:00:00+08:00,2.404163,163.0724,19.8,1010.60455,72.43499,0.0,0.0,0.0,14.7,0.0,0.0,,0.0
2020-04-22 21:00:00+08:00,2.0615528,140.90616,19.45,1010.8919,74.50496,0.0,0.0,0.0,14.8,0.0,0.0,,0.0
2020-04-22 22:00:00+08:00,1.7204651,125.537766,18.0,1010.9495,79.495445,0.0,0.0,0.0,14.4,0.0,0.0,,0.0
2020-04-22 23:00:00+08:00,1.7492856,120.963684,17.15,1011.0239,82.26085,0.0,0.0,0.0,14.1,0.0,0.0,,0.0
2020-04-23 00:00:00+08:00,1.8027756,109.440125,18.1,1010.65485,75.248764,0.0,0.0,0.0,13.65,0.0,0.0,,0.0
2020-04-23 01:00:00+08:00,1.6124516,97.12492,17.35,1010.4347,78.12334,0.0,0.0,0.0,13.5,0.0,0.0,,0.0
2020-04-23 02:00:00+08:00,1.6124516,82.875084,16.55,1010.4115,80.59504,0.0,0.0,0.0,13.2,0.0,0.0,,0.0
2020-04-23 03:00:00+08:00,1.9026297,86.98728,16.5,1009.81494,81.646286,0.0,0.0,0.0,13.35,0.0,0.0,,0.0
2020-04-23 04:00:00+08:00,2.0880613,106.699326,16.25,1009.8077,84.591644,0.0,0.0,0.0,13.65,0.0,0.0,,0.0
2020-04-23 05:00:00+08:00,2.8792362,110.32322,16.95,1010.02655,83.039795,0.0,0.0,0.0,14.05,0.0,0.0,,0.0
2020-04-23 06:00:00+08:00,3.3241541,105.7087,16.9,1010.32245,85.48771,0.0,0.0,0.0,14.45,0.0,0.0,,0.0
2020-04-23 07:00:00+08:00,3.3136082,95.19434,16.75,1010.8139,88.2761,2.0,0.0,2.0,14.8,0.0,0.0,,1.0
2020-04-23 08:00:00+08:00,3.9319208,97.30567,19.35,1011.68243,75.941376,102.0,418.94394,38.0,15.0,0.0,0.0,,1.0
2020-04-23 09:00:00+08:00,4.016217,108.886185,21.7,1012.44336,65.27523,285.0,543.4089,92.0,14.9,0.0,0.0,,1.0
2020-04-23 10:00:00+08:00,3.7215588,120.699646,23.65,1012.2005,55.609276,483.0,727.8053,100.0,14.25,0.0,0.0,,1.0
2020-04-23 11:00:00+08:00,3.1400635,142.76509,25.3,1011.75024,47.365074,628.0,814.5812,95.0,13.3,0.0,0.0,,1.0
2020-04-23 12:00:00+08:00,3.3376637,171.38443,26.4,1010.78845,42.950848,724.0,871.7853,87.0,12.8,0.0,0.0,,1.0
2020-04-23 13:00:00+08:00,4.883646,190.6196,26.45,1009.5993,45.265697,745.0,875.86615,88.0,13.65,0.0,0.0,,1.0
2020-04-23 14:00:00+08:00,6.140033,196.07364,25.55,1008.97986,54.490643,699.0,861.8161,86.0,15.7,0.0,0.0,,1.0
2020-04-23 15:00:00+08:00,6.6940274,193.82867,24.8,1008.4634,57.16181,591.0,826.7789,81.0,15.75,0.0,0.0,,1.0
2020-04-23 16:00:00+08:00,6.2968245,190.06062,24.1,1008.34485,57.914097,430.0,756.489,72.0,15.3,0.0,0.0,,1.0
2020-04-23 17:00:00+08:00,5.8549128,187.85323,23.0,1008.81,61.883953,235.0,616.73676,56.0,15.3,0.0,0.0,,1.0
2020-04-23 18:00:00+08:00,4.604346,177.5105,22.15,1008.9846,68.14767,51.0,264.87653,20.0,16.0,0.0,0.0,,0.0
2020-04-23 19:00:00+08:00,4.570558,169.91946,21.8,1009.2724,71.41579,0.0,0.0,0.0,16.4,0.0,0.0,,0.0
2020-04-23 20:00:00+08:00,4.7675986,170.34018,21.75,1009.66797,70.95327,0.0,0.0,0.0,16.25,0.0,0.0,,0.0
2020-04-23 21:00:00+08:00,4.3566046,170.75397,21.4,1009.85645,75.54614,0.0,0.0,0.0,16.9,0.0,0.0,,0.0
2020-04-23 22:00:00+08:00,4.414748,166.9081,21.0,1010.04346,79.65957,0.0,0.0,0.0,17.35,0.0,0.0,,0.0
2020-04-23 23:00:00+08:00,3.7696154,158.19853,20.35,1009.3308,85.03222,0.0,0.0,0.0,17.75,0.0,0.0,,0.0
2020-04-24 00:00:00+08:00,3.2984846,165.96373,19.9,1009.3182,89.378334,0.0,0.0,0.0,18.1,0.0,0.0,,0.0
2020-04-24 01:00:00+08:00,3.275668,167.66092,19.75,1009.11523,90.78155,0.0,0.0,0.0,18.2,0.0,0.0,,0.0
2020-04-24 02:00:00+08:00,3.354102,169.6952,19.75,1009.2144,90.49702,0.0,0.0,0.0,18.15,0.0,0.0,,0.0
2020-04-24 03:00:00+08:00,3.49285,166.75948,19.8,1009.01776,90.21685,0.0,0.0,0.0,18.15,0.0,0.0,,0.0
2020-04-24 04:00:00+08:00,3.4176016,159.44388,19.75,1008.9169,89.93034,0.0,0.0,0.0,18.05,0.0,0.0,,0.0
2020-04-24 05:00:00+08:00,3.4176016,159.44388,19.8,1008.9186,89.37066,0.0,0.0,0.0,18.0,0.0,0.0,,0.0
2020-04-24 06:00:00+08:00,3.5805027,144.09018,19.45,1008.90845,91.33398,0.0,0.0,0.0,18.0,0.0,0.0,,0.0
2020-04-24 07:00:00+08:00,3.748333,133.91916,19.15,1009.2966,90.74121,1.0,0.0,1.0,17.6,0.0,0.0,,1.0
2020-04-24 08:00:00+08:00,4.1773195,137.91092,19.65,1010.2034,77.46516,64.0,211.30663,32.0,15.6,0.0,0.0,,1.0
2020-04-24 09:00:00+08:00,4.3931766,138.69148,21.2,1010.6441,68.39565,154.0,215.61662,78.0,15.15,0.0,0.6,,1.0
2020-04-24 10:00:00+08:00,4.167733,149.74365,23.65,1010.1176,57.991962,419.0,470.1617,173.0,14.9,0.0,0.0,,1.0
2020-04-24 11:00:00+08:00,3.9,180.0,25.15,1009.9607,52.669056,602.0,751.1438,113.0,14.8,0.0,0.0,,1.0
2020-04-24 12:00:00+08:00,4.909175,183.50346,24.65,1009.15356,55.8576,536.0,503.3604,170.0,15.25,0.0,0.0,,1.0
2020-04-24 13:00:00+08:00,5.0635953,189.0902,25.3,1008.37775,52.032963,573.0,380.5169,289.0,14.75,0.0,0.0,,1.0
2020-04-24 14:00:00+08:00,5.80517,190.92276,24.0,1007.84607,59.39431,385.0,118.742256,301.0,15.6,0.0,0.0,,1.0
2020-04-24 15:00:00+08:00,5.323533,185.38922,24.15,1007.55255,54.31286,448.0,386.65442,211.0,14.35,0.0,0.0,,1.0
2020-04-24 16:00:00+08:00,5.1662364,194.57425,23.8,1007.9395,53.873688,391.0,617.812,101.0,13.9,0.0,0.0,,1.0
2020-04-24 17:00:00+08:00,6.239391,186.4415,22.2,1008.5896,69.03237,195.0,373.42004,88.0,16.25,0.0,0.0,,1.0
2020-04-24 18:00:00+08:00,5.9135437,176.12155,21.4,1009.063,74.83076,27.0,8.682601,26.0,16.75,0.0,0.0,,0.0
2020-04-24 19:00:00+08:00,5.315073,175.68405,21.3,1009.75433,75.290726,0.0,0.0,0.0,16.75,0.0,0.0,,0.0
2020-04-24 20:00:00+08:00,5.0695167,165.14134,21.0,1010.4401,73.81772,0.0,0.0,0.0,16.15,0.0,0.0,,0.0
2020-04-24 21:00:00+08:00,4.588028,163.5399,20.8,1010.73193,74.49322,0.0,0.0,0.0,16.1,0.0,0.0,,0.0
2020-04-24 22:00:00+08:00,3.992493,157.93205,20.7,1010.72906,74.476425,0.0,0.0,0.0,16.0,0.0,0.0,,0.0
2020-04-24 23:00:00+08:00,3.3615475,149.62096,20.4,1011.018,75.86675,0.0,0.0,0.0,16.0,0.0,0.0,,0.0
2020-04-25 00:00:00+08:00,3.1064448,146.82147,19.95,1010.807,77.51058,0.0,0.0,0.0,15.9,0.0,0.0,,0.0
2020-04-25 01:00:00+08:00,3.6769552,157.61983,20.05,1010.8099,77.03221,0.0,0.0,0.0,15.9,0.0,0.0,,0.0
2020-04-25 02:00:00+08:00,3.8078864,150.06857,20.05,1010.6115,77.03221,0.0,0.0,0.0,15.9,0.0,0.0,,0.0
2020-04-25 03:00:00+08:00,3.2015622,128.65984,19.55,1010.3989,78.95161,0.0,0.0,0.0,15.8,0.0,0.0,,0.0
2020-04-25 04:00:00+08:00,2.9068882,116.56499,19.1,1010.4851,79.14045,0.0,0.0,0.0,15.4,0.0,0.0,,0.0
2020-04-25 05:00:00+08:00,2.7892652,104.5345,19.0,1010.68054,77.865486,0.0,0.0,0.0,15.05,0.0,0.0,,0.0
2020-04-25 06:00:00+08:00,2.6683328,102.99462,19.3,1011.185,75.203415,0.0,0.0,0.0,14.8,0.0,0.0,,0.0
2020-04-25 07:00:00+08:00,2.7856774,111.03758,19.5,1011.4886,73.08579,1.0,0.0,1.0,14.55,0.0,0.0,,1.0
2020-04-25 08:00:00+08:00,3.3015149,88.264336,19.05,1012.4673,78.627075,15.0,0.0,15.0,15.25,0.0,0.1,,1.0
2020-04-25 09:00:00+08:00,4.148494,74.623695,20.0,1012.891,76.53361,105.0,2.8589551,104.0,15.75,0.0,0.1,,1.0
2020-04-25 10:00:00+08:00,4.7518415,81.528946,21.35,1013.0286,60.910435,214.0,55.748062,185.0,13.5,0.0,0.0,,1.0
2020-04-25 11:00:00+08:00,4.3104525,93.99084,22.55,1012.5668,51.48488,298.0,32.423386,277.0,12.05,0.0,0.0,,1.0
2020-04-25 12:00:00+08:00,3.8626416,111.25058,23.35,1012.19226,47.61636,330.0,42.84512,299.0,11.6,0.0,0.0,,1.0
2020-04-25 13:00:00+08:00,4.3908997,120.0685,23.25,1011.6934,49.34767,257.0,78.104774,199.0,12.05,0.0,0.0,,1.0
2020-04-25 14:00:00+08:00,3.9446166,120.46546,24.05,1011.3189,50.8731,356.0,186.19888,225.0,13.25,0.0,0.0,,1.0
2020-04-25 15:00:00+08:00,3.764306,140.38934,24.3,1011.1275,51.773598,294.0,132.9906,213.0,13.75,0.0,0.0,,1.0
2020-04-25 16:00:00+08:00,4.5694637,156.80139,23.7,1011.50775,52.808163,181.0,100.94891,134.0,13.5,0.0,0.0,,1.0
2020-04-25 17:00:00+08:00,5.2630787,165.69969,22.5,1011.67255,57.15371,104.0,88.37788,79.0,13.6,0.0,0.0,,1.0
2020-04-25 18:00:00+08:00,5.0289164,162.64589,21.3,1012.0355,63.52481,12.0,17.647722,10.0,14.1,0.0,0.0,,0.0
2020-04-25 19:00:00+08:00,4.7413077,152.35411,21.15,1012.527,65.58026,0.0,0.0,0.0,14.45,0.0,0.0,,0.0
2020-04-25 20:00:00+08:00,4.360046,143.39284,20.7,1013.0102,61.157925,0.0,0.0,0.0,12.95,0.0,0.0,,0.0
2020-04-25 21:00:00+08:00,4.327817,139.68597,20.15,1013.19293,64.7315,0.0,0.0,0.0,13.3,0.0,0.0,,0.0
2020-04-25 22:00:00+08:00,4.0459857,140.01317,19.95,1013.38556,71.53373,0.0,0.0,0.0,14.65,0.0,0.0,,0.0
2020-04-25 23:00:00+08:00,3.3970575,137.38599,19.6,1012.7807,75.737885,0.0,0.0,0.0,15.2,0.0,0.0,,0.0
2020-04-26 00:00:00+08:00,2.8999999,136.39711,19.2,1012.1739,76.90074,0.0,0.0,0.0,15.05,0.0,0.0,,0.0
2020-04-26 01:00:00+08:00,3.2649655,139.9698,19.25,1011.7788,73.51547,0.0,0.0,0.0,14.4,0.0,0.0,,0.0
2020-04-26 02:00:00+08:00,3.3015149,125.13428,18.8,1011.5674,70.16868,0.0,0.0,0.0,13.25,0.0,0.0,,0.0
2020-04-26 03:00:00+08:00,3.088689,119.05451,18.6,1011.26416,63.33875,0.0,0.0,0.0,11.5,0.0,0.0,,0.0
2020-04-26 04:00:00+08:00,2.6925824,121.328636,18.25,1011.3533,61.60208,0.0,0.0,0.0,10.75,0.0,0.0,,0.0
2020-04-26 05:00:00+08:00,2.8178005,117.47435,17.85,1011.441,62.54269,0.0,0.0,0.0,10.6,0.0,0.0,,0.0
2020-04-26 06:00:00+08:00,2.8792362,110.32322,17.7,1011.5357,63.557865,0.0,0.0,0.0,10.7,0.0,0.0,,0.0
2020-04-26 07:00:00+08:00,2.9732137,109.653915,17.6,1011.7312,65.031425,1.0,0.0,1.0,10.95,0.0,0.0,,1.0
2020-04-26 08:00:00+08:00,3.6687872,107.44727,19.9,1011.9959,58.028755,99.0,430.16818,35.0,11.4,0.0,0.0,,1.0
2020-04-26 09:00:00+08:00,3.8470767,98.97255,22.9,1012.27875,47.494083,294.0,665.5738,63.0,11.15,0.0,0.0,,1.0
2020-04-26 10:00:00+08:00,3.354102,100.30479,25.5,1011.7557,40.367382,478.0,777.3212,76.0,11.05,0.0,0.0,,1.0
2020-04-26 11:00:00+08:00,1.9209373,128.65984,27.2,1011.30634,36.151505,620.0,822.5375,90.0,10.9,0.0,0.0,,1.0
2020-04-26 12:00:00+08:00,2.6076808,184.39862,27.85,1010.6294,35.150616,645.0,702.81946,139.0,11.05,0.0,0.0,,1.0
2020-04-26 13:00:00+08:00,5.0921507,199.50253,26.55,1009.999,44.7079,479.0,251.74748,293.0,13.55,0.0,0.0,,1.0
2020-04-26 14:00:00+08:00,6.432729,191.65926,25.65,1009.6767,53.82255,504.0,282.98074,306.0,15.6,0.0,0.0,,1.0
2020-04-26 15:00:00+08:00,6.562012,187.88304,25.4,1009.47174,54.105137,519.0,556.8401,182.0,15.45,0.0,0.0,,1.0
2020-04-26 16:00:00+08:00,6.312686,183.63287,24.65,1009.84784,55.8576,366.0,550.0283,112.0,15.25,0.0,0.0,,1.0
2020-04-26 17:00:00+08:00,5.813777,183.94511,23.65,1009.91925,66.315025,200.0,426.14423,81.0,17.0,0.0,0.0,,1.0
2020-04-26 18:00:00+08:00,3.6687872,162.55272,22.7,1010.09125,72.7191,27.0,8.968261,26.0,17.55,0.0,0.0,,0.0
2020-04-26 19:00:00+08:00,2.4596748,153.43501,22.3,1010.9725,73.34095,0.0,0.0,0.0,17.3,0.0,0.0,,0.0
2020-04-26 20:00:00+08:00,3.939543,156.0375,22.05,1010.668,72.14533,0.0,0.0,0.0,16.8,0.0,0.0,,0.0
2020-04-26 21:00:00+08:00,3.2649658,152.6502,21.7,1010.85645,75.59456,0.0,0.0,0.0,17.2,0.0,0.0,,0.0
2020-04-26 22:00:00+08:00,1.9849433,139.08571,21.15,1010.5434,77.445625,0.0,0.0,0.0,17.05,0.0,0.0,,0.0
2020-04-26 23:00:00+08:00,1.2727922,135.0001,20.75,1010.4331,77.87802,0.0,0.0,0.0,16.75,0.0,0.0,,0.0
2020-04-27 00:00:00+08:00,1.3341664,192.99461,19.45,1009.60266,86.02044,0.0,0.0,0.0,17.05,0.0,0.0,,0.0
2020-04-27 01:00:00+08:00,2.0024984,177.13765,19.65,1009.41003,85.497795,0.0,0.0,0.0,17.15,0.0,0.0,,0.0
2020-04-27 02:00:00+08:00,1.3416408,153.43501,19.75,1009.3136,82.842125,0.0,0.0,0.0,16.75,0.0,0.0,,0.0
2020-04-27 03:00:00+08:00,1.0630146,131.18582,20.5,1008.9381,77.840775,0.0,0.0,0.0,16.5,0.0,0.0,,0.0
2020-04-27 04:00:00+08:00,1.1401755,127.875046,20.05,1008.7271,78.77171,0.0,0.0,0.0,16.25,0.0,0.0,,0.0
2020-04-27 05:00:00+08:00,1.5264337,148.39255,19.5,1008.4141,79.70502,0.0,0.0,0.0,15.9,0.0,0.0,,0.0
2020-04-27 06:00:00+08:00,1.5,126.86998,19.0,1008.79626,79.89124,0.0,0.0,0.0,15.45,0.0,0.0,,0.0
2020-04-27 07:00:00+08:00,3.2649655,130.0302,19.6,1008.41693,73.81378,0.0,0.0,0.0,14.8,0.0,0.0,,1.0
2020-04-27 08:00:00+08:00,1.029563,330.9455,19.4,1010.097,76.4392,19.0,0.0,19.0,15.15,0.0,0.0,,1.0
2020-04-27 09:00:00+08:00,0.8544004,200.55612,21.0,1010.53937,63.252644,150.0,31.94401,139.0,13.75,0.0,0.0,,1.0
2020-04-27 10:00:00+08:00,2.3194828,187.43132,21.9,1010.3663,55.89852,219.0,48.626945,194.0,12.7,0.0,0.0,,1.0
2020-04-27 11:00:00+08:00,3.1144822,185.52745,23.2,1009.5101,49.49697,385.0,237.12537,233.0,12.05,0.0,0.0,,1.0
2020-04-27 12:00:00+08:00,4.197618,192.38075,23.25,1009.1146,53.037117,444.0,307.0996,224.0,13.15,0.0,0.6,,1.0
2020-04-27 13:00:00+08:00,5.1195703,192.40741,23.3,1008.6203,55.702335,481.0,308.80713,254.0,13.95,0.0,0.0,,1.0
2020-04-27 14:00:00+08:00,6.5924196,189.60513,23.6,1008.3309,57.23725,530.0,433.99838,228.0,14.65,0.0,0.0,,1.0
2020-04-27 15:00:00+08:00,7.5802374,188.34381,23.65,1008.4314,64.448135,565.0,793.2033,88.0,16.55,0.0,0.0,,1.0
2020-04-27 16:00:00+08:00,8.28734,188.32556,23.05,1008.81165,66.825096,378.0,613.48615,97.0,16.55,0.0,0.0,,1.0
2020-04-27 17:00:00+08:00,8.558621,186.70975,21.65,1009.5659,76.79051,148.0,232.17065,84.0,17.4,0.0,0.0,,1.0
2020-04-27 18:00:00+08:00,7.8,180.0,20.7,1009.8365,81.39989,29.0,109.38819,17.0,17.4,0.0,0.0,,0.0
2020-04-27 19:00:00+08:00,6.9354167,174.20729,20.35,1010.52094,83.70253,0.0,0.0,0.0,17.5,0.0,0.0,,0.0
2020-04-27 20:00:00+08:00,6.7029843,178.29022,19.9,1011.10333,82.86002,0.0,0.0,0.0,16.9,0.0,0.0,,0.0
2020-04-27 21:00:00+08:00,6.5069194,177.35751,19.7,1011.1967,82.31166,0.0,0.0,0.0,16.6,0.0,0.0,,0.0
2020-04-27 22:00:00+08:00,6.519202,175.60138,19.5,1011.4886,81.76488,0.0,0.0,0.0,16.3,0.0,0.0,,0.0
2020-04-27 23:00:00+08:00,6.2968245,169.93938,19.25,1011.48126,80.43851,0.0,0.0,0.0,15.8,0.0,0.0,,0.0
2020-04-28 00:00:00+08:00,5.8940644,165.2564,19.05,1011.27716,79.89815,0.0,0.0,0.0,15.5,0.0,0.0,,0.0
2020-04-28 01:00:00+08:00,5.6921,161.56496,18.1,1011.1507,84.25088,0.0,0.0,0.0,15.4,0.0,0.0,,0.0
2020-04-28 02:00:00+08:00,4.360046,143.39284,18.0,1011.0487,83.9698,0.0,0.0,0.0,15.25,0.0,0.0,,0.0
2020-04-28 03:00:00+08:00,4.1231055,129.09386,17.45,1011.1317,83.63733,0.0,0.0,0.0,14.65,0.0,0.0,,0.0
2020-04-28 04:00:00+08:00,4.159327,117.18103,16.7,1011.11005,79.83064,0.0,0.0,0.0,13.2,0.0,0.0,,0.0
2020-04-28 05:00:00+08:00,4.8795495,134.16977,17.05,1011.4178,68.23069,0.0,0.0,0.0,11.15,0.0,0.0,,0.0
2020-04-28 06:00:00+08:00,4.140048,127.14677,17.15,1011.71814,67.35198,0.0,0.0,0.0,11.05,0.0,0.0,,0.0
2020-04-28 07:00:00+08:00,3.7443287,124.11452,16.4,1012.0929,69.93505,1.0,0.0,1.0,10.9,0.0,0.0,,1.0
2020-04-28 08:00:00+08:00,3.7696154,111.801476,18.5,1013.0465,57.8783,91.0,335.38327,42.0,10.05,0.0,0.0,,1.0
2020-04-28 09:00:00+08:00,4.438468,112.52061,20.15,1013.58966,54.72638,164.0,90.741295,133.0,10.75,0.0,0.0,,1.0
2020-04-28 10:00:00+08:00,5.390733,139.51407,22.15,1013.54706,46.19707,449.0,643.74585,120.0,10.05,0.0,0.0,,1.0
2020-04-28 11:00:00+08:00,6.0083275,161.56496,23.25,1013.2804,41.651215,599.0,727.6446,135.0,9.5,0.0,0.0,,1.0
2020-04-28 12:00:00+08:00,5.7870545,170.04944,23.95,1012.80414,37.96373,675.0,736.5245,150.0,8.75,0.0,0.0,,1.0
2020-04-28 13:00:00+08:00,5.903389,181.94144,24.45,1012.02423,38.62141,734.0,870.9928,97.0,9.45,0.0,0.0,,1.0
2020-04-28 14:00:00+08:00,7.376313,195.73207,23.3,1011.49664,53.74619,695.0,871.3422,92.0,13.4,0.0,0.0,,1.0
2020-04-28 15:00:00+08:00,7.566373,187.59456,22.8,1011.18506,55.577515,579.0,830.0622,83.0,13.45,0.0,0.0,,1.0
2020-04-28 16:00:00+08:00,7.6006575,179.24617,22.15,1011.36505,62.69426,420.0,770.3853,70.0,14.7,0.0,0.0,,1.0
2020-04-28 17:00:00+08:00,7.4242845,175.36462,21.2,1011.04083,68.17622,223.0,621.0626,54.0,15.1,0.0,0.0,,1.0
2020-04-28 18:00:00+08:00,6.1814237,170.69014,20.8,1011.12866,67.87685,42.0,231.64822,17.0,14.65,0.0,0.0,,0.0
2020-04-28 19:00:00+08:00,7.5927596,167.06194,19.9,1011.79755,70.15157,0.0,0.0,0.0,14.3,0.0,0.0,,0.0
2020-04-28 20:00:00+08:00,6.5924196,157.71437,19.2,1012.5706,69.337166,0.0,0.0,0.0,13.45,0.0,0.0,,0.0
2020-04-28 21:00:00+08:00,5.818075,151.23245,18.55,1013.2464,68.308876,0.0,0.0,0.0,12.6,0.0,0.0,,0.0
2020-04-28 22:00:00+08:00,5.6302752,146.59216,18.0,1013.7263,63.62499,0.0,0.0,0.0,11.0,0.0,0.0,,0.0
2020-04-28 23:00:00+08:00,4.967897,139.89915,17.15,1013.999,62.591625,0.0,0.0,0.0,9.95,0.0,0.0,,0.0
2020-04-29 00:00:00+08:00,4.8104053,136.68465,16.35,1013.97577,60.95217,0.0,0.0,0.0,8.8,0.0,0.0,,0.0
2020-04-29 01:00:00+08:00,5.3263493,129.6678,15.75,1013.56134,56.032444,0.0,0.0,0.0,7.0,0.0,0.0,,0.0
2020-04-29 02:00:00+08:00,5.1107726,120.57915,15.35,1013.3513,53.111736,0.0,0.0,0.0,5.85,0.0,0.0,,0.0
2020-04-29 03:00:00+08:00,4.661545,112.714455,14.85,1013.33655,53.347916,0.0,0.0,0.0,5.45,0.0,0.0,,0.0
2020-04-29 04:00:00+08:00,4.5188494,114.86367,14.25,1013.31885,54.690174,0.0,0.0,0.0,5.25,0.0,0.0,,0.0
2020-04-29 05:00:00+08:00,4.7853947,116.02953,13.85,1013.70337,54.395573,0.0,0.0,0.0,4.8,0.0,0.0,,0.0
2020-04-29 06:00:00+08:00,4.8703184,109.17911,13.55,1014.2895,52.631622,0.0,0.0,0.0,4.05,0.0,0.0,,0.0
2020-04-29 07:00:00+08:00,5.565968,107.78398,13.5,1014.6844,50.26548,1.0,0.0,1.0,3.35,0.0,0.0,,1.0
2020-04-29 08:00:00+08:00,6.7446275,105.4787,15.25,1015.2325,42.568115,97.0,386.85043,41.0,2.6,0.0,0.0,,1.0
2020-04-29 09:00:00+08:00,7.6902537,102.77125,17.2,1015.98395,36.931736,292.0,598.9868,89.0,2.35,0.0,0.0,,1.0
2020-04-29 10:00:00+08:00,8.023092,100.049286,19.15,1015.6437,32.329323,491.0,779.4916,95.0,2.2,0.0,0.0,,1.0
2020-04-29 11:00:00+08:00,7.8771825,98.027145,21.1,1015.402,27.651438,646.0,862.3143,99.0,1.7,0.0,0.0,,1.0
2020-04-29 12:00:00+08:00,7.368175,97.8001,22.75,1014.75415,23.693539,735.0,892.5005,102.0,0.95,0.0,0.0,,1.0
2020-04-29 13:00:00+08:00,6.760177,97.65056,24.1,1013.8994,20.391802,737.0,803.98267,152.0,0.0,0.0,0.0,,1.0
2020-04-29 14:00:00+08:00,6.264982,98.25935,24.95,1013.3277,18.1517,671.0,717.77313,177.0,-0.9,0.0,0.0,,1.0
2020-04-29 15:00:00+08:00,6.053098,97.59455,25.25,1012.9393,17.001045,551.0,634.93317,174.0,-1.55,0.0,0.0,,1.0
2020-04-29 16:00:00+08:00,6.0827627,99.46225,25.25,1012.9393,16.3264,431.0,781.1152,79.0,-2.1,0.0,0.0,,1.0
2020-04-29 17:00:00+08:00,5.531727,102.5288,24.25,1013.01074,17.014246,226.0,606.8135,63.0,-2.35,0.0,0.0,,1.0
2020-04-29 18:00:00+08:00,4.1629314,114.102234,22.0,1013.3446,19.350199,43.0,235.47423,18.0,-2.45,0.0,0.0,,0.0
2020-04-29 19:00:00+08:00,3.9824615,118.495544,20.65,1014.199,21.175482,0.0,0.0,0.0,-2.35,0.0,0.0,,0.0
2020-04-29 20:00:00+08:00,4.632494,122.660904,20.05,1014.9753,22.137714,0.0,0.0,0.0,-2.25,0.0,0.0,,0.0
2020-04-29 21:00:00+08:00,5.3712196,118.9509,19.3,1015.152,24.06345,0.0,0.0,0.0,-1.75,0.0,0.0,,0.0
2020-04-29 22:00:00+08:00,5.7775426,113.459045,19.0,1015.34174,24.517515,0.0,0.0,0.0,-1.75,0.0,0.0,,0.0
2020-04-29 23:00:00+08:00,5.8523498,109.98319,18.65,1015.33185,26.379963,0.0,0.0,0.0,-1.05,0.0,0.0,,0.0
2020-04-30 00:00:00+08:00,6.1846585,104.03627,18.1,1015.11755,28.52729,0.0,0.0,0.0,-0.45,0.0,0.0,,0.0
2020-04-30 01:00:00+08:00,6.61211,93.46816,17.7,1014.6099,30.117092,0.0,0.0,0.0,-0.05,0.0,0.0,,0.0
2020-04-30 02:00:00+08:00,7.125307,85.16967,17.5,1014.3067,30.944704,0.0,0.0,0.0,0.15,0.0,0.0,,0.0
2020-04-30 03:00:00+08:00,7.2835426,81.31373,17.1,1013.99744,32.083447,0.0,0.0,0.0,0.3,0.0,0.0,,0.0
2020-04-30 04:00:00+08:00,7.0035706,80.13426,16.65,1014.0835,32.774044,0.0,0.0,0.0,0.2,0.0,0.0,,0.0
2020-04-30 05:00:00+08:00,7.0405965,78.5305,16.25,1014.17096,34.108654,0.0,0.0,0.0,0.4,0.0,0.0,,0.0
2020-04-30 06:00:00+08:00,7.3979726,76.715126,16.05,1014.26434,35.175705,0.0,0.0,0.0,0.65,0.0,0.0,,0.0
2020-04-30 07:00:00+08:00,7.2780495,77.30042,15.7,1014.75,36.101196,1.0,0.0,1.0,0.7,0.0,0.0,,1.0
2020-04-30 08:00:00+08:00,9.464143,74.054535,16.55,1014.97314,34.5679,94.0,369.55695,41.0,0.85,0.0,0.0,,1.0
2020-04-30 09:00:00+08:00,10.235722,75.28489,18.25,1015.4193,31.612411,293.0,633.58923,80.0,1.1,0.0,0.0,,1.0
2020-04-30 10:00:00+08:00,9.684008,73.81073,20.1,1015.47253,27.868742,459.0,659.4359,126.0,0.95,0.0,0.0,,1.0
2020-04-30 11:00:00+08:00,8.902247,75.027084,21.9,1015.127,24.417383,627.0,808.2266,117.0,0.65,0.0,0.0,,1.0
2020-04-30 12:00:00+08:00,7.8447433,78.97659,23.5,1014.67596,21.527687,723.0,867.2349,111.0,0.25,0.0,0.0,,1.0
2020-04-30 13:00:00+08:00,7.200694,80.406944,24.7,1013.8167,19.600838,754.0,911.6964,94.0,-0.05,0.0,0.0,,1.0
2020-04-30 14:00:00+08:00,6.747592,83.19105,25.55,1012.9475,18.16528,700.0,875.1287,101.0,-0.4,0.0,0.0,,1.0
2020-04-30 15:00:00+08:00,6.726812,84.882774,25.85,1012.6582,17.522924,580.0,801.67163,107.0,-0.65,0.0,0.0,,1.0
2020-04-30 16:00:00+08:00,6.8359346,84.1227,25.45,1012.54785,17.748491,389.0,579.4175,130.0,-0.8,0.0,0.0,,1.0
2020-04-30 17:00:00+08:00,6.1131005,86.24835,24.55,1012.2255,18.864044,196.0,422.37225,84.0,-0.7,0.0,0.0,,1.0
2020-04-30 18:00:00+08:00,4.8259716,95.94677,22.65,1012.47003,21.384533,32.0,105.32119,21.0,-0.55,0.0,0.0,,0.0
2020-04-30 19:00:00+08:00,5.5145264,94.15957,21.6,1012.73804,22.963774,0.0,0.0,0.0,-0.45,0.0,0.0,,0.0
2020-04-30 20:00:00+08:00,5.6142673,94.08554,19.95,1013.4848,25.326002,0.0,0.0,0.0,-0.5,0.0,0.0,,0.0
2020-04-30 21:00:00+08:00,6.512296,86.47862,19.0,1013.3582,26.477795,0.0,0.0,0.0,-0.7,0.0,0.0,,0.0
2020-04-30 22:00:00+08:00,7.0859013,81.06949,18.35,1013.3394,27.176617,0.0,0.0,0.0,-0.9,0.0,0.0,,0.0
2020-04-30 23:00:00+08:00,7.9075913,76.84245,17.9,1012.9301,27.85367,0.0,0.0,0.0,-0.95,0.0,0.0,,0.0
2020-05-01 00:00:00+08:00,8.633076,71.77483,17.55,1012.2257,28.16395,0.0,0.0,0.0,-1.1,0.0,0.0,,0.0
2020-05-01 01:00:00+08:00,9.128527,65.40022,17.3,1011.7226,28.61205,0.0,0.0,0.0,-1.1,0.0,0.0,,0.0
2020-05-01 02:00:00+08:00,9.042677,60.883953,17.0,1011.5154,29.482008,0.0,0.0,0.0,-0.95,0.0,0.0,,0.0
2020-05-01 03:00:00+08:00,8.713208,58.134064,16.7,1011.4076,30.15829,0.0,0.0,0.0,-0.9,0.0,0.0,,0.0
2020-05-01 04:00:00+08:00,8.099383,57.094753,16.3,1011.3959,31.275928,0.0,0.0,0.0,-0.75,0.0,0.0,,0.0
2020-05-01 05:00:00+08:00,8.18352,57.47513,16.0,1011.4862,32.58464,0.0,0.0,0.0,-0.45,0.0,0.0,,0.0
2020-05-01 06:00:00+08:00,8.598255,56.864388,15.75,1011.57806,33.962433,0.0,0.0,0.0,-0.1,0.0,0.0,,0.0
2020-05-01 07:00:00+08:00,9.013878,56.3099,15.5,1011.8683,35.653973,1.0,0.0,1.0,0.35,0.0,0.0,,1.0
2020-05-01 08:00:00+08:00,8.3600235,53.26709,16.4,1012.2912,35.9175,98.0,464.5571,32.0,1.25,0.0,0.0,,1.0
2020-05-01 09:00:00+08:00,9.121404,52.124958,18.7,1012.5563,30.733839,302.0,722.7344,61.0,1.1,0.0,0.0,,1.0
2020-05-01 10:00:00+08:00,8.309633,50.371037,20.9,1012.42084,26.242105,494.0,836.76135,74.0,0.8,0.0,0.0,,1.0
2020-05-01 11:00:00+08:00,7.3878274,50.49235,23.15,1012.08734,22.147072,641.0,893.7501,80.0,0.35,0.0,0.0,,1.0
2020-05-01 12:00:00+08:00,6.6068144,50.52757,25.05,1011.0489,19.056866,730.0,918.6013,85.0,-0.15,0.0,0.0,,1.0
2020-05-01 13:00:00+08:00,5.672742,49.28924,26.5,1010.097,17.047823,752.0,926.07263,85.0,-0.5,0.0,0.0,,1.0
2020-05-01 14:00:00+08:00,4.4553337,45.909298,27.4,1009.32776,15.762153,705.0,913.7202,83.0,-0.85,0.0,0.0,,1.0
2020-05-01 15:00:00+08:00,3.1890438,41.185825,27.75,1009.1389,15.16307,594.0,878.37445,79.0,-1.1,0.0,0.0,,1.0
2020-05-01 16:00:00+08:00,2.2671568,48.57643,27.5,1009.23114,15.218274,426.0,805.12134,69.0,-1.25,0.0,0.0,,1.0
2020-05-01 17:00:00+08:00,2.0223749,81.46932,26.4,1009.2014,16.413788,223.0,653.23267,52.0,-1.1,0.0,0.0,,1.0
2020-05-01 18:00:00+08:00,2.6683328,102.99462,21.25,1009.2569,22.953957,39.0,233.58885,15.0,-0.75,0.0,0.0,,0.0
2020-05-01 19:00:00+08:00,2.3,90.0,20.75,1009.73883,23.326866,0.0,0.0,0.0,-0.95,0.0,0.0,,0.0
2020-05-01 20:00:00+08:00,3.8470767,81.02746,20.25,1009.7246,23.107399,0.0,0.0,0.0,-1.5,0.0,0.0,,0.0
2020-05-01 21:00:00+08:00,4.9040794,73.41259,19.8,1009.5137,22.153172,0.0,0.0,0.0,-2.45,0.0,0.0,,0.0
2020-05-01 22:00:00+08:00,5.6859474,66.139824,19.7,1009.41156,22.208664,0.0,0.0,0.0,-2.5,0.0,0.0,,0.0
2020-05-01 23:00:00+08:00,6.3134775,60.592903,19.55,1009.1096,23.004044,0.0,0.0,0.0,-2.15,0.0,0.0,,0.0
2020-05-02 00:00:00+08:00,6.6887965,58.44866,19.25,1008.9027,24.049812,0.0,0.0,0.0,-1.8,0.0,0.0,,0.0
2020-05-02 01:00:00+08:00,6.989278,56.082535,18.9,1008.29755,24.853115,0.0,0.0,0.0,-1.65,0.0,0.0,,0.0
2020-05-02 02:00:00+08:00,7.2801104,52.81522,18.7,1007.8951,25.351227,0.0,0.0,0.0,-1.55,0.0,0.0,,0.0
2020-05-02 03:00:00+08:00,7.451845,49.899166,18.55,1007.3952,26.159706,0.0,0.0,0.0,-1.25,0.0,0.0,,0.0
2020-05-02 04:00:00+08:00,7.5006666,47.16109,18.0,1007.2802,27.67905,0.0,0.0,0.0,-0.95,0.0,0.0,,0.0
2020-05-02 05:00:00+08:00,7.5663733,45.535397,17.6,1007.56604,28.907843,0.0,0.0,0.0,-0.7,0.0,0.0,,0.0
2020-05-02 06:00:00+08:00,7.6367536,44.999897,17.2,1007.7529,29.97333,0.0,0.0,0.0,-0.55,0.0,0.0,,0.0
2020-05-02 07:00:00+08:00,7.638063,43.939182,17.0,1008.0445,30.577042,1.0,0.0,1.0,-0.45,0.0,0.0,,1.0
2020-05-02 08:00:00+08:00,7.5742984,42.324512,18.95,1008.69574,29.398788,92.0,433.46118,31.0,0.7,0.0,0.0,,1.0
2020-05-02 09:00:00+08:00,7.605919,39.1304,22.0,1008.7822,24.18149,288.0,689.3715,60.0,0.6,0.0,0.0,,1.0
2020-05-02 10:00:00+08:00,7.045566,34.592358,24.8,1008.6618,20.20235,474.0,805.7709,72.0,0.45,0.0,0.0,,1.0
2020-05-02 11:00:00+08:00,6.2177167,27.801373,27.25,1008.2326,17.100885,619.0,863.2476,80.0,0.15,0.0,0.0,,1.0
2020-05-02 12:00:00+08:00,4.6840153,16.113499,29.15,1007.48987,15.144434,704.0,881.716,88.0,0.0,0.0,0.0,,1.0
2020-05-02 13:00:00+08:00,3.104835,345.06854,30.05,1006.72015,14.483605,714.0,837.2941,114.0,0.1,0.0,0.0,,1.0
2020-05-02 14:00:00+08:00,3.8118236,274.5139,29.3,1006.2043,18.28646,666.0,818.2775,112.0,2.75,0.0,0.0,,1.0
2020-05-02 15:00:00+08:00,4.9335585,252.29948,26.2,1006.4186,29.272,556.0,777.4858,103.0,6.9,0.0,0.0,,1.0
2020-05-02 16:00:00+08:00,3.0413814,260.53775,25.55,1006.8968,31.587612,393.0,684.28815,92.0,7.45,0.0,0.0,,1.0
2020-05-02 17:00:00+08:00,1.8384776,247.61981,24.4,1007.0636,41.55677,176.0,371.4601,80.0,10.5,0.0,0.0,,1.0
2020-05-02 18:00:00+08:00,1.0049876,275.7105,22.8,1007.1185,50.5432,36.0,207.76134,15.0,12.0,0.0,0.0,,0.0
2020-05-02 19:00:00+08:00,0.8,360.0,22.7,1007.61163,48.875954,0.0,0.0,0.0,11.4,0.0,0.0,,0.0
2020-05-02 20:00:00+08:00,0.9433981,32.005356,22.15,1007.9928,51.379665,0.0,0.0,0.0,11.65,0.0,0.0,,0.0
2020-05-02 21:00:00+08:00,1.0816654,56.3099,18.95,1008.1999,59.355286,0.0,0.0,0.0,10.85,0.0,0.0,,0.0
2020-05-02 22:00:00+08:00,1.56205,50.194473,17.15,1008.148,61.55206,0.0,0.0,0.0,9.7,0.0,0.0,,0.0
2020-05-02 23:00:00+08:00,2.1095023,58.570484,17.35,1007.85626,56.24782,0.0,0.0,0.0,8.55,0.0,0.0,,0.0
2020-05-03 00:00:00+08:00,2.9154758,59.03632,16.95,1007.4482,54.826305,0.0,0.0,0.0,7.8,0.0,0.0,,0.0
2020-05-03 01:00:00+08:00,3.8600519,53.426876,17.75,1007.1737,43.587437,0.0,0.0,0.0,5.2,0.0,0.0,,0.0
2020-05-03 02:00:00+08:00,5.021952,35.272507,19.7,1006.9322,25.72157,0.0,0.0,0.0,-0.5,0.0,0.0,,0.0
2020-05-03 03:00:00+08:00,5.269725,33.388535,19.65,1006.8315,24.070425,0.0,0.0,0.0,-1.45,0.0,0.0,,0.0
2020-05-03 04:00:00+08:00,5.4378304,32.22873,19.25,1006.82007,23.961447,0.0,0.0,0.0,-1.85,0.0,0.0,,0.0
2020-05-03 05:00:00+08:00,5.60803,31.138918,19.15,1006.9163,23.934204,0.0,0.0,0.0,-1.95,0.0,0.0,,0.0
2020-05-03 06:00:00+08:00,5.6435804,29.744795,19.05,1007.211,24.083868,0.0,0.0,0.0,-1.95,0.0,0.0,,0.0
2020-05-03 07:00:00+08:00,5.507268,29.357658,18.85,1007.6021,24.566658,0.0,0.0,0.0,-1.85,0.0,0.0,,1.0
2020-05-03 08:00:00+08:00,5.994164,27.84749,20.8,1008.4508,22.17338,85.0,344.36688,37.0,-1.6,0.0,0.0,,1.0
2020-05-03 09:00:00+08:00,5.249762,17.744766,23.9,1008.6367,18.498566,279.0,646.2975,67.0,-1.5,0.0,0.0,,1.0
2020-05-03 10:00:00+08:00,4.4011364,358.69806,26.2,1008.79926,16.01083,389.0,427.5255,177.0,-1.6,0.0,0.0,,1.0
2020-05-03 11:00:00+08:00,4.060788,322.00122,28.05,1008.1548,14.62955,591.0,755.1168,122.0,-1.35,0.0,0.0,,1.0
2020-05-03 12:00:00+08:00,4.604346,272.4895,27.35,1007.3425,23.576717,700.0,887.58606,83.0,4.75,0.0,0.0,,1.0
2020-05-03 13:00:00+08:00,5.9135437,266.12155,25.55,1006.99603,31.372614,719.0,892.039,83.0,7.35,0.0,0.0,,1.0
2020-05-03 14:00:00+08:00,5.1478148,277.81522,25.2,1006.68866,43.32693,670.0,874.7054,81.0,11.85,0.0,0.0,,1.0
2020-05-03 15:00:00+08:00,4.304649,267.33704,24.55,1006.37335,61.44809,560.0,834.15027,77.0,16.65,0.0,0.0,,1.0
2020-05-03 16:00:00+08:00,3.0149627,264.2895,23.55,1006.64343,71.95989,396.0,751.62006,68.0,18.2,0.0,0.0,,1.0
2020-05-03 17:00:00+08:00,2.5,270.0,22.8,1006.8209,76.00889,203.0,595.69244,51.0,18.35,0.0,0.0,,1.0
2020-05-03 18:00:00+08:00,1.2,270.0,20.65,1007.2565,88.3245,33.0,191.06348,14.0,18.65,0.0,0.0,,0.0
2020-05-03 19:00:00+08:00,1.8027756,289.44012,19.65,1007.724,93.958916,0.0,0.0,0.0,18.65,0.0,0.0,,0.0
2020-05-03 20:00:00+08:00,0.94868326,341.56494,20.8,1008.05414,90.56908,0.0,0.0,0.0,19.2,0.0,0.0,,0.0
2020-05-03 21:00:00+08:00,2.2203603,305.83774,18.6,1008.0906,96.00453,0.0,0.0,0.0,17.95,0.0,0.0,,0.0
2020-05-03 22:00:00+08:00,1.4560219,344.05453,19.2,1007.9094,95.72231,0.0,0.0,0.0,18.5,0.0,0.0,,0.0
2020-05-03 23:00:00+08:00,1.2529964,28.610369,17.9,1007.5748,97.8193,0.0,0.0,0.0,17.55,0.0,0.0,,0.0
2020-05-04 00:00:00+08:00,1.8439089,49.398785,18.35,1007.48834,96.299866,0.0,0.0,0.0,17.75,0.0,0.0,,0.0
2020-05-04 01:00:00+08:00,2.3345237,46.73567,18.3,1006.9913,97.82592,0.0,0.0,0.0,17.95,0.0,0.0,,0.0
2020-05-04 02:00:00+08:00,2.4839485,40.10085,17.7,1006.9739,98.43567,0.0,0.0,0.0,17.45,0.0,0.0,,0.0
2020-05-04 03:00:00+08:00,2.236068,26.564985,17.95,1006.5845,97.205,0.0,0.0,0.0,17.5,0.0,0.0,,0.0
2020-05-04 04:00:00+08:00,2.5942245,27.552727,17.85,1006.6807,98.12752,0.0,0.0,0.0,17.55,0.0,0.0,,0.0
2020-05-04 05:00:00+08:00,2.8301945,32.005356,17.65,1006.77423,98.1247,0.0,0.0,0.0,17.35,0.0,0.0,,0.0
2020-05-04 06:00:00+08:00,3.0463092,23.198618,17.85,1006.9783,98.12752,0.0,0.0,0.0,17.55,0.0,0.0,,0.0
2020-05-04 07:00:00+08:00,3.324154,21.161337,18.1,1007.2831,96.90224,0.0,0.0,0.0,17.6,0.0,0.0,,1.0
2020-05-04 08:00:00+08:00,3.088689,29.054508,19.2,1008.0086,96.022415,43.0,28.975258,39.0,18.55,0.0,0.0,,1.0
2020-05-04 09:00:00+08:00,3.2280025,16.189287,21.2,1007.7679,86.1924,138.0,70.70022,115.0,18.8,0.0,0.0,,1.0
2020-05-04 10:00:00+08:00,3.8832974,348.11136,23.9,1008.2399,64.706795,350.0,411.87668,147.0,16.85,0.0,0.0,,1.0
2020-05-04 11:00:00+08:00,4.4204073,322.3523,24.7,1007.86536,58.0583,323.0,135.96078,239.0,15.9,0.0,0.0,,1.0
2020-05-04 12:00:00+08:00,4.9648767,297.5972,25.3,1007.2867,55.483524,438.0,216.86424,288.0,15.75,0.0,0.0,,1.0
2020-05-04 13:00:00+08:00,6.2169123,281.12915,24.3,1007.16,66.86914,434.0,163.52118,318.0,17.75,0.0,0.0,,1.0
2020-05-04 14:00:00+08:00,5.8591805,297.43964,23.6,1006.8431,71.518524,379.0,197.08797,247.0,18.15,0.0,0.0,,1.0
2020-05-04 15:00:00+08:00,5.10392,304.62424,23.7,1006.1517,69.760994,278.0,90.361,226.0,17.85,0.0,0.0,,1.0
2020-05-04 16:00:00+08:00,4.909175,303.36636,23.2,1006.23694,74.19088,157.0,32.335033,143.0,18.35,0.0,0.0,,1.0
2020-05-04 17:00:00+08:00,4.614109,299.8988,22.65,1006.41986,78.64837,108.0,107.16152,81.0,18.75,0.0,0.0,,1.0
2020-05-04 18:00:00+08:00,4.1231055,284.03625,21.9,1006.89496,83.61623,16.0,20.44093,14.0,19.0,0.0,0.0,,0.0
2020-05-04 19:00:00+08:00,4.0706263,242.176,20.65,1007.6532,88.60113,0.0,0.0,0.0,18.7,0.0,0.2,,0.0
2020-05-04 20:00:00+08:00,2.8301945,302.00534,20.5,1007.5497,92.54623,0.0,0.0,0.0,19.25,0.0,0.0,,0.0
2020-05-04 21:00:00+08:00,1.746425,283.24054,20.1,1007.6375,93.97896,0.0,0.0,0.0,19.1,0.0,0.0,,0.0
2020-05-04 22:00:00+08:00,1.4142135,261.87,19.65,1007.4265,93.665474,0.0,0.0,0.0,18.6,0.0,0.0,,0.0
2020-05-04 23:00:00+08:00,1.5033296,266.186,18.9,1007.40497,93.63025,0.0,0.0,0.0,17.85,0.0,0.0,,0.0
2020-05-05 00:00:00+08:00,1.5033296,266.186,18.6,1007.198,93.02717,0.0,0.0,0.0,17.45,0.0,0.0,,0.0
2020-05-05 01:00:00+08:00,1.5132746,262.40546,18.55,1006.99854,92.73129,0.0,0.0,0.0,17.35,0.0,0.0,,0.0
2020-05-05 02:00:00+08:00,1.7117243,263.29025,18.4,1006.6966,92.72323,0.0,0.0,0.0,17.2,0.0,0.0,,0.0
2020-05-05 03:00:00+08:00,1.8384776,247.61981,18.1,1006.3905,93.29644,0.0,0.0,0.0,17.0,0.0,0.0,,0.0
2020-05-05 04:00:00+08:00,1.6492423,194.03627,18.55,1006.2051,94.50352,0.0,0.0,0.0,17.65,0.0,0.6,,0.0
2020-05-05 05:00:00+08:00,1.2041595,138.36655,19.15,1006.32135,91.60305,0.0,0.0,0.0,17.75,0.0,0.1,,0.0
2020-05-05 06:00:00+08:00,1.0,90.0,18.65,1006.1088,95.704704,0.0,0.0,0.0,17.95,0.0,0.3,,0.0
2020-05-05 07:00:00+08:00,0.86023253,35.537766,18.7,1006.40753,95.40589,0.0,0.0,0.0,17.95,0.0,0.2,,1.0
2020-05-05 08:00:00+08:00,2.2022717,272.6025,19.0,1006.3169,93.92978,48.0,138.97475,29.0,18.0,0.0,0.1,,1.0
2020-05-05 09:00:00+08:00,2.7784889,329.74365,20.55,1006.26196,83.72527,175.0,303.75958,77.0,17.7,0.0,0.0,,1.0
2020-05-05 10:00:00+08:00,3.577709,333.43503,22.25,1006.11127,75.92162,299.0,222.50739,190.0,17.8,0.0,0.1,,1.0
2020-05-05 11:00:00+08:00,6.9339743,303.23172,21.1,1005.88074,83.00218,321.0,231.05301,179.0,18.1,0.0,4.0,,1.0
2020-05-05 12:00:00+08:00,8.070935,303.887,20.75,1005.4741,84.27625,380.0,268.80106,195.0,18.0,0.0,1.9,,1.0
2020-05-05 13:00:00+08:00,9.1181135,291.21805,20.4,1005.1665,84.503586,352.0,205.42825,207.0,17.7,0.0,0.4,,1.0
2020-05-05 14:00:00+08:00,7.615773,293.1986,21.05,1004.49054,82.996284,288.0,175.62778,171.0,18.05,0.0,0.2,,1.0
2020-05-05 15:00:00+08:00,8.221922,288.43503,21.35,1004.3007,79.45708,341.0,220.294,215.0,17.65,0.0,0.5,,1.0
2020-05-05 16:00:00+08:00,8.634812,283.39252,20.8,1004.5829,74.96972,142.0,81.469826,107.0,16.2,0.0,0.3,,1.0
2020-05-05 17:00:00+08:00,8.134495,290.88586,21.2,1004.7925,69.05771,52.0,52.24752,39.0,15.3,0.0,0.1,,1.0
2020-05-05 18:00:00+08:00,8.598837,278.6954,20.45,1005.26733,72.08715,24.0,135.02357,11.0,15.25,0.0,0.2,,0.0
2020-05-05 19:00:00+08:00,8.769264,277.20596,20.45,1006.0608,65.4313,0.0,0.0,0.0,13.75,0.0,0.1,,0.0
2020-05-05 20:00:00+08:00,8.316851,288.2172,20.85,1005.8737,56.374283,0.0,0.0,0.0,11.85,0.0,0.0,,0.0
2020-05-05 21:00:00+08:00,8.605231,268.00217,20.7,1005.77014,61.157925,0.0,0.0,0.0,12.95,0.0,0.1,,0.0
2020-05-05 22:00:00+08:00,8.273452,262.35968,18.15,1006.491,88.95931,0.0,0.0,0.0,16.3,0.0,1.0,,0.0
2020-05-05 23:00:00+08:00,7.782673,242.44728,18.0,1006.78436,82.63139,0.0,0.0,0.0,15.0,0.0,0.6,,0.0
2020-05-06 00:00:00+08:00,8.575546,238.34877,18.5,1006.997,71.26503,0.0,0.0,0.0,13.2,0.0,0.2,,0.0
2020-05-06 01:00:00+08:00,9.264988,237.3391,18.5,1007.3936,62.690666,0.0,0.0,0.0,11.25,0.0,0.0,,0.0
2020-05-06 02:00:00+08:00,9.538343,240.47873,18.9,1007.50415,57.017426,0.0,0.0,0.0,10.2,0.0,0.0,,0.0
2020-05-06 03:00:00+08:00,8.544589,235.0079,18.1,1007.6797,55.121914,0.0,0.0,0.0,8.95,0.0,0.0,,0.0
2020-05-06 04:00:00+08:00,8.381527,234.22383,17.65,1007.9643,57.281387,0.0,0.0,0.0,9.1,0.0,0.0,,0.0
2020-05-06 05:00:00+08:00,8.060397,232.56136,17.4,1008.4529,58.192047,0.0,0.0,0.0,9.1,0.0,0.0,,0.0
2020-05-06 06:00:00+08:00,7.964923,231.1155,17.55,1008.9531,54.98084,0.0,0.0,0.0,8.4,0.0,0.0,,0.0
2020-05-06 07:00:00+08:00,7.8873315,230.6595,17.55,1009.5481,50.667747,0.0,0.0,0.0,7.2,0.0,0.0,,1.0
2020-05-06 08:00:00+08:00,7.742093,234.46223,18.15,1009.96204,53.123043,35.0,59.08926,27.0,8.45,0.0,0.0,,1.0
2020-05-06 09:00:00+08:00,7.7620873,231.80127,18.75,1010.7728,50.303463,200.0,356.31326,86.0,8.2,0.0,0.0,,1.0
2020-05-06 10:00:00+08:00,7.990619,225.50697,19.2,1011.47974,49.07689,373.0,410.76538,173.0,8.25,0.0,0.0,,1.0
2020-05-06 11:00:00+08:00,7.35391,224.9999,19.4,1011.4855,47.330963,439.0,425.28412,179.0,7.9,0.0,0.0,,1.0
2020-05-06 12:00:00+08:00,7.4330344,222.27362,19.55,1011.2915,45.011967,435.0,353.36707,193.0,7.3,0.0,0.0,,1.0
2020-05-06 13:00:00+08:00,6.9426217,221.49637,19.8,1010.9021,41.95326,476.0,290.45746,272.0,6.5,0.0,0.0,,1.0
2020-05-06 14:00:00+08:00,7.582216,221.25691,19.7,1010.80005,46.45703,489.0,339.5385,264.0,7.9,0.0,0.0,,1.0
2020-05-06 15:00:00+08:00,6.4404964,216.15828,19.35,1010.7899,44.8022,258.0,103.77886,199.0,7.05,0.0,0.0,,1.0
2020-05-06 16:00:00+08:00,7.021396,206.20006,18.75,1011.1695,52.566063,222.0,182.96379,144.0,8.85,0.0,0.0,,1.0
2020-05-06 17:00:00+08:00,6.109828,201.10492,18.5,1011.5589,51.7941,135.0,260.4299,71.0,8.4,0.0,0.0,,1.0
2020-05-06 18:00:00+08:00,5.9665737,193.57045,17.45,1011.72675,59.59075,25.0,137.1993,12.0,9.5,0.0,0.0,,0.0
2020-05-06 19:00:00+08:00,5.4744864,189.46225,17.85,1012.13513,52.328346,0.0,0.0,0.0,7.95,0.0,0.0,,0.0
2020-05-06 20:00:00+08:00,4.2296567,186.78888,17.2,1012.4139,51.27124,0.0,0.0,0.0,7.05,0.0,0.0,,0.0
2020-05-06 21:00:00+08:00,3.1,180.0,17.0,1012.90375,55.213512,0.0,0.0,0.0,7.95,0.0,0.0,,0.0
2020-05-06 22:00:00+08:00,4.1303754,173.04713,17.5,1012.81915,52.592773,0.0,0.0,0.0,7.7,0.0,0.0,,0.0
2020-05-06 23:00:00+08:00,4.5891175,168.69011,17.05,1012.6077,55.414337,0.0,0.0,0.0,8.05,0.0,0.0,,0.0
2020-05-07 00:00:00+08:00,3.310589,154.98314,15.9,1012.37585,61.25938,0.0,0.0,0.0,8.45,0.0,0.0,,0.0
2020-05-07 01:00:00+08:00,2.7018511,128.991,14.8,1012.2442,66.40981,0.0,0.0,0.0,8.6,0.0,0.0,,0.0
2020-05-07 02:00:00+08:00,3.6013885,91.59111,14.5,1012.632,65.00811,0.0,0.0,0.0,8.0,0.0,0.0,,0.0
2020-05-07 03:00:00+08:00,3.9293766,75.25639,14.2,1012.3257,66.05649,0.0,0.0,0.0,7.95,0.0,0.0,,0.0
2020-05-07 04:00:00+08:00,3.7854989,77.79955,14.05,1012.1228,66.70141,0.0,0.0,0.0,7.95,0.0,0.0,,0.0
2020-05-07 05:00:00+08:00,3.710795,75.96373,14.05,1012.32117,66.02414,0.0,0.0,0.0,7.8,0.0,0.0,,0.0
2020-05-07 06:00:00+08:00,3.6674242,64.133705,13.8,1012.5121,66.648186,0.0,0.0,0.0,7.7,0.0,0.0,,0.0
2020-05-07 07:00:00+08:00,3.8275318,56.725105,13.55,1013.19867,66.8225,0.0,0.0,0.0,7.5,0.0,0.0,,1.0
2020-05-07 08:00:00+08:00,4.104875,55.922764,14.9,1014.032,63.56843,47.0,59.67147,39.0,8.05,0.0,0.0,,1.0
2020-05-07 09:00:00+08:00,4.118252,60.94549,16.55,1014.5765,55.664345,167.0,239.53662,91.0,7.65,0.0,0.0,,1.0
2020-05-07 10:00:00+08:00,3.383785,71.0295,17.85,1014.6144,51.095978,300.0,291.35663,159.0,7.6,0.0,0.0,,1.0
2020-05-07 11:00:00+08:00,2.0396078,101.3099,18.9,1014.14874,49.329323,482.0,504.79724,175.0,8.05,0.0,0.0,,1.0
2020-05-07 12:00:00+08:00,2.2561028,167.19574,19.85,1013.4819,46.656834,612.0,645.6554,172.0,8.1,0.0,0.0,,1.0
2020-05-07 13:00:00+08:00,3.0149627,185.7105,19.85,1013.08514,47.939644,513.0,373.4514,252.0,8.5,0.0,0.0,,1.0
2020-05-07 14:00:00+08:00,4.0521603,195.75124,19.5,1012.3811,50.165493,405.0,191.13977,279.0,8.85,0.0,0.0,,1.0
2020-05-07 15:00:00+08:00,4.531004,202.03629,18.9,1012.1653,54.405815,280.0,152.17603,194.0,9.5,0.0,0.0,,1.0
2020-05-07 16:00:00+08:00,4.68188,199.9832,18.4,1012.0519,56.512417,215.0,160.72144,147.0,9.6,0.0,0.0,,1.0
2020-05-07 17:00:00+08:00,4.4102154,183.90042,17.8,1012.3319,58.68294,155.0,329.54984,75.0,9.6,0.0,0.0,,1.0
2020-05-07 18:00:00+08:00,3.5014284,178.36346,16.95,1012.50574,65.542145,24.0,117.94232,13.0,10.45,0.0,0.0,,0.0
2020-05-07 19:00:00+08:00,3.2557642,169.3804,16.5,1012.9883,72.310356,0.0,0.0,0.0,11.5,0.0,0.0,,0.0
2020-05-07 20:00:00+08:00,2.4596748,153.43501,16.25,1012.88184,72.74482,0.0,0.0,0.0,11.35,0.0,0.0,,0.0
2020-05-07 21:00:00+08:00,2.1213202,135.0001,15.7,1013.0642,76.60075,0.0,0.0,0.0,11.6,0.0,0.0,,0.0
2020-05-07 22:00:00+08:00,2.4207437,128.2902,15.55,1013.2581,77.084816,0.0,0.0,0.0,11.55,0.0,0.0,,0.0
2020-05-07 23:00:00+08:00,2.5612497,141.34016,15.2,1013.0492,80.67727,0.0,0.0,0.0,11.9,0.0,0.0,,0.0
2020-05-08 00:00:00+08:00,2.8178005,152.52565,15.3,1012.95294,83.66047,0.0,0.0,0.0,12.55,0.0,0.0,,0.0
2020-05-08 01:00:00+08:00,2.0615528,157.1663,14.85,1012.9399,90.14995,0.0,0.0,0.0,13.25,0.0,0.1,,0.0
2020-05-08 02:00:00+08:00,1.5811387,145.30478,14.65,1012.7356,92.81923,0.0,0.0,0.0,13.5,0.0,0.1,,0.0
2020-05-08 03:00:00+08:00,1.421267,140.71062,14.35,1012.33014,93.10621,0.0,0.0,0.0,13.25,0.0,0.1,,0.0
2020-05-08 04:00:00+08:00,1.5264337,121.60746,13.8,1012.11554,94.61271,0.0,0.0,0.0,12.95,0.0,0.0,,0.0
2020-05-08 05:00:00+08:00,1.5811388,71.564964,13.15,1012.29443,94.58605,0.0,0.0,0.0,12.3,0.0,0.0,,0.0
2020-05-08 06:00:00+08:00,1.6124516,97.12492,12.85,1012.5827,94.26272,0.0,0.0,0.0,11.95,0.0,0.0,,0.0
2020-05-08 07:00:00+08:00,1.7117243,96.70974,13.55,1013.39703,92.455635,0.0,0.0,0.0,12.35,0.0,0.0,,1.0
2020-05-08 08:00:00+08:00,2.376973,104.62092,15.25,1013.94336,83.65464,53.0,225.98099,23.0,12.5,0.0,0.0,,1.0
2020-05-08 09:00:00+08:00,2.236068,79.69521,16.25,1014.27014,80.29151,93.0,73.10083,70.0,12.85,0.0,0.1,,1.0
2020-05-08 10:00:00+08:00,2.1260293,138.81418,18.2,1014.7238,70.51351,349.0,484.39166,116.0,12.75,0.0,0.0,,1.0
2020-05-08 11:00:00+08:00,2.3323808,149.03632,19.7,1014.172,61.12652,502.0,609.90985,133.0,12.0,0.0,0.0,,1.0
2020-05-08 12:00:00+08:00,3.3241541,164.2913,21.3,1013.52325,51.839348,665.0,841.9859,94.0,11.0,0.0,0.0,,1.0
2020-05-08 13:00:00+08:00,3.905125,177.06439,22.15,1012.7536,46.351765,633.0,740.49146,118.0,10.1,0.0,0.0,,1.0
2020-05-08 14:00:00+08:00,5.3758717,198.43504,21.6,1012.04376,55.640503,552.0,638.9108,133.0,12.35,0.0,0.0,,1.0
2020-05-08 15:00:00+08:00,6.3245554,198.43504,20.65,1012.0171,62.35633,485.0,619.4124,137.0,13.2,0.0,0.0,,1.0
2020-05-08 16:00:00+08:00,6.239391,186.4415,20.15,1012.3004,59.838737,387.0,769.1463,64.0,12.1,0.0,0.0,,1.0
2020-05-08 17:00:00+08:00,6.363961,171.86998,19.5,1012.48035,64.3789,189.0,579.54694,50.0,12.6,0.0,0.0,,1.0
2020-05-08 18:00:00+08:00,5.748913,166.93068,18.3,1012.54486,74.06887,27.0,163.35995,12.0,13.6,0.0,0.0,,0.0
2020-05-08 19:00:00+08:00,5.769748,154.32323,17.8,1013.12524,76.43301,0.0,0.0,0.0,13.6,0.0,0.0,,0.0
2020-05-08 20:00:00+08:00,5.2478566,149.03632,17.25,1013.7044,78.36315,0.0,0.0,0.0,13.45,0.0,0.0,,0.0
2020-05-08 21:00:00+08:00,4.4654226,124.04598,16.55,1013.9815,77.494064,0.0,0.0,0.0,12.6,0.0,0.0,,0.0
2020-05-08 22:00:00+08:00,4.5803933,126.11943,15.95,1013.964,69.84717,0.0,0.0,0.0,10.45,0.0,0.0,,0.0
2020-05-08 23:00:00+08:00,4.2201896,126.32692,15.45,1014.3457,66.10163,0.0,0.0,0.0,9.15,0.0,0.0,,0.0
2020-05-09 00:00:00+08:00,3.847077,117.89718,14.65,1014.4213,67.967804,0.0,0.0,0.0,8.8,0.0,0.0,,0.0
2020-05-09 01:00:00+08:00,4.016217,108.886185,14.0,1014.10443,68.99342,0.0,0.0,0.0,8.4,0.0,0.0,,0.0
2020-05-09 02:00:00+08:00,4.244997,105.01841,13.6,1014.0927,68.9127,0.0,0.0,0.0,8.0,0.0,0.0,,0.0
2020-05-09 03:00:00+08:00,4.539824,97.59455,13.2,1013.5848,68.83168,0.0,0.0,0.0,7.6,0.0,0.0,,0.0
2020-05-09 04:00:00+08:00,5.0159745,94.57384,13.0,1013.2814,67.85707,0.0,0.0,0.0,7.2,0.0,0.0,,0.0
2020-05-09 05:00:00+08:00,5.2038445,92.20255,12.65,1013.5683,66.85984,0.0,0.0,0.0,6.65,0.0,0.0,,0.0
2020-05-09 06:00:00+08:00,5.60803,86.933586,12.2,1013.8523,66.07636,0.0,0.0,0.0,6.05,0.0,0.0,,0.0
2020-05-09 07:00:00+08:00,5.7035074,87.99049,11.85,1014.33765,65.09191,0.0,0.0,0.0,5.5,0.0,0.0,,1.0
2020-05-09 08:00:00+08:00,6.000833,89.04518,13.05,1014.9685,59.539722,81.0,403.19135,28.0,5.35,0.0,0.0,,1.0
2020-05-09 09:00:00+08:00,6.1032777,88.12216,15.4,1015.3361,50.608807,203.0,224.35274,133.0,5.2,0.0,0.0,,1.0
2020-05-09 10:00:00+08:00,5.8077536,87.03913,18.0,1015.41223,43.96234,384.0,426.67435,180.0,5.55,0.0,0.0,,1.0
2020-05-09 11:00:00+08:00,5.6142673,85.91447,20.35,1014.5872,38.771835,527.0,546.61414,198.0,5.85,0.0,0.0,,1.0
2020-05-09 12:00:00+08:00,4.925444,84.17376,22.05,1013.6435,35.174164,608.0,555.6494,233.0,5.95,0.0,0.0,,1.0
2020-05-09 13:00:00+08:00,4.4011364,91.301926,23.25,1012.7845,31.921389,643.0,624.15265,211.0,5.6,0.0,0.0,,1.0
2020-05-09 14:00:00+08:00,3.945884,98.74608,23.6,1012.29834,29.770615,520.0,370.89868,278.0,4.9,0.0,0.0,,1.0
2020-05-09 15:00:00+08:00,3.613862,104.420815,23.75,1012.20337,28.891851,401.0,282.85837,243.0,4.6,0.0,0.0,,1.0
2020-05-09 16:00:00+08:00,3.130495,116.56499,23.4,1012.2926,28.794065,272.0,203.89604,187.0,4.25,0.0,0.0,,1.0
2020-05-09 17:00:00+08:00,2.8844411,146.3099,22.1,1012.05817,32.60312,113.0,63.28754,98.0,4.9,0.0,0.0,,1.0
2020-05-09 18:00:00+08:00,3.224903,150.2552,20.0,1012.0976,39.21092,17.0,11.05954,16.0,5.7,0.0,0.0,,0.0
2020-05-09 19:00:00+08:00,3.7802117,142.52374,19.3,1012.5735,41.094296,0.0,0.0,0.0,5.75,0.0,0.0,,0.0
2020-05-09 20:00:00+08:00,4.3266616,123.6901,18.25,1013.0392,40.22711,0.0,0.0,0.0,4.5,0.0,0.0,,0.0
2020-05-09 21:00:00+08:00,4.356604,121.865944,17.8,1012.927,40.949184,0.0,0.0,0.0,4.35,0.0,0.0,,0.0
2020-05-09 22:00:00+08:00,4.294182,117.75845,17.35,1013.1122,42.57233,0.0,0.0,0.0,4.5,0.0,0.0,,0.0
2020-05-09 23:00:00+08:00,3.8626416,111.25058,16.7,1012.89514,44.20669,0.0,0.0,0.0,4.45,0.0,0.0,,0.0
2020-05-10 00:00:00+08:00,4.016217,108.886185,16.6,1012.6939,43.869965,0.0,0.0,0.0,4.25,0.0,0.0,,0.0
2020-05-10 01:00:00+08:00,4.472136,100.30479,16.65,1012.2985,42.37144,0.0,0.0,0.0,3.8,0.0,0.0,,0.0
2020-05-10 02:00:00+08:00,5.200961,91.101685,17.0,1011.5154,40.432423,0.0,0.0,0.0,3.45,0.0,0.0,,0.0
2020-05-10 03:00:00+08:00,5.6142673,85.91447,17.2,1011.0255,39.503544,0.0,0.0,0.0,3.3,0.0,0.0,,0.0
2020-05-10 04:00:00+08:00,6.152235,82.528534,17.15,1010.62726,39.34984,0.0,0.0,0.0,3.2,0.0,0.0,,0.0
2020-05-10 05:00:00+08:00,6.7911706,76.37299,17.5,1010.2408,38.218056,0.0,0.0,0.0,3.1,0.0,0.0,,0.0
2020-05-10 06:00:00+08:00,7.2732387,71.564964,17.5,1009.74493,37.814632,0.0,0.0,0.0,2.95,0.0,0.0,,0.0
2020-05-10 07:00:00+08:00,7.209022,66.279594,17.55,1010.1431,37.562325,0.0,0.0,0.0,2.9,0.0,0.0,,1.0
2020-05-10 08:00:00+08:00,6.5795135,65.77226,18.5,1011.06305,36.52888,52.0,61.4637,44.0,3.35,0.0,0.0,,1.0
2020-05-10 09:00:00+08:00,6.5764737,61.876366,21.4,1011.14575,31.065931,241.0,468.63672,96.0,3.6,0.0,0.0,,1.0
2020-05-10 10:00:00+08:00,5.8258047,50.572224,24.35,1011.32715,25.890518,441.0,742.7689,88.0,3.55,0.0,0.0,,1.0
2020-05-10 11:00:00+08:00,4.031129,46.005,26.4,1010.88763,23.326378,584.0,821.6328,92.0,3.8,0.0,0.0,,1.0
2020-05-10 12:00:00+08:00,2.4738634,14.036275,27.45,1010.4202,22.16268,672.0,867.9935,89.0,3.95,0.0,0.0,,1.0
2020-05-10 13:00:00+08:00,2.7018514,267.87894,27.15,1010.11444,25.837992,693.0,888.4331,81.0,5.9,0.0,0.0,,1.0
2020-05-10 14:00:00+08:00,6.293648,225.64366,23.8,1010.32,43.368626,645.0,868.7553,81.0,10.6,0.0,0.0,,1.0
2020-05-10 15:00:00+08:00,3.7121422,242.74475,23.4,1010.90405,43.692383,524.0,799.3931,80.0,10.35,0.0,0.0,,1.0
2020-05-10 16:00:00+08:00,3.0413814,226.33215,22.25,1011.16956,47.159462,306.0,517.0391,92.0,10.45,0.0,0.0,,1.0
2020-05-10 17:00:00+08:00,1.5264337,238.39255,21.75,1011.1557,46.241558,167.0,482.3474,54.0,9.7,0.0,0.0,,1.0
2020-05-10 18:00:00+08:00,0.6708204,296.56497,21.05,1011.53235,50.580727,24.0,145.96442,11.0,10.4,0.0,0.0,,0.0
2020-05-10 19:00:00+08:00,1.2083046,335.55606,20.7,1012.11755,52.37466,0.0,0.0,0.0,10.6,0.0,0.0,,0.0
2020-05-10 20:00:00+08:00,1.8027756,160.55988,18.25,1012.345,66.25667,0.0,0.0,0.0,11.85,0.0,0.0,,0.0
2020-05-10 21:00:00+08:00,2.7018514,177.87895,17.4,1012.5188,71.058846,0.0,0.0,0.0,12.1,0.0,0.0,,0.0
2020-05-10 22:00:00+08:00,2.118962,160.70985,17.55,1012.9199,75.403336,0.0,0.0,0.0,13.15,0.0,0.0,,0.0
2020-05-10 23:00:00+08:00,1.9723083,120.46546,16.85,1012.80035,80.63542,0.0,0.0,0.0,13.5,0.0,0.0,,0.0
2020-05-11 00:00:00+08:00,1.7029387,86.63361,16.2,1012.58295,78.98057,0.0,0.0,0.0,12.55,0.0,0.0,,0.0
2020-05-11 01:00:00+08:00,1.8973665,71.564964,15.55,1012.36566,82.87146,0.0,0.0,0.0,12.65,0.0,0.0,,0.0
2020-05-11 02:00:00+08:00,2.1023796,64.65388,15.3,1012.0605,83.113464,0.0,0.0,0.0,12.45,0.0,0.0,,0.0
2020-05-11 03:00:00+08:00,1.7888545,63.435013,14.85,1011.74994,83.60804,0.0,0.0,0.0,12.1,0.0,0.0,,0.0
2020-05-11 04:00:00+08:00,1.6124516,60.255207,14.2,1011.7307,86.050964,0.0,0.0,0.0,11.9,0.0,0.0,,0.0
2020-05-11 05:00:00+08:00,1.0440307,73.300674,13.4,1011.80597,88.277374,0.0,0.0,0.0,11.5,0.0,0.0,,0.0
2020-05-11 06:00:00+08:00,2.1954498,120.0685,13.3,1012.299,86.53189,0.0,0.0,0.0,11.1,0.0,0.0,,0.0
2020-05-11 07:00:00+08:00,1.9798989,135.0001,14.9,1013.1395,77.49573,0.0,0.0,0.0,11.0,0.0,0.0,,1.0
2020-05-11 08:00:00+08:00,3.001666,119.98155,16.45,1014.07776,59.34925,68.0,271.57724,33.0,8.5,0.0,0.0,,1.0
2020-05-11 09:00:00+08:00,2.9068882,130.81499,18.85,1014.1475,46.697586,248.0,573.60065,72.0,7.2,0.0,0.0,,1.0
2020-05-11 10:00:00+08:00,2.8178005,152.52565,21.1,1014.1127,40.485508,427.0,717.588,88.0,7.15,0.0,0.0,,1.0
2020-05-11 11:00:00+08:00,3.206244,176.42374,22.35,1013.75116,37.895023,576.0,832.532,80.0,7.3,0.0,0.0,,1.0
2020-05-11 12:00:00+08:00,4.060788,189.92618,22.9,1013.1714,39.366207,661.0,866.1219,82.0,8.35,0.0,0.0,,1.0
2020-05-11 13:00:00+08:00,5.824946,191.88864,22.35,1012.4618,48.138092,681.0,872.18646,83.0,10.85,0.0,0.0,,1.0
2020-05-11 14:00:00+08:00,6.428064,185.35573,21.9,1012.0524,51.48378,636.0,860.66223,80.0,11.45,0.0,0.0,,1.0
2020-05-11 15:00:00+08:00,6.4070277,182.68372,21.75,1012.04834,50.09743,528.0,820.1454,75.0,10.9,0.0,0.0,,1.0
2020-05-11 16:00:00+08:00,6.400781,179.10484,21.15,1012.4278,51.799892,370.0,739.6615,66.0,10.85,0.0,0.0,,1.0
2020-05-11 17:00:00+08:00,5.9682493,171.3269,20.05,1012.6942,57.49226,182.0,578.5363,48.0,11.4,0.0,0.0,,1.0
2020-05-11 18:00:00+08:00,4.6173587,162.3498,18.85,1013.05664,61.94548,24.0,148.14415,11.0,11.4,0.0,0.0,,0.0
2020-05-11 19:00:00+08:00,4.0706263,152.176,18.15,1013.53217,64.507515,0.0,0.0,0.0,11.35,0.0,0.0,,0.0
2020-05-11 20:00:00+08:00,3.8275318,146.7251,17.5,1013.91003,70.611664,0.0,0.0,0.0,12.1,0.0,0.0,,0.0
2020-05-11 21:00:00+08:00,3.6400552,142.81522,16.95,1014.1916,77.80905,0.0,0.0,0.0,13.05,0.0,0.0,,0.0
2020-05-11 22:00:00+08:00,3.5468295,139.574,16.7,1014.3826,80.35295,0.0,0.0,0.0,13.3,0.0,0.0,,0.0
2020-05-11 23:00:00+08:00,3.3241541,133.7812,16.2,1014.1697,80.81161,0.0,0.0,0.0,12.9,0.0,0.0,,0.0
2020-05-12 00:00:00+08:00,3.3421547,128.92755,15.45,1014.04816,79.393295,0.0,0.0,0.0,11.9,0.0,0.0,,0.0
2020-05-12 01:00:00+08:00,3.0528674,121.60746,14.8,1013.53326,74.445915,0.0,0.0,0.0,10.3,0.0,0.0,,0.0
2020-05-12 02:00:00+08:00,2.6832817,116.56499,14.4,1013.52155,67.686775,0.0,0.0,0.0,8.5,0.0,0.0,,0.0
2020-05-12 03:00:00+08:00,2.7313,113.749504,14.15,1013.41473,60.220753,0.0,0.0,0.0,6.55,0.0,0.0,,0.0
2020-05-12 04:00:00+08:00,3.0805843,103.13403,14.05,1013.1144,53.50759,0.0,0.0,0.0,4.75,0.0,0.0,,0.0
2020-05-12 05:00:00+08:00,3.6055512,93.17977,14.3,1013.0225,50.132168,0.0,0.0,0.0,4.05,0.0,0.0,,0.0
2020-05-12 06:00:00+08:00,4.2107005,85.91447,14.55,1013.03015,48.64087,0.0,0.0,0.0,3.85,0.0,0.0,,0.0
2020-05-12 07:00:00+08:00,4.440721,82.234924,14.6,1013.42816,49.169838,0.0,0.0,0.0,4.05,0.0,0.0,,1.0
2020-05-12 08:00:00+08:00,4.9648767,80.72748,16.5,1014.2774,46.848694,73.0,376.1505,25.0,5.1,0.0,0.0,,1.0
2020-05-12 09:00:00+08:00,4.472136,79.69521,20.0,1014.577,38.940277,258.0,663.84656,56.0,5.6,0.0,0.0,,1.0
2020-05-12 10:00:00+08:00,3.8209946,83.99109,23.2,1014.56854,33.144344,438.0,785.7399,69.0,6.1,0.0,0.0,,1.0
2020-05-12 11:00:00+08:00,3.3136082,95.19434,25.7,1014.142,29.638454,578.0,845.1614,77.0,6.65,0.0,0.0,,1.0
2020-05-12 12:00:00+08:00,2.505993,118.61037,26.9,1013.1828,29.066645,662.0,874.67615,80.0,7.4,0.0,0.0,,1.0
2020-05-12 13:00:00+08:00,2.236068,169.6952,27.25,1012.59717,29.663658,682.0,880.6089,81.0,8.0,0.0,0.0,,1.0
2020-05-12 14:00:00+08:00,4.197618,192.38075,26.7,1011.98706,35.652245,635.0,864.82806,79.0,10.25,0.0,0.0,,1.0
2020-05-12 15:00:00+08:00,4.9497476,188.13002,25.65,1011.7597,44.75307,527.0,824.61475,74.0,12.75,0.0,0.0,,1.0
2020-05-12 16:00:00+08:00,5.323533,185.38922,24.35,1011.5256,51.618694,369.0,744.7442,65.0,13.75,0.0,0.0,,1.0
2020-05-12 17:00:00+08:00,5.2153616,175.60138,22.6,1011.6754,55.70877,180.0,580.63226,47.0,13.3,0.0,0.0,,1.0
2020-05-12 18:00:00+08:00,4.8703184,160.82089,20.95,1012.0257,55.84426,23.0,150.30473,10.0,11.8,0.0,0.0,,0.0
2020-05-12 19:00:00+08:00,4.429447,151.69934,20.25,1012.60077,58.30612,0.0,0.0,0.0,11.8,0.0,0.0,,0.0
2020-05-12 20:00:00+08:00,4.5254836,135.0001,19.35,1012.7734,56.56133,0.0,0.0,0.0,10.5,0.0,0.0,,0.0
2020-05-12 21:00:00+08:00,3.9115214,122.471176,18.85,1012.9575,56.436123,0.0,0.0,0.0,10.0,0.0,0.0,,0.0
2020-05-12 22:00:00+08:00,3.420526,105.25517,18.75,1012.95465,52.212227,0.0,0.0,0.0,8.75,0.0,0.0,,0.0
2020-05-12 23:00:00+08:00,4.0,90.0,19.05,1012.5664,44.107574,0.0,0.0,0.0,6.55,0.0,0.0,,0.0
2020-05-13 00:00:00+08:00,5.0159745,85.42616,19.4,1012.47723,39.447674,0.0,0.0,0.0,5.25,0.0,0.0,,0.0
2020-05-13 01:00:00+08:00,5.6515484,76.70142,19.3,1012.276,39.009617,0.0,0.0,0.0,5.0,0.0,0.0,,0.0
2020-05-13 02:00:00+08:00,6.0440054,73.66389,19.3,1012.17676,38.33581,0.0,0.0,0.0,4.75,0.0,0.0,,0.0
2020-05-13 03:00:00+08:00,6.103278,71.86183,19.15,1011.6767,37.893173,0.0,0.0,0.0,4.45,0.0,0.0,,0.0
2020-05-13 04:00:00+08:00,6.4257298,69.026436,19.15,1011.5776,36.975636,0.0,0.0,0.0,4.1,0.0,0.0,,0.0
2020-05-13 05:00:00+08:00,6.539113,66.5713,19.05,1011.5747,36.303406,0.0,0.0,0.0,3.75,0.0,0.0,,0.0
2020-05-13 06:00:00+08:00,6.7542577,64.57317,18.8,1011.76575,35.976482,0.0,0.0,0.0,3.4,0.0,0.0,,0.0
2020-05-13 07:00:00+08:00,6.87968,57.46495,18.75,1012.26044,34.5901,0.0,0.0,0.0,2.8,0.0,0.0,,1.0
2020-05-13 08:00:00+08:00,7.7077885,44.474438,21.0,1012.4237,27.72247,67.0,300.7428,29.0,1.65,0.0,0.0,,1.0
2020-05-13 09:00:00+08:00,7.5006666,42.83891,22.95,1012.9746,24.177073,179.0,222.02184,112.0,1.4,0.0,0.0,,1.0
2020-05-13 10:00:00+08:00,7.170077,39.90783,24.85,1012.72974,20.80653,280.0,188.49055,192.0,0.9,0.0,0.0,,1.0
2020-05-13 11:00:00+08:00,6.9115844,31.390213,27.6,1012.80505,17.559385,505.0,535.7284,189.0,0.8,0.0,0.0,,1.0
2020-05-13 12:00:00+08:00,6.530697,25.38787,28.95,1012.2464,15.942688,515.0,350.27148,283.0,0.55,0.0,0.0,,1.0
2020-05-13 13:00:00+08:00,5.8189344,19.057802,29.95,1011.28107,15.433498,555.0,403.29446,281.0,0.9,0.0,0.0,,1.0
2020-05-13 14:00:00+08:00,4.609772,12.528798,30.4,1010.7971,15.702221,540.0,490.723,226.0,1.5,0.0,0.0,,1.0
2020-05-13 15:00:00+08:00,3.214032,5.3557334,30.7,1010.60657,16.517504,525.0,814.358,80.0,2.45,0.0,0.0,,1.0
2020-05-13 16:00:00+08:00,3.1320918,253.30067,27.8,1011.0249,28.821964,369.0,749.72314,65.0,8.05,0.0,0.0,,1.0
2020-05-13 17:00:00+08:00,4.110961,221.05472,22.9,1011.5845,62.660507,180.0,586.93915,47.0,15.4,0.0,0.0,,1.0
2020-05-13 18:00:00+08:00,1.7029386,130.23628,20.4,1011.7122,68.67844,22.0,140.7164,10.0,14.45,0.0,0.0,,0.0
2020-05-13 19:00:00+08:00,2.6172504,136.54811,18.5,1012.05475,72.908745,0.0,0.0,0.0,13.55,0.0,0.0,,0.0
2020-05-13 20:00:00+08:00,2.5079873,113.49858,17.6,1012.42535,71.330376,0.0,0.0,0.0,12.35,0.0,0.0,,0.0
2020-05-13 21:00:00+08:00,1.8248286,99.46225,17.95,1012.33636,64.67757,0.0,0.0,0.0,11.2,0.0,0.0,,0.0
2020-05-13 22:00:00+08:00,2.7,90.0,17.95,1012.33636,61.737846,0.0,0.0,0.0,10.5,0.0,0.0,,0.0
2020-05-13 23:00:00+08:00,3.1575305,79.04598,17.65,1012.0302,55.94451,0.0,0.0,0.0,8.75,0.0,0.0,,0.0
2020-05-14 00:00:00+08:00,3.8275318,56.725105,18.75,1011.8637,33.02866,0.0,0.0,0.0,2.15,0.0,0.0,,0.0
2020-05-14 01:00:00+08:00,4.0360875,48.01287,19.1,1011.87354,23.832542,0.0,0.0,0.0,-2.05,0.0,0.0,,0.0
2020-05-14 02:00:00+08:00,4.675468,48.468323,18.95,1011.2743,22.757992,0.0,0.0,0.0,-2.8,0.0,0.0,,0.0
2020-05-14 03:00:00+08:00,5.841233,51.952908,19.2,1010.88464,21.588104,0.0,0.0,0.0,-3.3,0.0,0.0,,0.0
2020-05-14 04:00:00+08:00,6.2008066,52.205994,19.2,1010.78546,20.79682,0.0,0.0,0.0,-3.8,0.0,0.0,,0.0
2020-05-14 05:00:00+08:00,6.2008066,52.205994,19.0,1010.7797,20.359047,0.0,0.0,0.0,-4.25,0.0,0.0,,0.0
2020-05-14 06:00:00+08:00,6.1717095,49.60018,18.75,1011.1695,20.21795,0.0,0.0,0.0,-4.55,0.0,0.0,,0.0
2020-05-14 07:00:00+08:00,6.3702435,47.544853,18.4,1011.45685,20.588034,0.0,0.0,0.0,-4.6,0.0,0.0,,1.0
2020-05-14 08:00:00+08:00,6.5795135,43.152412,19.55,1012.28326,21.281124,71.0,375.68155,24.0,-3.2,0.0,0.0,,1.0
2020-05-14 09:00:00+08:00,6.3780875,41.185825,22.75,1012.77045,18.487541,260.0,684.9958,55.0,-2.45,0.0,0.0,,1.0
2020-05-14 10:00:00+08:00,6.300793,35.960606,25.75,1012.7545,15.965963,443.0,807.95355,68.0,-2.0,0.0,0.0,,1.0
2020-05-14 11:00:00+08:00,5.9682493,31.29298,28.15,1012.22485,14.227689,585.0,867.19763,76.0,-1.65,0.0,0.0,,1.0
2020-05-14 12:00:00+08:00,4.9396358,21.370695,29.8,1011.5746,12.742614,670.0,894.8344,80.0,-1.85,0.0,0.0,,1.0
2020-05-14 13:00:00+08:00,2.184033,344.05453,29.8,1010.9794,13.365628,690.0,901.8622,80.0,-1.2,0.0,0.0,,1.0
2020-05-14 14:00:00+08:00,3.6400552,232.81522,27.5,1010.81824,27.4917,644.0,887.1048,79.0,7.1,0.0,0.0,,1.0
2020-05-14 15:00:00+08:00,4.5254836,224.9999,25.2,1010.95386,38.445873,533.0,848.0386,72.0,10.05,0.0,0.0,,1.0
2020-05-14 16:00:00+08:00,3.1400635,217.23491,23.75,1011.50903,42.213005,372.0,764.557,64.0,10.15,0.0,0.0,,1.0
2020-05-14 17:00:00+08:00,2.236068,190.3048,22.65,1011.57745,49.024452,180.0,597.6344,46.0,11.4,0.0,0.0,,1.0
2020-05-14 18:00:00+08:00,2.184033,164.05453,19.2,1011.67804,68.66286,22.0,142.6762,10.0,13.3,0.0,0.0,,0.0
2020-05-14 19:00:00+08:00,2.1400933,127.40543,18.3,1011.9499,71.694466,0.0,0.0,0.0,13.1,0.0,0.0,,0.0
2020-05-14 20:00:00+08:00,2.9154758,120.96369,16.9,1011.81,65.53137,0.0,0.0,0.0,10.4,0.0,0.0,,0.0
2020-05-14 21:00:00+08:00,2.6683328,102.99462,15.65,1011.97186,56.974323,0.0,0.0,0.0,7.15,0.0,0.0,,0.0
2020-05-14 22:00:00+08:00,2.0024984,92.86235,15.65,1011.7735,49.116447,0.0,0.0,0.0,5.0,0.0,0.0,,0.0
2020-05-14 23:00:00+08:00,2.184033,74.054535,15.1,1011.2614,48.45323,0.0,0.0,0.0,4.3,0.0,0.0,,0.0
2020-05-15 00:00:00+08:00,2.7784889,59.743652,15.75,1010.9831,36.115845,0.0,0.0,0.0,0.75,0.0,0.0,,0.0
2020-05-15 01:00:00+08:00,3.2449963,56.309914,16.9,1010.61993,25.13155,0.0,0.0,0.0,-3.2,0.0,0.0,,0.0
2020-05-15 02:00:00+08:00,4.022437,55.1246,17.7,1010.4448,23.715122,0.0,0.0,0.0,-3.3,0.0,0.0,,0.0
2020-05-15 03:00:00+08:00,4.8600416,53.3658,18.0,1010.1561,22.671513,0.0,0.0,0.0,-3.65,0.0,0.0,,0.0
2020-05-15 04:00:00+08:00,5.4037023,51.009003,18.2,1009.96356,21.484692,0.0,0.0,0.0,-4.2,0.0,0.0,,0.0
2020-05-15 05:00:00+08:00,5.8258047,50.572224,18.3,1010.06555,20.717516,0.0,0.0,0.0,-4.6,0.0,0.0,,0.0
2020-05-15 06:00:00+08:00,5.1623635,45.78474,18.05,1010.25665,20.887201,0.0,0.0,0.0,-4.7,0.0,0.0,,0.0
2020-05-15 07:00:00+08:00,2.5553863,30.579157,16.35,1010.8024,23.434273,0.0,0.0,0.0,-4.6,0.0,0.0,,1.0
2020-05-15 08:00:00+08:00,3.8600519,36.573124,18.95,1011.1751,21.683315,70.0,379.46918,23.0,-3.45,0.0,0.0,,1.0
2020-05-15 09:00:00+08:00,2.6683328,12.99463,22.45,1011.7704,17.874136,259.0,687.3939,55.0,-3.15,0.0,0.0,,1.0
2020-05-15 10:00:00+08:00,1.6401219,322.43134,24.85,1011.9362,15.876199,443.0,812.71765,68.0,-2.8,0.0,0.0,,1.0
2020-05-15 11:00:00+08:00,2.1023796,267.27374,25.95,1011.8671,18.731308,585.0,873.1892,75.0,0.35,0.0,0.0,,1.0
2020-05-15 12:00:00+08:00,3.6619666,235.0079,24.9,1011.34235,29.11177,669.0,898.88574,79.0,5.7,0.0,0.0,,1.0
2020-05-15 13:00:00+08:00,3.538361,222.70937,24.75,1010.8422,25.100813,688.0,902.88666,80.0,3.45,0.0,0.0,,1.0
2020-05-15 14:00:00+08:00,3.764306,230.38934,24.65,1010.6414,25.251257,641.0,889.605,77.0,3.45,0.0,0.0,,1.0
2020-05-15 15:00:00+08:00,3.753665,221.76021,24.15,1010.72656,30.342695,532.0,844.9887,75.0,5.65,0.0,0.0,,1.0
2020-05-15 16:00:00+08:00,3.9560082,200.72563,23.0,1010.99207,42.713524,369.0,749.46875,69.0,9.65,0.0,0.0,,1.0
2020-05-15 17:00:00+08:00,4.428318,186.48297,21.55,1011.2491,62.15544,180.0,603.84576,46.0,14.0,0.0,0.0,,1.0
2020-05-15 18:00:00+08:00,4.570558,169.91946,20.05,1011.6033,79.022995,21.0,132.5691,10.0,16.3,0.0,0.0,,0.0
2020-05-15 19:00:00+08:00,5.3665633,153.43501,19.45,1012.1812,79.6981,0.0,0.0,0.0,15.85,0.0,0.0,,0.0
2020-05-15 20:00:00+08:00,4.604346,145.6196,18.65,1012.4559,81.395805,0.0,0.0,0.0,15.4,0.0,0.0,,0.0
2020-05-15 21:00:00+08:00,3.6891732,147.17146,18.05,1012.4384,89.519875,0.0,0.0,0.0,16.3,0.0,0.0,,0.0
2020-05-15 22:00:00+08:00,3.2649655,130.0302,17.5,1012.81915,90.628914,0.0,0.0,0.0,15.95,0.0,0.0,,0.0
2020-05-15 23:00:00+08:00,3.1827662,136.27295,17.15,1012.6106,89.738235,0.0,0.0,0.0,15.45,0.0,0.0,,0.0
2020-05-16 00:00:00+08:00,3.1241,129.80553,16.45,1012.49115,89.39693,0.0,0.0,0.0,14.7,0.0,0.0,,0.0
2020-05-16 01:00:00+08:00,3.1064448,123.17853,15.9,1012.1775,89.0653,0.0,0.0,0.0,14.1,0.0,0.0,,0.0
2020-05-16 02:00:00+08:00,3.04795,131.00899,15.45,1012.16406,88.74024,0.0,0.0,0.0,13.6,0.0,0.0,,0.0
2020-05-16 03:00:00+08:00,3.2015622,128.65984,15.0,1012.05194,87.55189,0.0,0.0,0.0,12.95,0.0,0.0,,0.0
2020-05-16 04:00:00+08:00,2.9832866,129.55963,14.6,1011.94073,86.09125,0.0,0.0,0.0,12.3,0.0,0.0,,0.0
2020-05-16 05:00:00+08:00,3.2557642,137.4896,14.15,1012.2248,86.04592,0.0,0.0,0.0,11.85,0.0,0.0,,0.0
2020-05-16 06:00:00+08:00,3.538361,132.70937,13.75,1012.41144,86.575905,0.0,0.0,0.0,11.55,0.0,0.0,,0.0
2020-05-16 07:00:00+08:00,3.5608988,128.15727,13.35,1012.99426,87.40112,0.0,0.0,0.0,11.3,0.0,0.0,,1.0
2020-05-16 08:00:00+08:00,4.472136,116.56499,15.15,1013.7422,79.08869,66.0,334.3945,25.0,11.55,0.0,0.0,,1.0
2020-05-16 09:00:00+08:00,4.531004,112.036285,18.05,1014.2235,63.425373,246.0,621.8549,63.0,11.0,0.0,0.0,,1.0
2020-05-16 10:00:00+08:00,3.8897302,107.96923,21.35,1014.1196,46.442364,425.0,749.9318,81.0,9.4,0.0,0.0,,1.0
2020-05-16 11:00:00+08:00,3.1622777,108.43504,24.3,1013.7064,33.456646,563.0,810.381,92.0,7.2,0.0,0.0,,1.0
2020-05-16 12:00:00+08:00,2.4596748,116.56499,26.45,1012.87274,24.6848,648.0,850.892,92.0,4.65,0.0,0.0,,1.0
2020-05-16 13:00:00+08:00,2.3259406,154.5367,27.5,1011.81024,20.375937,670.0,865.07855,90.0,2.8,0.0,0.0,,1.0
2020-05-16 14:00:00+08:00,4.2,180.0,27.05,1010.90533,26.994934,623.0,846.09955,89.0,6.45,0.0,0.0,,1.0
2020-05-16 15:00:00+08:00,5.1,180.0,25.6,1010.3698,45.62604,518.0,813.93036,80.0,13.0,0.0,0.0,,1.0
2020-05-16 16:00:00+08:00,5.8077536,182.96088,23.85,1010.61914,63.273415,360.0,736.56635,67.0,16.45,0.0,0.0,,1.0
2020-05-16 17:00:00+08:00,6.053098,172.40544,21.8,1010.9585,66.5675,170.0,546.2449,50.0,15.3,0.0,0.0,,1.0
2020-05-16 18:00:00+08:00,5.59017,153.43501,20.2,1011.30994,68.86114,19.0,122.12433,9.0,14.3,0.0,0.0,,0.0
2020-05-16 19:00:00+08:00,4.837354,150.2552,19.8,1011.7947,70.58772,0.0,0.0,0.0,14.3,0.0,0.0,,0.0
2020-05-16 20:00:00+08:00,4.830114,152.90453,19.05,1012.5664,82.75828,0.0,0.0,0.0,16.05,0.0,0.0,,0.0
2020-05-16 21:00:00+08:00,3.8948684,138.12222,18.35,1012.14935,84.819626,0.0,0.0,0.0,15.75,0.0,0.0,,0.0
2020-05-16 22:00:00+08:00,3.088689,119.05451,17.5,1012.0258,81.773994,0.0,0.0,0.0,14.35,0.0,0.0,,0.0
2020-05-16 23:00:00+08:00,3.104835,104.93147,17.3,1011.7226,61.79355,0.0,0.0,0.0,9.9,0.0,0.0,,0.0
2020-05-17 00:00:00+08:00,3.6124783,94.76356,17.7,1011.4365,35.784218,0.0,0.0,0.0,2.35,0.0,0.0,,0.0
2020-05-17 01:00:00+08:00,4.428318,83.51703,17.7,1011.2382,35.152817,0.0,0.0,0.0,2.1,0.0,0.0,,0.0
2020-05-17 02:00:00+08:00,4.3737855,79.46087,17.2,1010.92633,37.727383,0.0,0.0,0.0,2.65,0.0,0.0,,0.0
2020-05-17 03:00:00+08:00,3.905125,76.67546,16.65,1010.81104,39.62374,0.0,0.0,0.0,2.85,0.0,0.0,,0.0
2020-05-17 04:00:00+08:00,3.0364454,72.75845,16.0,1010.792,40.861362,0.0,0.0,0.0,2.7,0.0,0.0,,0.0
2020-05-17 05:00:00+08:00,2.5,73.73973,15.25,1010.77014,40.35433,0.0,0.0,0.0,1.85,0.0,0.0,,0.0
2020-05-17 06:00:00+08:00,2.4351592,70.8209,14.8,1010.85596,37.025517,0.0,0.0,0.0,0.25,0.0,0.0,,0.0
2020-05-17 07:00:00+08:00,2.8792362,69.67678,13.35,1011.3086,36.867058,0.0,0.0,0.0,-1.1,0.0,0.0,,1.0
2020-05-17 08:00:00+08:00,1.4035668,94.08554,16.75,1012.0039,32.448902,66.0,362.54147,22.0,0.15,0.0,0.0,,1.0
2020-05-17 09:00:00+08:00,1.0630146,131.18582,20.2,1012.50006,22.259495,251.0,668.2712,56.0,-2.05,0.0,0.0,,1.0
2020-05-17 10:00:00+08:00,0.50990194,168.69011,22.9,1012.3779,19.14992,424.0,754.35236,80.0,-1.85,0.0,0.0,,1.0
2020-05-17 11:00:00+08:00,1.4866068,199.65392,24.6,1012.1277,19.575764,540.0,715.79395,126.0,-0.15,0.0,0.0,,1.0
2020-05-17 12:00:00+08:00,3.2695565,203.42871,24.7,1011.2378,24.82312,558.0,564.15125,191.0,3.25,0.0,0.0,,1.0
2020-05-17 13:00:00+08:00,4.964876,198.79999,24.25,1010.53107,28.729881,561.0,524.2877,211.0,4.95,0.0,0.0,,1.0
2020-05-17 14:00:00+08:00,5.3150725,191.94415,24.05,1010.2279,31.598808,621.0,822.8129,104.0,6.15,0.0,0.0,,1.0
2020-05-17 15:00:00+08:00,6.129437,185.6175,22.9,1010.09674,40.173916,514.0,803.003,84.0,8.65,0.0,0.0,,1.0
2020-05-17 16:00:00+08:00,7.025667,175.101,21.65,1010.55774,57.131508,339.0,607.02185,99.0,12.8,0.0,0.0,,1.0
2020-05-17 17:00:00+08:00,6.551336,167.66092,20.3,1010.7177,67.995544,164.0,482.69427,59.0,14.2,0.0,0.0,,1.0
2020-05-17 18:00:00+08:00,6.6483083,164.2913,18.9,1011.0744,81.95068,19.0,111.342316,10.0,15.75,0.0,0.0,,0.0
2020-05-17 19:00:00+08:00,6.3890533,162.69939,18.5,1011.658,87.30571,0.0,0.0,0.0,16.35,0.0,0.0,,0.0
2020-05-17 20:00:00+08:00,6.293648,162.42865,18.15,1012.2429,89.812775,0.0,0.0,0.0,16.45,0.0,0.0,,0.0
2020-05-17 21:00:00+08:00,6.835203,159.44388,17.95,1012.53467,88.66,0.0,0.0,0.0,16.05,0.0,0.0,,0.0
2020-05-17 22:00:00+08:00,6.440497,154.23073,17.3,1012.8134,88.891045,0.0,0.0,0.0,15.45,0.0,0.0,,0.0
2020-05-17 23:00:00+08:00,6.1587334,147.60017,16.7,1012.6968,83.279816,0.0,0.0,0.0,13.85,0.0,0.0,,0.0
2020-05-18 00:00:00+08:00,6.2433968,148.09193,15.9,1012.9708,82.64328,0.0,0.0,0.0,12.95,0.0,0.0,,0.0
2020-05-18 01:00:00+08:00,6.1611686,144.24602,15.4,1012.85706,82.311356,0.0,0.0,0.0,12.4,0.0,0.0,,0.0
2020-05-18 02:00:00+08:00,6.021628,144.46223,14.85,1012.9399,83.05946,0.0,0.0,0.0,12.0,0.0,0.0,,0.0
2020-05-18 03:00:00+08:00,5.841233,141.95291,14.55,1013.1294,80.85652,0.0,0.0,0.0,11.3,0.0,0.0,,0.0
2020-05-18 04:00:00+08:00,5.7489133,139.93929,14.15,1013.41473,79.206535,0.0,0.0,0.0,10.6,0.0,0.0,,0.0
2020-05-18 05:00:00+08:00,5.728001,135.70723,14.05,1013.6102,74.31652,0.0,0.0,0.0,9.55,0.0,0.0,,0.0
2020-05-18 06:00:00+08:00,5.7999997,136.39711,13.7,1014.0956,72.279686,0.0,0.0,0.0,8.8,0.0,0.0,,0.0
2020-05-18 07:00:00+08:00,5.879626,131.55252,13.8,1014.3962,64.41155,0.0,0.0,0.0,7.2,0.0,0.0,,1.0
2020-05-18 08:00:00+08:00,5.7489133,130.06073,14.55,1015.0134,65.24033,64.0,349.63123,22.0,8.1,0.0,0.0,,1.0
2020-05-18 09:00:00+08:00,6.16198,131.71066,16.75,1015.2764,52.214607,248.0,670.5174,54.0,6.9,0.0,0.0,,1.0
2020-05-18 10:00:00+08:00,6.6068144,140.52757,19.3,1015.2512,36.76049,430.0,798.4918,68.0,4.15,0.0,0.0,,1.0
2020-05-18 11:00:00+08:00,7.242237,144.5542,20.85,1014.79987,29.62189,572.0,863.47485,75.0,2.45,0.0,0.0,,1.0
2020-05-18 12:00:00+08:00,7.5166483,146.94417,22.05,1013.94104,26.750565,658.0,895.5044,78.0,2.05,0.0,0.0,,1.0
2020-05-18 13:00:00+08:00,7.2897186,153.08353,23.0,1013.2733,25.796024,679.0,901.10724,80.0,2.35,0.0,0.0,,1.0
2020-05-18 14:00:00+08:00,7.368175,161.81087,23.0,1012.47986,29.292572,632.0,887.1557,77.0,4.15,0.0,0.0,,1.0
2020-05-18 15:00:00+08:00,7.615773,166.32867,22.6,1012.27045,33.318127,523.0,844.4053,73.0,5.65,0.0,0.0,,1.0
2020-05-18 16:00:00+08:00,7.808969,170.41713,21.6,1012.63885,41.607292,362.0,760.7598,63.0,8.0,0.0,0.0,,1.0
2020-05-18 17:00:00+08:00,8.221922,175.81517,19.5,1012.9762,61.079983,172.0,584.81415,46.0,11.8,0.0,0.0,,1.0
2020-05-18 18:00:00+08:00,8.121576,170.07382,18.2,1013.73206,68.68807,19.0,125.28506,9.0,12.35,0.0,0.0,,0.0
2020-05-18 19:00:00+08:00,8.000625,161.79143,17.9,1014.61597,65.09663,0.0,0.0,0.0,11.25,0.0,0.0,,0.0
2020-05-18 20:00:00+08:00,5.8137765,153.43501,17.2,1015.4881,61.357666,0.0,0.0,0.0,9.7,0.0,0.0,,0.0
2020-05-18 21:00:00+08:00,5.162364,148.46526,16.4,1015.9604,57.16281,0.0,0.0,0.0,7.9,0.0,0.0,,0.0
2020-05-18 22:00:00+08:00,5.6859474,145.75092,15.65,1016.1367,53.559246,0.0,0.0,0.0,6.25,0.0,0.0,,0.0
2020-05-18 23:00:00+08:00,5.700877,142.12495,14.9,1016.1144,51.71881,0.0,0.0,0.0,5.05,0.0,0.0,,0.0
2020-05-19 00:00:00+08:00,5.4451814,134.25603,14.25,1016.1945,50.118435,0.0,0.0,0.0,4.0,0.0,0.0,,0.0
2020-05-19 01:00:00+08:00,5.315073,131.18582,13.8,1016.2802,49.818817,0.0,0.0,0.0,3.5,0.0,0.0,,0.0
2020-05-19 02:00:00+08:00,5.240229,131.90585,13.4,1015.9705,50.237965,0.0,0.0,0.0,3.25,0.0,0.0,,0.0
2020-05-19 03:00:00+08:00,5.390733,130.48593,12.9,1015.9556,51.721424,0.0,0.0,0.0,3.2,0.0,0.0,,0.0
2020-05-19 04:00:00+08:00,5.6859474,124.24909,12.5,1016.04266,54.230213,0.0,0.0,0.0,3.5,0.0,0.0,,0.0
2020-05-19 05:00:00+08:00,5.7982755,122.319595,12.1,1016.2289,57.062637,0.0,0.0,0.0,3.85,0.0,0.0,,0.0
2020-05-19 06:00:00+08:00,5.8137765,116.56499,11.7,1016.41504,58.999977,0.0,0.0,0.0,3.95,0.0,0.0,,0.0
2020-05-19 07:00:00+08:00,5.6797886,116.11385,11.35,1016.8011,60.16922,0.0,0.0,0.0,3.9,0.0,0.0,,1.0
2020-05-19 08:00:00+08:00,6.1684685,109.90384,12.35,1017.72394,55.153942,64.0,353.25226,22.0,3.6,0.0,0.0,,1.0
2020-05-19 09:00:00+08:00,7.05195,108.178116,14.1,1017.97485,47.330894,251.0,683.2202,55.0,3.05,0.0,0.0,,1.0
2020-05-19 10:00:00+08:00,6.9123073,104.23732,16.15,1017.8372,40.04358,434.0,812.0426,68.0,2.55,0.0,0.0,,1.0
2020-05-19 11:00:00+08:00,6.3788714,103.60056,18.2,1017.0047,33.94347,576.0,874.62036,75.0,2.05,0.0,0.0,,1.0
2020-05-19 12:00:00+08:00,5.7567353,107.175995,20.05,1016.0662,29.185354,662.0,904.0573,79.0,1.55,0.0,0.0,,1.0
2020-05-19 13:00:00+08:00,5.2000003,112.61991,21.5,1015.0167,26.125597,682.0,909.42255,80.0,1.25,0.0,0.0,,1.0
2020-05-19 14:00:00+08:00,5.1,118.072395,22.3,1014.14636,24.350079,635.0,895.77985,77.0,0.95,0.0,0.0,,1.0
2020-05-19 15:00:00+08:00,5.1971145,120.01828,22.55,1013.7569,23.385553,526.0,855.92645,72.0,0.6,0.0,0.0,,1.0
2020-05-19 16:00:00+08:00,5.4378304,122.22874,22.3,1013.948,23.066982,366.0,775.4147,63.0,0.2,0.0,0.0,,1.0
2020-05-19 17:00:00+08:00,4.404543,129.47243,21.1,1014.5094,25.002625,174.0,604.3428,45.0,0.3,0.0,0.0,,1.0
2020-05-19 18:00:00+08:00,3.748333,136.08084,18.8,1015.2368,28.830437,19.0,126.82976,9.0,0.3,0.0,0.0,,0.0
2020-05-19 19:00:00+08:00,3.9698865,130.91429,17.6,1015.9955,30.638939,0.0,0.0,0.0,0.1,0.0,0.0,,0.0
2020-05-19 20:00:00+08:00,4.763402,129.0355,16.5,1016.6574,32.968388,0.0,0.0,0.0,0.15,0.0,0.0,,0.0
2020-05-19 21:00:00+08:00,4.8010416,125.6765,15.4,1016.9227,36.143593,0.0,0.0,0.0,0.45,0.0,0.0,,0.0
2020-05-19 22:00:00+08:00,4.8259716,124.019394,14.65,1017.1979,38.34296,0.0,0.0,0.0,0.6,0.0,0.0,,0.0
2020-05-19 23:00:00+08:00,4.7010636,119.29127,14.0,1017.2776,40.716324,0.0,0.0,0.0,0.85,0.0,0.0,,0.0
2020-05-20 00:00:00+08:00,4.651881,115.46331,13.4,1017.1605,43.25871,0.0,0.0,0.0,1.15,0.0,0.0,,0.0
2020-05-20 01:00:00+08:00,4.701064,113.838745,12.95,1016.8497,45.0301,0.0,0.0,0.0,1.3,0.0,0.0,,0.0
2020-05-20 02:00:00+08:00,4.88467,112.89059,12.55,1016.93665,45.729794,0.0,0.0,0.0,1.15,0.0,0.0,,0.0
2020-05-20 03:00:00+08:00,5.059644,108.43504,12.25,1016.5311,46.139187,0.0,0.0,0.0,1.0,0.0,0.0,,0.0
2020-05-20 04:00:00+08:00,5.0447993,103.76081,11.95,1016.4227,46.721672,0.0,0.0,0.0,0.9,0.0,0.0,,0.0
2020-05-20 05:00:00+08:00,5.141984,103.49575,11.65,1016.4137,47.827183,0.0,0.0,0.0,0.95,0.0,0.0,,0.0
2020-05-20 06:00:00+08:00,5.2952805,100.88548,11.4,1016.7037,49.328342,0.0,0.0,0.0,1.15,0.0,0.0,,0.0
2020-05-20 07:00:00+08:00,5.261178,98.74608,11.2,1017.0941,50.527187,0.0,0.0,0.0,1.3,0.0,0.0,,1.0
2020-05-20 08:00:00+08:00,6.0,90.0,12.95,1017.4446,45.0301,63.0,348.42328,22.0,1.3,0.0,0.0,,1.0
2020-05-20 09:00:00+08:00,6.2128897,93.691315,15.55,1017.9188,38.468536,248.0,682.0262,54.0,1.45,0.0,0.0,,1.0
2020-05-20 10:00:00+08:00,6.2513995,97.35229,17.95,1018.08826,33.1517,429.0,805.61273,68.0,1.5,0.0,0.0,,1.0
2020-05-20 11:00:00+08:00,6.264982,98.25935,19.8,1017.44775,29.114443,568.0,866.5173,74.0,1.3,0.0,0.0,,1.0
2020-05-20 12:00:00+08:00,6.0827627,99.46225,21.15,1016.4942,26.028944,651.0,892.36975,78.0,0.9,0.0,0.0,,1.0
2020-05-20 13:00:00+08:00,5.846366,102.8477,22.25,1015.5336,23.30532,670.0,896.49036,79.0,0.3,0.0,0.0,,1.0
2020-05-20 14:00:00+08:00,5.508176,105.80258,22.85,1014.5587,21.514645,624.0,883.4244,76.0,-0.3,0.0,0.0,,1.0
2020-05-20 15:00:00+08:00,5.0921507,109.50254,23.1,1014.06976,20.658346,517.0,842.8155,72.0,-0.65,0.0,0.0,,1.0
2020-05-20 16:00:00+08:00,4.9658837,115.01686,22.9,1014.0641,20.159878,359.0,761.77655,63.0,-1.15,0.0,0.0,,1.0
2020-05-20 17:00:00+08:00,3.7735925,122.00535,21.65,1014.525,21.993261,170.0,590.9199,45.0,-1.0,0.0,0.0,,1.0
2020-05-20 18:00:00+08:00,3.2015622,128.65984,19.0,1014.8458,26.189508,18.0,128.34857,8.0,-0.85,0.0,0.0,,0.0
2020-05-20 19:00:00+08:00,3.5608988,128.15727,17.95,1015.31146,28.69287,0.0,0.0,0.0,-0.5,0.0,0.0,,0.0
2020-05-20 20:00:00+08:00,3.9962482,121.701385,17.0,1015.9779,30.355192,0.0,0.0,0.0,-0.55,0.0,0.0,,0.0
2020-05-20 21:00:00+08:00,4.1629314,114.102234,16.0,1016.44446,32.34823,0.0,0.0,0.0,-0.55,0.0,0.0,,0.0
2020-05-20 22:00:00+08:00,4.1785164,111.03758,15.4,1016.6252,34.23142,0.0,0.0,0.0,-0.3,0.0,0.0,,0.0
2020-05-20 23:00:00+08:00,4.049691,110.22495,14.65,1016.60284,36.714317,0.0,0.0,0.0,0.0,0.0,0.0,,0.0
2020-05-21 00:00:00+08:00,4.3965893,107.19863,14.15,1016.3895,39.602314,0.0,0.0,0.0,0.6,0.0,0.0,,0.0
2020-05-21 01:00:00+08:00,4.4384685,104.349365,13.9,1016.0847,43.714935,0.0,0.0,0.0,1.75,0.0,0.0,,0.0
2020-05-21 02:00:00+08:00,4.2201896,103.706985,13.5,1015.87427,46.99432,0.0,0.0,0.0,2.4,0.0,0.0,,0.0
2020-05-21 03:00:00+08:00,4.1231055,104.03627,13.1,1015.565,49.1001,0.0,0.0,0.0,2.65,0.0,0.0,,0.0
2020-05-21 04:00:00+08:00,4.1593266,99.68872,12.7,1015.2555,50.580482,0.0,0.0,0.0,2.7,0.0,0.0,,0.0
2020-05-21 05:00:00+08:00,4.3104525,93.99084,12.4,1015.2466,51.768585,0.0,0.0,0.0,2.75,0.0,0.0,,0.0
2020-05-21 06:00:00+08:00,4.3011627,91.33219,12.15,1015.3381,52.626083,0.0,0.0,0.0,2.75,0.0,0.0,,0.0
2020-05-21 07:00:00+08:00,4.2,90.0,11.85,1015.5274,53.67613,0.0,0.0,0.0,2.75,0.0,0.0,,0.0
2020-05-21 08:00:00+08:00,4.0112343,85.71093,13.55,1015.9751,47.343647,60.0,334.87073,21.0,2.55,0.0,0.0,,1.0
2020-05-21 09:00:00+08:00,4.318565,84.68555,16.75,1016.1689,37.329376,242.0,666.5679,54.0,2.1,0.0,0.0,,1.0
2020-05-21 10:00:00+08:00,4.295346,77.90526,19.65,1015.9556,30.349146,421.0,796.8021,66.0,1.75,0.0,0.0,,1.0
2020-05-21 11:00:00+08:00,4.0261645,75.61857,21.75,1015.4205,25.914494,561.0,858.27124,74.0,1.35,0.0,0.0,,1.0
2020-05-21 12:00:00+08:00,3.49285,76.75947,23.1,1014.36725,22.700674,645.0,886.7641,78.0,0.65,0.0,0.0,,1.0
2020-05-21 13:00:00+08:00,3.0016663,91.90912,24.05,1013.6003,21.054092,665.0,894.02966,78.0,0.4,0.0,0.0,,1.0
2020-05-21 14:00:00+08:00,2.84605,108.43504,24.55,1012.6223,20.066238,619.0,878.9618,76.0,0.15,0.0,0.0,,1.0
2020-05-21 15:00:00+08:00,3.0413814,133.66785,24.5,1012.4227,20.053585,512.0,837.0769,72.0,0.1,0.0,0.0,,1.0
2020-05-21 16:00:00+08:00,4.295346,167.90526,23.25,1012.5861,25.409018,354.0,755.596,62.0,2.35,0.0,0.0,,1.0
2020-05-21 17:00:00+08:00,4.3566046,170.75397,21.15,1012.72534,45.920803,166.0,581.8037,44.0,9.05,0.0,0.0,,1.0
2020-05-21 18:00:00+08:00,4.14367,171.67444,19.0,1013.1599,60.16065,17.0,116.852715,8.0,11.1,0.0,0.0,,0.0
2020-05-21 19:00:00+08:00,3.733631,159.62349,18.1,1013.82837,64.49653,0.0,0.0,0.0,11.3,0.0,0.0,,0.0
2020-05-21 20:00:00+08:00,3.4713109,138.50363,16.9,1014.19006,55.375904,0.0,0.0,0.0,7.9,0.0,0.0,,0.0
2020-05-21 21:00:00+08:00,3.3015149,125.13428,15.85,1014.4567,43.196156,0.0,0.0,0.0,3.35,0.0,0.0,,0.0
2020-05-21 22:00:00+08:00,2.9546573,113.962494,15.0,1014.4319,40.28145,0.0,0.0,0.0,1.6,0.0,0.0,,0.0
2020-05-21 23:00:00+08:00,3.4014704,91.68465,14.65,1014.3222,39.46399,0.0,0.0,0.0,1.0,0.0,0.0,,0.0
2020-05-22 00:00:00+08:00,4.418144,84.805664,14.8,1013.93,39.366203,0.0,0.0,0.0,1.1,0.0,0.0,,0.0
2020-05-22 01:00:00+08:00,5.261178,81.25392,14.75,1013.13513,39.635395,0.0,0.0,0.0,1.15,0.0,0.0,,0.0
2020-05-22 02:00:00+08:00,5.824946,78.11137,14.95,1012.44696,39.69387,0.0,0.0,0.0,1.35,0.0,0.0,,0.0
2020-05-22 03:00:00+08:00,5.772348,75.96373,14.85,1011.74994,40.672268,0.0,0.0,0.0,1.6,0.0,0.0,,0.0
2020-05-22 04:00:00+08:00,5.6302757,70.27763,14.55,1011.4436,41.764465,0.0,0.0,0.0,1.7,0.0,0.0,,0.0
2020-05-22 05:00:00+08:00,5.727128,65.22488,14.35,1011.1402,42.611153,0.0,0.0,0.0,1.8,0.0,0.0,,0.0
2020-05-22 06:00:00+08:00,5.7306194,60.75127,14.15,1011.4315,43.47563,0.0,0.0,0.0,1.9,0.0,0.0,,0.0
2020-05-22 07:00:00+08:00,5.6938567,59.381474,13.9,1012.01917,44.820873,0.0,0.0,0.0,2.1,0.0,0.0,,0.0
2020-05-22 08:00:00+08:00,6.519202,48.731503,15.65,1012.666,40.615036,58.0,329.6741,20.0,2.3,0.0,0.0,,1.0
2020-05-22 09:00:00+08:00,6.3780875,48.814175,18.5,1013.0465,34.15167,239.0,665.0793,53.0,2.4,0.0,0.0,,1.0
2020-05-22 10:00:00+08:00,6.0108232,45.673954,21.25,1013.22406,28.698225,418.0,792.3364,67.0,2.35,0.0,0.0,,1.0
2020-05-22 11:00:00+08:00,5.0931325,43.408916,23.4,1012.6894,24.385239,558.0,856.9581,74.0,1.9,0.0,0.0,,1.0
2020-05-22 12:00:00+08:00,3.88973,43.958473,24.75,1011.53656,21.006594,642.0,887.3151,77.0,0.95,0.0,0.0,,1.0
2020-05-22 13:00:00+08:00,2.418677,60.255207,25.45,1010.564,18.812231,663.0,894.5194,78.0,0.0,0.0,0.0,,1.0
2020-05-22 14:00:00+08:00,1.8027756,93.17977,25.6,1009.67554,17.849579,618.0,880.8616,76.0,-0.6,0.0,0.0,,1.0
2020-05-22 15:00:00+08:00,1.7492856,120.963684,25.4,1009.3725,17.60734,511.0,840.7197,71.0,-0.95,0.0,0.0,,1.0
2020-05-22 16:00:00+08:00,2.3706539,152.35411,24.8,1009.55444,18.788591,354.0,759.599,62.0,-0.55,0.0,0.0,,1.0
2020-05-22 17:00:00+08:00,2.376973,165.37909,22.6,1009.5925,32.406284,166.0,586.73505,44.0,5.25,0.0,0.0,,1.0
2020-05-22 18:00:00+08:00,2.1954498,149.9315,19.4,1009.70026,49.800808,17.0,118.15997,8.0,8.65,0.0,0.0,,0.0
2020-05-22 19:00:00+08:00,2.3086793,107.650215,18.0,1010.2553,45.19632,0.0,0.0,0.0,5.95,0.0,0.0,,0.0
2020-05-22 20:00:00+08:00,3.4014704,88.31535,17.8,1011.0427,32.05482,0.0,0.0,0.0,0.9,0.0,0.0,,0.0
2020-05-22 21:00:00+08:00,4.4598203,70.346085,17.7,1010.9407,28.206608,0.0,0.0,0.0,-0.95,0.0,0.0,,0.0
2020-05-22 22:00:00+08:00,4.924429,66.03751,17.7,1011.03986,27.898867,0.0,0.0,0.0,-1.1,0.0,0.0,,0.0
2020-05-22 23:00:00+08:00,4.8764744,61.858498,17.55,1010.9365,28.26717,0.0,0.0,0.0,-1.05,0.0,0.0,,0.0
2020-05-23 00:00:00+08:00,5.0249376,58.840755,17.3,1010.7309,29.033545,0.0,0.0,0.0,-0.9,0.0,0.0,,0.0
2020-05-23 01:00:00+08:00,5.3535037,57.200474,17.05,1010.92194,29.821196,0.0,0.0,0.0,-0.75,0.0,0.0,,0.0
2020-05-23 02:00:00+08:00,5.964059,55.24402,16.9,1010.7192,30.437084,0.0,0.0,0.0,-0.6,0.0,0.0,,0.0
2020-05-23 03:00:00+08:00,6.4404964,53.84173,16.75,1010.31805,31.178854,0.0,0.0,0.0,-0.4,0.0,0.0,,0.0
2020-05-23 04:00:00+08:00,6.780118,52.791996,16.45,1009.7145,32.361637,0.0,0.0,0.0,-0.15,0.0,0.0,,0.0
2020-05-23 05:00:00+08:00,6.8249545,50.94686,16.25,1009.5102,33.015083,0.0,0.0,0.0,-0.05,0.0,0.0,,0.0
2020-05-23 06:00:00+08:00,7.106335,50.710617,16.05,1009.6036,33.682194,0.0,0.0,0.0,0.05,0.0,0.0,,0.0
2020-05-23 07:00:00+08:00,7.3878274,50.49235,15.8,1009.7946,34.473244,0.0,0.0,0.0,0.15,0.0,0.0,,0.0
2020-05-23 08:00:00+08:00,8.414867,45.48141,17.4,1009.9404,32.403328,58.0,333.0894,20.0,0.7,0.0,0.0,,1.0
2020-05-23 09:00:00+08:00,8.065978,42.990456,19.95,1010.11273,26.937273,241.0,681.5157,52.0,0.35,0.0,0.0,,1.0
2020-05-23 10:00:00+08:00,7.9630394,35.286835,22.65,1010.3872,21.384533,423.0,810.4458,66.0,-0.55,0.0,0.0,,1.0
2020-05-23 11:00:00+08:00,7.566373,29.275164,24.85,1009.8532,18.06119,564.0,871.5632,74.0,-1.05,0.0,0.0,,1.0
2020-05-23 12:00:00+08:00,6.9462223,22.873707,26.55,1008.5111,16.150564,647.0,898.82556,77.0,-1.2,0.0,0.0,,1.0
2020-05-23 13:00:00+08:00,6.5000005,14.250073,27.6,1007.6468,14.477197,667.0,904.1307,78.0,-1.85,0.0,0.0,,1.0
2020-05-23 14:00:00+08:00,6.2361846,15.819268,28.15,1006.47125,13.166338,622.0,889.19745,77.0,-2.7,0.0,0.0,,1.0
2020-05-23 15:00:00+08:00,6.5,22.61991,28.2,1005.08374,12.6022,515.0,851.94244,71.0,-3.25,0.0,0.0,,1.0
2020-05-23 16:00:00+08:00,6.5299315,27.349789,27.9,1004.4803,12.493963,356.0,768.71564,62.0,-3.6,0.0,0.0,,1.0
2020-05-23 17:00:00+08:00,4.1231055,14.036275,26.6,1005.23895,13.533994,166.0,591.52277,44.0,-3.55,0.0,0.0,,1.0
2020-05-23 18:00:00+08:00,2.0248458,302.90524,22.4,1005.91705,19.594967,16.0,119.43263,7.0,-1.95,0.0,0.0,,0.0
2020-05-23 19:00:00+08:00,1.2206556,214.9921,22.2,1006.60596,37.33724,0.0,0.0,0.0,6.95,0.0,0.0,,0.0
2020-05-23 20:00:00+08:00,0.6,180.0,22.4,1007.70233,23.770514,0.0,0.0,0.0,0.7,0.0,0.0,,0.0
2020-05-23 21:00:00+08:00,2.6000001,67.3801,20.45,1006.35834,22.243917,0.0,0.0,0.0,-1.85,0.0,0.0,,0.0
2020-05-23 22:00:00+08:00,4.384062,44.999897,22.25,1006.3096,16.85291,0.0,0.0,0.0,-4.1,0.0,0.0,,0.0
2020-05-23 23:00:00+08:00,5.0990195,48.179924,22.3,1005.81494,16.676073,0.0,0.0,0.0,-4.2,0.0,0.0,,0.0
2020-05-24 00:00:00+08:00,5.966573,50.440376,22.35,1005.0231,16.876783,0.0,0.0,0.0,-4.0,0.0,0.0,,0.0
2020-05-24 01:00:00+08:00,6.3411355,52.045715,22.3,1004.72394,17.442629,0.0,0.0,0.0,-3.6,0.0,0.0,,0.0
2020-05-24 02:00:00+08:00,7.528612,50.389355,22.2,1003.3329,17.946407,0.0,0.0,0.0,-3.3,0.0,0.0,,0.0
2020-05-24 03:00:00+08:00,7.7781744,44.999897,22.25,1002.54065,18.228003,0.0,0.0,0.0,-3.05,0.0,0.0,,0.0
2020-05-24 04:00:00+08:00,8.417245,43.555943,22.4,1001.4538,18.332897,0.0,0.0,0.0,-2.85,0.0,0.0,,0.0
2020-05-24 05:00:00+08:00,11.401754,37.875053,22.4,998.67664,18.67602,0.0,0.0,0.0,-2.6,0.0,0.0,,0.0
2020-05-24 06:00:00+08:00,10.791201,32.51191,22.3,998.47546,19.42582,0.0,0.0,0.0,-2.15,0.0,0.0,,0.0
2020-05-24 07:00:00+08:00,11.733712,29.623667,21.9,998.762,21.978771,0.0,0.0,0.0,-0.8,0.0,0.0,,0.0
2020-05-24 08:00:00+08:00,12.745586,26.564985,22.3,997.08685,20.984348,6.0,8.855886,5.0,-1.1,0.0,0.3,,1.0
2020-05-24 09:00:00+08:00,12.149074,32.905247,21.75,996.27844,23.940071,43.0,3.6361353,42.0,0.25,0.0,0.0,,1.0
2020-05-24 10:00:00+08:00,13.805796,38.530205,21.85,993.80164,24.758286,109.0,47.93991,88.0,0.8,0.0,0.1,,1.0
2020-05-24 11:00:00+08:00,16.275442,30.661816,22.9,992.24347,22.322578,165.0,17.86726,155.0,0.25,0.0,0.6,,1.0
2020-05-24 12:00:00+08:00,15.922311,32.69198,21.75,989.33575,27.342102,224.0,26.914366,207.0,2.1,0.0,0.2,,1.0
2020-05-24 13:00:00+08:00,14.490341,27.095472,20.2,988.99506,36.25433,191.0,9.245035,185.0,4.75,0.0,0.9,,1.0
2020-05-24 14:00:00+08:00,15.3,28.072395,21.5,986.65094,30.87628,44.0,0.0,44.0,3.6,0.0,0.0,,1.0
2020-05-24 15:00:00+08:00,15.758172,23.962492,20.95,986.5366,35.842724,24.0,0.0,24.0,5.25,0.0,0.1,,1.0
2020-05-24 16:00:00+08:00,12.980755,15.642312,17.2,987.82,73.63705,16.0,0.0,16.0,12.45,0.0,3.1,,1.0
2020-05-24 17:00:00+08:00,5.517246,316.46872,17.55,991.7967,83.37967,18.0,0.0,18.0,14.7,0.0,6.7,,1.0
2020-05-24 18:00:00+08:00,4.7265205,353.92764,17.65,991.2045,84.20077,2.0,0.0,2.0,14.95,0.0,2.0,,0.0
2020-05-24 19:00:00+08:00,3.1780496,282.72437,18.15,991.8136,90.09885,0.0,0.0,0.0,16.5,0.0,1.9,,0.0
2020-05-24 20:00:00+08:00,5.866856,299.62366,18.0,993.9913,90.37516,0.0,0.0,0.0,16.4,0.0,0.6,,0.0
2020-05-24 21:00:00+08:00,9.368031,286.1135,19.0,994.71356,75.64065,0.0,0.0,0.0,14.6,0.0,0.2,,0.0
2020-05-24 22:00:00+08:00,9.025519,279.56662,19.15,995.01544,67.98422,0.0,0.0,0.0,13.1,0.0,0.1,,0.0
2020-05-24 23:00:00+08:00,9.80051,278.21268,18.9,995.80164,65.09837,0.0,0.0,0.0,12.2,0.0,0.1,,0.0
2020-05-25 00:00:00+08:00,9.924716,274.0444,19.25,996.3075,60.020813,0.0,0.0,0.0,11.3,0.0,0.0,,0.0
2020-05-25 01:00:00+08:00,9.912618,267.1088,19.2,996.6036,62.23076,0.0,0.0,0.0,11.8,0.0,0.1,,0.0
2020-05-25 02:00:00+08:00,9.786726,262.36676,18.75,997.38446,65.711205,0.0,0.0,0.0,12.2,0.0,0.0,,0.0
2020-05-25 03:00:00+08:00,9.602604,261.61682,18.6,997.7766,66.54892,0.0,0.0,0.0,12.25,0.0,0.1,,0.0
2020-05-25 04:00:00+08:00,9.217917,254.90837,17.9,998.25275,74.00006,0.0,0.0,0.0,13.2,0.0,0.2,,0.0
2020-05-25 05:00:00+08:00,8.561542,255.80142,18.35,998.86035,70.54209,0.0,0.0,0.0,12.9,0.0,0.0,,0.0
2020-05-25 06:00:00+08:00,9.062008,247.96371,18.05,999.44696,70.948265,0.0,0.0,0.0,12.7,0.0,0.1,,0.0
2020-05-25 07:00:00+08:00,8.858894,241.69934,17.45,1000.71893,78.13826,0.0,0.0,0.0,13.6,0.0,0.2,,0.0
2020-05-25 08:00:00+08:00,7.9259067,240.5242,18.25,1001.83276,64.95747,35.0,169.9852,16.0,11.55,0.0,0.1,,1.0
2020-05-25 09:00:00+08:00,9.183136,231.63248,19.15,1002.65186,59.20651,127.0,223.64655,66.0,11.0,0.0,0.1,,1.0
2020-05-25 10:00:00+08:00,8.940358,233.6427,19.85,1004.0602,49.253475,338.0,589.92535,81.0,8.9,0.0,0.0,,1.0
2020-05-25 11:00:00+08:00,8.15414,236.50479,20.3,1004.5687,49.708347,445.0,520.4446,155.0,9.45,0.0,0.0,,1.0
2020-05-25 12:00:00+08:00,8.127115,235.52773,19.35,1004.64105,58.668118,335.0,193.90596,213.0,11.05,0.0,0.1,,1.0
2020-05-25 13:00:00+08:00,8.352844,238.21278,19.75,1004.3548,53.0057,277.0,68.04691,233.0,9.9,0.0,0.0,,1.0
2020-05-25 14:00:00+08:00,7.694154,242.10283,20.25,1004.56744,51.90844,395.0,336.97467,190.0,10.05,0.0,0.0,,1.0
2020-05-25 15:00:00+08:00,7.940403,233.70728,18.1,1005.2996,67.994026,288.0,251.44907,158.0,12.1,0.0,0.2,,1.0
2020-05-25 16:00:00+08:00,8.080842,220.98573,17.75,1005.8845,70.427574,128.0,76.56029,99.0,12.3,0.0,0.3,,1.0
2020-05-25 17:00:00+08:00,8.376157,213.31064,17.95,1006.3861,63.61381,94.0,270.77405,39.0,10.95,0.0,0.1,,1.0
2020-05-25 18:00:00+08:00,8.558621,210.15997,17.3,1007.16077,63.68025,7.0,13.540215,6.0,10.35,0.0,0.0,,0.0
2020-05-25 19:00:00+08:00,7.826238,206.56499,17.25,1008.2501,61.575336,0.0,0.0,0.0,9.8,0.0,0.0,,0.0
2020-05-25 20:00:00+08:00,6.441273,207.75845,16.9,1009.43,62.325047,0.0,0.0,0.0,9.65,0.0,0.0,,0.0
2020-05-25 21:00:00+08:00,6.109828,201.10492,16.9,1010.02496,66.41057,0.0,0.0,0.0,10.6,0.0,0.0,,0.0
2020-05-25 22:00:00+08:00,6.7779055,201.6445,16.9,1010.2233,64.878716,0.0,0.0,0.0,10.25,0.0,0.0,,0.0
2020-05-25 23:00:00+08:00,5.9135437,198.74144,16.6,1010.31384,65.46653,0.0,0.0,0.0,10.1,0.0,0.0,,0.0
2020-05-26 00:00:00+08:00,5.3935146,190.68486,17.0,1010.42456,59.482304,0.0,0.0,0.0,9.05,0.0,0.0,,0.0
2020-05-26 01:00:00+08:00,5.557877,188.2758,16.8,1010.51794,65.50978,0.0,0.0,0.0,10.3,0.0,0.0,,0.0
2020-05-26 02:00:00+08:00,5.2086463,183.3018,16.6,1010.5122,60.601128,0.0,0.0,0.0,8.95,0.0,0.0,,0.0
2020-05-26 03:00:00+08:00,4.428318,186.48297,16.45,1010.4086,63.064167,0.0,0.0,0.0,9.4,0.0,0.0,,0.0
2020-05-26 04:00:00+08:00,4.4102154,183.90042,16.35,1010.40576,62.618603,0.0,0.0,0.0,9.2,0.0,0.0,,0.0
2020-05-26 05:00:00+08:00,3.8118236,175.4861,15.9,1010.4917,65.75497,0.0,0.0,0.0,9.5,0.0,0.0,,0.0
2020-05-26 06:00:00+08:00,4.0199504,174.2895,16.1,1010.79486,68.037125,0.0,0.0,0.0,10.2,0.0,0.0,,0.0
2020-05-26 07:00:00+08:00,4.3,180.0,16.4,1011.39874,67.19618,0.0,0.0,0.0,10.3,0.0,0.0,,0.0
2020-05-26 08:00:00+08:00,2.5495098,101.3099,14.8,1012.5417,75.94973,30.0,81.33716,21.0,10.6,0.0,0.0,,1.0
2020-05-26 09:00:00+08:00,2.280351,74.74483,15.55,1013.15894,72.37691,91.0,7.3928504,89.0,10.6,0.0,0.0,,1.0
2020-05-26 10:00:00+08:00,1.5,90.0,16.3,1013.5775,69.91556,191.0,66.927895,162.0,10.8,0.0,0.0,,1.0
2020-05-26 11:00:00+08:00,2.0,126.86999,17.0,1013.30035,67.097626,223.0,63.084568,188.0,10.85,0.0,0.0,,1.0
2020-05-26 12:00:00+08:00,2.5961509,164.3577,17.9,1012.73175,63.1814,348.0,186.6686,231.0,10.8,0.0,0.0,,1.0
2020-05-26 13:00:00+08:00,2.8635643,167.90526,17.95,1012.33636,64.67757,336.0,189.35124,214.0,11.2,0.0,0.1,,1.0
2020-05-26 14:00:00+08:00,2.5079873,175.42616,18.25,1012.0475,61.39753,289.0,136.91951,206.0,10.7,0.0,0.0,,1.0
2020-05-26 15:00:00+08:00,3.2015622,194.47034,18.15,1011.7471,65.5828,294.0,205.80586,188.0,11.6,0.0,0.0,,1.0
2020-05-26 16:00:00+08:00,3.9849718,197.52567,17.2,1012.3147,75.099365,226.0,307.62997,110.0,12.75,0.0,0.1,,1.0
2020-05-26 17:00:00+08:00,3.206244,183.57626,16.5,1012.5916,76.72753,121.0,361.95996,48.0,12.4,0.0,0.0,,1.0
2020-05-26 18:00:00+08:00,2.3194828,172.56868,15.75,1012.86725,80.48673,11.0,54.6703,7.0,12.4,0.0,0.0,,0.0
2020-05-26 19:00:00+08:00,2.2135942,161.56496,15.1,1013.443,84.18808,0.0,0.0,0.0,12.45,0.0,0.0,,0.0
2020-05-26 20:00:00+08:00,2.2203603,144.16226,14.75,1013.8293,86.10633,0.0,0.0,0.0,12.45,0.0,0.0,,0.0
2020-05-26 21:00:00+08:00,2.0808651,125.21768,14.3,1014.21246,88.06496,0.0,0.0,0.0,12.35,0.0,0.0,,0.0
2020-05-26 22:00:00+08:00,1.7088008,110.55613,13.75,1014.3946,89.773674,0.0,0.0,0.0,12.1,0.0,0.0,,0.0
2020-05-26 23:00:00+08:00,1.7,90.0,13.5,1014.1886,88.870926,0.0,0.0,0.0,11.7,0.0,0.0,,0.0
2020-05-27 00:00:00+08:00,2.0223749,81.46932,13.3,1014.0838,88.8545,0.0,0.0,0.0,11.5,0.0,0.0,,0.0
2020-05-27 01:00:00+08:00,2.158703,76.60749,13.6,1013.69604,87.135666,0.0,0.0,0.0,11.5,0.0,0.0,,0.0
2020-05-27 02:00:00+08:00,1.868154,74.47583,13.2,1013.68396,89.43585,0.0,0.0,0.0,11.5,0.0,0.0,,0.0
2020-05-27 03:00:00+08:00,1.6763055,72.64589,13.0,1013.3805,90.31229,0.0,0.0,0.0,11.45,0.0,0.0,,0.0
2020-05-27 04:00:00+08:00,1.6155494,68.19853,13.15,1013.286,89.43195,0.0,0.0,0.0,11.45,0.0,0.0,,0.0
2020-05-27 05:00:00+08:00,1.6155494,68.19853,13.15,1013.38513,88.54856,0.0,0.0,0.0,11.3,0.0,0.0,,0.0
2020-05-27 06:00:00+08:00,1.8788295,64.79892,12.8,1013.6722,89.40452,0.0,0.0,0.0,11.1,0.0,0.0,,0.0
2020-05-27 07:00:00+08:00,1.8357561,60.64234,13.35,1014.2833,84.549225,0.0,0.0,0.0,10.8,0.0,0.0,,0.0
2020-05-27 08:00:00+08:00,2.7856774,21.037588,14.5,1014.9127,73.4047,21.0,9.128179,20.0,9.8,0.0,0.0,,1.0
2020-05-27 09:00:00+08:00,2.3345234,9.865748,16.05,1015.3552,64.69207,105.0,74.52704,85.0,9.4,0.0,0.0,,1.0
2020-05-27 10:00:00+08:00,2.408319,4.763556,17.05,1015.48364,58.302456,156.0,95.12479,115.0,8.8,0.0,0.0,,1.0
2020-05-27 11:00:00+08:00,2.0615528,337.1663,17.8,1015.1087,55.60586,275.0,182.81464,174.0,8.8,0.0,0.0,,1.0
2020-05-27 12:00:00+08:00,1.7204651,305.53775,18.15,1014.3255,56.071125,342.0,132.9146,259.0,9.25,0.0,0.0,,1.0
2020-05-27 13:00:00+08:00,2.1,270.0,18.35,1013.5378,57.455235,375.0,171.31897,265.0,9.8,0.0,0.0,,1.0
2020-05-27 14:00:00+08:00,2.5632012,249.44388,18.1,1012.93585,61.158546,351.0,183.73817,240.0,10.5,0.0,0.0,,1.0
2020-05-27 15:00:00+08:00,2.1400933,232.59457,18.25,1012.7417,62.842007,369.0,319.57642,205.0,11.05,0.0,0.0,,1.0
2020-05-27 16:00:00+08:00,2.5495098,228.17992,18.0,1013.0321,66.203766,303.0,588.6257,82.0,11.6,0.0,0.0,,1.0
2020-05-27 17:00:00+08:00,1.9209373,231.34016,17.05,1012.9053,73.128586,133.0,434.30478,46.0,12.2,0.0,0.0,,1.0
2020-05-27 18:00:00+08:00,2.147091,207.75845,14.6,1012.9324,87.22907,12.0,68.94985,7.0,12.5,0.0,0.0,,0.0
2020-05-27 19:00:00+08:00,1.868154,164.47583,14.75,1013.33344,85.8242,0.0,0.0,0.0,12.4,0.0,0.0,,0.0
2020-05-27 20:00:00+08:00,1.7691805,137.29063,14.2,1013.61475,89.51363,0.0,0.0,0.0,12.5,0.0,0.0,,0.0
2020-05-27 21:00:00+08:00,1.5132746,82.40546,13.15,1013.7818,90.92153,0.0,0.0,0.0,11.7,0.0,0.0,,0.0
2020-05-27 22:00:00+08:00,1.3416408,63.435013,12.9,1013.8734,90.30508,0.0,0.0,0.0,11.35,0.0,0.0,,0.0
2020-05-27 23:00:00+08:00,1.3038405,57.528828,12.6,1013.4678,90.583336,0.0,0.0,0.0,11.1,0.0,0.0,,0.0
2020-05-28 00:00:00+08:00,1.6643317,57.264786,12.1,1013.4526,91.152756,0.0,0.0,0.0,10.7,0.0,0.0,,0.0
2020-05-28 01:00:00+08:00,1.9209373,51.34017,12.0,1013.3505,90.239784,0.0,0.0,0.0,10.45,0.0,0.0,,0.0
2020-05-28 02:00:00+08:00,1.9849433,49.085716,12.05,1013.253,89.94319,0.0,0.0,0.0,10.45,0.0,0.0,,0.0
2020-05-28 03:00:00+08:00,1.8439089,49.398785,12.15,1013.0575,89.35328,0.0,0.0,0.0,10.45,0.0,0.0,,0.0
2020-05-28 04:00:00+08:00,1.6401219,52.431335,12.05,1012.95544,89.34537,0.0,0.0,0.0,10.35,0.0,0.0,,0.0
2020-05-28 05:00:00+08:00,1.7204651,54.46224,11.75,1012.6488,89.62068,0.0,0.0,0.0,10.1,0.0,0.0,,0.0
2020-05-28 06:00:00+08:00,2.408319,48.366554,11.9,1012.8517,87.559105,0.0,0.0,0.0,9.9,0.0,0.0,,0.0
2020-05-28 07:00:00+08:00,2.6870058,44.999897,11.75,1013.0454,87.83921,0.0,0.0,0.0,9.8,0.0,0.0,,0.0
2020-05-28 08:00:00+08:00,2.7202942,36.027473,15.0,1013.5394,70.12977,46.0,248.90498,19.0,9.6,0.0,0.0,,1.0
2020-05-28 09:00:00+08:00,3.0083218,21.44781,16.5,1013.9799,63.287754,84.0,41.31637,73.0,9.5,0.0,0.0,,1.0
2020-05-28 10:00:00+08:00,2.915476,354.09393,18.25,1014.0309,54.23801,204.0,144.59468,142.0,8.85,0.0,0.0,,1.0
2020-05-28 11:00:00+08:00,3.0232434,325.78424,19.0,1013.65576,48.03213,294.0,205.37886,181.0,7.75,0.0,0.0,,1.0
2020-05-28 12:00:00+08:00,2.863564,294.77512,19.05,1012.6656,50.044186,271.0,86.78596,217.0,8.4,0.0,0.0,,1.0
2020-05-28 13:00:00+08:00,3.9115217,274.39862,19.15,1011.87506,52.49429,322.0,96.885376,260.0,9.2,0.0,0.0,,1.0
2020-05-28 14:00:00+08:00,3.956008,286.1444,19.25,1011.1837,52.344193,395.0,282.3305,225.0,9.25,0.0,0.0,,1.0
2020-05-28 15:00:00+08:00,3.4885528,297.2995,19.55,1010.994,49.006004,389.0,477.1246,145.0,8.55,0.0,0.0,,1.0
2020-05-28 16:00:00+08:00,3.1384711,292.47946,19.25,1010.78705,50.608765,270.0,414.53708,115.0,8.75,0.0,0.0,,1.0
2020-05-28 17:00:00+08:00,1.8867962,302.00534,18.15,1010.95374,59.559425,130.0,346.6594,61.0,10.15,0.0,0.0,,1.0
2020-05-28 18:00:00+08:00,1.811077,353.6599,15.55,1010.6799,70.002396,13.0,83.438286,7.0,10.1,0.0,0.0,,0.0
2020-05-28 19:00:00+08:00,1.9416487,11.888645,14.95,1010.8604,67.80069,0.0,0.0,0.0,9.05,0.0,0.0,,0.0
2020-05-28 20:00:00+08:00,1.7262677,10.007925,15.8,1010.68713,70.99135,0.0,0.0,0.0,10.55,0.0,0.0,,0.0
2020-05-28 21:00:00+08:00,2.6000001,22.61991,15.6,1010.38367,68.16273,0.0,0.0,0.0,9.75,0.0,0.0,,0.0
2020-05-28 22:00:00+08:00,2.2561028,12.804273,15.65,1010.2861,67.03936,0.0,0.0,0.0,9.55,0.0,0.0,,0.0
2020-05-28 23:00:00+08:00,2.5495098,11.3098955,15.7,1009.9901,65.491104,0.0,0.0,0.0,9.25,0.0,0.0,,0.0
2020-05-29 00:00:00+08:00,2.84605,18.435053,15.15,1009.6765,66.2605,0.0,0.0,0.0,8.9,0.0,0.0,,0.0
2020-05-29 01:00:00+08:00,3.7013512,358.45187,15.0,1009.6721,66.67721,0.0,0.0,0.0,8.85,0.0,0.0,,0.0
2020-05-29 02:00:00+08:00,3.4234486,353.29025,15.1,1009.3774,67.376335,0.0,0.0,0.0,9.1,0.0,0.0,,0.0
2020-05-29 03:00:00+08:00,3.6013885,1.5911111,15.6,1008.99536,64.15827,0.0,0.0,0.0,8.85,0.0,0.0,,0.0
2020-05-29 04:00:00+08:00,3.5128336,355.10098,15.7,1008.89935,63.748917,0.0,0.0,0.0,8.85,0.0,0.0,,0.0
2020-05-29 05:00:00+08:00,3.9115217,355.60138,15.05,1008.88,67.36591,0.0,0.0,0.0,9.05,0.0,0.0,,0.0
2020-05-29 06:00:00+08:00,4.004997,2.8623457,14.8,1008.77356,71.03864,0.0,0.0,0.0,9.6,0.0,0.0,,0.0
2020-05-29 07:00:00+08:00,3.8327534,352.50424,15.05,1009.0783,75.23638,0.0,0.0,0.0,10.7,0.0,0.1,,0.0
2020-05-29 08:00:00+08:00,4.440721,352.23492,15.65,1008.69946,76.34006,21.0,55.85182,15.0,11.5,0.0,0.1,,1.0
2020-05-29 09:00:00+08:00,4.609772,335.6589,17.35,1008.94714,77.6163,134.0,291.4748,57.0,13.4,0.0,0.3,,1.0
2020-05-29 10:00:00+08:00,5.3665633,333.43503,19.35,1009.00476,66.488106,272.0,372.69543,113.0,12.95,0.0,0.1,,1.0
2020-05-29 11:00:00+08:00,6.670832,310.13544,20.75,1008.6479,58.619564,396.0,527.36566,107.0,12.35,0.0,0.0,,1.0
2020-05-29 12:00:00+08:00,7.7878113,294.2613,20.7,1008.0513,61.157925,474.0,553.1726,131.0,12.95,0.0,0.0,,1.0
2020-05-29 13:00:00+08:00,8.246211,292.83368,21.15,1007.568,55.89442,532.0,625.51776,133.0,12.0,0.0,0.1,,1.0
2020-05-29 14:00:00+08:00,9.340771,285.52417,20.45,1007.0526,59.517635,424.0,503.13977,122.0,12.3,0.0,0.1,,1.0
2020-05-29 15:00:00+08:00,8.764131,286.5741,18.65,1007.3981,76.56744,321.0,445.35706,94.0,14.45,0.0,0.4,,1.0
2020-05-29 16:00:00+08:00,7.1309185,284.6209,18.2,1007.8809,84.26199,211.0,394.6746,64.0,15.5,0.0,0.6,,1.0
2020-05-29 17:00:00+08:00,6.332456,291.29742,17.55,1008.1597,89.196045,67.0,101.08766,47.0,15.75,0.0,0.3,,1.0
2020-05-29 18:00:00+08:00,6.312686,273.63287,18.05,1008.47156,83.70635,8.0,42.050545,5.0,15.25,0.0,0.1,,0.0
2020-05-29 19:00:00+08:00,8.2,257.3196,17.3,1009.24335,81.48425,0.0,0.0,0.0,14.1,0.0,0.6,,0.0
2020-05-29 20:00:00+08:00,8.616263,248.19853,16.9,1009.13245,86.87836,0.0,0.0,0.0,14.7,0.0,1.0,,0.0
2020-05-29 21:00:00+08:00,5.9464273,227.72638,17.45,1009.545,87.489876,0.0,0.0,0.0,15.35,0.0,0.3,,0.0
2020-05-29 22:00:00+08:00,6.0605283,217.6263,16.8,1009.8238,84.651855,0.0,0.0,0.0,14.2,0.0,0.3,,0.0
2020-05-29 23:00:00+08:00,7.169379,210.1413,17.35,1010.4347,73.42218,0.0,0.0,0.0,12.55,0.0,0.1,,0.0
2020-05-30 00:00:00+08:00,7.066117,206.9276,16.8,1010.7163,70.47783,0.0,0.0,0.0,11.4,0.0,0.0,,0.0
2020-05-30 01:00:00+08:00,6.815424,202.4259,16.55,1010.80817,67.676895,0.0,0.0,0.0,10.55,0.0,0.0,,0.0
2020-05-30 02:00:00+08:00,5.9135437,198.74144,16.35,1011.0999,65.8518,0.0,0.0,0.0,9.95,0.0,0.0,,0.0
2020-05-30 03:00:00+08:00,4.9396358,201.37068,15.95,1011.1874,57.440487,0.0,0.0,0.0,7.55,0.0,0.0,,0.0
2020-05-30 04:00:00+08:00,4.438468,202.52061,15.6,1011.4745,58.34111,0.0,0.0,0.0,7.45,0.0,0.0,,0.0
2020-05-30 05:00:00+08:00,3.9849718,197.52567,15.45,1011.5691,58.10508,0.0,0.0,0.0,7.25,0.0,0.0,,0.0
2020-05-30 06:00:00+08:00,3.7854989,192.20045,15.95,1012.07983,57.440487,0.0,0.0,0.0,7.55,0.0,0.0,,0.0
2020-05-30 07:00:00+08:00,2.828427,188.13002,15.75,1012.6689,55.0799,0.0,0.0,0.0,6.75,0.0,0.0,,0.0
2020-05-30 08:00:00+08:00,1.746425,166.75948,15.7,1013.36176,65.491104,26.0,56.386444,20.0,9.25,0.0,0.0,,1.0
2020-05-30 09:00:00+08:00,1.9416487,168.11136,17.15,1013.999,59.31844,133.0,198.34543,81.0,9.15,0.0,0.0,,1.0
2020-05-30 10:00:00+08:00,3.306055,183.46815,17.85,1014.81274,55.61859,270.0,296.8008,144.0,8.85,0.0,0.0,,1.0
2020-05-30 11:00:00+08:00,3.8275316,199.8553,17.8,1014.9104,57.70561,288.0,194.17892,182.0,9.35,0.0,0.1,,1.0
2020-05-30 12:00:00+08:00,3.758989,208.61037,18.15,1014.2264,55.69489,412.0,357.61508,191.0,9.15,0.0,0.0,,1.0
2020-05-30 13:00:00+08:00,4.0706263,207.824,18.25,1014.0309,55.346397,443.0,457.6188,152.0,9.15,0.0,0.0,,1.0
2020-05-30 14:00:00+08:00,4.1629314,204.10223,18.2,1013.9304,55.147507,436.0,479.5951,149.0,9.05,0.0,0.0,,1.0
2020-05-30 15:00:00+08:00,4.204759,205.34613,17.7,1013.8166,59.650833,365.0,456.60187,133.0,9.75,0.0,0.0,,1.0
2020-05-30 16:00:00+08:00,3.8910153,205.90645,17.35,1014.5006,59.96827,200.0,220.9682,118.0,9.5,0.0,0.0,,1.0
2020-05-30 17:00:00+08:00,3.443835,205.82094,16.9,1014.8842,61.49376,101.0,182.9857,65.0,9.45,0.0,0.0,,1.0
2020-05-30 18:00:00+08:00,2.0024984,182.86235,16.0,1015.15533,67.112656,9.0,42.361546,6.0,9.9,0.0,0.0,,0.0
2020-05-30 19:00:00+08:00,1.9416488,145.49142,15.6,1015.3419,70.717,0.0,0.0,0.0,10.3,0.0,0.0,,0.0
2020-05-30 20:00:00+08:00,2.4596748,153.43501,15.1,1015.7238,77.52656,0.0,0.0,0.0,11.2,0.0,0.0,,0.0
2020-05-30 21:00:00+08:00,2.1023796,115.34614,14.5,1016.0035,81.92724,0.0,0.0,0.0,11.45,0.0,0.0,,0.0
2020-05-30 22:00:00+08:00,2.5079873,94.57384,14.05,1016.28754,83.514305,0.0,0.0,0.0,11.3,0.0,0.0,,0.0
2020-05-30 23:00:00+08:00,2.6,90.0,13.75,1016.08026,82.103806,0.0,0.0,0.0,10.75,0.0,0.0,,0.0
2020-05-31 00:00:00+08:00,2.236068,79.69521,13.65,1015.9782,82.36471,0.0,0.0,0.0,10.7,0.0,0.0,,0.0
2020-05-31 01:00:00+08:00,2.0248456,69.775055,13.3,1015.9678,84.26293,0.0,0.0,0.0,10.7,0.0,0.0,,0.0
2020-05-31 02:00:00+08:00,1.7088008,69.44387,12.4,1015.8415,88.19074,0.0,0.0,0.0,10.5,0.0,0.0,,0.0
2020-05-31 03:00:00+08:00,1.7492856,59.03632,12.1,1015.8323,88.16457,0.0,0.0,0.0,10.2,0.0,0.0,,0.0
2020-05-31 04:00:00+08:00,1.9849433,49.085716,11.8,1016.02167,88.73017,0.0,0.0,0.0,10.0,0.0,0.0,,0.0
2020-05-31 05:00:00+08:00,2.0518284,46.97493,11.75,1016.1192,88.429535,0.0,0.0,0.0,9.9,0.0,0.0,,0.0
2020-05-31 06:00:00+08:00,2.1400933,52.594578,12.0,1016.42426,86.6934,0.0,0.0,0.0,9.85,0.0,0.0,,0.0
2020-05-31 07:00:00+08:00,2.4413111,55.0079,11.95,1016.81934,86.10937,0.0,0.0,0.0,9.7,0.0,0.0,,0.0
2020-05-31 08:00:00+08:00,3.310589,64.98315,12.6,1017.7315,85.03198,38.0,189.71541,18.0,10.15,0.0,0.0,,1.0
2020-05-31 09:00:00+08:00,2.5079873,66.50142,15.65,1018.41754,74.83908,194.0,522.6214,58.0,11.2,0.0,0.0,,1.0
2020-05-31 10:00:00+08:00,2.2022717,92.60251,17.5,1018.8685,66.75809,301.0,468.63263,103.0,11.25,0.0,0.0,,1.0
2020-05-31 11:00:00+08:00,2.6172504,136.54811,18.45,1018.5988,66.298904,398.0,378.7807,192.0,12.05,0.0,0.0,,1.0
2020-05-31 12:00:00+08:00,2.7294688,151.55717,18.8,1017.71606,64.22525,305.0,141.23529,218.0,11.9,0.0,0.1,,1.0
2020-05-31 13:00:00+08:00,2.8231187,157.06787,19.35,1017.0379,62.060192,381.0,280.7479,203.0,11.9,0.0,0.0,,1.0
2020-05-31 14:00:00+08:00,3.275668,148.73633,19.35,1016.4429,62.264996,358.0,268.1388,198.0,11.95,0.0,0.1,,1.0
2020-05-31 15:00:00+08:00,3.3241541,136.2188,19.4,1016.2458,61.05669,256.0,157.9182,176.0,11.7,0.0,0.0,,1.0
2020-05-31 16:00:00+08:00,3.2449963,123.690094,19.65,1016.64984,57.393707,225.0,275.81018,123.0,11.0,0.0,0.0,,1.0
2020-05-31 17:00:00+08:00,2.4758837,136.63654,19.15,1017.03217,58.037853,95.0,173.72704,61.0,10.7,0.0,0.0,,1.0
2020-05-31 18:00:00+08:00,2.6172504,173.41815,17.85,1016.9945,71.61129,8.0,14.217549,7.0,12.65,0.0,0.0,,0.0
2020-05-31 19:00:00+08:00,3.026549,172.40544,16.7,1017.35767,84.640915,0.0,0.0,0.0,14.1,0.0,0.0,,0.0
2020-05-31 20:00:00+08:00,2.4839485,139.89915,15.9,1017.9291,85.66193,0.0,0.0,0.0,13.5,0.0,0.0,,0.0
2020-05-31 21:00:00+08:00,2.8178005,117.47435,15.55,1018.01794,84.23874,0.0,0.0,0.0,12.9,0.0,0.0,,0.0
2020-05-31 22:00:00+08:00,2.280351,105.25517,14.1,1017.87573,88.337456,0.0,0.0,0.0,12.2,0.0,0.0,,0.0
2020-05-31 23:00:00+08:00,2.2203605,97.76508,13.35,1017.6547,87.690926,0.0,0.0,0.0,11.35,0.0,0.0,,0.0
2020-06-01 00:00:00+08:00,2.570992,103.49575,12.95,1017.4446,86.21027,0.0,0.0,0.0,10.7,0.0,0.0,,0.0
2020-06-01 01:00:00+08:00,2.9832869,103.57046,12.85,1017.24304,82.81653,0.0,0.0,0.0,10.0,0.0,0.0,,0.0
2020-06-01 02:00:00+08:00,3.0066593,93.814,12.55,1017.03577,81.129005,0.0,0.0,0.0,9.4,0.0,0.0,,0.0
2020-06-01 03:00:00+08:00,3.0016663,91.90912,12.25,1017.02686,81.91209,0.0,0.0,0.0,9.25,0.0,0.0,,0.0
2020-06-01 04:00:00+08:00,3.5057096,93.270424,12.2,1016.9261,82.458725,0.0,0.0,0.0,9.3,0.0,0.0,,0.0
2020-06-01 05:00:00+08:00,3.945884,98.74608,12.5,1016.93506,83.05156,0.0,0.0,0.0,9.7,0.0,0.0,,0.0
2020-06-01 06:00:00+08:00,4.341659,97.94338,12.55,1017.23413,84.74278,0.0,0.0,0.0,10.05,0.0,0.0,,0.0
2020-06-01 07:00:00+08:00,4.704253,92.4366,12.35,1017.82306,85.57566,0.0,0.0,0.0,10.0,0.0,0.0,,0.0
2020-06-01 08:00:00+08:00,5.315073,85.68405,13.2,1018.5426,79.06852,43.0,220.16695,20.0,9.65,0.0,0.0,,1.0
2020-06-01 09:00:00+08:00,5.6142673,85.91447,15.7,1018.8158,69.33336,206.0,572.86194,58.0,10.1,0.0,0.0,,1.0
2020-06-01 10:00:00+08:00,5.830952,84.093956,18.0,1018.6848,60.526295,385.0,758.5113,66.0,10.25,0.0,0.0,,1.0
2020-06-01 11:00:00+08:00,5.7870545,80.04944,19.8,1018.2411,53.374653,517.0,804.58075,81.0,10.05,0.0,0.0,,1.0
2020-06-01 12:00:00+08:00,5.4341516,77.24247,20.45,1017.3671,50.08362,447.0,291.48578,268.0,9.7,0.0,0.0,,1.0
2020-06-01 13:00:00+08:00,5.1623635,81.08515,21.7,1016.0139,44.850655,603.0,765.53687,119.0,9.2,0.0,0.0,,1.0
2020-06-01 14:00:00+08:00,4.704253,87.56341,22.1,1015.13275,43.62197,569.0,791.4824,98.0,9.15,0.0,0.0,,1.0
2020-06-01 15:00:00+08:00,4.3104525,93.99084,22.2,1014.6398,42.920994,450.0,665.11365,114.0,9.0,0.0,0.0,,1.0
2020-06-01 16:00:00+08:00,3.8470767,98.97255,21.85,1014.72894,43.699104,311.0,613.0712,85.0,8.95,0.0,0.0,,1.0
2020-06-01 17:00:00+08:00,2.7730849,115.64096,20.05,1014.7769,49.976105,142.0,472.36044,50.0,9.3,0.0,0.0,,1.0
2020-06-01 18:00:00+08:00,3.0528674,121.60746,17.7,1015.1058,55.58037,13.0,85.842926,7.0,8.7,0.0,0.0,,0.0
2020-06-01 19:00:00+08:00,3.535534,118.7397,16.8,1015.6746,58.24093,0.0,0.0,0.0,8.55,0.0,0.0,,0.0
2020-06-01 20:00:00+08:00,4.0249224,116.56499,16.8,1015.5755,56.683083,0.0,0.0,0.0,8.15,0.0,0.0,,0.0
2020-06-01 21:00:00+08:00,4.7434163,108.43504,15.95,1015.4515,59.63159,0.0,0.0,0.0,8.1,0.0,0.0,,0.0
2020-06-01 22:00:00+08:00,4.491102,101.560104,15.3,1015.5312,62.58897,0.0,0.0,0.0,8.2,0.0,0.0,,0.0
2020-06-01 23:00:00+08:00,4.704253,92.4366,14.9,1015.4203,65.76062,0.0,0.0,0.0,8.55,0.0,0.0,,0.0
2020-06-02 00:00:00+08:00,4.9010205,91.16911,14.55,1015.3109,67.489265,0.0,0.0,0.0,8.6,0.0,0.0,,0.0
2020-06-02 01:00:00+08:00,5.124451,84.40076,14.45,1015.2086,67.468414,0.0,0.0,0.0,8.5,0.0,0.0,,0.0
2020-06-02 02:00:00+08:00,6.053098,82.40546,14.6,1014.3206,65.47311,0.0,0.0,0.0,8.2,0.0,0.0,,0.0
2020-06-02 03:00:00+08:00,6.2968245,79.93938,14.7,1013.82794,63.739586,0.0,0.0,0.0,7.9,0.0,0.0,,0.0
2020-06-02 04:00:00+08:00,6.258594,77.074,15.15,1013.5438,60.04973,0.0,0.0,0.0,7.45,0.0,0.0,,0.0
2020-06-02 05:00:00+08:00,6.0876927,75.73545,14.55,1013.6252,60.11064,0.0,0.0,0.0,6.9,0.0,0.0,,0.0
2020-06-02 06:00:00+08:00,6.2641835,73.300674,14.55,1013.7243,57.682034,0.0,0.0,0.0,6.3,0.0,0.0,,0.0
2020-06-02 07:00:00+08:00,6.053924,67.6713,14.75,1014.0275,54.25407,0.0,0.0,0.0,5.6,0.0,0.0,,0.0
2020-06-02 08:00:00+08:00,6.71193,65.344124,15.2,1014.93335,53.811344,41.0,202.80981,20.0,5.9,0.0,0.0,,1.0
2020-06-02 09:00:00+08:00,6.9354167,65.28258,17.2,1014.99225,49.03316,191.0,452.1577,75.0,6.4,0.0,0.0,,1.0
2020-06-02 10:00:00+08:00,6.6887965,58.44866,19.65,1014.9639,42.637684,372.0,687.85095,84.0,6.6,0.0,0.0,,1.0
2020-06-02 11:00:00+08:00,6.466065,50.648273,21.5,1014.7191,38.9674,493.0,714.7727,107.0,6.95,0.0,0.0,,1.0
2020-06-02 12:00:00+08:00,6.0959,48.99101,22.85,1013.46765,36.762104,583.0,756.1772,120.0,7.3,0.0,0.0,,1.0
2020-06-02 13:00:00+08:00,5.4451814,45.74398,23.9,1012.70337,34.50479,601.0,758.07025,123.0,7.3,0.0,0.0,,1.0
2020-06-02 14:00:00+08:00,4.527693,43.210114,24.5,1012.02594,32.60873,568.0,780.03357,105.0,7.0,0.0,0.0,,1.0
2020-06-02 15:00:00+08:00,3.9698865,49.085716,24.6,1011.6317,31.42835,476.0,793.8735,76.0,6.55,0.0,0.0,,1.0
2020-06-02 16:00:00+08:00,3.354102,63.435013,23.75,1011.31067,35.53794,275.0,492.45737,94.0,7.6,0.0,0.0,,1.0
2020-06-02 17:00:00+08:00,2.7730849,64.35905,21.75,1011.4532,39.711475,140.0,500.23224,43.0,7.45,0.0,0.0,,1.0
2020-06-02 18:00:00+08:00,2.4698176,58.240574,18.6,1012.1567,46.628063,10.0,57.555588,6.0,6.95,0.0,0.0,,0.0
2020-06-02 19:00:00+08:00,2.0248456,69.775055,18.35,1012.9428,45.607834,0.0,0.0,0.0,6.4,0.0,0.0,,0.0
2020-06-02 20:00:00+08:00,3.1256998,82.64771,18.8,1013.055,44.49413,0.0,0.0,0.0,6.45,0.0,0.0,,0.0
2020-06-02 21:00:00+08:00,4.244997,74.98159,18.15,1013.13544,46.342976,0.0,0.0,0.0,6.45,0.0,0.0,,0.0
2020-06-02 22:00:00+08:00,4.4777226,66.29735,17.9,1013.3267,46.113808,0.0,0.0,0.0,6.15,0.0,0.0,,0.0
2020-06-02 23:00:00+08:00,4.7010636,60.708733,18.25,1013.3367,42.238728,0.0,0.0,0.0,5.2,0.0,0.0,,0.0
2020-06-03 00:00:00+08:00,5.215362,57.528828,18.45,1013.04517,40.42552,0.0,0.0,0.0,4.75,0.0,0.0,,0.0
2020-06-03 01:00:00+08:00,5.72014,53.530666,18.0,1012.933,41.294178,0.0,0.0,0.0,4.65,0.0,0.0,,0.0
2020-06-03 02:00:00+08:00,6.0440054,51.044094,18.0,1012.7346,40.863686,0.0,0.0,0.0,4.5,0.0,0.0,,0.0
2020-06-03 03:00:00+08:00,6.453681,49.3988,17.8,1012.5303,41.092712,0.0,0.0,0.0,4.4,0.0,0.0,,0.0
2020-06-03 04:00:00+08:00,4.9819674,51.51978,17.3,1012.31757,41.966427,0.0,0.0,0.0,4.25,0.0,0.0,,0.0
2020-06-03 05:00:00+08:00,3.310589,64.98315,17.3,1012.61505,42.856567,0.0,0.0,0.0,4.55,0.0,0.0,,0.0
2020-06-03 06:00:00+08:00,1.8973665,71.564964,15.95,1013.0715,48.688873,0.0,0.0,0.0,5.15,0.0,0.0,,0.0
2020-06-03 07:00:00+08:00,3.2015622,75.52967,15.45,1013.4532,49.40445,0.0,0.0,0.0,4.9,0.0,0.0,,0.0
2020-06-03 08:00:00+08:00,5.6859474,55.750916,16.7,1014.0851,46.41824,30.0,155.87003,14.0,5.15,0.0,0.0,,1.0
2020-06-03 09:00:00+08:00,6.074537,57.094753,17.65,1014.31116,45.56853,76.0,117.74307,46.0,5.75,0.0,0.0,,1.0
2020-06-03 10:00:00+08:00,5.920304,52.549347,19.05,1014.1532,43.05726,178.0,213.48618,89.0,6.2,0.0,0.0,,1.0
2020-06-03 11:00:00+08:00,5.390733,49.51408,20.55,1013.6012,39.914703,266.0,278.68872,116.0,6.45,0.0,0.0,,1.0
2020-06-03 12:00:00+08:00,4.3863425,46.8476,22.05,1012.7508,37.68001,315.0,286.62057,140.0,6.95,0.0,0.0,,1.0
2020-06-03 13:00:00+08:00,3.8209944,47.12111,23.7,1012.00366,34.2128,449.0,437.23874,174.0,7.0,0.0,0.0,,1.0
2020-06-03 14:00:00+08:00,2.9206164,38.047092,24.35,1011.32715,32.01203,410.0,401.93546,172.0,6.6,0.0,0.0,,1.0
2020-06-03 15:00:00+08:00,1.8439089,40.601215,24.4,1011.32874,31.916306,345.0,449.62875,119.0,6.6,0.0,0.0,,1.0
2020-06-03 16:00:00+08:00,0.82462114,75.96373,24.1,1011.51886,35.036167,286.0,583.82153,72.0,7.7,0.0,0.0,,1.0
2020-06-03 17:00:00+08:00,1.2727922,135.0001,21.6,1011.8454,55.82348,136.0,486.67014,42.0,12.4,0.0,0.0,,1.0
2020-06-03 18:00:00+08:00,2.280351,105.25517,18.35,1012.2486,53.17545,11.0,72.30767,6.0,8.65,0.0,0.0,,0.0
2020-06-03 19:00:00+08:00,1.811077,83.659904,17.7,1012.6265,50.19085,0.0,0.0,0.0,7.2,0.0,0.0,,0.0
2020-06-03 20:00:00+08:00,2.0024984,87.13766,17.15,1012.9082,52.32102,0.0,0.0,0.0,7.3,0.0,0.0,,0.0
2020-06-03 21:00:00+08:00,2.3537204,77.735245,16.6,1013.18976,53.624905,0.0,0.0,0.0,7.15,0.0,0.0,,0.0
2020-06-03 22:00:00+08:00,2.624881,72.25524,16.2,1013.37634,53.15354,0.0,0.0,0.0,6.65,0.0,0.0,,0.0
2020-06-03 23:00:00+08:00,2.9410882,72.18102,15.9,1013.06995,51.808388,0.0,0.0,0.0,6.0,0.0,0.0,,0.0
2020-06-04 00:00:00+08:00,3.383785,71.0295,15.75,1012.86725,50.179188,0.0,0.0,0.0,5.4,0.0,0.0,,0.0
2020-06-04 01:00:00+08:00,3.6055512,70.559875,16.1,1012.57983,47.72423,0.0,0.0,0.0,5.0,0.0,0.0,,0.0
2020-06-04 02:00:00+08:00,3.8910153,64.09355,16.5,1012.19495,45.720184,0.0,0.0,0.0,4.75,0.0,0.0,,0.0
2020-06-04 03:00:00+08:00,4.031129,60.255207,16.6,1011.9006,44.957245,0.0,0.0,0.0,4.6,0.0,0.0,,0.0
2020-06-04 04:00:00+08:00,3.9824615,61.504463,16.45,1011.59863,44.757885,0.0,0.0,0.0,4.4,0.0,0.0,,0.0
2020-06-04 05:00:00+08:00,3.9446166,59.53454,16.3,1011.69336,44.872112,0.0,0.0,0.0,4.3,0.0,0.0,,0.0
2020-06-04 06:00:00+08:00,3.8078864,60.068577,16.1,1011.88574,45.130547,0.0,0.0,0.0,4.2,0.0,0.0,,0.0
2020-06-04 07:00:00+08:00,3.8078864,60.068577,15.75,1012.5697,45.828434,0.0,0.0,0.0,4.1,0.0,0.0,,0.0
2020-06-04 08:00:00+08:00,3.9446166,59.53454,16.35,1013.18243,45.677814,39.0,235.83345,15.0,4.6,0.0,0.0,,1.0
2020-06-04 09:00:00+08:00,3.9115214,57.528828,19.75,1013.6773,41.50806,203.0,604.58356,50.0,6.3,0.0,0.0,,1.0
2020-06-04 10:00:00+08:00,3.0610456,51.632477,23.1,1013.9705,37.08541,366.0,710.628,71.0,7.65,0.0,0.0,,1.0
2020-06-04 11:00:00+08:00,2.0518284,43.02507,25.3,1013.83325,33.397705,479.0,736.26056,84.0,8.05,0.0,0.0,,1.0
2020-06-04 12:00:00+08:00,0.6,360.0,26.35,1013.267,29.92139,578.0,806.3645,87.0,7.35,0.0,0.0,,1.0
2020-06-04 13:00:00+08:00,1.3453624,221.98714,26.15,1012.56726,34.90656,591.0,793.7187,93.0,9.45,0.0,0.0,,1.0
2020-06-04 14:00:00+08:00,2.5806975,215.53777,25.3,1011.94867,45.69341,529.0,732.9105,96.0,12.75,0.0,0.0,,1.0
2020-06-04 15:00:00+08:00,2.863564,204.77512,24.4,1011.7255,52.475925,398.0,552.3318,121.0,14.05,0.0,0.0,,1.0
2020-06-04 16:00:00+08:00,2.6683328,192.99461,23.25,1011.99097,55.68986,250.0,443.04114,88.0,13.9,0.0,0.0,,1.0
2020-06-04 17:00:00+08:00,1.8248286,170.53775,21.6,1012.14294,57.871437,121.0,374.0534,49.0,12.95,0.0,0.0,,1.0
2020-06-04 18:00:00+08:00,2.147091,152.24155,20.6,1012.5114,56.49819,9.0,29.048775,7.0,11.65,0.0,0.0,,0.0
2020-06-04 19:00:00+08:00,2.3706539,152.35411,20.65,1013.10803,56.138714,0.0,0.0,0.0,11.6,0.0,0.0,,0.0
2020-06-04 20:00:00+08:00,1.9798989,135.0001,18.95,1013.25775,72.04755,0.0,0.0,0.0,13.8,0.0,0.0,,0.0
2020-06-04 21:00:00+08:00,1.868154,105.52418,18.3,1013.43744,64.96836,0.0,0.0,0.0,11.6,0.0,0.0,,0.0
2020-06-04 22:00:00+08:00,1.8027756,86.82024,17.9,1013.2276,54.699703,0.0,0.0,0.0,8.65,0.0,0.0,,0.0
2020-06-04 23:00:00+08:00,2.1377556,79.21575,18.75,1013.15295,46.510277,0.0,0.0,0.0,7.05,0.0,0.0,,0.0
2020-06-05 00:00:00+08:00,2.1377556,79.21575,19.1,1012.86523,45.19448,0.0,0.0,0.0,6.95,0.0,0.0,,0.0
2020-06-05 01:00:00+08:00,2.529822,71.564964,19.15,1012.3709,44.59275,0.0,0.0,0.0,6.8,0.0,0.0,,0.0
2020-06-05 02:00:00+08:00,2.7856774,68.96242,18.95,1012.26605,44.6897,0.0,0.0,0.0,6.65,0.0,0.0,,0.0
2020-06-05 03:00:00+08:00,2.7313,66.2505,18.55,1012.05634,45.195255,0.0,0.0,0.0,6.45,0.0,0.0,,0.0
2020-06-05 04:00:00+08:00,2.8792362,69.67678,18.1,1011.94415,46.809624,0.0,0.0,0.0,6.55,0.0,0.0,,0.0
2020-06-05 05:00:00+08:00,3.2893767,70.46326,17.8,1012.13354,48.03013,0.0,0.0,0.0,6.65,0.0,0.0,,0.0
2020-06-05 06:00:00+08:00,3.49285,66.37061,17.85,1012.3335,45.940964,0.0,0.0,0.0,6.05,0.0,0.0,,0.0
2020-06-05 07:00:00+08:00,2.8178005,62.525658,17.15,1012.9082,46.383385,0.0,0.0,0.0,5.55,0.0,0.0,,0.0
2020-06-05 08:00:00+08:00,3.6235344,62.02062,18.75,1013.3513,39.812317,36.0,208.12843,15.0,4.8,0.0,0.0,,1.0
2020-06-05 09:00:00+08:00,4.2520585,48.814175,21.3,1013.72156,35.571404,167.0,433.61487,58.0,5.45,0.0,0.0,,1.0
2020-06-05 10:00:00+08:00,4.313931,44.06091,23.85,1014.1899,31.980862,338.0,599.89026,90.0,6.15,0.0,0.0,,1.0
2020-06-05 11:00:00+08:00,3.8948684,41.877792,25.95,1013.75183,28.903017,499.0,781.5801,81.0,6.5,0.0,0.0,,1.0
2020-06-05 12:00:00+08:00,3.0232434,34.215755,27.4,1012.99805,27.558619,583.0,826.58276,81.0,7.05,0.0,0.0,,1.0
2020-06-05 13:00:00+08:00,1.9313208,21.25058,28.1,1012.62006,27.187963,608.0,843.4683,80.0,7.45,0.0,0.0,,1.0
2020-06-05 14:00:00+08:00,0.31622776,251.56496,27.8,1012.116,29.815903,564.0,824.36505,78.0,8.55,0.0,0.0,,1.0
2020-06-05 15:00:00+08:00,1.8357561,209.35765,26.25,1011.8754,43.90333,465.0,787.2483,71.0,13.0,0.0,0.0,,1.0
2020-06-05 16:00:00+08:00,2.1,180.0,25.05,1011.8424,56.85821,320.0,712.61316,60.0,15.9,0.0,0.0,,1.0
2020-06-05 17:00:00+08:00,1.5811388,161.56496,22.9,1011.9812,67.43462,144.0,536.69183,41.0,16.55,0.0,0.0,,1.0
2020-06-05 18:00:00+08:00,2.5,126.86999,19.7,1011.891,68.09531,12.0,87.46699,6.0,13.65,0.0,0.0,,0.0
2020-06-05 19:00:00+08:00,2.3,90.0,19.65,1012.18695,50.715958,0.0,0.0,0.0,9.15,0.0,0.0,,0.0
2020-06-05 20:00:00+08:00,3.0528674,58.392544,17.55,1012.3248,60.825787,0.0,0.0,0.0,9.9,0.0,0.0,,0.0
2020-06-05 21:00:00+08:00,2.7802877,37.694313,17.0,1012.507,54.09729,0.0,0.0,0.0,7.65,0.0,0.0,,0.0
2020-06-05 22:00:00+08:00,2.842534,50.710617,16.8,1012.303,50.464867,0.0,0.0,0.0,6.45,0.0,0.0,,0.0
2020-06-05 23:00:00+08:00,3.275668,58.736336,16.7,1012.10175,48.39111,0.0,0.0,0.0,5.75,0.0,0.0,,0.0
2020-06-06 00:00:00+08:00,3.1890438,41.185825,16.65,1012.10016,48.882004,0.0,0.0,0.0,5.85,0.0,0.0,,0.0
2020-06-06 01:00:00+08:00,2.607681,32.471172,17.4,1011.92377,45.027054,0.0,0.0,0.0,5.35,0.0,0.0,,0.0
2020-06-06 02:00:00+08:00,3.405877,40.236294,14.85,1011.74994,52.97896,0.0,0.0,0.0,5.35,0.0,0.0,,0.0
2020-06-06 03:00:00+08:00,2.6627054,34.286938,16.55,1011.4032,41.45721,0.0,0.0,0.0,3.4,0.0,0.0,,0.0
2020-06-06 04:00:00+08:00,3.7443287,34.114517,17.55,1011.4324,35.74058,0.0,0.0,0.0,2.2,0.0,0.0,,0.0
2020-06-06 05:00:00+08:00,4.7201695,36.38445,17.85,1011.34174,33.963108,0.0,0.0,0.0,1.75,0.0,0.0,,0.0
2020-06-06 06:00:00+08:00,5.2801514,37.30404,18.1,1011.5474,32.95844,0.0,0.0,0.0,1.55,0.0,0.0,,0.0
2020-06-06 07:00:00+08:00,5.8137765,40.814987,17.9,1012.03754,32.9005,0.0,0.0,0.0,1.35,0.0,0.0,,0.0
2020-06-06 08:00:00+08:00,5.60803,39.936325,18.75,1013.0538,32.794064,33.0,89.95502,24.0,2.05,0.0,0.0,,1.0
2020-06-06 09:00:00+08:00,5.5605755,37.694313,20.85,1013.6097,31.46016,159.0,276.30698,90.0,3.3,0.0,0.0,,1.0
2020-06-06 10:00:00+08:00,3.324154,21.161337,22.9,1013.8657,30.307192,293.0,325.44556,159.0,4.55,0.0,0.0,,1.0
2020-06-06 11:00:00+08:00,1.8439089,282.5288,24.05,1013.997,30.314596,456.0,585.1508,144.0,5.55,0.0,0.0,,1.0
2020-06-06 12:00:00+08:00,1.9416487,258.11136,23.6,1013.19104,39.966507,459.0,386.2616,225.0,9.2,0.0,0.0,,1.0
2020-06-06 13:00:00+08:00,1.8788295,244.7989,24.05,1012.2117,43.294125,544.0,566.7353,190.0,10.8,0.0,0.0,,1.0
2020-06-06 14:00:00+08:00,2.8319604,222.13753,23.5,1011.7004,45.954903,468.0,445.2879,206.0,11.2,0.0,0.0,,1.0
2020-06-06 15:00:00+08:00,2.9206164,218.04709,22.35,1011.47,43.691917,339.0,262.24216,208.0,9.4,0.0,0.0,,1.0
2020-06-06 16:00:00+08:00,1.0198039,191.30989,21.7,1011.45154,43.363087,215.0,183.99095,148.0,8.7,0.0,0.0,,1.0
2020-06-06 17:00:00+08:00,1.0630146,131.18582,20.4,1011.31555,61.691402,82.0,62.68336,70.0,12.8,0.0,0.0,,1.0
2020-06-06 18:00:00+08:00,1.5231546,113.19862,19.0,1011.37476,54.61447,7.0,14.621426,6.0,9.65,0.0,0.0,,0.0
2020-06-06 19:00:00+08:00,1.8027756,86.82024,18.6,1010.9666,46.150833,0.0,0.0,0.0,6.8,0.0,0.0,,0.0
2020-06-06 20:00:00+08:00,2.657066,70.20104,17.85,1010.9451,48.209156,0.0,0.0,0.0,6.75,0.0,0.0,,0.0
2020-06-06 21:00:00+08:00,2.118962,70.70986,16.1,1011.09235,54.606255,0.0,0.0,0.0,6.95,0.0,0.0,,0.0
2020-06-06 22:00:00+08:00,0.6324555,108.43504,17.8,1011.2411,48.527393,0.0,0.0,0.0,6.8,0.0,0.0,,0.0
2020-06-06 23:00:00+08:00,0.7,90.0,17.85,1011.34174,48.70788,0.0,0.0,0.0,6.9,0.0,0.0,,0.0
2020-06-07 00:00:00+08:00,1.4142135,98.13002,15.85,1010.8868,55.866356,0.0,0.0,0.0,7.05,0.0,0.0,,0.0
2020-06-07 01:00:00+08:00,2.0124612,116.56499,15.5,1010.6783,57.91916,0.0,0.0,0.0,7.25,0.0,0.0,,0.0
2020-06-07 02:00:00+08:00,1.9104972,132.87889,16.05,1011.09106,56.880608,0.0,0.0,0.0,7.5,0.0,0.0,,0.0
2020-06-07 03:00:00+08:00,3.6235344,152.02061,17.6,1010.8386,69.937126,0.0,0.0,0.0,12.05,0.0,0.0,,0.0
2020-06-07 04:00:00+08:00,2.9732137,137.72638,17.45,1010.63586,82.03247,0.0,0.0,0.0,14.35,0.0,0.0,,0.0
2020-06-07 05:00:00+08:00,1.8439089,192.5288,16.45,1010.8053,91.72909,0.0,0.0,0.0,15.1,0.0,0.4,,0.0
2020-06-07 06:00:00+08:00,2.3086793,175.03035,16.55,1010.80817,92.62283,0.0,0.0,0.0,15.35,0.0,0.9,,0.0
2020-06-07 07:00:00+08:00,3.940812,144.29323,16.75,1011.0122,92.337494,0.0,0.0,0.0,15.5,0.0,0.5,,0.0
2020-06-07 08:00:00+08:00,5.1107726,120.57915,16.9,1010.8183,93.53491,25.0,70.55045,18.0,15.85,0.0,0.3,,1.0
2020-06-07 09:00:00+08:00,6.5924196,112.28564,18.1,1010.754,89.23909,159.0,366.77167,68.0,16.3,0.0,0.0,,1.0
2020-06-07 10:00:00+08:00,5.5946403,114.27443,19.25,1010.9854,78.15325,237.0,256.01593,132.0,15.35,0.0,0.0,,1.0
2020-06-07 11:00:00+08:00,4.808326,106.9276,20.65,1010.43024,56.510654,335.0,316.0016,167.0,11.7,0.0,0.0,,1.0
2020-06-07 12:00:00+08:00,4.104875,92.79265,21.15,1009.9483,40.777645,309.0,201.86316,187.0,7.3,0.0,0.0,,1.0
2020-06-07 13:00:00+08:00,3.3376637,81.38444,21.8,1009.1732,35.83837,357.0,237.42422,209.0,6.0,0.0,0.0,,1.0
2020-06-07 14:00:00+08:00,2.408319,85.23644,22.85,1008.6076,32.59017,473.0,534.63934,159.0,5.55,0.0,0.0,,1.0
2020-06-07 15:00:00+08:00,1.9104973,96.00892,23.1,1008.5153,30.789894,381.0,501.31165,131.0,4.95,0.0,0.0,,1.0
2020-06-07 16:00:00+08:00,1.9798989,135.0001,22.6,1008.89825,32.406284,292.0,594.16626,76.0,5.25,0.0,0.0,,1.0
2020-06-07 17:00:00+08:00,1.8357561,150.64235,20.25,1009.1296,44.596947,131.0,444.91092,46.0,7.8,0.0,0.0,,1.0
2020-06-07 18:00:00+08:00,2.280351,142.12495,18.15,1009.36694,47.308514,11.0,73.28049,6.0,6.75,0.0,0.0,,0.0
2020-06-07 19:00:00+08:00,2.3430748,129.80553,17.25,1009.936,45.93143,0.0,0.0,0.0,5.5,0.0,0.0,,0.0
2020-06-07 20:00:00+08:00,2.7658634,102.5288,15.95,1010.4932,46.04587,0.0,0.0,0.0,4.35,0.0,0.0,,0.0
2020-06-07 21:00:00+08:00,2.6019223,87.79745,15.2,1010.6694,47.140953,0.0,0.0,0.0,4.0,0.0,0.0,,0.0
2020-06-07 22:00:00+08:00,2.408319,85.23644,14.7,1010.8531,47.499523,0.0,0.0,0.0,3.65,0.0,0.0,,0.0
2020-06-07 23:00:00+08:00,2.8160255,83.88459,14.5,1010.9463,47.610886,0.0,0.0,0.0,3.5,0.0,0.0,,0.0
2020-06-08 00:00:00+08:00,3.4234486,83.29026,14.45,1010.9447,47.42934,0.0,0.0,0.0,3.4,0.0,0.0,,0.0
2020-06-08 01:00:00+08:00,4.031129,82.875084,14.25,1010.5423,45.8881,0.0,0.0,0.0,2.75,0.0,0.0,,0.0
2020-06-08 02:00:00+08:00,4.2579336,80.53775,14.25,1010.34406,43.504486,0.0,0.0,0.0,2.0,0.0,0.0,,0.0
2020-06-08 03:00:00+08:00,4.570558,79.919464,14.3,1010.1469,42.596672,0.0,0.0,0.0,1.75,0.0,0.0,,0.0
2020-06-08 04:00:00+08:00,5.217279,77.82856,14.25,1009.9474,42.734684,0.0,0.0,0.0,1.75,0.0,0.0,,0.0
2020-06-08 05:00:00+08:00,5.4708314,71.89614,14.1,1010.0421,41.633564,0.0,0.0,0.0,1.25,0.0,0.0,,0.0
2020-06-08 06:00:00+08:00,5.4424257,69.56709,14.1,1010.0421,38.59851,0.0,0.0,0.0,0.2,0.0,0.0,,0.0
2020-06-08 07:00:00+08:00,5.536244,69.92838,14.0,1010.63385,36.924255,0.0,0.0,0.0,-0.5,0.0,0.0,,0.0
2020-06-08 08:00:00+08:00,5.5036354,65.29759,14.4,1011.4392,38.40814,38.0,243.87611,14.0,0.4,0.0,0.0,,1.0
2020-06-08 09:00:00+08:00,5.5946403,65.72557,17.0,1011.81287,35.453247,203.0,624.63226,49.0,1.6,0.0,0.0,,1.0
2020-06-08 10:00:00+08:00,5.2325897,63.924713,19.65,1011.98865,31.116945,377.0,768.5238,63.0,2.1,0.0,0.0,,1.0
2020-06-08 11:00:00+08:00,4.5177426,62.30063,21.75,1011.6516,28.432842,515.0,839.3733,70.0,2.65,0.0,0.0,,1.0
2020-06-08 12:00:00+08:00,3.6359317,58.495792,23.3,1011.1991,25.970127,600.0,872.29156,74.0,2.7,0.0,0.0,,1.0
2020-06-08 13:00:00+08:00,3.2449963,56.309914,24.1,1010.22943,23.379278,623.0,880.791,75.0,1.9,0.0,0.0,,1.0
2020-06-08 14:00:00+08:00,2.2472205,57.724377,24.4,1009.74176,22.636686,582.0,868.1128,73.0,1.7,0.0,0.0,,1.0
2020-06-08 15:00:00+08:00,1.3,90.0,24.2,1009.5376,22.665068,480.0,827.4161,68.0,1.55,0.0,0.0,,1.0
2020-06-08 16:00:00+08:00,1.9104973,186.00891,23.2,1009.80756,31.249762,329.0,743.77905,59.0,5.25,0.0,0.0,,1.0
2020-06-08 17:00:00+08:00,3.238827,188.88058,20.45,1009.9287,56.460823,148.0,566.1947,40.0,11.5,0.0,0.0,,1.0
2020-06-08 18:00:00+08:00,3.5693135,168.69011,18.35,1009.96765,66.715706,12.0,88.0879,6.0,12.05,0.0,0.0,,0.0
2020-06-08 19:00:00+08:00,3.4409301,144.46223,17.45,1010.2392,59.390926,0.0,0.0,0.0,9.45,0.0,0.0,,0.0
2020-06-08 20:00:00+08:00,3.482815,129.17365,16.9,1010.5208,50.318638,0.0,0.0,0.0,6.5,0.0,0.0,,0.0
2020-06-08 21:00:00+08:00,3.0413814,117.40749,15.7,1010.8826,48.78935,0.0,0.0,0.0,4.95,0.0,0.0,,0.0
2020-06-08 22:00:00+08:00,3.0066593,93.814,14.6,1011.2466,47.97544,0.0,0.0,0.0,3.7,0.0,0.0,,0.0
2020-06-08 23:00:00+08:00,3.8118236,85.4861,14.8,1010.7568,36.22935,0.0,0.0,0.0,-0.05,0.0,0.0,,0.0
2020-06-09 00:00:00+08:00,4.6389656,82.56869,15.4,1010.4771,32.647335,0.0,0.0,0.0,-0.95,0.0,0.0,,0.0
2020-06-09 01:00:00+08:00,5.3366656,77.00539,15.0,1010.0687,33.25298,0.0,0.0,0.0,-1.05,0.0,0.0,,0.0
2020-06-09 02:00:00+08:00,5.7870545,71.87805,14.95,1010.067,32.754993,0.0,0.0,0.0,-1.3,0.0,0.0,,0.0
2020-06-09 03:00:00+08:00,5.8523498,70.01681,14.85,1009.66754,32.36732,0.0,0.0,0.0,-1.55,0.0,0.0,,0.0
2020-06-09 04:00:00+08:00,5.700877,68.38517,14.75,1009.7636,32.21937,0.0,0.0,0.0,-1.7,0.0,0.0,,0.0
2020-06-09 05:00:00+08:00,5.8694124,66.929565,14.5,1009.8555,32.50326,0.0,0.0,0.0,-1.8,0.0,0.0,,0.0
2020-06-09 06:00:00+08:00,6.1269894,63.853214,14.3,1010.0477,32.564396,0.0,0.0,0.0,-1.95,0.0,0.0,,0.0
2020-06-09 07:00:00+08:00,6.264982,61.389645,14.15,1010.3408,32.640537,0.0,0.0,0.0,-2.05,0.0,0.0,,0.0
2020-06-09 08:00:00+08:00,6.242595,54.782326,14.95,1010.56287,32.875237,38.0,245.83655,14.0,-1.25,0.0,0.0,,1.0
2020-06-09 09:00:00+08:00,6.2625875,51.483044,18.0,1010.85034,30.754126,206.0,640.7417,49.0,0.5,0.0,0.0,,1.0
2020-06-09 10:00:00+08:00,5.7384667,48.53239,20.9,1010.93317,27.300373,381.0,778.71686,64.0,1.35,0.0,0.0,,1.0
2020-06-09 11:00:00+08:00,5.23259,44.999897,23.1,1010.39984,25.009035,516.0,828.38074,78.0,2.0,0.0,0.0,,1.0
2020-06-09 12:00:00+08:00,4.404543,39.47243,24.75,1010.0487,23.635864,593.0,825.9548,96.0,2.6,0.0,0.0,,1.0
2020-06-09 13:00:00+08:00,3.758989,28.610369,25.9,1009.58453,21.839281,620.0,861.42377,85.0,2.45,0.0,0.0,,1.0
2020-06-09 14:00:00+08:00,3.231099,21.801476,26.4,1008.70544,20.53456,565.0,785.7387,105.0,2.0,0.0,0.0,,1.0
2020-06-09 15:00:00+08:00,2.5179358,6.842679,26.3,1008.2066,20.878218,459.0,707.86304,107.0,2.15,0.0,0.0,,1.0
2020-06-09 16:00:00+08:00,1.1313709,44.999897,25.55,1007.9879,28.692928,310.0,615.0425,87.0,6.05,0.0,0.0,,1.0
2020-06-09 17:00:00+08:00,1.0630146,131.18582,23.4,1008.02765,36.171898,131.0,351.65204,64.0,7.55,0.0,0.0,,1.0
2020-06-09 18:00:00+08:00,2.8178005,297.47433,17.9,1008.26904,58.904446,12.0,58.79093,8.0,9.75,0.0,0.0,,0.0
2020-06-09 19:00:00+08:00,2.9274564,262.1468,17.0,1008.73865,82.509285,0.0,0.0,0.0,14.0,0.0,0.0,,0.0
2020-06-09 20:00:00+08:00,1.7262677,280.0079,21.0,1009.54755,63.047485,0.0,0.0,0.0,13.7,0.0,0.0,,0.0
2020-06-09 21:00:00+08:00,1.3038404,4.398633,17.1,1009.4357,74.34795,0.0,0.0,0.0,12.5,0.0,0.0,,0.0
2020-06-09 22:00:00+08:00,1.6552945,25.016869,14.35,1009.2561,79.49918,0.0,0.0,0.0,10.85,0.0,0.0,,0.0
2020-06-09 23:00:00+08:00,1.5231546,23.198618,14.65,1009.0666,71.97,0.0,0.0,0.0,9.65,0.0,0.0,,0.0
2020-06-10 00:00:00+08:00,1.4422206,33.6901,13.95,1008.5502,70.876205,0.0,0.0,0.0,8.75,0.0,0.0,,0.0
2020-06-10 01:00:00+08:00,1.6278821,42.510403,13.7,1008.0469,65.49958,0.0,0.0,0.0,7.35,0.0,0.0,,0.0
2020-06-10 02:00:00+08:00,2.280351,37.875053,13.75,1007.6518,58.68788,0.0,0.0,0.0,5.8,0.0,0.0,,0.0
2020-06-10 03:00:00+08:00,2.6000001,22.61991,13.85,1007.258,57.10898,0.0,0.0,0.0,5.5,0.0,0.0,,0.0
2020-06-10 04:00:00+08:00,3.2695565,23.428713,14.2,1007.1694,60.440125,0.0,0.0,0.0,6.65,0.0,0.0,,0.0
2020-06-10 05:00:00+08:00,3.324154,21.161337,14.2,1006.971,61.69733,0.0,0.0,0.0,6.95,0.0,0.0,,0.0
2020-06-10 06:00:00+08:00,3.2695565,23.428713,14.2,1006.8719,59.614605,0.0,0.0,0.0,6.45,0.0,0.0,,0.0
2020-06-10 07:00:00+08:00,3.4885528,27.29949,14.2,1007.3677,58.1939,0.0,0.0,0.0,6.1,0.0,0.0,,0.0
2020-06-10 08:00:00+08:00,3.176476,28.178495,15.55,1008.00244,62.646477,35.0,185.8229,17.0,8.45,0.0,0.0,,1.0
2020-06-10 09:00:00+08:00,3.443835,25.820946,18.95,1008.1999,54.601627,194.0,562.4781,57.0,9.6,0.0,0.0,,1.0
2020-06-10 10:00:00+08:00,2.9120438,15.945477,22.2,1008.29205,45.59664,372.0,764.2096,62.0,9.9,0.0,0.0,,1.0
2020-06-10 11:00:00+08:00,2.942788,350.21765,24.05,1008.0457,33.73058,509.0,832.3849,70.0,7.1,0.0,0.0,,1.0
2020-06-10 12:00:00+08:00,3.577709,333.43503,24.95,1007.178,28.625605,594.0,865.9057,74.0,5.5,0.0,0.0,,1.0
2020-06-10 13:00:00+08:00,3.753665,318.23978,25.35,1006.29596,28.146168,617.0,874.12616,75.0,5.6,0.0,0.0,,1.0
2020-06-10 14:00:00+08:00,3.7121422,297.25525,25.35,1005.50244,30.365086,572.0,850.1063,75.0,6.7,0.0,0.0,,1.0
2020-06-10 15:00:00+08:00,4.0112343,265.71094,23.75,1004.96277,45.268017,466.0,791.2281,73.0,11.2,0.0,0.0,,1.0
2020-06-10 16:00:00+08:00,3.008322,254.57777,22.75,1004.53815,50.529938,311.0,684.64984,63.0,11.95,0.0,0.0,,1.0
2020-06-10 17:00:00+08:00,1.6763055,287.3541,20.55,1004.576,59.3463,143.0,540.98596,40.0,12.35,0.0,0.0,,1.0
2020-06-10 18:00:00+08:00,2.5238857,303.6901,18.95,1004.828,67.060165,12.0,88.23031,6.0,12.7,0.0,0.0,,0.0
2020-06-10 19:00:00+08:00,2.385372,326.97614,18.1,1004.90295,78.23487,0.0,0.0,0.0,14.25,0.0,0.0,,0.0
2020-06-10 20:00:00+08:00,2.3194828,352.5687,17.65,1005.1875,79.189064,0.0,0.0,0.0,14.0,0.0,0.0,,0.0
2020-06-10 21:00:00+08:00,2.8160255,353.88458,17.7,1005.28796,76.91592,0.0,0.0,0.0,13.6,0.0,0.0,,0.0
2020-06-10 22:00:00+08:00,3.224903,352.87506,18.35,1004.9098,76.76822,0.0,0.0,0.0,14.2,0.0,0.4,,0.0
2020-06-10 23:00:00+08:00,3.4058774,3.3664,18.8,1004.0302,75.36412,0.0,0.0,0.0,14.35,0.0,0.0,,0.0
2020-06-11 00:00:00+08:00,4.7127485,342.7184,18.9,1003.73553,64.24725,0.0,0.0,0.0,12.0,0.0,0.0,,0.0
2020-06-11 01:00:00+08:00,3.4014704,358.31534,18.15,1003.3175,64.507515,0.0,0.0,0.0,11.35,0.0,0.0,,0.0
2020-06-11 02:00:00+08:00,4.365776,339.90466,18.35,1002.9264,71.47002,0.0,0.0,0.0,13.1,0.0,0.0,,0.0
2020-06-11 03:00:00+08:00,3.0413814,350.53775,18.0,1002.52,76.21682,0.0,0.0,0.0,13.75,0.0,0.0,,0.0
2020-06-11 04:00:00+08:00,4.704253,2.4366064,17.7,1002.2137,78.1755,0.0,0.0,0.0,13.85,0.0,0.2,,0.0
2020-06-11 05:00:00+08:00,5.921149,355.15607,17.7,1001.71783,85.57026,0.0,0.0,0.0,15.25,0.0,1.2,,0.0
2020-06-11 06:00:00+08:00,6.0016665,349.43903,17.5,1001.91046,87.49438,0.0,0.0,0.0,15.4,0.0,1.4,,0.0
2020-06-11 07:00:00+08:00,5.4120235,343.90912,17.45,1002.504,89.18816,0.0,0.0,0.0,15.65,0.0,1.0,,0.0
2020-06-11 08:00:00+08:00,6.809552,299.95352,19.3,1002.656,90.46593,15.0,31.206322,12.0,17.7,0.0,1.0,,1.0
2020-06-11 09:00:00+08:00,5.8523498,303.147,19.4,1003.2539,90.47284,53.0,61.94302,38.0,17.8,0.0,3.2,,1.0
2020-06-11 10:00:00+08:00,5.249762,319.63553,20.1,1003.17456,86.62858,152.0,103.887634,110.0,17.8,0.0,0.4,,1.0
2020-06-11 11:00:00+08:00,5.9413805,316.36386,21.35,1002.81305,79.95931,336.0,412.4428,119.0,17.75,0.0,0.1,,1.0
2020-06-11 12:00:00+08:00,6.5802736,306.34756,22.25,1002.2431,71.046,508.0,680.6702,100.0,16.75,0.0,0.1,,1.0
2020-06-11 13:00:00+08:00,6.989278,303.91745,22.85,1001.86304,65.31042,551.0,741.37714,92.0,16.0,0.0,0.0,,1.0
2020-06-11 14:00:00+08:00,7.119691,299.44534,22.65,1001.5598,63.82173,514.0,715.85333,96.0,15.45,0.0,0.0,,1.0
2020-06-11 15:00:00+08:00,7.2449985,290.18588,21.4,1001.5252,72.488884,403.0,622.7212,94.0,16.25,0.0,0.2,,1.0
2020-06-11 16:00:00+08:00,6.3812227,302.1957,20.05,1002.08234,82.093956,176.0,251.40434,85.0,16.9,0.0,0.3,,1.0
2020-06-11 17:00:00+08:00,5.800862,305.88223,19.75,1002.1729,86.86901,78.0,194.3926,41.0,17.5,0.0,0.2,,1.0
2020-06-11 18:00:00+08:00,5.6462374,292.93213,18.9,1002.4463,90.724335,7.0,29.40862,5.0,17.35,0.0,0.4,,0.0
2020-06-11 19:00:00+08:00,4.016217,288.88617,19.05,1002.94653,92.46652,0.0,0.0,0.0,17.8,0.0,0.2,,0.0
2020-06-11 20:00:00+08:00,3.1622777,288.43503,19.1,1002.8487,91.88895,0.0,0.0,0.0,17.75,0.0,0.6,,0.0
2020-06-11 21:00:00+08:00,3.748333,279.21094,19.05,1003.244,89.59564,0.0,0.0,0.0,17.3,0.0,0.7,,0.0
2020-06-11 22:00:00+08:00,3.905125,272.9356,19.15,1002.9494,86.53798,0.0,0.0,0.0,16.85,0.0,0.4,,0.0
2020-06-11 23:00:00+08:00,3.8118236,265.48608,18.8,1002.84015,86.779785,0.0,0.0,0.0,16.55,0.0,0.2,,0.0
2020-06-12 00:00:00+08:00,3.9319208,262.69434,18.5,1002.73254,88.14296,0.0,0.0,0.0,16.5,0.0,0.2,,0.0
2020-06-12 01:00:00+08:00,4.414748,256.9081,18.3,1002.6277,89.53889,0.0,0.0,0.0,16.55,0.0,0.3,,0.0
2020-06-12 02:00:00+08:00,4.2755113,259.21576,18.8,1002.6418,83.2586,0.0,0.0,0.0,15.9,0.0,0.2,,0.0
2020-06-12 03:00:00+08:00,5.0695167,255.14134,18.65,1002.53864,81.657196,0.0,0.0,0.0,15.45,0.0,0.1,,0.0
2020-06-12 04:00:00+08:00,6.003332,240.01845,18.2,1002.5257,85.34805,0.0,0.0,0.0,15.7,0.0,0.0,,0.0
2020-06-12 05:00:00+08:00,5.7982755,237.6804,17.75,1002.9094,82.33514,0.0,0.0,0.0,14.7,0.0,0.1,,0.0
2020-06-12 06:00:00+08:00,5.185557,230.4774,17.55,1003.3996,89.76816,0.0,0.0,0.0,15.85,0.0,0.3,,0.0
2020-06-12 07:00:00+08:00,5.5317264,229.39879,17.1,1004.3781,90.892006,0.0,0.0,0.0,15.6,0.0,0.6,,0.0
2020-06-12 08:00:00+08:00,7.029225,230.19447,18.55,1004.61835,75.56735,18.0,41.914684,14.0,14.15,0.0,0.5,,1.0
2020-06-12 09:00:00+08:00,6.6843095,218.92755,19.1,1005.8239,79.3946,128.0,323.90408,50.0,15.45,0.0,0.2,,1.0
2020-06-12 10:00:00+08:00,7.1610055,215.90982,18.35,1006.89325,80.05883,182.0,141.44331,125.0,14.85,0.0,0.5,,1.0
2020-06-12 11:00:00+08:00,6.6287255,213.92984,18.8,1006.80707,82.7282,347.0,453.38055,109.0,15.8,0.0,0.2,,1.0
2020-06-12 12:00:00+08:00,7.8390055,209.83545,19.5,1006.5298,68.72253,274.0,192.18695,159.0,13.6,0.0,0.2,,1.0
2020-06-12 13:00:00+08:00,8.381527,199.51596,19.85,1006.1428,63.20228,409.0,412.43686,154.0,12.65,0.0,0.2,,1.0
2020-06-12 14:00:00+08:00,7.5538073,186.84268,18.65,1006.4063,76.07415,421.0,526.3217,114.0,14.35,0.0,0.2,,1.0
2020-06-12 15:00:00+08:00,7.5026665,181.5275,18.35,1006.7941,73.83699,299.0,314.6364,143.0,13.6,0.0,0.1,,1.0
2020-06-12 16:00:00+08:00,7.605919,177.73955,18.15,1007.4827,68.004196,204.0,292.98947,98.0,12.15,0.0,0.2,,1.0
2020-06-12 17:00:00+08:00,7.045566,173.4803,17.85,1007.97003,63.591454,110.0,357.22403,42.0,10.85,0.0,0.1,,1.0
2020-06-12 18:00:00+08:00,6.432729,168.34074,17.1,1008.34485,63.423145,10.0,58.779377,6.0,10.1,0.0,0.0,,0.0
2020-06-12 19:00:00+08:00,5.9808025,159.44388,16.5,1009.1207,65.22629,0.0,0.0,0.0,9.95,0.0,0.0,,0.0
2020-06-12 20:00:00+08:00,5.3009434,144.21094,15.5,1009.98413,72.1271,0.0,0.0,0.0,10.5,0.0,0.0,,0.0
2020-06-12 21:00:00+08:00,5.2430906,124.902565,14.9,1010.6605,71.53559,0.0,0.0,0.0,9.8,0.0,0.1,,0.0
2020-06-12 22:00:00+08:00,5.3413477,128.15727,14.35,1011.1402,64.31479,0.0,0.0,0.0,7.7,0.0,0.0,,0.0
2020-06-12 23:00:00+08:00,4.9396353,121.75944,14.15,1011.4315,62.966106,0.0,0.0,0.0,7.2,0.0,0.0,,0.0
2020-06-13 00:00:00+08:00,4.9819674,100.40766,13.15,1011.50116,64.26586,0.0,0.0,0.0,6.55,0.0,0.0,,0.0
2020-06-13 01:00:00+08:00,4.527693,96.340096,12.8,1011.58997,63.30723,0.0,0.0,0.0,6.0,0.0,0.0,,0.0
2020-06-13 02:00:00+08:00,3.8118236,85.4861,12.25,1011.7718,64.95567,0.0,0.0,0.0,5.85,0.0,0.0,,0.0
2020-06-13 03:00:00+08:00,3.436568,81.6342,11.95,1011.7626,66.25071,0.0,0.0,0.0,5.85,0.0,0.0,,0.0
2020-06-13 04:00:00+08:00,3.420526,74.74483,11.6,1011.85114,67.79823,0.0,0.0,0.0,5.85,0.0,0.0,,0.0
2020-06-13 05:00:00+08:00,3.5171013,75.17348,11.45,1011.94586,68.00177,0.0,0.0,0.0,5.75,0.0,0.0,,0.0
2020-06-13 06:00:00+08:00,3.471311,78.366394,11.3,1012.63513,67.97048,0.0,0.0,0.0,5.6,0.0,0.0,,0.0
2020-06-13 07:00:00+08:00,3.8897302,72.03077,11.05,1013.1232,68.86714,0.0,0.0,0.0,5.55,0.0,0.0,,0.0
2020-06-13 08:00:00+08:00,4.588028,69.59004,12.1,1014.24585,67.669205,33.0,189.95299,15.0,6.3,0.0,0.0,,1.0
2020-06-13 09:00:00+08:00,4.5221677,71.96563,14.7,1014.9187,60.55998,192.0,592.8271,50.0,7.15,0.0,0.0,,1.0
2020-06-13 10:00:00+08:00,4.472136,79.69521,16.8,1015.3772,52.94825,367.0,754.1692,64.0,7.15,0.0,0.0,,1.0
2020-06-13 11:00:00+08:00,4.2296567,96.78888,18.0,1015.0155,49.252113,504.0,818.9554,75.0,7.2,0.0,0.0,,1.0
2020-06-13 12:00:00+08:00,3.7161808,113.80595,18.8,1014.5426,48.3054,589.0,857.0069,77.0,7.65,0.0,0.0,,1.0
2020-06-13 13:00:00+08:00,3.3941126,135.0001,19.35,1014.26105,47.317154,609.0,850.1692,84.0,7.85,0.0,0.0,,1.0
2020-06-13 14:00:00+08:00,4.3324356,161.14674,19.8,1013.679,43.716743,573.0,851.1255,77.0,7.1,0.0,0.0,,1.0
2020-06-13 15:00:00+08:00,4.2579336,170.53775,19.4,1013.66724,45.123993,322.0,371.34357,138.0,7.2,0.0,0.0,,1.0
2020-06-13 16:00:00+08:00,5.178803,190.00792,18.25,1013.63416,61.39753,262.0,420.24857,110.0,10.7,0.0,0.0,,1.0
2020-06-13 17:00:00+08:00,4.304649,182.66295,17.05,1014.0953,67.555145,135.0,425.3069,54.0,11.0,0.0,0.0,,1.0
2020-06-13 18:00:00+08:00,3.7643058,163.0091,16.0,1014.2628,70.09004,11.0,58.71088,7.0,10.55,0.0,0.0,,0.0
2020-06-13 19:00:00+08:00,2.86007,143.53067,15.15,1014.7338,74.2584,0.0,0.0,0.0,10.6,0.0,0.0,,0.0
2020-06-13 20:00:00+08:00,2.758623,133.53127,14.3,1015.1049,77.40283,0.0,0.0,0.0,10.4,0.0,0.0,,0.0
2020-06-13 21:00:00+08:00,2.8231187,112.93214,13.4,1015.5739,80.43201,0.0,0.0,0.0,10.1,0.0,0.0,,0.0
2020-06-13 22:00:00+08:00,2.942788,99.78234,13.0,1015.8594,81.188995,0.0,0.0,0.0,9.85,0.0,0.0,,0.0
2020-06-13 23:00:00+08:00,3.3,90.0,12.75,1016.05035,82.25149,0.0,0.0,0.0,9.8,0.0,0.0,,0.0
2020-06-14 00:00:00+08:00,3.6878178,77.4712,12.35,1016.13745,83.312485,0.0,0.0,0.0,9.6,0.0,0.0,,0.0
2020-06-14 01:00:00+08:00,4.1785164,68.96242,12.0,1016.1269,82.99071,0.0,0.0,0.0,9.2,0.0,0.0,,0.0
2020-06-14 02:00:00+08:00,4.3863425,65.77226,11.65,1015.91797,78.57322,0.0,0.0,0.0,8.05,0.0,0.0,,0.0
2020-06-14 03:00:00+08:00,4.0706263,62.17599,11.15,1015.70447,73.80746,0.0,0.0,0.0,6.65,0.0,0.0,,0.0
2020-06-14 04:00:00+08:00,3.8948684,60.802605,10.85,1015.7943,73.24757,0.0,0.0,0.0,6.25,0.0,0.0,,0.0
2020-06-14 05:00:00+08:00,3.7121422,62.744755,10.6,1015.98486,72.69814,0.0,0.0,0.0,5.9,0.0,0.0,,0.0
2020-06-14 06:00:00+08:00,3.757659,64.79892,10.5,1016.4778,71.4323,0.0,0.0,0.0,5.55,0.0,0.0,,0.0
2020-06-14 07:00:00+08:00,4.248529,63.435013,10.5,1016.8744,69.960434,0.0,0.0,0.0,5.25,0.0,0.0,,0.0
2020-06-14 08:00:00+08:00,4.3382025,64.025665,11.5,1017.59894,68.721176,34.0,212.4866,14.0,5.95,0.0,0.0,,1.0
2020-06-14 09:00:00+08:00,4.1629314,65.897766,14.65,1018.1895,59.723984,194.0,612.6312,48.0,6.9,0.0,0.0,,1.0
2020-06-14 10:00:00+08:00,3.8078866,66.80139,17.25,1018.4645,52.52659,368.0,761.3173,63.0,7.45,0.0,0.0,,1.0
2020-06-14 11:00:00+08:00,3.49285,76.75947,18.75,1018.21075,48.45656,505.0,830.1242,71.0,7.65,0.0,0.0,,1.0
2020-06-14 12:00:00+08:00,2.9,90.0,19.65,1017.3441,45.65893,587.0,858.24207,75.0,7.6,0.0,0.0,,1.0
2020-06-14 13:00:00+08:00,2.2472205,122.27562,20.15,1016.7633,45.64299,610.0,864.0513,77.0,8.05,0.0,0.0,,1.0
2020-06-14 14:00:00+08:00,2.6000001,157.3801,20.3,1016.2716,46.939827,568.0,841.4741,78.0,8.6,0.0,0.0,,1.0
2020-06-14 15:00:00+08:00,3.306055,183.46815,20.05,1016.2645,49.808254,468.0,801.5799,71.0,9.25,0.0,0.0,,1.0
2020-06-14 16:00:00+08:00,4.317406,193.39252,18.85,1016.4286,60.726574,320.0,713.3499,62.0,11.1,0.0,0.0,,1.0
2020-06-14 17:00:00+08:00,3.7013512,181.54813,17.55,1016.78754,67.43468,144.0,535.10095,42.0,11.45,0.0,0.0,,1.0
2020-06-14 18:00:00+08:00,3.1384711,157.52052,16.15,1017.143,75.171104,12.0,87.91659,6.0,11.75,0.0,0.0,,0.0
2020-06-14 19:00:00+08:00,3.1064448,146.82147,15.55,1017.52216,78.88614,0.0,0.0,0.0,11.9,0.0,0.0,,0.0
2020-06-14 20:00:00+08:00,2.8999999,133.60289,15.1,1017.6078,80.66375,0.0,0.0,0.0,11.8,0.0,0.0,,0.0
2020-06-14 21:00:00+08:00,2.886174,104.03627,14.0,1017.7734,83.785416,0.0,0.0,0.0,11.3,0.0,0.0,,0.0
2020-06-14 22:00:00+08:00,3.4058774,86.63361,13.25,1017.9492,86.814445,0.0,0.0,0.0,11.1,0.0,0.0,,0.0
2020-06-14 23:00:00+08:00,3.3015149,91.73567,12.95,1017.94037,86.49749,0.0,0.0,0.0,10.75,0.0,0.0,,0.0
2020-06-15 00:00:00+08:00,3.1016126,91.84757,12.85,1017.73883,85.34308,0.0,0.0,0.0,10.45,0.0,0.0,,0.0
2020-06-15 01:00:00+08:00,3.0413814,80.53775,12.45,1017.52844,86.73716,0.0,0.0,0.0,10.3,0.0,0.0,,0.0
2020-06-15 02:00:00+08:00,2.828427,81.86999,12.0,1017.2175,87.861626,0.0,0.0,0.0,10.05,0.0,0.0,,0.0
2020-06-15 03:00:00+08:00,3.1256998,82.64771,11.55,1017.20386,88.70927,0.0,0.0,0.0,9.75,0.0,0.0,,0.0
2020-06-15 04:00:00+08:00,3.471311,78.366394,11.25,1017.1946,88.98246,0.0,0.0,0.0,9.5,0.0,0.0,,0.0
2020-06-15 05:00:00+08:00,3.49285,76.75947,11.1,1017.3884,86.31354,0.0,0.0,0.0,8.9,0.0,0.0,,0.0
2020-06-15 06:00:00+08:00,3.8327537,74.875946,10.8,1017.67664,83.408165,0.0,0.0,0.0,8.1,0.0,0.0,,0.0
2020-06-15 07:00:00+08:00,4.110961,71.564964,10.85,1018.17395,79.80414,0.0,0.0,0.0,7.5,0.0,0.0,,0.0
2020-06-15 08:00:00+08:00,4.632494,76.26372,12.15,1018.5109,76.54425,34.0,213.85414,14.0,8.15,0.0,0.0,,1.0
2020-06-15 09:00:00+08:00,4.3416586,75.32356,15.3,1018.6052,66.06947,195.0,619.80096,48.0,9.0,0.0,0.0,,1.0
2020-06-15 10:00:00+08:00,4.4922156,73.17851,17.7,1018.5768,55.58037,370.0,765.8505,64.0,8.7,0.0,0.0,,1.0
2020-06-15 11:00:00+08:00,4.785394,79.159744,19.1,1018.12146,44.425877,509.0,839.2812,71.0,6.7,0.0,0.0,,1.0
2020-06-15 12:00:00+08:00,3.9204593,84.14409,19.9,1017.0539,38.91155,597.0,876.1349,75.0,5.5,0.0,0.0,,1.0
2020-06-15 13:00:00+08:00,3.324154,96.91113,20.5,1016.079,36.340733,622.0,887.5693,75.0,5.05,0.0,0.0,,1.0
2020-06-15 14:00:00+08:00,3.0083218,111.44781,20.8,1015.49255,35.30455,582.0,874.63947,73.0,4.9,0.0,0.0,,1.0
2020-06-15 15:00:00+08:00,3.1780498,114.14554,20.9,1015.29706,34.723,481.0,832.1038,69.0,4.75,0.0,0.0,,1.0
2020-06-15 16:00:00+08:00,3.2015622,104.47034,20.4,1015.1835,36.311947,331.0,749.1675,60.0,4.95,0.0,0.0,,1.0
2020-06-15 17:00:00+08:00,2.236068,100.30479,18.25,1015.12177,45.737034,150.0,571.11536,41.0,6.35,0.0,0.0,,1.0
2020-06-15 18:00:00+08:00,2.280351,105.25517,15.5,1015.4382,51.165997,13.0,87.72616,7.0,5.45,0.0,0.0,,0.0
2020-06-15 19:00:00+08:00,2.5632012,110.55612,14.7,1015.91034,52.20757,0.0,0.0,0.0,5.0,0.0,0.0,,0.0
2020-06-15 20:00:00+08:00,3.3734255,101.97612,14.1,1016.2892,56.97471,0.0,0.0,0.0,5.7,0.0,0.0,,0.0
2020-06-15 21:00:00+08:00,3.8118236,94.5139,13.5,1016.46924,59.23833,0.0,0.0,0.0,5.7,0.0,0.0,,0.0
2020-06-15 22:00:00+08:00,3.7013512,91.54813,13.0,1016.35516,59.94221,0.0,0.0,0.0,5.4,0.0,0.0,,0.0
2020-06-15 23:00:00+08:00,3.9,90.0,12.55,1016.1435,61.52021,0.0,0.0,0.0,5.35,0.0,0.0,,0.0
2020-06-16 00:00:00+08:00,4.501111,88.727,12.35,1015.5424,62.98512,0.0,0.0,0.0,5.5,0.0,0.0,,0.0
2020-06-16 01:00:00+08:00,4.501111,88.727,12.1,1015.1382,63.586174,0.0,0.0,0.0,5.4,0.0,0.0,,0.0
2020-06-16 02:00:00+08:00,4.7010636,91.21885,11.75,1014.9293,62.84609,0.0,0.0,0.0,4.9,0.0,0.0,,0.0
2020-06-16 03:00:00+08:00,4.804165,87.614105,11.3,1014.91565,62.96108,0.0,0.0,0.0,4.5,0.0,0.0,,0.0
2020-06-16 04:00:00+08:00,5.1478148,82.1848,11.15,1014.71295,64.03586,0.0,0.0,0.0,4.6,0.0,0.0,,0.0
2020-06-16 05:00:00+08:00,5.5731497,80.70677,11.05,1014.80884,65.36808,0.0,0.0,0.0,4.8,0.0,0.0,,0.0
2020-06-16 06:00:00+08:00,5.9665737,76.42955,10.9,1014.70526,66.02228,0.0,0.0,0.0,4.8,0.0,0.0,,0.0
2020-06-16 07:00:00+08:00,6.5802736,73.21728,10.85,1014.902,65.32374,0.0,0.0,0.0,4.6,0.0,0.0,,0.0
2020-06-16 08:00:00+08:00,6.9857,66.37061,11.6,1014.82574,66.1748,35.0,225.9119,14.0,5.5,0.0,0.0,,1.0
2020-06-16 09:00:00+08:00,7.3355303,62.387074,14.0,1014.50104,55.58297,201.0,652.2493,47.0,5.25,0.0,0.0,,1.0
2020-06-16 10:00:00+08:00,6.8505473,56.3099,16.55,1014.0806,44.009598,382.0,800.35455,63.0,4.25,0.0,0.0,,1.0
2020-06-16 11:00:00+08:00,6.3126855,49.497234,18.8,1013.3525,35.597637,525.0,873.27783,70.0,3.25,0.0,0.0,,1.0
2020-06-16 12:00:00+08:00,6.3126855,40.502766,20.4,1012.5057,28.869026,614.0,907.38007,74.0,1.7,0.0,0.0,,1.0
2020-06-16 13:00:00+08:00,5.714018,32.85573,21.45,1011.7421,24.207508,639.0,917.49066,74.0,0.15,0.0,0.0,,1.0
2020-06-16 14:00:00+08:00,5.6302752,33.407852,21.9,1010.6638,22.711367,598.0,902.54877,73.0,-0.35,0.0,0.0,,1.0
2020-06-16 15:00:00+08:00,5.3,31.890757,22.05,1009.6762,22.341393,496.0,862.4984,69.0,-0.45,0.0,0.0,,1.0
2020-06-16 16:00:00+08:00,3.3120992,28.886486,21.5,1009.4625,26.408232,342.0,779.2797,60.0,1.4,0.0,0.0,,1.0
2020-06-16 17:00:00+08:00,2.7313,23.749514,17.45,1009.74335,50.46766,156.0,601.5942,41.0,7.05,0.0,0.0,,1.0
2020-06-16 18:00:00+08:00,2.624881,40.364468,14.05,1009.743,45.184277,13.0,102.07504,6.0,2.35,0.0,0.0,,0.0
2020-06-16 19:00:00+08:00,2.4041631,44.999897,13.95,1009.9384,42.343082,0.0,0.0,0.0,1.35,0.0,0.0,,0.0
2020-06-16 20:00:00+08:00,2.9206164,38.047092,13.75,1009.635,40.06035,0.0,0.0,0.0,0.4,0.0,0.0,,0.0
2020-06-16 21:00:00+08:00,3.3301651,41.347687,13.55,1009.629,37.743393,0.0,0.0,0.0,-0.6,0.0,0.0,,0.0
2020-06-16 22:00:00+08:00,3.3970575,42.614033,13.3,1009.3243,36.31618,0.0,0.0,0.0,-1.35,0.0,0.0,,0.0
2020-06-16 23:00:00+08:00,3.9698865,40.9143,13.25,1009.0251,34.734367,0.0,0.0,0.0,-2.0,0.0,0.0,,0.0
2020-06-17 00:00:00+08:00,4.360046,36.607166,13.55,1008.53827,32.46413,0.0,0.0,0.0,-2.65,0.0,0.0,,0.0
2020-06-17 01:00:00+08:00,5.0,36.86999,14.25,1007.7658,29.669783,0.0,0.0,0.0,-3.25,0.0,0.0,,0.0
2020-06-17 02:00:00+08:00,5.2325897,26.075302,14.65,1007.18256,28.805323,0.0,0.0,0.0,-3.3,0.0,0.0,,0.0
2020-06-17 03:00:00+08:00,5.8523498,16.88688,15.05,1006.79755,26.541908,0.0,0.0,0.0,-4.05,0.0,0.0,,0.0
2020-06-17 04:00:00+08:00,6.140033,16.073652,15.75,1006.12396,24.811405,0.0,0.0,0.0,-4.35,0.0,0.0,,0.0
2020-06-17 05:00:00+08:00,6.074537,20.224945,16.4,1005.8454,25.17991,0.0,0.0,0.0,-3.6,0.0,0.0,,0.0
2020-06-17 06:00:00+08:00,6.3245554,18.435053,16.7,1005.4576,27.411715,0.0,0.0,0.0,-2.2,0.0,0.0,,0.0
2020-06-17 07:00:00+08:00,6.6219335,14.875732,17.05,1005.66595,34.218998,0.0,0.0,0.0,1.15,0.0,0.0,,0.0
2020-06-17 08:00:00+08:00,7.017834,355.91446,18.9,1006.3141,36.903313,30.0,183.91898,13.0,3.85,0.0,0.0,,1.0
2020-06-17 09:00:00+08:00,7.3756356,347.4712,20.65,1006.4631,38.061058,165.0,476.35715,53.0,5.85,0.0,0.0,,1.0
2020-06-17 10:00:00+08:00,6.9570107,341.56494,21.95,1006.5987,39.09585,307.0,590.9316,72.0,7.4,0.0,0.0,,1.0
2020-06-17 11:00:00+08:00,6.946222,329.74365,22.65,1006.3206,46.026886,355.0,470.91257,110.0,10.45,0.0,0.0,,1.0
2020-06-17 12:00:00+08:00,8.324061,321.34018,22.2,1005.9117,63.3143,411.0,470.95624,131.0,14.9,0.0,0.0,,1.0
2020-06-17 13:00:00+08:00,8.914034,313.1817,22.65,1005.03125,66.53048,449.0,557.34045,106.0,16.1,0.0,0.1,,1.0
2020-06-17 14:00:00+08:00,9.104943,308.7581,22.35,1004.428,70.61505,428.0,570.93036,96.0,16.75,0.0,0.3,,1.0
2020-06-17 15:00:00+08:00,7.902531,308.32016,21.9,1004.217,79.78341,366.0,549.3857,94.0,18.25,0.0,1.0,,1.0
2020-06-17 16:00:00+08:00,8.026207,300.71884,21.85,1004.51324,72.56887,254.0,510.93002,69.0,16.7,0.0,0.0,,1.0
2020-06-17 17:00:00+08:00,6.860029,300.6772,21.1,1004.4922,74.54346,130.0,464.6854,41.0,16.4,0.0,0.0,,1.0
2020-06-17 18:00:00+08:00,6.306346,284.69736,19.65,1005.3439,83.09363,9.0,58.147686,5.0,16.7,0.0,0.4,,0.0
2020-06-17 19:00:00+08:00,5.6142673,265.91446,18.2,1005.9967,92.12676,0.0,0.0,0.0,16.9,0.0,0.9,,0.0
2020-06-17 20:00:00+08:00,3.8078866,256.32867,18.4,1005.9032,88.69689,0.0,0.0,0.0,16.5,0.0,1.3,,0.0
2020-06-17 21:00:00+08:00,4.464303,254.40712,18.25,1006.593,90.6802,0.0,0.0,0.0,16.7,0.0,0.8,,0.0
2020-06-17 22:00:00+08:00,5.080354,259.79608,18.05,1007.0831,91.24476,0.0,0.0,0.0,16.6,0.0,0.9,,0.0
2020-06-17 23:00:00+08:00,5.700877,248.38516,18.3,1007.1896,85.905754,0.0,0.0,0.0,15.9,0.0,1.2,,0.0
2020-06-18 00:00:00+08:00,6.735726,251.83395,18.85,1007.3046,72.734505,0.0,0.0,0.0,13.85,0.0,0.2,,0.0
2020-06-18 01:00:00+08:00,6.815424,247.5741,18.45,1007.4915,71.72209,0.0,0.0,0.0,13.25,0.0,0.0,,0.0
2020-06-18 02:00:00+08:00,7.28011,249.07542,18.55,1007.6927,63.95859,0.0,0.0,0.0,11.6,0.0,0.0,,0.0
2020-06-18 03:00:00+08:00,6.6128664,249.64668,18.6,1007.5947,61.478855,0.0,0.0,0.0,11.05,0.0,0.0,,0.0
2020-06-18 04:00:00+08:00,6.8709536,248.66307,18.3,1007.7846,65.3988,0.0,0.0,0.0,11.7,0.0,0.0,,0.0
2020-06-18 05:00:00+08:00,7.0213957,234.2725,16.6,1008.5289,78.01099,0.0,0.0,0.0,12.75,0.0,0.0,,0.0
2020-06-18 06:00:00+08:00,6.8505473,236.3099,17.0,1009.2345,72.16331,0.0,0.0,0.0,11.95,0.0,0.2,,0.0
2020-06-18 07:00:00+08:00,6.8883963,230.30096,16.95,1010.1257,67.75914,0.0,0.0,0.0,10.95,0.0,0.1,,0.0
2020-06-18 08:00:00+08:00,6.1073728,230.31459,16.35,1010.9016,82.698204,12.0,10.87581,11.0,13.4,0.0,0.0,,1.0
2020-06-18 09:00:00+08:00,6.576473,225.61598,17.45,1011.42926,70.834854,103.0,230.56032,49.0,12.1,0.0,0.5,,1.0
2020-06-18 10:00:00+08:00,6.935416,222.66266,18.2,1012.2445,59.17468,204.0,206.61668,122.0,10.1,0.0,0.0,,1.0
2020-06-18 11:00:00+08:00,7.1505246,222.16582,18.6,1012.35504,51.296787,315.0,290.60718,164.0,8.35,0.0,0.0,,1.0
2020-06-18 12:00:00+08:00,6.670832,220.13542,18.8,1011.9641,47.813744,485.0,637.99884,106.0,7.5,0.0,0.0,,1.0
2020-06-18 13:00:00+08:00,5.8249464,214.50858,18.95,1011.77014,49.00878,595.0,833.97156,82.0,8.0,0.0,0.0,,1.0
2020-06-18 14:00:00+08:00,5.4378304,212.22873,18.8,1011.76575,48.967876,528.0,720.653,109.0,7.85,0.0,0.0,,1.0
2020-06-18 15:00:00+08:00,5.0990195,205.55992,18.2,1011.947,52.42096,277.0,185.78105,185.0,8.3,0.0,0.0,,1.0
2020-06-18 16:00:00+08:00,4.3011627,197.59251,18.1,1012.5391,51.687645,267.0,488.45,90.0,8.0,0.0,0.0,,1.0
2020-06-18 17:00:00+08:00,3.5128336,184.899,17.3,1013.1109,55.66667,108.0,302.147,50.0,8.35,0.0,0.0,,1.0
2020-06-18 18:00:00+08:00,3.0594118,168.69011,16.5,1013.38495,58.761475,9.0,43.456284,6.0,8.4,0.0,0.0,,0.0
2020-06-18 19:00:00+08:00,2.8301945,147.99466,15.75,1013.958,63.545322,0.0,0.0,0.0,8.85,0.0,0.0,,0.0
2020-06-18 20:00:00+08:00,2.505993,118.61037,14.85,1014.5265,69.630875,0.0,0.0,0.0,9.35,0.0,0.0,,0.0
2020-06-18 21:00:00+08:00,2.7166157,96.340096,14.1,1014.8018,69.95361,0.0,0.0,0.0,8.7,0.0,0.0,,0.0
2020-06-18 22:00:00+08:00,3.5693135,101.3099,13.9,1015.1923,68.73978,0.0,0.0,0.0,8.25,0.0,0.0,,0.0
2020-06-18 23:00:00+08:00,4.0199504,95.7105,13.15,1015.3683,71.446785,0.0,0.0,0.0,8.1,0.0,0.0,,0.0
2020-06-19 00:00:00+08:00,4.0,90.0,12.45,1015.2479,73.03652,0.0,0.0,0.0,7.75,0.0,0.0,,0.0
2020-06-19 01:00:00+08:00,4.318565,84.68555,11.95,1015.1337,73.94928,0.0,0.0,0.0,7.45,0.0,0.0,,0.0
2020-06-19 02:00:00+08:00,4.428318,83.51703,11.65,1015.12476,75.17006,0.0,0.0,0.0,7.4,0.0,0.0,,0.0
2020-06-19 03:00:00+08:00,4.7265205,83.92764,11.35,1015.01636,76.15379,0.0,0.0,0.0,7.3,0.0,0.0,,0.0
2020-06-19 04:00:00+08:00,4.8259716,84.05324,11.05,1015.00714,76.627396,0.0,0.0,0.0,7.1,0.0,0.0,,0.0
2020-06-19 05:00:00+08:00,4.7518415,81.528946,10.6,1015.2909,77.87941,0.0,0.0,0.0,6.9,0.0,0.0,,0.0
2020-06-19 06:00:00+08:00,4.652956,81.34755,10.3,1015.7778,78.36954,0.0,0.0,0.0,6.7,0.0,0.0,,0.0
2020-06-19 07:00:00+08:00,4.652956,81.34755,10.05,1016.4638,78.87223,0.0,0.0,0.0,6.55,0.0,0.0,,0.0
2020-06-19 08:00:00+08:00,4.8270073,76.827446,10.7,1017.2771,80.055695,32.0,207.63547,13.0,7.4,0.0,0.0,,1.0
2020-06-19 09:00:00+08:00,4.8507733,81.70294,13.05,1017.8441,70.22314,192.0,616.9867,48.0,7.75,0.0,0.0,,1.0
2020-06-19 10:00:00+08:00,4.609772,86.26868,15.5,1018.6113,60.54453,367.0,767.37524,63.0,7.9,0.0,0.0,,1.0
2020-06-19 11:00:00+08:00,4.8373547,82.875084,17.2,1017.9673,47.20728,507.0,840.02423,71.0,5.85,0.0,0.0,,1.0
2020-06-19 12:00:00+08:00,3.8327537,74.875946,18.0,1017.2965,41.728664,594.0,874.2502,75.0,4.8,0.0,0.0,,1.0
2020-06-19 13:00:00+08:00,3.1320918,73.300674,18.5,1016.22,39.601643,618.0,881.4021,76.0,4.5,0.0,0.0,,1.0
2020-06-19 14:00:00+08:00,2.915476,84.093956,18.75,1015.53314,37.64522,578.0,866.84955,74.0,4.0,0.0,0.0,,1.0
2020-06-19 15:00:00+08:00,3.2,90.0,18.85,1015.4368,35.612114,479.0,827.62225,69.0,3.3,0.0,0.0,,1.0
2020-06-19 16:00:00+08:00,3.4058774,93.366394,18.5,1015.1291,34.39528,331.0,747.1168,60.0,2.5,0.0,0.0,,1.0
2020-06-19 17:00:00+08:00,2.6683328,102.99462,16.65,1015.1744,41.48608,152.0,576.7694,41.0,3.5,0.0,0.0,,1.0
2020-06-19 18:00:00+08:00,3.4014702,114.30454,14.65,1015.31384,44.7174,14.0,100.998566,7.0,2.75,0.0,0.0,,0.0
2020-06-19 19:00:00+08:00,3.5902646,102.87501,13.75,1015.88196,47.400036,0.0,0.0,0.0,2.75,0.0,0.0,,0.0
2020-06-19 20:00:00+08:00,4.295346,102.09474,13.4,1016.16895,52.591354,0.0,0.0,0.0,3.9,0.0,0.0,,0.0
2020-06-19 21:00:00+08:00,4.785394,100.84026,12.9,1016.3523,54.335857,0.0,0.0,0.0,3.9,0.0,0.0,,0.0
2020-06-19 22:00:00+08:00,5.0358715,96.84268,12.45,1016.2395,55.961445,0.0,0.0,0.0,3.9,0.0,0.0,,0.0
2020-06-19 23:00:00+08:00,5.5036354,92.08252,12.15,1015.933,56.87524,0.0,0.0,0.0,3.85,0.0,0.0,,0.0
2020-06-20 00:00:00+08:00,6.1032777,88.12216,11.95,1015.53033,56.824043,0.0,0.0,0.0,3.65,0.0,0.0,,0.0
2020-06-20 01:00:00+08:00,6.537584,83.85348,11.9,1015.033,56.0161,0.0,0.0,0.0,3.4,0.0,0.0,,0.0
2020-06-20 02:00:00+08:00,6.987131,80.94219,11.8,1014.43524,55.009792,0.0,0.0,0.0,3.05,0.0,0.0,,0.0
2020-06-20 03:00:00+08:00,7.35459,78.231735,11.7,1013.738,54.40242,0.0,0.0,0.0,2.8,0.0,0.0,,0.0
2020-06-20 04:00:00+08:00,7.692204,74.15685,11.65,1013.34,53.622707,0.0,0.0,0.0,2.55,0.0,0.0,,0.0
2020-06-20 05:00:00+08:00,7.8434687,70.640915,11.5,1013.0379,53.01377,0.0,0.0,0.0,2.25,0.0,0.0,,0.0
2020-06-20 06:00:00+08:00,7.7999997,67.3801,11.4,1013.13416,51.864853,0.0,0.0,0.0,1.85,0.0,0.0,,0.0
2020-06-20 07:00:00+08:00,7.8721027,64.41154,11.4,1013.33246,50.76397,0.0,0.0,0.0,1.55,0.0,0.0,,0.0
2020-06-20 08:00:00+08:00,7.655717,66.1135,11.65,1014.2324,52.678074,31.0,197.5608,13.0,2.3,0.0,0.0,,1.0
2020-06-20 09:00:00+08:00,7.3409805,65.87902,13.85,1014.10004,49.13487,191.0,618.9223,47.0,3.35,0.0,0.0,,1.0
2020-06-20 10:00:00+08:00,6.935416,61.587433,16.4,1014.27454,44.58734,363.0,760.991,62.0,4.3,0.0,0.0,,1.0
2020-06-20 11:00:00+08:00,6.105735,58.392544,18.65,1014.1418,42.206505,500.0,829.21625,70.0,5.55,0.0,0.0,,1.0
2020-06-20 12:00:00+08:00,5.021952,54.727493,20.45,1013.1024,41.564743,583.0,857.8312,74.0,6.95,0.0,0.0,,1.0
2020-06-20 13:00:00+08:00,3.7802117,52.523746,21.9,1012.25073,40.851654,605.0,862.03406,75.0,8.0,0.0,0.0,,1.0
2020-06-20 14:00:00+08:00,2.5,53.13002,22.75,1011.5803,40.540764,565.0,844.36224,74.0,8.65,0.0,0.0,,1.0
2020-06-20 15:00:00+08:00,1.3038405,57.528828,23.05,1011.3905,40.625656,467.0,802.96295,69.0,8.95,0.0,0.0,,1.0
2020-06-20 16:00:00+08:00,0.41231057,194.03627,22.85,1011.38477,42.385696,320.0,715.9498,60.0,9.4,0.0,0.0,,1.0
2020-06-20 17:00:00+08:00,1.746425,203.6294,19.45,1011.0903,68.71259,146.0,538.8565,42.0,13.55,0.0,0.0,,1.0
2020-06-20 18:00:00+08:00,2.433105,189.46225,17.05,1011.12024,70.99281,13.0,86.19846,7.0,11.75,0.0,0.0,,0.0
2020-06-20 19:00:00+08:00,2.209072,174.80566,16.75,1011.50806,75.518524,0.0,0.0,0.0,12.4,0.0,0.0,,0.0
2020-06-20 20:00:00+08:00,2.7802877,127.694305,15.8,1012.27374,65.29285,0.0,0.0,0.0,9.3,0.0,0.0,,0.0
2020-06-20 21:00:00+08:00,2.9410884,125.311295,15.0,1012.2503,63.80722,0.0,0.0,0.0,8.2,0.0,0.0,,0.0
2020-06-20 22:00:00+08:00,2.8231187,112.93214,14.45,1012.333,65.66304,0.0,0.0,0.0,8.1,0.0,0.0,,0.0
2020-06-20 23:00:00+08:00,2.5495098,101.3099,13.9,1012.1184,67.12473,0.0,0.0,0.0,7.9,0.0,0.0,,0.0
2020-06-21 00:00:00+08:00,2.5317976,80.909805,13.3,1011.60486,69.08687,0.0,0.0,0.0,7.75,0.0,0.0,,0.0
2020-06-21 01:00:00+08:00,2.34094,70.01681,12.75,1011.3901,71.85862,0.0,0.0,0.0,7.8,0.0,0.0,,0.0
2020-06-21 02:00:00+08:00,2.4020824,92.385895,11.45,1011.25183,78.27637,0.0,0.0,0.0,7.8,0.0,0.0,,0.0
2020-06-21 03:00:00+08:00,2.0880613,106.699326,10.8,1010.9344,81.169235,0.0,0.0,0.0,7.7,0.0,0.0,,0.0
2020-06-21 04:00:00+08:00,1.603122,86.423744,11.7,1010.4659,76.211235,0.0,0.0,0.0,7.65,0.0,0.0,,0.0
2020-06-21 05:00:00+08:00,2.3086793,72.34979,11.95,1010.27527,72.945656,0.0,0.0,0.0,7.25,0.0,0.0,,0.0
2020-06-21 06:00:00+08:00,2.34094,70.01681,11.7,1010.56506,71.17029,0.0,0.0,0.0,6.65,0.0,0.0,,0.0
2020-06-21 07:00:00+08:00,1.9235384,62.10283,11.4,1010.95276,68.938576,0.0,0.0,0.0,5.9,0.0,0.0,,0.0
2020-06-21 08:00:00+08:00,1.7262677,79.99209,13.1,1011.40045,64.47596,29.0,176.28401,13.0,6.55,0.0,0.0,,1.0
2020-06-21 09:00:00+08:00,2.6400757,52.695976,16.8,1011.41046,50.813213,175.0,534.42316,51.0,6.55,0.0,0.0,,1.0
2020-06-21 10:00:00+08:00,4.022437,34.8754,19.45,1011.487,43.31933,318.0,607.569,78.0,6.65,0.0,0.0,,1.0
2020-06-21 11:00:00+08:00,5.9076223,33.959103,21.3,1010.54785,38.379208,401.0,548.0585,117.0,6.55,0.0,0.0,,1.0
2020-06-21 12:00:00+08:00,6.9339743,33.231728,22.85,1009.50024,34.56112,501.0,632.20514,126.0,6.4,0.0,0.0,,1.0
2020-06-21 13:00:00+08:00,7.156116,33.023872,23.5,1008.5264,33.115414,559.0,727.0467,112.0,6.35,0.0,0.0,,1.0
2020-06-21 14:00:00+08:00,6.71193,33.453342,23.85,1007.74274,32.64879,539.0,790.81195,79.0,6.45,0.0,0.0,,1.0
2020-06-21 15:00:00+08:00,6.351378,33.439884,24.05,1007.1531,32.817986,466.0,804.41516,67.0,6.7,0.0,0.0,,1.0
2020-06-21 16:00:00+08:00,5.3413477,38.157276,23.6,1006.9423,34.893997,318.0,706.7264,61.0,7.2,0.0,0.0,,1.0
2020-06-21 17:00:00+08:00,4.750789,40.732014,22.05,1006.8991,36.78559,145.0,537.17145,41.0,6.6,0.0,0.0,,1.0
2020-06-21 18:00:00+08:00,4.318565,42.184383,20.3,1006.949,37.30741,13.0,85.79507,7.0,5.25,0.0,0.0,,0.0
2020-06-21 19:00:00+08:00,4.140048,37.146767,19.5,1007.3232,37.467518,0.0,0.0,0.0,4.6,0.0,0.0,,0.0
2020-06-21 20:00:00+08:00,3.6400552,37.184795,18.85,1007.2054,39.28929,0.0,0.0,0.0,4.7,0.0,0.0,,0.0
2020-06-21 21:00:00+08:00,4.527693,43.210114,19.15,1007.31305,37.235767,0.0,0.0,0.0,4.2,0.0,0.0,,0.0
2020-06-21 22:00:00+08:00,5.2630787,38.829834,19.5,1007.3232,36.05233,0.0,0.0,0.0,4.05,0.0,0.0,,0.0
2020-06-21 23:00:00+08:00,6.021628,35.537766,19.6,1007.5244,35.954937,0.0,0.0,0.0,4.1,0.0,0.0,,0.0
2020-06-22 00:00:00+08:00,6.220129,36.50153,19.25,1007.21674,36.106728,0.0,0.0,0.0,3.85,0.0,0.0,,0.0
2020-06-22 01:00:00+08:00,6.902898,38.530205,19.15,1006.9163,35.448368,0.0,0.0,0.0,3.5,0.0,0.0,,0.0
2020-06-22 02:00:00+08:00,7.543209,38.541218,18.8,1006.41034,35.22232,0.0,0.0,0.0,3.1,0.0,0.0,,0.0
2020-06-22 03:00:00+08:00,7.44043,36.253937,18.2,1005.79834,35.29812,0.0,0.0,0.0,2.6,0.0,0.0,,0.0
2020-06-22 04:00:00+08:00,7.3498297,33.90632,17.7,1005.68463,34.5313,0.0,0.0,0.0,1.85,0.0,0.0,,0.0
2020-06-22 05:00:00+08:00,7.7175126,31.218353,17.4,1005.6761,32.75547,0.0,0.0,0.0,0.85,0.0,0.0,,0.0
2020-06-22 06:00:00+08:00,7.7025967,29.56027,17.15,1006.0655,30.288042,0.0,0.0,0.0,-0.45,0.0,0.0,,0.0
2020-06-22 07:00:00+08:00,7.975588,30.101221,16.9,1006.3558,27.978943,0.0,0.0,0.0,-1.75,0.0,0.0,,0.0
2020-06-22 08:00:00+08:00,8.163333,30.963696,16.7,1007.04425,28.967833,27.0,165.81229,12.0,-1.45,0.0,0.0,,1.0
2020-06-22 09:00:00+08:00,8.508819,29.577742,18.25,1006.98975,29.199116,172.0,531.3473,49.0,0.0,0.0,0.0,,1.0
2020-06-22 10:00:00+08:00,8.411897,28.392921,19.85,1006.9362,29.443485,323.0,615.8149,80.0,1.5,0.0,0.0,,1.0
2020-06-22 11:00:00+08:00,8.05295,24.973894,21.85,1006.10016,28.059818,478.0,780.0329,74.0,2.55,0.0,0.0,,1.0
2020-06-22 12:00:00+08:00,7.3736014,20.647078,23.5,1004.95575,27.926779,570.0,839.7003,72.0,3.9,0.0,0.0,,1.0
2020-06-22 13:00:00+08:00,6.477654,8.8805895,23.95,1003.97644,30.181593,352.0,152.86932,258.0,5.4,0.0,0.0,,1.0
2020-06-22 14:00:00+08:00,6.1,349.6112,24.35,1002.8961,32.232735,272.0,151.2167,184.0,6.7,0.0,0.0,,1.0
2020-06-22 15:00:00+08:00,5.3488317,339.1931,23.35,1002.5712,36.157646,94.0,28.200796,80.0,7.5,0.0,0.0,,1.0
2020-06-22 16:00:00+08:00,6.519202,339.341,22.4,1002.5448,42.40189,91.0,30.202288,80.0,9.0,0.0,0.3,,1.0
2020-06-22 17:00:00+08:00,6.488451,331.4601,18.95,1003.142,76.122154,21.0,0.0,21.0,14.65,0.0,1.1,,1.0
2020-06-22 18:00:00+08:00,11.0435505,324.58286,18.8,1003.53436,91.871086,3.0,0.0,3.0,17.45,0.0,3.2,,0.0
2020-06-22 19:00:00+08:00,8.315046,266.55267,18.65,1004.72034,88.436134,0.0,0.0,0.0,16.7,0.0,5.8,,0.0
2020-06-22 20:00:00+08:00,7.531268,259.28693,18.8,1005.5178,80.3779,0.0,0.0,0.0,15.35,0.0,2.2,,0.0
2020-06-22 21:00:00+08:00,8.004998,257.00537,18.95,1005.9189,73.94046,0.0,0.0,0.0,14.2,0.0,0.5,,0.0
2020-06-22 22:00:00+08:00,7.1021123,260.2725,18.8,1006.212,70.16868,0.0,0.0,0.0,13.25,0.0,0.2,,0.0
2020-06-22 23:00:00+08:00,7.3979726,260.66507,18.8,1006.5096,70.6276,0.0,0.0,0.0,13.35,0.0,0.0,,0.0
2020-06-23 00:00:00+08:00,7.106335,256.15927,18.05,1006.68646,70.71626,0.0,0.0,0.0,12.65,0.0,0.0,,0.0
2020-06-23 01:00:00+08:00,6.0016665,259.43903,17.95,1006.88196,66.631905,0.0,0.0,0.0,11.65,0.0,0.0,,0.0
2020-06-23 02:00:00+08:00,5.4744864,260.53775,17.8,1006.87756,66.38057,0.0,0.0,0.0,11.45,0.0,0.0,,0.0
2020-06-23 03:00:00+08:00,5.7271285,257.90524,17.65,1006.87335,66.78952,0.0,0.0,0.0,11.4,0.0,0.0,,0.0
2020-06-23 04:00:00+08:00,5.531727,257.4712,17.65,1007.0717,64.397575,0.0,0.0,0.0,10.85,0.0,0.0,,0.0
2020-06-23 05:00:00+08:00,5.1662364,255.42574,17.25,1007.35754,66.927315,0.0,0.0,0.0,11.05,0.0,0.0,,0.0
2020-06-23 06:00:00+08:00,5.186521,250.86626,17.35,1007.95544,68.97196,0.0,0.0,0.0,11.6,0.0,0.0,,0.0
2020-06-23 07:00:00+08:00,4.6840153,253.8865,17.4,1009.04785,68.30159,0.0,0.0,0.0,11.5,0.0,0.0,,0.0
2020-06-23 08:00:00+08:00,5.2886667,254.64981,17.65,1009.65015,69.0316,14.0,22.171755,12.0,11.9,0.0,0.0,,1.0
2020-06-23 09:00:00+08:00,6.0876927,255.73544,18.45,1010.46674,65.64708,117.0,264.03802,56.0,11.9,0.0,0.0,,1.0
2020-06-23 10:00:00+08:00,6.1611686,256.86597,18.95,1011.1751,62.1736,231.0,311.97012,108.0,11.55,0.0,0.0,,1.0
2020-06-23 11:00:00+08:00,6.198387,252.1496,19.05,1011.178,62.60841,376.0,432.637,152.0,11.75,0.0,0.1,,1.0
2020-06-23 12:00:00+08:00,6.1326995,245.94266,19.1,1010.7826,62.82657,374.0,301.81772,195.0,11.85,0.0,0.0,,1.0
2020-06-23 13:00:00+08:00,5.27731,242.94948,19.1,1010.18756,63.65986,445.0,456.842,164.0,12.05,0.0,0.1,,1.0
2020-06-23 14:00:00+08:00,4.802083,238.62704,18.9,1009.78516,62.16217,329.0,290.22275,160.0,11.5,0.0,0.0,,1.0
2020-06-23 15:00:00+08:00,4.4687805,229.53786,19.05,1009.78955,60.572598,348.0,364.21118,167.0,11.25,0.0,0.1,,1.0
2020-06-23 16:00:00+08:00,4.318565,222.18437,18.85,1010.0815,59.13426,211.0,309.70367,98.0,10.7,0.0,0.0,,1.0
2020-06-23 17:00:00+08:00,3.1144822,227.60262,18.0,1010.75116,61.135166,117.0,379.46072,43.0,10.4,0.0,0.0,,1.0
2020-06-23 18:00:00+08:00,2.3430748,219.80553,17.1,1011.22076,65.3565,10.0,56.589653,6.0,10.55,0.0,0.0,,0.0
2020-06-23 19:00:00+08:00,1.8357561,209.35765,16.35,1011.79407,69.461975,0.0,0.0,0.0,10.75,0.0,0.0,,0.0
2020-06-23 20:00:00+08:00,2.302173,214.3804,15.5,1012.3641,68.83105,0.0,0.0,0.0,9.8,0.0,0.0,,0.0
2020-06-23 21:00:00+08:00,1.5652475,243.43501,17.65,1012.9228,56.89658,0.0,0.0,0.0,9.0,0.0,0.0,,0.0
2020-06-23 22:00:00+08:00,2.109502,5.4402504,13.6,1012.80365,74.4889,0.0,0.0,0.0,9.15,0.0,0.0,,0.0
2020-06-23 23:00:00+08:00,1.6763055,17.354122,13.4,1012.79755,77.262474,0.0,0.0,0.0,9.5,0.0,0.0,,0.0
2020-06-24 00:00:00+08:00,0.781025,50.194473,14.85,1013.13824,68.93163,0.0,0.0,0.0,9.2,0.0,0.0,,0.0
2020-06-24 01:00:00+08:00,0.14142136,44.999897,15.25,1013.4476,67.181114,0.0,0.0,0.0,9.2,0.0,0.0,,0.0
2020-06-24 02:00:00+08:00,0.6708204,26.564985,13.9,1013.2091,73.79263,0.0,0.0,0.0,9.3,0.0,0.0,,0.0
2020-06-24 03:00:00+08:00,1.0816654,33.6901,13.0,1013.083,79.305244,0.0,0.0,0.0,9.5,0.0,0.0,,0.0
2020-06-24 04:00:00+08:00,1.0816654,123.6901,15.25,1013.0509,68.55016,0.0,0.0,0.0,9.5,0.0,0.1,,0.0
2020-06-24 05:00:00+08:00,1.8439089,102.5288,13.0,1012.9838,85.6436,0.0,0.0,0.0,10.65,0.0,0.0,,0.0
2020-06-24 06:00:00+08:00,1.5652475,63.435013,13.15,1013.0877,85.659225,0.0,0.0,0.0,10.8,0.0,0.0,,0.0
2020-06-24 07:00:00+08:00,1.8027756,56.3099,12.4,1013.4618,89.67078,0.0,0.0,0.0,10.75,0.0,0.0,,0.0
2020-06-24 08:00:00+08:00,1.2165525,260.53775,16.3,1013.7758,70.85061,25.0,144.48053,12.0,11.0,0.0,0.0,,1.0
2020-06-24 09:00:00+08:00,1.7720045,196.38962,17.05,1014.3928,75.074356,142.0,355.54214,60.0,12.6,0.0,0.0,,1.0
2020-06-24 10:00:00+08:00,1.7117243,173.29025,17.85,1014.81274,72.79279,257.0,380.69626,107.0,12.9,0.0,0.0,,1.0
2020-06-24 11:00:00+08:00,2.3194828,172.56868,18.2,1014.0296,70.744675,337.0,353.50766,154.0,12.8,0.0,0.0,,1.0
2020-06-24 12:00:00+08:00,2.5079873,175.42616,18.55,1013.5439,70.580154,394.0,396.17514,159.0,13.1,0.0,0.0,,1.0
2020-06-24 13:00:00+08:00,1.9235383,171.02745,18.8,1012.65826,70.397804,441.0,539.50446,109.0,13.3,0.0,0.0,,1.0
2020-06-24 14:00:00+08:00,1.8027756,183.17976,18.9,1011.967,69.95951,355.0,348.33163,152.0,13.3,0.0,0.0,,1.0
2020-06-24 15:00:00+08:00,2.7073975,184.23631,18.45,1011.8551,70.791985,287.0,303.46335,136.0,13.05,0.0,0.0,,1.0
2020-06-24 16:00:00+08:00,3.008322,164.57777,17.8,1012.0344,76.18481,205.0,284.45215,101.0,13.55,0.0,0.1,,1.0
2020-06-24 17:00:00+08:00,3.0594118,168.69011,17.2,1011.918,82.00106,94.0,291.04144,37.0,14.1,0.0,0.1,,1.0
2020-06-24 18:00:00+08:00,3.352611,162.64589,16.35,1011.8933,84.60262,8.0,42.179356,5.0,13.75,0.0,0.1,,0.0
2020-06-24 19:00:00+08:00,3.6359317,148.49579,16.2,1012.28546,82.67993,0.0,0.0,0.0,13.25,0.0,0.0,,0.0
2020-06-24 20:00:00+08:00,3.11127,135.0001,15.85,1012.4734,78.92977,0.0,0.0,0.0,12.2,0.0,0.0,,0.0
2020-06-24 21:00:00+08:00,3.0083218,111.44781,15.15,1012.94885,78.82773,0.0,0.0,0.0,11.5,0.0,0.0,,0.0
2020-06-24 22:00:00+08:00,3.008322,105.42222,14.6,1012.8332,80.329544,0.0,0.0,0.0,11.25,0.0,0.0,,0.0
2020-06-24 23:00:00+08:00,3.224903,97.12492,14.1,1012.8186,81.06481,0.0,0.0,0.0,10.9,0.0,0.0,,0.0
2020-06-25 00:00:00+08:00,3.7215588,83.829926,13.7,1012.40985,80.74191,0.0,0.0,0.0,10.45,0.0,0.0,,0.0
2020-06-25 01:00:00+08:00,4.2579336,80.53775,13.6,1012.0103,78.8626,0.0,0.0,0.0,10.0,0.0,0.0,,0.0
2020-06-25 02:00:00+08:00,4.738143,82.72509,13.3,1011.8032,77.24679,0.0,0.0,0.0,9.4,0.0,0.0,,0.0
2020-06-25 03:00:00+08:00,4.9819674,79.59235,12.95,1011.0986,75.900665,0.0,0.0,0.0,8.8,0.0,0.0,,0.0
2020-06-25 04:00:00+08:00,5.0990195,78.6901,12.65,1011.08936,75.851135,0.0,0.0,0.0,8.5,0.0,0.0,,0.0
2020-06-25 05:00:00+08:00,5.531727,77.4712,12.45,1010.68677,75.561356,0.0,0.0,0.0,8.25,0.0,0.0,,0.0
2020-06-25 06:00:00+08:00,5.772348,75.96373,12.45,1010.78595,73.78603,0.0,0.0,0.0,7.9,0.0,0.0,,0.0
2020-06-25 07:00:00+08:00,6.0440054,73.66389,12.35,1011.08057,71.538704,0.0,0.0,0.0,7.35,0.0,0.0,,0.0
2020-06-25 08:00:00+08:00,6.5802736,73.21728,12.85,1011.69025,66.44486,28.0,167.06917,13.0,6.75,0.0,0.0,,1.0
2020-06-25 09:00:00+08:00,6.8007355,70.23275,14.45,1011.738,61.125217,172.0,525.3878,51.0,7.05,0.0,0.0,,1.0
2020-06-25 10:00:00+08:00,6.2241464,66.3179,16.4,1011.39874,56.38977,344.0,703.3342,67.0,7.7,0.0,0.0,,1.0
2020-06-25 11:00:00+08:00,5.077401,57.875034,18.4,1010.8618,52.473797,484.0,786.21454,77.0,8.5,0.0,0.0,,1.0
2020-06-25 12:00:00+08:00,4.1012197,44.999897,20.0,1009.71735,48.469604,572.0,830.85504,79.0,8.8,0.0,0.0,,1.0
2020-06-25 13:00:00+08:00,3.0463092,23.198618,20.95,1008.852,43.89117,602.0,854.22217,76.0,8.2,0.0,0.0,,1.0
2020-06-25 14:00:00+08:00,1.9313208,338.74942,21.3,1008.1675,39.447746,568.0,848.5556,73.0,6.95,0.0,0.0,,1.0
2020-06-25 15:00:00+08:00,2.118962,289.29013,21.15,1007.7663,39.949013,472.0,810.73846,68.0,7.0,0.0,0.0,,1.0
2020-06-25 16:00:00+08:00,2.9274564,262.1468,20.35,1007.84314,46.47949,326.0,728.596,59.0,8.5,0.0,0.0,,1.0
2020-06-25 17:00:00+08:00,2.404163,253.0724,18.4,1007.88666,57.083847,150.0,553.9506,41.0,9.75,0.0,0.0,,1.0
2020-06-25 18:00:00+08:00,2.376973,247.75093,15.75,1007.909,66.61177,14.0,97.75483,7.0,9.55,0.0,0.0,,0.0
2020-06-25 19:00:00+08:00,3.001666,240.01845,14.8,1008.1786,73.45801,0.0,0.0,0.0,10.1,0.0,0.0,,0.0
2020-06-25 20:00:00+08:00,1.9313208,291.25058,17.45,1008.2558,62.66013,0.0,0.0,0.0,10.25,0.0,0.0,,0.0
2020-06-25 21:00:00+08:00,1.2041595,4.763556,16.9,1008.0416,65.31318,0.0,0.0,0.0,10.35,0.0,0.0,,0.0
2020-06-25 22:00:00+08:00,1.6643317,32.73523,12.85,1007.82324,82.53991,0.0,0.0,0.0,9.95,0.0,0.0,,0.0
2020-06-25 23:00:00+08:00,1.4142135,44.999897,12.9,1007.52734,82.82267,0.0,0.0,0.0,10.05,0.0,0.0,,0.0
2020-06-26 00:00:00+08:00,1.555635,44.999897,12.4,1007.3142,83.879074,0.0,0.0,0.0,9.75,0.0,0.0,,0.0
2020-06-26 01:00:00+08:00,1.56205,39.805527,12.4,1007.3142,82.76118,0.0,0.0,0.0,9.55,0.0,0.0,,0.0
2020-06-26 02:00:00+08:00,1.8867962,32.005356,12.85,1007.32745,79.81827,0.0,0.0,0.0,9.45,0.0,0.0,,0.0
2020-06-26 03:00:00+08:00,2.0024984,2.8623457,13.6,1006.9533,76.519714,0.0,0.0,0.0,9.55,0.0,0.0,,0.0
2020-06-26 04:00:00+08:00,1.9104973,6.0089183,13.8,1006.8601,78.10503,0.0,0.0,0.0,10.05,0.0,0.0,,0.0
2020-06-26 05:00:00+08:00,2.9274564,352.14676,14.0,1006.8658,80.78247,0.0,0.0,0.0,10.75,0.0,0.0,,0.0
2020-06-26 06:00:00+08:00,2.720294,17.102825,13.6,1007.0524,84.01747,0.0,0.0,0.0,10.95,0.0,0.0,,0.0
2020-06-26 07:00:00+08:00,2.3706539,27.645891,12.95,1007.72723,86.785545,0.0,0.0,0.0,10.8,0.0,0.0,,0.0
2020-06-26 08:00:00+08:00,3.9446166,30.465475,14.15,1007.76263,81.341034,23.0,133.89624,11.0,11.0,0.0,0.0,,1.0
2020-06-26 09:00:00+08:00,3.733631,20.37652,16.45,1008.0286,72.30124,154.0,465.12097,47.0,11.45,0.0,0.0,,1.0
2020-06-26 10:00:00+08:00,3.733631,7.695961,18.45,1008.38403,67.619675,279.0,497.78885,83.0,12.35,0.0,0.0,,1.0
2020-06-26 11:00:00+08:00,3.8897302,342.03076,19.85,1008.12634,65.51633,416.0,631.5686,89.0,13.2,0.0,0.0,,1.0
2020-06-26 12:00:00+08:00,4.0360875,311.98712,20.45,1007.4493,60.106747,514.0,697.37964,100.0,12.45,0.0,0.0,,1.0
2020-06-26 13:00:00+08:00,4.8754487,295.51382,20.1,1007.0425,61.82484,495.0,655.58105,91.0,12.55,0.0,0.2,,1.0
2020-06-26 14:00:00+08:00,4.382921,304.7779,19.3,1006.82135,71.41373,388.0,499.99377,96.0,14.0,0.0,0.2,,1.0
2020-06-26 15:00:00+08:00,4.651881,295.46332,18.8,1006.80707,74.154526,340.0,486.84973,97.0,14.1,0.0,0.1,,1.0
2020-06-26 16:00:00+08:00,2.86007,306.46933,18.85,1006.9079,73.68415,222.0,413.72873,70.0,14.05,0.0,0.1,,1.0
2020-06-26 17:00:00+08:00,2.1260293,311.18582,18.2,1007.2859,77.49398,125.0,409.5668,44.0,14.2,0.0,0.0,,1.0
2020-06-26 18:00:00+08:00,2.1400933,307.40543,16.5,1007.63324,86.28038,13.0,83.181625,7.0,14.2,0.0,0.0,,0.0
2020-06-26 19:00:00+08:00,2.5612497,321.34018,16.25,1008.1218,87.9485,0.0,0.0,0.0,14.25,0.0,0.1,,0.0
2020-06-26 20:00:00+08:00,2.5079873,355.42615,16.0,1008.21375,87.641975,0.0,0.0,0.0,13.95,0.0,0.0,,0.0
2020-06-26 21:00:00+08:00,2.5019991,2.2905633,15.5,1008.1,87.882645,0.0,0.0,0.0,13.5,0.0,0.0,,0.0
2020-06-26 22:00:00+08:00,2.5317976,350.9098,15.25,1008.2911,88.43522,0.0,0.0,0.0,13.35,0.0,0.0,,0.0
2020-06-26 23:00:00+08:00,2.433105,9.462248,14.9,1008.18146,88.98493,0.0,0.0,0.0,13.1,0.0,0.0,,0.0
2020-06-27 00:00:00+08:00,1.8439089,347.4712,14.6,1008.1726,90.42665,0.0,0.0,0.0,13.05,0.0,0.1,,0.0
2020-06-27 01:00:00+08:00,2.4020824,2.385899,14.8,1008.1786,89.5599,0.0,0.0,0.0,13.1,0.0,0.0,,0.0
2020-06-27 02:00:00+08:00,1.9,360.0,14.7,1008.1757,89.845215,0.0,0.0,0.0,13.05,0.0,0.0,,0.0
2020-06-27 03:00:00+08:00,1.9026297,3.0127327,14.45,1007.8707,90.41601,0.0,0.0,0.0,12.9,0.0,0.0,,0.0
2020-06-27 04:00:00+08:00,2.2561028,12.804273,14.35,1007.7687,89.23235,0.0,0.0,0.0,12.6,0.0,0.0,,0.0
2020-06-27 05:00:00+08:00,2.5317976,9.090207,14.35,1007.5704,88.94034,0.0,0.0,0.0,12.55,0.0,0.0,,0.0
2020-06-27 06:00:00+08:00,2.184033,15.945477,14.25,1007.5675,90.106186,0.0,0.0,0.0,12.65,0.0,0.0,,0.0
2020-06-27 07:00:00+08:00,2.6076808,4.398633,14.5,1007.97144,89.8302,0.0,0.0,0.0,12.85,0.0,0.0,,0.0
2020-06-27 08:00:00+08:00,3.3136082,5.19435,15.2,1008.3886,87.56999,19.0,111.73767,9.0,13.15,0.0,0.0,,1.0
2020-06-27 09:00:00+08:00,3.7054014,3.0939984,16.9,1008.6366,83.8448,131.0,348.03854,51.0,14.15,0.0,0.0,,1.0
2020-06-27 10:00:00+08:00,4.002499,347.00537,18.5,1008.8812,78.546906,275.0,477.493,87.0,14.7,0.0,0.0,,1.0
2020-06-27 11:00:00+08:00,4.5617976,333.9967,19.2,1008.60364,75.18691,356.0,492.34012,101.0,14.7,0.0,0.0,,1.0
2020-06-27 12:00:00+08:00,4.661545,324.6051,19.8,1007.72845,72.66886,414.0,523.5428,103.0,14.75,0.0,0.0,,1.0
2020-06-27 13:00:00+08:00,4.318565,317.8156,20.1,1006.7449,72.02373,405.0,492.84677,101.0,14.9,0.0,0.0,,1.0
2020-06-27 14:00:00+08:00,5.0447993,309.3693,19.95,1006.1457,69.934616,413.0,487.37515,128.0,14.3,0.0,0.0,,1.0
2020-06-27 15:00:00+08:00,6.0959,318.991,19.2,1006.22345,72.32699,337.0,493.96466,90.0,14.1,0.0,0.1,,1.0
2020-06-27 16:00:00+08:00,5.7801385,322.73352,18.45,1006.40063,81.109024,218.0,418.01428,64.0,15.15,0.0,0.1,,1.0
2020-06-27 17:00:00+08:00,5.5154333,315.0001,18.35,1006.59576,79.80135,103.0,311.7935,41.0,14.8,0.0,0.1,,1.0
2020-06-27 18:00:00+08:00,4.7169905,327.99466,17.7,1006.478,83.12899,10.0,55.02683,6.0,14.8,0.0,0.3,,0.0
2020-06-27 19:00:00+08:00,5.0249376,312.58044,17.85,1006.8791,79.99007,0.0,0.0,0.0,14.35,0.0,0.4,,0.0
2020-06-27 20:00:00+08:00,4.7801676,307.34943,17.7,1007.5689,78.68437,0.0,0.0,0.0,13.95,0.0,0.3,,0.0
2020-06-27 21:00:00+08:00,4.8600416,306.6342,17.95,1007.3778,77.95963,0.0,0.0,0.0,14.05,0.0,0.2,,0.0
2020-06-27 22:00:00+08:00,4.6400433,307.11694,17.85,1007.4741,77.18956,0.0,0.0,0.0,13.8,0.0,0.0,,0.0
2020-06-27 23:00:00+08:00,4.8600416,306.6342,18.0,1007.18097,75.477325,0.0,0.0,0.0,13.6,0.0,0.0,,0.0
2020-06-28 00:00:00+08:00,4.9578223,311.72943,18.1,1006.88635,74.27595,0.0,0.0,0.0,13.45,0.0,0.0,,0.0
2020-06-28 01:00:00+08:00,5.1662364,312.64667,18.15,1006.491,73.56236,0.0,0.0,0.0,13.35,0.0,0.0,,0.0
2020-06-28 02:00:00+08:00,5.080354,323.8067,17.5,1006.3731,78.1457,0.0,0.0,0.0,13.65,0.0,0.0,,0.0
2020-06-28 03:00:00+08:00,4.531004,337.9637,17.0,1005.962,81.44547,0.0,0.0,0.0,13.8,0.0,0.0,,0.0
2020-06-28 04:00:00+08:00,4.504442,2.5447557,16.0,1005.7346,85.394,0.0,0.0,0.0,13.55,0.0,0.0,,0.0
2020-06-28 05:00:00+08:00,4.101219,358.60284,15.55,1005.7217,88.4605,0.0,0.0,0.0,13.65,0.0,0.0,,0.0
2020-06-28 06:00:00+08:00,3.765634,349.28693,15.95,1006.03076,87.6375,0.0,0.0,0.0,13.9,0.0,0.0,,0.0
2020-06-28 07:00:00+08:00,4.0792155,348.6901,16.3,1006.0409,85.98142,0.0,0.0,0.0,13.95,0.0,0.0,,0.0
2020-06-28 08:00:00+08:00,4.909175,356.49652,17.0,1006.1603,79.872406,21.0,123.037796,10.0,13.5,0.0,0.0,,1.0
2020-06-28 09:00:00+08:00,4.753946,345.3791,18.4,1006.5974,77.524445,126.0,330.8037,50.0,14.4,0.0,0.0,,1.0
2020-06-28 10:00:00+08:00,5.140039,322.90707,19.5,1006.92645,74.273766,224.0,347.9039,87.0,14.8,0.0,0.2,,1.0
2020-06-28 11:00:00+08:00,6.594695,310.69543,20.1,1006.64575,68.84139,275.0,293.3241,123.0,14.2,0.0,0.3,,1.0
2020-06-28 12:00:00+08:00,8.626702,304.6112,21.3,1005.7871,58.56018,457.0,573.59076,116.0,12.85,0.0,0.0,,1.0
2020-06-28 13:00:00+08:00,8.930845,304.046,21.4,1004.9965,57.445293,555.0,743.3251,96.0,12.65,0.0,0.0,,1.0
2020-06-28 14:00:00+08:00,8.598255,303.13562,21.4,1004.5007,56.511086,538.0,776.9596,83.0,12.4,0.0,0.0,,1.0
2020-06-28 15:00:00+08:00,10.070253,302.42752,21.2,1004.49493,55.906933,418.0,652.6517,91.0,12.05,0.0,0.0,,1.0
2020-06-28 16:00:00+08:00,8.420214,307.27826,20.65,1004.4795,59.957108,239.0,408.65143,88.0,12.6,0.0,0.0,,1.0
2020-06-28 17:00:00+08:00,7.602631,305.36255,20.05,1003.9666,61.40907,143.0,484.99414,46.0,12.4,0.0,0.0,,1.0
2020-06-28 18:00:00+08:00,7.420243,307.33328,19.35,1004.34357,66.05474,15.0,109.15729,7.0,12.85,0.0,0.0,,0.0
2020-06-28 19:00:00+08:00,7.638063,316.06082,19.4,1004.34485,65.20624,0.0,0.0,0.0,12.7,0.0,0.0,,0.0
2020-06-28 20:00:00+08:00,7.81025,309.8055,20.3,1004.37036,63.09643,0.0,0.0,0.0,13.05,0.0,0.0,,0.0
2020-06-28 21:00:00+08:00,8.453402,297.47433,20.0,1005.0561,66.1918,0.0,0.0,0.0,13.5,0.0,0.1,,0.0
2020-06-28 22:00:00+08:00,9.656605,285.61945,18.25,1005.6013,81.86894,0.0,0.0,0.0,15.1,0.0,0.4,,0.0
2020-06-28 23:00:00+08:00,7.984986,292.06796,18.4,1005.209,85.9158,0.0,0.0,0.0,16.0,0.0,0.4,,0.0
2020-06-29 00:00:00+08:00,8.228001,290.63763,17.7,1005.1888,88.07433,0.0,0.0,0.0,15.7,0.0,0.5,,0.0
2020-06-29 01:00:00+08:00,7.106335,283.84073,17.85,1004.8957,88.935295,0.0,0.0,0.0,16.0,0.0,0.7,,0.0
2020-06-29 02:00:00+08:00,7.5,270.0,18.8,1004.9228,73.43699,0.0,0.0,0.0,13.95,0.0,0.4,,0.0
2020-06-29 03:00:00+08:00,7.8,270.0,18.8,1004.9228,69.03285,0.0,0.0,0.0,13.0,0.0,0.0,,0.0
2020-06-29 04:00:00+08:00,8.309633,267.24094,18.7,1005.0191,68.56307,0.0,0.0,0.0,12.8,0.0,0.0,,0.0
2020-06-29 05:00:00+08:00,7.851752,263.41815,18.55,1005.2134,65.452576,0.0,0.0,0.0,11.95,0.0,0.0,,0.0
2020-06-29 06:00:00+08:00,7.034913,275.7105,19.1,1005.32806,57.25771,0.0,0.0,0.0,10.45,0.0,0.0,,0.0
2020-06-29 07:00:00+08:00,8.393451,254.80469,18.15,1005.9952,74.28449,0.0,0.0,0.0,13.5,0.0,0.0,,0.0
2020-06-29 08:00:00+08:00,7.34983,255.01831,18.9,1006.6116,68.156075,21.0,111.92154,11.0,12.9,0.0,0.0,,1.0
2020-06-29 09:00:00+08:00,8.000625,251.79141,19.5,1007.42236,64.590195,147.0,435.34872,47.0,12.65,0.0,0.0,,1.0
2020-06-29 10:00:00+08:00,8.023092,247.27023,19.5,1008.21576,67.833725,286.0,510.24002,85.0,13.4,0.0,0.0,,1.0
2020-06-29 11:00:00+08:00,7.762087,248.06146,19.6,1008.5162,64.82379,398.0,590.10767,92.0,12.8,0.0,0.0,,1.0
2020-06-29 12:00:00+08:00,7.5960517,249.17903,19.6,1008.21857,59.51098,369.0,354.58432,158.0,11.5,0.0,0.1,,1.0
2020-06-29 13:00:00+08:00,7.615773,256.32867,19.75,1007.9251,56.473255,441.0,481.99835,143.0,10.85,0.0,0.0,,1.0
2020-06-29 14:00:00+08:00,6.762396,246.46764,18.95,1007.90234,66.40419,330.0,293.23654,158.0,12.55,0.0,0.1,,1.0
2020-06-29 15:00:00+08:00,6.1269894,243.85321,19.35,1008.1122,58.28,334.0,386.36526,140.0,10.95,0.0,0.0,,1.0
2020-06-29 16:00:00+08:00,6.191123,238.8776,18.85,1008.4947,59.13426,194.0,151.07085,138.0,10.7,0.0,0.0,,1.0
2020-06-29 17:00:00+08:00,4.770744,236.97612,18.45,1008.5824,58.059834,81.0,119.26942,57.0,10.05,0.0,0.0,,1.0
2020-06-29 18:00:00+08:00,4.060788,232.0012,17.55,1008.75476,62.89235,13.0,67.63944,8.0,10.4,0.0,0.0,,0.0
2020-06-29 19:00:00+08:00,3.3600597,233.47105,17.3,1009.24335,66.71613,0.0,0.0,0.0,11.05,0.0,0.0,,0.0
2020-06-29 20:00:00+08:00,3.623534,230.59937,16.9,1009.6283,72.145035,0.0,0.0,0.0,11.85,0.0,0.0,,0.0
2020-06-29 21:00:00+08:00,3.0413814,242.5925,16.95,1009.92737,72.39229,0.0,0.0,0.0,11.95,0.0,0.0,,0.0
2020-06-29 22:00:00+08:00,2.7313,246.25049,17.05,1010.2277,70.758934,0.0,0.0,0.0,11.7,0.0,0.0,,0.0
2020-06-29 23:00:00+08:00,3.4669871,236.76828,17.15,1010.3298,68.47736,0.0,0.0,0.0,11.3,0.0,0.0,,0.0
2020-06-30 00:00:00+08:00,3.3421547,231.07245,16.8,1010.0221,74.541214,0.0,0.0,0.0,12.25,0.0,0.0,,0.0
2020-06-30 01:00:00+08:00,2.4698176,238.24055,16.05,1009.80194,83.474686,0.0,0.0,0.0,13.25,0.0,0.1,,0.0
2020-06-30 02:00:00+08:00,2.0223749,261.46933,15.1,1009.5756,87.56095,0.0,0.0,0.0,13.05,0.0,0.0,,0.0
2020-06-30 03:00:00+08:00,1.6643317,237.26477,15.75,1009.09894,81.28277,0.0,0.0,0.0,12.55,0.0,0.1,,0.0
2020-06-30 04:00:00+08:00,1.6643317,237.26477,16.1,1009.20825,80.008484,0.0,0.0,0.0,12.65,0.0,0.0,,0.0
2020-06-30 05:00:00+08:00,1.746425,246.3706,15.25,1009.2827,83.10747,0.0,0.0,0.0,12.4,0.0,0.0,,0.0
2020-06-30 06:00:00+08:00,1.8973665,251.56496,15.05,1009.475,83.90651,0.0,0.0,0.0,12.35,0.0,0.1,,0.0
2020-06-30 07:00:00+08:00,1.746425,256.75946,15.4,1010.08044,82.85328,0.0,0.0,0.0,12.5,0.0,0.0,,0.0
2020-06-30 08:00:00+08:00,1.7720045,286.38962,16.35,1010.40576,82.698204,16.0,78.360176,9.0,13.4,0.0,0.0,,1.0
2020-06-30 09:00:00+08:00,2.0124612,296.56497,17.45,1011.03253,80.71584,88.0,113.1743,62.0,14.1,0.0,0.2,,1.0
2020-06-30 10:00:00+08:00,2.3086793,274.96964,18.45,1011.2601,72.42671,237.0,304.4448,117.0,13.4,0.0,0.0,,1.0
2020-06-30 11:00:00+08:00,3.6496572,260.53775,18.85,1010.97406,65.30193,284.0,244.70644,157.0,12.2,0.0,0.0,,1.0
2020-06-30 12:00:00+08:00,4.588028,253.5399,19.0,1010.2839,67.07052,396.0,251.79753,246.0,12.75,0.0,0.2,,1.0
2020-06-30 13:00:00+08:00,4.7296934,256.55136,19.0,1009.58966,67.95382,391.0,281.04697,217.0,12.95,0.0,0.2,,1.0
2020-06-30 14:00:00+08:00,4.609772,257.4712,19.25,1009.4978,60.6196,284.0,204.22545,164.0,11.45,0.0,0.0,,1.0
2020-06-30 15:00:00+08:00,4.9335585,252.29948,19.05,1009.5912,62.60841,334.0,343.7447,161.0,11.75,0.0,0.0,,1.0
2020-06-30 16:00:00+08:00,4.661545,247.28555,18.35,1009.7693,70.54209,173.0,134.43007,123.0,12.9,0.0,0.2,,1.0
2020-06-30 17:00:00+08:00,3.8078866,246.80139,18.35,1009.96765,67.59918,86.0,153.07584,55.0,12.25,0.0,0.0,,1.0
2020-06-30 18:00:00+08:00,2.8792362,249.67677,17.55,1010.1431,69.01174,11.0,67.036865,6.0,11.8,0.0,0.0,,0.0
2020-06-30 19:00:00+08:00,4.545327,230.35587,16.6,1011.1072,81.12893,0.0,0.0,0.0,13.35,0.0,0.1,,0.0
2020-06-30 20:00:00+08:00,2.7202942,233.97253,16.65,1011.1085,83.003944,0.0,0.0,0.0,13.75,0.0,0.1,,0.0
2020-06-30 21:00:00+08:00,2.2627418,224.9999,17.3,1011.32587,76.603035,0.0,0.0,0.0,13.15,0.0,0.3,,0.0
2020-06-30 22:00:00+08:00,3.3970575,227.38597,17.55,1011.234,70.853806,0.0,0.0,0.0,12.2,0.0,0.0,,0.0
2020-06-30 23:00:00+08:00,4.080441,216.02747,17.45,1011.1317,69.67797,0.0,0.0,0.0,11.85,0.0,0.0,,0.0
2020-07-01 00:00:00+08:00,4.0,216.86998,17.25,1011.0268,69.409256,0.0,0.0,0.0,11.6,0.0,0.0,,0.0
2020-07-01 01:00:00+08:00,3.405877,220.23628,16.85,1010.61865,71.18979,0.0,0.0,0.0,11.6,0.0,0.0,,0.0
2020-07-01 02:00:00+08:00,4.237924,199.29015,16.65,1010.51355,75.2544,0.0,0.0,0.0,12.25,0.0,0.0,,0.0
2020-07-01 03:00:00+08:00,4.3324356,198.85326,16.4,1010.5062,81.633446,0.0,0.0,0.0,13.25,0.0,0.0,,0.0
2020-07-01 04:00:00+08:00,3.2984846,194.03627,16.05,1010.5952,84.29476,0.0,0.0,0.0,13.4,0.0,0.0,,0.0
2020-07-01 05:00:00+08:00,2.2022717,182.60251,15.65,1010.5835,85.91581,0.0,0.0,0.0,13.3,0.0,0.2,,0.0
2020-07-01 06:00:00+08:00,3.1144822,174.47255,16.55,1011.20483,79.031166,0.0,0.0,0.0,12.9,0.0,0.2,,0.0
2020-07-01 07:00:00+08:00,3.4058774,176.6336,16.75,1011.7064,71.40657,0.0,0.0,0.0,11.55,0.0,0.1,,0.0
2020-07-01 08:00:00+08:00,2.5806975,125.537766,15.7,1012.46924,86.20122,7.0,0.0,7.0,13.4,0.0,0.0,,1.0
2020-07-01 09:00:00+08:00,3.104835,104.93147,16.15,1013.17645,83.486374,95.0,134.8739,64.0,13.35,0.0,0.0,,1.0
2020-07-01 10:00:00+08:00,3.8275316,109.85531,16.7,1013.6885,79.5706,191.0,200.26744,112.0,13.15,0.0,0.1,,1.0
2020-07-01 11:00:00+08:00,4.604346,124.3804,17.55,1013.71326,73.93964,361.0,427.3197,139.0,12.85,0.0,0.1,,1.0
2020-07-01 12:00:00+08:00,4.6647615,120.96369,17.35,1013.1122,70.35089,317.0,224.6588,183.0,11.9,0.0,0.0,,1.0
2020-07-01 13:00:00+08:00,4.110961,138.94528,17.9,1012.5334,65.52911,305.0,182.24127,192.0,11.35,0.0,0.1,,1.0
2020-07-01 14:00:00+08:00,3.9962482,148.29861,17.95,1012.138,63.82532,234.0,115.50865,166.0,11.0,0.0,0.0,,1.0
2020-07-01 15:00:00+08:00,4.6173587,162.3498,18.4,1012.0519,60.62072,336.0,323.07574,173.0,10.65,0.0,0.0,,1.0
2020-07-01 16:00:00+08:00,5.217279,167.82855,17.55,1012.4241,64.375534,149.0,101.80394,111.0,10.75,0.0,0.0,,1.0
2020-07-01 17:00:00+08:00,4.588028,159.59003,17.15,1012.80896,65.367325,95.0,127.535225,69.0,10.6,0.0,0.0,,1.0
2020-07-01 18:00:00+08:00,3.8013155,153.43501,15.85,1012.96924,69.3631,14.0,79.70339,8.0,10.25,0.0,0.0,,0.0
2020-07-01 19:00:00+08:00,4.0360875,138.01286,15.05,1013.6398,75.23638,0.0,0.0,0.0,10.7,0.0,0.0,,0.0
2020-07-01 20:00:00+08:00,3.6069376,133.87679,14.4,1013.6207,80.83637,0.0,0.0,0.0,11.15,0.0,0.0,,0.0
2020-07-01 21:00:00+08:00,4.1617303,125.21768,14.4,1014.01733,79.50633,0.0,0.0,0.0,10.9,0.0,0.0,,0.0
2020-07-01 22:00:00+08:00,4.0816665,120.963684,14.2,1014.2097,78.95053,0.0,0.0,0.0,10.6,0.0,0.0,,0.0
2020-07-01 23:00:00+08:00,3.8948684,119.197395,14.0,1014.20355,79.18482,0.0,0.0,0.0,10.45,0.0,0.0,,0.0
2020-07-02 00:00:00+08:00,3.8626416,111.25058,13.8,1013.9003,79.420494,0.0,0.0,0.0,10.3,0.0,0.0,,0.0
2020-07-02 01:00:00+08:00,3.6055512,109.440125,13.6,1013.7952,78.8626,0.0,0.0,0.0,10.0,0.0,0.0,,0.0
2020-07-02 02:00:00+08:00,3.324154,111.16133,13.45,1013.7908,78.31403,0.0,0.0,0.0,9.75,0.0,0.0,,0.0
2020-07-02 03:00:00+08:00,3.352611,107.35411,13.1,1013.8794,78.524734,0.0,0.0,0.0,9.45,0.0,0.0,,0.0
2020-07-02 04:00:00+08:00,3.640055,105.945465,12.85,1014.1692,78.22354,0.0,0.0,0.0,9.15,0.0,0.0,,0.0
2020-07-02 05:00:00+08:00,4.148494,105.376305,12.6,1014.16187,77.922264,0.0,0.0,0.0,8.85,0.0,0.0,,0.0
2020-07-02 06:00:00+08:00,4.6270943,96.203354,12.7,1014.4622,75.85939,0.0,0.0,0.0,8.55,0.0,0.0,,0.0
2020-07-02 07:00:00+08:00,4.9010205,91.16911,12.5,1014.95197,75.56972,0.0,0.0,0.0,8.3,0.0,0.0,,0.0
2020-07-02 08:00:00+08:00,5.408327,93.17977,11.3,1015.60974,79.59711,25.0,145.3925,12.0,7.9,0.0,0.0,,1.0
2020-07-02 09:00:00+08:00,5.423099,95.28999,13.0,1016.25604,70.452896,181.0,578.1748,48.0,7.75,0.0,0.0,,1.0
2020-07-02 10:00:00+08:00,5.408327,93.17977,14.7,1016.60443,61.603924,353.0,734.4188,63.0,7.4,0.0,0.0,,1.0
2020-07-02 11:00:00+08:00,5.707889,93.012726,16.1,1016.1498,52.944733,494.0,809.4064,73.0,6.5,0.0,0.0,,1.0
2020-07-02 12:00:00+08:00,5.7218876,95.01302,17.05,1015.18616,48.991993,583.0,848.82935,76.0,6.25,0.0,0.0,,1.0
2020-07-02 13:00:00+08:00,5.4332314,96.340096,17.8,1014.3153,45.2964,613.0,864.6111,76.0,5.8,0.0,0.0,,1.0
2020-07-02 14:00:00+08:00,5.1478148,97.81521,18.3,1013.33826,43.592613,580.0,857.77466,74.0,5.7,0.0,0.0,,1.0
2020-07-02 15:00:00+08:00,5.001,101.53459,18.65,1012.9518,42.943535,486.0,824.3598,69.0,5.8,0.0,0.0,,1.0
2020-07-02 16:00:00+08:00,4.648656,108.8248,18.45,1013.04517,44.395317,339.0,744.67456,60.0,6.1,0.0,0.0,,1.0
2020-07-02 17:00:00+08:00,3.758989,118.61037,17.25,1013.3077,48.54288,162.0,574.83936,44.0,6.3,0.0,0.0,,1.0
2020-07-02 18:00:00+08:00,3.7013512,128.41809,15.45,1013.65155,50.798553,17.0,118.41657,8.0,5.3,0.0,0.0,,0.0
2020-07-02 19:00:00+08:00,4.060788,127.99879,14.5,1014.4169,50.894516,0.0,0.0,0.0,4.45,0.0,0.0,,0.0
2020-07-02 20:00:00+08:00,4.3266616,123.6901,13.3,1014.8771,51.82996,0.0,0.0,0.0,3.6,0.0,0.0,,0.0
2020-07-02 21:00:00+08:00,4.2953463,114.775116,12.6,1015.45087,52.19097,0.0,0.0,0.0,3.05,0.0,0.0,,0.0
2020-07-02 22:00:00+08:00,4.4598203,109.653915,12.35,1015.74084,53.61965,0.0,0.0,0.0,3.2,0.0,0.0,,0.0
2020-07-02 23:00:00+08:00,4.7434163,108.43504,12.3,1015.83826,55.14087,0.0,0.0,0.0,3.55,0.0,0.0,,0.0
2020-07-03 00:00:00+08:00,4.753946,104.62092,12.25,1015.7379,56.5025,0.0,0.0,0.0,3.85,0.0,0.0,,0.0
2020-07-03 01:00:00+08:00,4.9819674,100.40766,12.25,1015.2422,57.301594,0.0,0.0,0.0,4.05,0.0,0.0,,0.0
2020-07-03 02:00:00+08:00,5.408327,93.17977,12.35,1014.9475,57.327,0.0,0.0,0.0,4.15,0.0,0.0,,0.0
2020-07-03 03:00:00+08:00,6.618912,85.66777,12.45,1014.3555,56.95188,0.0,0.0,0.0,4.15,0.0,0.0,,0.0
2020-07-03 04:00:00+08:00,7.7278714,79.56258,12.55,1014.2595,56.579514,0.0,0.0,0.0,4.15,0.0,0.0,,0.0
2020-07-03 05:00:00+08:00,8.440379,76.29302,12.45,1014.15717,56.752556,0.0,0.0,0.0,4.1,0.0,0.0,,0.0
2020-07-03 06:00:00+08:00,8.888757,72.991974,12.35,1014.6501,56.926353,0.0,0.0,0.0,4.05,0.0,0.0,,0.0
2020-07-03 07:00:00+08:00,8.91852,72.37762,12.3,1015.34247,56.515354,0.0,0.0,0.0,3.9,0.0,0.0,,0.0
2020-07-03 08:00:00+08:00,8.523497,67.94889,12.15,1016.23047,57.679604,28.0,189.91252,11.0,4.05,0.0,0.0,,1.0
2020-07-03 09:00:00+08:00,8.469357,67.06787,14.1,1016.4875,53.52084,185.0,603.5476,46.0,4.8,0.0,0.0,,1.0
2020-07-03 10:00:00+08:00,8.5,64.94241,16.5,1016.4591,47.175617,358.0,751.2271,61.0,5.2,0.0,0.0,,1.0
2020-07-03 11:00:00+08:00,8.273452,63.435013,18.75,1015.8307,43.120724,496.0,819.8294,69.0,5.95,0.0,0.0,,1.0
2020-07-03 12:00:00+08:00,8.0062475,62.47487,20.75,1015.0945,39.971878,582.0,852.53625,72.0,6.65,0.0,0.0,,1.0
2020-07-03 13:00:00+08:00,7.430343,61.020393,22.35,1014.2471,37.895023,609.0,859.84344,74.0,7.3,0.0,0.0,,1.0
2020-07-03 14:00:00+08:00,6.7535176,62.676193,23.35,1013.5809,36.90462,571.0,844.07794,72.0,7.8,0.0,0.0,,1.0
2020-07-03 15:00:00+08:00,6.1717095,63.019848,23.65,1013.29156,37.878563,462.0,755.0629,79.0,8.45,0.0,0.0,,1.0
2020-07-03 16:00:00+08:00,5.0089917,63.946568,23.15,1013.4759,40.517117,325.0,693.93097,64.0,9.0,0.0,0.0,,1.0
2020-07-03 17:00:00+08:00,3.8626416,68.74943,21.5,1013.7273,43.3069,159.0,561.0967,43.0,8.5,0.0,0.0,,1.0
2020-07-03 18:00:00+08:00,3.5735137,72.07199,19.55,1014.2668,43.64614,17.0,117.260445,8.0,6.85,0.0,0.0,,0.0
2020-07-03 19:00:00+08:00,4.6238513,68.428635,19.1,1014.84875,41.753635,0.0,0.0,0.0,5.8,0.0,0.0,,0.0
2020-07-03 20:00:00+08:00,5.4424257,69.56709,18.75,1014.83887,41.22211,0.0,0.0,0.0,5.3,0.0,0.0,,0.0
2020-07-03 21:00:00+08:00,6.7779055,68.35551,18.75,1015.1364,40.090816,0.0,0.0,0.0,4.9,0.0,0.0,,0.0
2020-07-03 22:00:00+08:00,7.7999997,67.3801,18.25,1015.12177,39.94677,0.0,0.0,0.0,4.4,0.0,0.0,,0.0
2020-07-03 23:00:00+08:00,8.234683,65.61364,17.7,1015.00665,38.956886,0.0,0.0,0.0,3.55,0.0,0.0,,0.0
2020-07-04 00:00:00+08:00,8.229824,62.500946,17.3,1014.896,37.75649,0.0,0.0,0.0,2.75,0.0,0.0,,0.0
2020-07-04 01:00:00+08:00,8.386298,59.153484,16.9,1014.68585,37.774124,0.0,0.0,0.0,2.4,0.0,0.0,,0.0
2020-07-04 02:00:00+08:00,8.570297,55.939045,16.5,1014.47577,38.198204,0.0,0.0,0.0,2.2,0.0,0.0,,0.0
2020-07-04 03:00:00+08:00,8.660831,53.923893,16.1,1014.0673,38.629177,0.0,0.0,0.0,2.0,0.0,0.0,,0.0
2020-07-04 04:00:00+08:00,8.700575,52.471497,15.75,1014.0571,39.221577,0.0,0.0,0.0,1.9,0.0,0.0,,0.0
2020-07-04 05:00:00+08:00,8.745856,51.03325,15.35,1013.9463,40.09615,0.0,0.0,0.0,1.85,0.0,0.0,,0.0
2020-07-04 06:00:00+08:00,8.655634,49.68598,15.05,1014.23474,40.585247,0.0,0.0,0.0,1.75,0.0,0.0,,0.0
2020-07-04 07:00:00+08:00,8.655634,49.68598,14.85,1014.4273,40.9643,0.0,0.0,0.0,1.7,0.0,0.0,,0.0
2020-07-04 08:00:00+08:00,8.591274,50.194473,15.3,1014.63873,43.037968,28.0,167.30214,13.0,2.8,0.0,0.0,,1.0
2020-07-04 09:00:00+08:00,8.655634,49.68598,16.8,1014.88135,43.316402,170.0,442.2139,68.0,4.25,0.0,0.0,,1.0
2020-07-04 10:00:00+08:00,8.146779,48.483376,18.75,1015.1364,41.365486,346.0,669.3205,81.0,5.35,0.0,0.0,,1.0
2020-07-04 11:00:00+08:00,7.6419888,47.12111,20.7,1014.49786,38.872242,477.0,711.22504,106.0,6.2,0.0,0.0,,1.0
2020-07-04 12:00:00+08:00,6.9310894,46.169064,22.5,1013.7554,36.536724,566.0,765.9885,107.0,6.9,0.0,0.0,,1.0
2020-07-04 13:00:00+08:00,6.1522355,44.34155,23.85,1012.8012,34.608677,596.0,789.20966,104.0,7.3,0.0,0.0,,1.0
2020-07-04 14:00:00+08:00,5.3740115,44.999897,24.55,1012.12634,33.98802,564.0,793.2017,94.0,7.65,0.0,0.0,,1.0
2020-07-04 15:00:00+08:00,4.7423625,47.563812,24.7,1011.83295,35.08726,474.0,774.51105,80.0,8.25,0.0,0.0,,1.0
2020-07-04 16:00:00+08:00,1.8357561,29.357658,24.0,1012.01196,44.151325,331.0,699.0842,67.0,11.05,0.0,0.0,,1.0
2020-07-04 17:00:00+08:00,1.0,306.86996,23.65,1012.1013,38.917088,157.0,528.2055,47.0,8.85,0.0,0.0,,1.0
2020-07-04 18:00:00+08:00,0.0,270.0,22.15,1012.3569,45.582825,18.0,128.9907,8.0,9.85,0.0,0.0,,0.0
2020-07-04 19:00:00+08:00,1.8027756,70.559875,16.05,1012.77686,62.128906,0.0,0.0,0.0,8.8,0.0,0.0,,0.0
2020-07-04 20:00:00+08:00,1.5652475,63.435013,15.3,1013.1513,63.228962,0.0,0.0,0.0,8.35,0.0,0.0,,0.0
2020-07-04 21:00:00+08:00,1.3416408,63.435013,14.15,1013.21643,66.49634,0.0,0.0,0.0,8.0,0.0,0.0,,0.0
2020-07-04 22:00:00+08:00,2.3259406,64.5367,13.15,1012.9885,67.195625,0.0,0.0,0.0,7.2,0.0,0.0,,0.0
2020-07-04 23:00:00+08:00,3.7121422,62.744755,14.75,1012.73846,51.49856,0.0,0.0,0.0,4.85,0.0,0.0,,0.0
2020-07-05 00:00:00+08:00,4.802083,58.627052,15.85,1012.2751,42.892315,0.0,0.0,0.0,3.25,0.0,0.0,,0.0
2020-07-05 01:00:00+08:00,5.3823786,54.833485,15.9,1011.68164,41.415775,0.0,0.0,0.0,2.8,0.0,0.0,,0.0
2020-07-05 02:00:00+08:00,5.4037023,51.009003,15.85,1011.3826,40.817844,0.0,0.0,0.0,2.55,0.0,0.0,,0.0
2020-07-05 03:00:00+08:00,5.375872,46.507374,15.7,1010.8826,40.48528,0.0,0.0,0.0,2.3,0.0,0.0,,0.0
2020-07-05 04:00:00+08:00,5.0931325,43.408916,15.65,1010.38525,40.32691,0.0,0.0,0.0,2.2,0.0,0.0,,0.0
2020-07-05 05:00:00+08:00,4.883646,42.510403,15.55,1010.08484,40.15441,0.0,0.0,0.0,2.05,0.0,0.0,,0.0
2020-07-05 06:00:00+08:00,4.6690474,43.26433,15.5,1009.885,40.139843,0.0,0.0,0.0,2.0,0.0,0.0,,0.0
2020-07-05 07:00:00+08:00,4.5343137,41.42357,15.45,1009.88336,40.125282,0.0,0.0,0.0,1.95,0.0,0.0,,0.0
2020-07-05 08:00:00+08:00,5.249762,40.364468,16.1,1010.0016,41.03549,28.0,178.08798,12.0,2.85,0.0,0.0,,1.0
2020-07-05 09:00:00+08:00,6.1846585,39.09386,18.8,1009.8814,39.688126,184.0,601.4837,45.0,4.8,0.0,0.0,,1.0
2020-07-05 10:00:00+08:00,6.8249545,39.05314,21.45,1009.5602,37.7674,350.0,711.0744,68.0,6.45,0.0,0.0,,1.0
2020-07-05 11:00:00+08:00,6.6287255,33.92984,23.7,1009.0281,35.041977,494.0,809.5392,71.0,7.35,0.0,0.0,,1.0
2020-07-05 12:00:00+08:00,6.129437,33.6901,24.85,1008.167,33.38415,514.0,613.0026,146.0,7.65,0.0,0.0,,1.0
2020-07-05 13:00:00+08:00,4.846648,21.801476,25.6,1007.0965,34.054,443.0,364.97864,215.0,8.6,0.0,0.0,,1.0
2020-07-05 14:00:00+08:00,6.3007936,269.09064,22.6,1007.2121,59.06287,427.0,355.23727,216.0,14.2,0.0,0.0,,1.0
2020-07-05 15:00:00+08:00,4.7759814,289.5732,21.8,1007.28876,58.489536,433.0,607.5561,123.0,13.3,0.0,0.0,,1.0
2020-07-05 16:00:00+08:00,3.354102,280.30478,21.7,1007.2859,67.84005,287.0,487.85202,102.0,15.5,0.0,0.0,,1.0
2020-07-05 17:00:00+08:00,2.2561028,282.80426,20.5,1007.2521,79.59031,120.0,243.0742,69.0,16.85,0.0,0.0,,1.0
2020-07-05 18:00:00+08:00,2.8160257,253.49556,19.4,1007.6176,90.47284,14.0,76.60904,8.0,17.8,0.0,0.0,,0.0
2020-07-05 19:00:00+08:00,3.224903,240.2552,19.25,1008.20844,90.74794,0.0,0.0,0.0,17.7,0.0,0.0,,0.0
2020-07-05 20:00:00+08:00,3.9115214,237.52882,19.0,1008.39954,92.172966,0.0,0.0,0.0,17.7,0.0,0.0,,0.0
2020-07-05 21:00:00+08:00,4.244997,226.90913,18.85,1008.9906,92.45542,0.0,0.0,0.0,17.6,0.0,0.2,,0.0
2020-07-05 22:00:00+08:00,3.748333,223.91916,18.3,1009.17303,91.55057,0.0,0.0,0.0,16.9,0.0,0.6,,0.0
2020-07-05 23:00:00+08:00,3.8832977,214.50858,17.75,1009.15717,92.394,0.0,0.0,0.0,16.5,0.0,0.5,,0.0
2020-07-06 00:00:00+08:00,3.4014702,204.30453,17.7,1009.1556,88.92324,0.0,0.0,0.0,15.85,0.0,0.2,,0.0
2020-07-06 01:00:00+08:00,1.7204651,215.53777,17.7,1008.9573,86.12124,0.0,0.0,0.0,15.35,0.0,0.0,,0.0
2020-07-06 02:00:00+08:00,1.4866068,250.34608,17.3,1008.94586,85.5291,0.0,0.0,0.0,14.85,0.0,0.0,,0.0
2020-07-06 03:00:00+08:00,3.4481878,253.14151,16.7,1009.1267,84.367134,0.0,0.0,0.0,14.05,0.0,0.1,,0.0
2020-07-06 04:00:00+08:00,4.237924,250.70985,16.75,1009.32635,81.41309,0.0,0.0,0.0,13.55,0.0,0.0,,0.0
2020-07-06 05:00:00+08:00,3.794733,251.56496,16.35,1009.8107,75.452545,0.0,0.0,0.0,12.0,0.0,0.0,,0.0
2020-07-06 06:00:00+08:00,3.0675724,250.9743,15.9,1010.29333,75.37804,0.0,0.0,0.0,11.55,0.0,0.0,,0.0
2020-07-06 07:00:00+08:00,3.7161808,246.19405,15.9,1011.0866,75.37804,0.0,0.0,0.0,11.55,0.0,0.0,,0.0
2020-07-06 08:00:00+08:00,3.4525354,259.9921,16.85,1011.80865,68.19006,21.0,111.02151,11.0,10.95,0.0,0.0,,1.0
2020-07-06 09:00:00+08:00,3.981206,258.40784,18.1,1012.24164,63.01691,144.0,392.8865,53.0,10.95,0.0,0.0,,1.0
2020-07-06 10:00:00+08:00,4.491102,258.4399,18.5,1012.84814,60.041943,251.0,375.00146,102.0,10.6,0.0,0.0,,1.0
2020-07-06 11:00:00+08:00,4.2,270.0,18.95,1012.56354,56.65019,391.0,475.65048,142.0,10.15,0.0,0.0,,1.0
2020-07-06 12:00:00+08:00,4.6010866,271.24533,19.35,1012.575,54.15771,566.0,791.3431,90.0,9.85,0.0,0.0,,1.0
2020-07-06 13:00:00+08:00,4.604346,267.5105,19.45,1012.2804,51.523186,591.0,782.6711,101.0,9.2,0.0,0.0,,1.0
2020-07-06 14:00:00+08:00,4.9648767,260.72748,19.35,1012.07916,49.61914,522.0,668.37177,124.0,8.55,0.0,0.0,,1.0
2020-07-06 15:00:00+08:00,4.9040794,253.41258,18.9,1012.1653,52.96134,382.0,418.1006,168.0,9.1,0.0,0.0,,1.0
2020-07-06 16:00:00+08:00,4.14367,250.25307,18.65,1012.3567,53.79524,265.0,367.60535,125.0,9.1,0.0,0.0,,1.0
2020-07-06 17:00:00+08:00,3.0870697,245.09526,17.7,1012.5274,56.526623,152.0,454.08157,56.0,8.95,0.0,0.0,,1.0
2020-07-06 18:00:00+08:00,2.9154758,239.0363,16.6,1012.8923,59.586674,17.0,101.093544,9.0,8.7,0.0,0.0,,0.0
2020-07-06 19:00:00+08:00,3.0232434,235.78424,16.8,1013.69135,59.434,0.0,0.0,0.0,8.85,0.0,0.0,,0.0
2020-07-06 20:00:00+08:00,2.4041631,224.9999,15.55,1014.1506,57.73391,0.0,0.0,0.0,7.25,0.0,0.0,,0.0
2020-07-06 21:00:00+08:00,2.8319604,227.86247,13.35,1014.2833,67.69839,0.0,0.0,0.0,7.5,0.0,0.0,,0.0
2020-07-06 22:00:00+08:00,2.8844411,213.6901,15.95,1014.3607,64.45281,0.0,0.0,0.0,9.25,0.0,0.0,,0.0
2020-07-06 23:00:00+08:00,3.5510561,212.34741,16.25,1014.46844,57.32001,0.0,0.0,0.0,7.8,0.0,0.0,,0.0
2020-07-07 00:00:00+08:00,2.5806975,215.53777,15.4,1014.64197,58.092678,0.0,0.0,0.0,7.2,0.0,0.0,,0.0
2020-07-07 01:00:00+08:00,2.0615528,219.09384,14.1,1014.40515,66.48565,0.0,0.0,0.0,7.95,0.0,0.0,,0.0
2020-07-07 02:00:00+08:00,1.6401219,217.56866,15.35,1014.2437,62.177094,0.0,0.0,0.0,8.15,0.0,0.0,,0.0
2020-07-07 03:00:00+08:00,1.5652475,206.56499,15.8,1014.0587,60.616016,0.0,0.0,0.0,8.2,0.0,0.0,,0.0
2020-07-07 04:00:00+08:00,1.5264337,211.60745,15.3,1014.0437,63.01499,0.0,0.0,0.0,8.3,0.0,0.0,,0.0
2020-07-07 05:00:00+08:00,2.147091,207.75845,14.2,1014.11053,67.6452,0.0,0.0,0.0,8.3,0.0,0.0,,0.0
2020-07-07 06:00:00+08:00,1.746425,156.3706,14.0,1014.20355,74.05868,0.0,0.0,0.0,9.45,0.0,0.0,,0.0
2020-07-07 07:00:00+08:00,1.5652475,116.56499,13.65,1014.98663,80.19832,0.0,0.0,0.0,10.3,0.0,0.0,,0.0
2020-07-07 08:00:00+08:00,2.5612497,51.34017,14.35,1015.7016,74.11968,16.0,55.34296,11.0,9.8,0.0,0.0,,1.0
2020-07-07 09:00:00+08:00,2.9206164,38.047092,15.05,1016.4163,70.61145,76.0,47.366627,65.0,9.75,0.0,0.0,,1.0
2020-07-07 10:00:00+08:00,2.1633308,33.6901,16.3,1016.7509,66.72795,123.0,37.672302,108.0,10.1,0.0,0.0,,1.0
2020-07-07 11:00:00+08:00,0.8062258,330.25522,17.35,1016.484,60.982708,242.0,104.85027,187.0,9.75,0.0,0.0,,1.0
2020-07-07 12:00:00+08:00,2.1377556,259.21576,17.9,1016.00433,60.099567,425.0,364.9754,205.0,10.05,0.0,0.0,,1.0
2020-07-07 13:00:00+08:00,2.624881,252.25523,17.7,1015.30414,63.346752,376.0,223.10452,236.0,10.65,0.0,0.0,,1.0
2020-07-07 14:00:00+08:00,2.0808651,234.78232,17.9,1014.5168,60.90814,413.0,383.54837,184.0,10.25,0.0,0.0,,1.0
2020-07-07 15:00:00+08:00,2.7202942,216.02747,18.15,1014.12714,57.405663,367.0,414.80252,154.0,9.6,0.0,0.0,,1.0
2020-07-07 16:00:00+08:00,3.7161808,203.80595,17.6,1014.40875,59.82712,288.0,491.47342,100.0,9.7,0.0,0.0,,1.0
2020-07-07 17:00:00+08:00,3.4481878,196.85847,16.65,1014.6786,66.13656,120.0,328.54938,50.0,10.3,0.0,0.0,,1.0
2020-07-07 18:00:00+08:00,3.354102,190.3048,15.45,1014.8415,74.80521,16.0,87.536606,9.0,11.0,0.0,0.0,,0.0
2020-07-07 19:00:00+08:00,2.376973,165.37909,15.05,1015.52386,78.81309,0.0,0.0,0.0,11.4,0.0,0.0,,0.0
2020-07-07 20:00:00+08:00,1.9849433,139.08571,14.45,1015.70447,84.11448,0.0,0.0,0.0,11.8,0.0,0.0,,0.0
2020-07-07 21:00:00+08:00,2.0223749,98.530685,13.95,1015.9871,86.02569,0.0,0.0,0.0,11.65,0.0,0.0,,0.0
2020-07-07 22:00:00+08:00,2.5317976,80.909805,13.4,1015.7723,86.54169,0.0,0.0,0.0,11.2,0.0,0.0,,0.0
2020-07-07 23:00:00+08:00,2.236068,79.69521,13.05,1015.4643,87.37342,0.0,0.0,0.0,11.0,0.0,0.0,,0.0
2020-07-08 00:00:00+08:00,1.5524175,75.068535,12.95,1015.3623,87.65477,0.0,0.0,0.0,10.95,0.0,0.0,,0.0
2020-07-08 01:00:00+08:00,1.264911,71.564964,12.3,1015.5408,90.86368,0.0,0.0,0.0,10.85,0.0,0.0,,0.0
2020-07-08 02:00:00+08:00,1.2041595,94.76356,12.6,1015.35175,89.09233,0.0,0.0,0.0,10.85,0.0,0.1,,0.0
2020-07-08 03:00:00+08:00,1.5,90.0,13.6,1015.0843,84.29682,0.0,0.0,0.0,11.0,0.0,0.1,,0.0
2020-07-08 04:00:00+08:00,2.109502,84.55976,13.7,1014.4922,82.920395,0.0,0.0,0.0,10.85,0.0,0.0,,0.0
2020-07-08 05:00:00+08:00,2.0,90.0,12.35,1014.55096,88.776,0.0,0.0,0.0,10.55,0.0,0.0,,0.0
2020-07-08 06:00:00+08:00,1.9,90.0,11.65,1014.9264,89.61294,0.0,0.0,0.0,10.0,0.0,0.0,,0.0
2020-07-08 07:00:00+08:00,2.4738634,75.96373,11.5,1015.31836,88.111984,0.0,0.0,0.0,9.6,0.0,0.0,,0.0
2020-07-08 08:00:00+08:00,2.8301945,57.99466,11.75,1015.7226,85.22556,29.0,187.50168,12.0,9.35,0.0,0.0,,1.0
2020-07-08 09:00:00+08:00,2.624881,49.635548,14.6,1016.2047,76.42479,153.0,416.4284,56.0,10.5,0.0,0.0,,1.0
2020-07-08 10:00:00+08:00,1.8357561,60.64234,17.3,1016.28436,59.554653,334.0,613.8799,89.0,9.35,0.0,0.0,,1.0
2020-07-08 11:00:00+08:00,1.3416408,153.43501,18.25,1016.01434,55.533062,457.0,656.2536,112.0,9.2,0.0,0.0,,1.0
2020-07-08 12:00:00+08:00,3.0,216.86998,18.2,1015.3188,59.970497,397.0,357.5346,181.0,10.3,0.0,0.0,,1.0
2020-07-08 13:00:00+08:00,3.7121422,207.25525,17.55,1014.4075,68.106636,354.0,263.89658,188.0,11.6,0.0,0.0,,1.0
2020-07-08 14:00:00+08:00,3.420526,195.25517,17.5,1013.81085,71.54637,444.0,509.43292,139.0,12.3,0.0,0.0,,1.0
2020-07-08 15:00:00+08:00,3.354102,190.3048,17.2,1013.4056,72.43765,316.0,359.0739,131.0,12.2,0.0,0.0,,1.0
2020-07-08 16:00:00+08:00,4.2296567,173.21112,17.15,1013.3048,71.481255,242.0,405.98627,86.0,11.95,0.0,0.0,,1.0
2020-07-08 17:00:00+08:00,4.753946,165.37909,16.9,1013.595,68.88223,127.0,339.95642,54.0,11.15,0.0,0.0,,1.0
2020-07-08 18:00:00+08:00,4.7434163,161.56496,15.8,1013.9596,70.51985,16.0,86.61701,9.0,10.45,0.0,0.0,,0.0
2020-07-08 19:00:00+08:00,4.632494,147.3391,15.35,1014.64044,71.85932,0.0,0.0,0.0,10.3,0.0,0.0,,0.0
2020-07-08 20:00:00+08:00,3.6124785,138.36655,13.85,1014.5958,79.959114,0.0,0.0,0.0,10.45,0.0,0.0,,0.0
2020-07-08 21:00:00+08:00,3.1400635,127.23492,13.25,1014.87537,82.04022,0.0,0.0,0.0,10.25,0.0,0.0,,0.0
2020-07-08 22:00:00+08:00,3.1622775,124.69522,12.95,1015.0648,82.8288,0.0,0.0,0.0,10.1,0.0,0.0,,0.0
2020-07-08 23:00:00+08:00,3.275668,121.26367,12.85,1014.9624,81.989136,0.0,0.0,0.0,9.85,0.0,0.0,,0.0
2020-07-09 00:00:00+08:00,3.130495,116.56499,12.65,1014.65894,80.32849,0.0,0.0,0.0,9.35,0.0,0.0,,0.0
2020-07-09 01:00:00+08:00,2.5961509,105.64231,11.95,1014.63794,82.14996,0.0,0.0,0.0,9.0,0.0,0.0,,0.0
2020-07-09 02:00:00+08:00,2.4351592,109.17911,11.1,1014.71136,85.443695,0.0,0.0,0.0,8.75,0.0,0.0,,0.0
2020-07-09 03:00:00+08:00,2.8160257,106.50443,10.8,1014.50385,85.70143,0.0,0.0,0.0,8.5,0.0,0.0,,0.0
2020-07-09 04:00:00+08:00,2.8442926,100.12462,10.65,1014.4994,83.958916,0.0,0.0,0.0,8.05,0.0,0.0,,0.0
2020-07-09 05:00:00+08:00,2.9017239,88.025116,10.45,1014.88983,82.5183,0.0,0.0,0.0,7.6,0.0,0.0,,0.0
2020-07-09 06:00:00+08:00,3.3136082,84.805664,10.15,1014.9798,84.18719,0.0,0.0,0.0,7.6,0.0,0.0,,0.0
2020-07-09 07:00:00+08:00,3.224903,82.875084,9.8,1015.663,85.88871,0.0,0.0,0.0,7.55,0.0,0.0,,0.0
2020-07-09 08:00:00+08:00,4.1593266,80.31129,10.65,1015.9866,81.983185,30.0,186.74837,13.0,7.7,0.0,0.0,,1.0
2020-07-09 09:00:00+08:00,3.9204593,84.14409,13.2,1016.55945,72.92473,187.0,598.9898,47.0,8.45,0.0,0.0,,1.0
2020-07-09 10:00:00+08:00,3.5014284,88.363464,15.55,1017.0263,65.01879,359.0,734.7719,65.0,9.0,0.0,0.0,,1.0
2020-07-09 11:00:00+08:00,3.49285,103.24053,17.05,1016.872,56.554066,505.0,823.5987,71.0,8.35,0.0,0.0,,1.0
2020-07-09 12:00:00+08:00,3.535534,118.7397,17.9,1016.20264,51.9869,595.0,860.33295,74.0,7.9,0.0,0.0,,1.0
2020-07-09 13:00:00+08:00,3.6878178,130.60121,18.5,1015.32745,49.05292,625.0,870.5483,76.0,7.6,0.0,0.0,,1.0
2020-07-09 14:00:00+08:00,4.327817,139.68597,18.85,1014.4451,45.43516,590.0,852.73615,78.0,6.8,0.0,0.0,,1.0
2020-07-09 15:00:00+08:00,4.560702,142.12495,18.85,1014.3459,44.969585,497.0,825.9411,70.0,6.65,0.0,0.0,,1.0
2020-07-09 16:00:00+08:00,4.604346,145.6196,18.5,1014.43494,45.49319,351.0,748.66876,62.0,6.5,0.0,0.0,,1.0
2020-07-09 17:00:00+08:00,4.118252,150.9455,17.25,1014.59686,51.284664,172.0,586.7672,45.0,7.1,0.0,0.0,,1.0
2020-07-09 18:00:00+08:00,4.0816665,149.03632,15.55,1014.8448,57.73391,21.0,146.92,9.0,7.25,0.0,0.0,,0.0
2020-07-09 19:00:00+08:00,4.5221677,144.90411,14.75,1015.61414,60.571934,0.0,0.0,0.0,7.2,0.0,0.0,,0.0
2020-07-09 20:00:00+08:00,4.596738,135.88132,13.9,1015.6882,60.78502,0.0,0.0,0.0,6.45,0.0,0.0,,0.0
2020-07-09 21:00:00+08:00,4.0,126.86999,12.7,1016.1479,63.503345,0.0,0.0,0.0,5.95,0.0,0.0,,0.0
2020-07-09 22:00:00+08:00,4.0496917,122.90524,12.1,1016.7247,64.69791,0.0,0.0,0.0,5.65,0.0,0.0,,0.0
2020-07-09 23:00:00+08:00,4.8764744,118.14151,11.7,1017.00995,65.73924,0.0,0.0,0.0,5.5,0.0,0.0,,0.0
2020-07-10 00:00:00+08:00,4.997999,109.885254,11.2,1017.39154,67.24605,0.0,0.0,0.0,5.35,0.0,0.0,,0.0
2020-07-10 01:00:00+08:00,4.850773,104.32276,10.75,1017.4769,67.38459,0.0,0.0,0.0,4.95,0.0,0.0,,0.0
2020-07-10 02:00:00+08:00,4.570558,100.08054,10.45,1017.3685,66.154816,0.0,0.0,0.0,4.4,0.0,0.0,,0.0
2020-07-10 03:00:00+08:00,4.3737855,100.53913,10.0,1017.25574,66.75538,0.0,0.0,0.0,4.1,0.0,0.0,,0.0
2020-07-10 04:00:00+08:00,3.905125,103.32455,9.5,1017.141,68.30788,0.0,0.0,0.0,3.95,0.0,0.0,,0.0
2020-07-10 05:00:00+08:00,4.0521603,105.75124,9.35,1017.0374,68.03694,0.0,0.0,0.0,3.75,0.0,0.0,,0.0
2020-07-10 06:00:00+08:00,3.8327537,105.12406,9.1,1017.52545,68.22433,0.0,0.0,0.0,3.55,0.0,0.0,,0.0
2020-07-10 07:00:00+08:00,4.3416586,104.67644,9.1,1018.0212,67.74521,0.0,0.0,0.0,3.45,0.0,0.0,,0.0
2020-07-10 08:00:00+08:00,6.0074954,92.86235,9.9,1018.4422,67.91393,29.0,131.22346,17.0,4.25,0.0,0.0,,1.0
2020-07-10 09:00:00+08:00,6.3198104,94.53769,11.7,1018.89386,62.615795,187.0,537.0527,61.0,4.8,0.0,0.0,,1.0
2020-07-10 10:00:00+08:00,6.6030297,91.73567,13.75,1018.65845,56.296158,350.0,608.1126,106.0,5.2,0.0,0.0,,1.0
2020-07-10 11:00:00+08:00,6.400781,90.89516,15.7,1018.1216,50.866417,503.0,749.58704,107.0,5.55,0.0,0.0,,1.0
2020-07-10 12:00:00+08:00,5.9008474,89.029,17.2,1017.3723,46.397396,586.0,749.4572,131.0,5.6,0.0,0.0,,1.0
2020-07-10 13:00:00+08:00,5.400926,91.06089,18.4,1016.51465,42.135063,635.0,857.1675,93.0,5.3,0.0,0.0,,1.0
2020-07-10 14:00:00+08:00,5.0159745,94.57384,19.15,1016.0404,38.83079,601.0,861.8402,82.0,4.8,0.0,0.0,,1.0
2020-07-10 15:00:00+08:00,4.8373547,97.12492,19.5,1015.6539,37.076767,507.0,840.3856,71.0,4.45,0.0,0.0,,1.0
2020-07-10 16:00:00+08:00,4.2755113,100.784256,19.25,1015.44824,38.321377,360.0,770.9643,61.0,4.7,0.0,0.0,,1.0
2020-07-10 17:00:00+08:00,2.9546573,113.962494,17.65,1015.50116,44.16879,178.0,614.1909,44.0,5.3,0.0,0.0,,1.0
2020-07-10 18:00:00+08:00,2.8017852,124.82456,15.1,1015.7238,48.11502,23.0,157.47858,10.0,4.2,0.0,0.0,,0.0
2020-07-10 19:00:00+08:00,3.1384711,120.65059,14.05,1016.38666,49.537968,0.0,0.0,0.0,3.65,0.0,0.0,,0.0
2020-07-10 20:00:00+08:00,3.4539833,112.109505,13.05,1017.15,51.579823,0.0,0.0,0.0,3.3,0.0,0.0,,0.0
2020-07-10 21:00:00+08:00,3.9293766,104.743614,12.25,1017.4235,52.839867,0.0,0.0,0.0,2.9,0.0,0.0,,0.0
2020-07-10 22:00:00+08:00,4.2579336,99.46225,11.95,1017.41425,53.70281,0.0,0.0,0.0,2.85,0.0,0.0,,0.0
2020-07-10 23:00:00+08:00,4.804165,92.385895,11.85,1017.4114,55.60922,0.0,0.0,0.0,3.25,0.0,0.0,,0.0
2020-07-11 00:00:00+08:00,5.6142673,85.91447,11.85,1017.31226,57.40142,0.0,0.0,0.0,3.7,0.0,0.0,,0.0
2020-07-11 01:00:00+08:00,6.4938436,80.24765,11.8,1016.81494,58.818047,0.0,0.0,0.0,4.0,0.0,0.0,,0.0
2020-07-11 02:00:00+08:00,7.300685,76.53478,11.75,1016.615,59.427876,0.0,0.0,0.0,4.1,0.0,0.0,,0.0
2020-07-11 03:00:00+08:00,7.558439,72.28412,11.6,1016.21387,59.8092,0.0,0.0,0.0,4.05,0.0,0.0,,0.0
2020-07-11 04:00:00+08:00,7.725283,68.74943,11.4,1016.0095,59.76014,0.0,0.0,0.0,3.85,0.0,0.0,,0.0
2020-07-11 05:00:00+08:00,7.8924017,67.65931,11.2,1015.8051,59.50117,0.0,0.0,0.0,3.6,0.0,0.0,,0.0
2020-07-11 06:00:00+08:00,8.062258,66.61476,10.95,1015.9958,59.649452,0.0,0.0,0.0,3.4,0.0,0.0,,0.0
2020-07-11 07:00:00+08:00,8.367198,65.27272,10.7,1016.1865,60.010254,0.0,0.0,0.0,3.25,0.0,0.0,,0.0
2020-07-11 08:00:00+08:00,8.676405,64.025665,10.8,1016.98254,57.54022,33.0,217.60411,13.0,2.75,0.0,0.0,,1.0
2020-07-11 09:00:00+08:00,8.542248,62.835106,12.5,1017.1335,53.28217,202.0,657.90326,47.0,3.25,0.0,0.0,,1.0
2020-07-11 10:00:00+08:00,8.285529,60.340992,14.85,1017.2039,46.38442,386.0,805.06256,62.0,3.45,0.0,0.0,,1.0
2020-07-11 11:00:00+08:00,7.738863,57.131325,17.05,1016.7729,41.02056,533.0,875.93976,69.0,3.7,0.0,0.0,,1.0
2020-07-11 12:00:00+08:00,6.8818603,54.46224,18.8,1016.0302,37.004234,626.0,906.8267,74.0,3.8,0.0,0.0,,1.0
2020-07-11 13:00:00+08:00,5.3263493,50.3322,20.2,1015.5745,33.80169,655.0,914.73,75.0,3.75,0.0,0.0,,1.0
2020-07-11 14:00:00+08:00,4.2520585,48.814175,21.05,1014.9044,31.74007,618.0,902.257,73.0,3.6,0.0,0.0,,1.0
2020-07-11 15:00:00+08:00,3.623534,50.59937,21.4,1014.3195,30.523277,519.0,864.25146,69.0,3.35,0.0,0.0,,1.0
2020-07-11 16:00:00+08:00,2.5238857,56.3099,20.95,1014.10846,35.47086,368.0,787.84717,61.0,5.1,0.0,0.0,,1.0
2020-07-11 17:00:00+08:00,2.2561028,77.19574,18.0,1013.9247,56.98409,183.0,632.0214,44.0,9.35,0.0,0.0,,1.0
2020-07-11 18:00:00+08:00,2.118962,109.290146,15.7,1013.85754,46.136738,24.0,167.79585,10.0,4.15,0.0,0.0,,0.0
2020-07-11 19:00:00+08:00,1.9104973,96.00892,13.4,1014.1857,51.85706,0.0,0.0,0.0,3.7,0.0,0.0,,0.0
2020-07-11 20:00:00+08:00,2.7018514,87.87895,13.05,1014.4727,49.26068,0.0,0.0,0.0,2.65,0.0,0.0,,0.0
2020-07-11 21:00:00+08:00,3.49285,76.75947,12.05,1014.1453,46.918575,0.0,0.0,0.0,1.05,0.0,0.0,,0.0
2020-07-11 22:00:00+08:00,4.588028,69.59004,12.4,1013.7593,39.37426,0.0,0.0,0.0,-1.05,0.0,0.0,,0.0
2020-07-11 23:00:00+08:00,5.5036354,65.29759,13.65,1013.49927,33.84139,0.0,0.0,0.0,-2.0,0.0,0.0,,0.0
2020-07-12 00:00:00+08:00,5.948109,63.00425,13.65,1013.2018,32.97806,0.0,0.0,0.0,-2.35,0.0,0.0,,0.0
2020-07-12 01:00:00+08:00,6.5,59.48984,13.35,1012.59766,33.01176,0.0,0.0,0.0,-2.6,0.0,0.0,,0.0
2020-07-12 02:00:00+08:00,7.1281133,55.86401,13.2,1012.2958,32.723743,0.0,0.0,0.0,-2.85,0.0,0.0,,0.0
2020-07-12 03:00:00+08:00,7.420243,52.66673,13.0,1011.99225,32.543488,0.0,0.0,0.0,-3.1,0.0,0.0,,0.0
2020-07-12 04:00:00+08:00,7.9511003,50.102226,12.85,1011.49194,32.378376,0.0,0.0,0.0,-3.3,0.0,0.0,,0.0
2020-07-12 05:00:00+08:00,8.132035,45.498146,12.7,1011.28925,32.21368,0.0,0.0,0.0,-3.5,0.0,0.0,,0.0
2020-07-12 06:00:00+08:00,8.417245,43.555943,12.55,1011.18567,32.04938,0.0,0.0,0.0,-3.7,0.0,0.0,,0.0
2020-07-12 07:00:00+08:00,8.570297,41.688965,12.5,1011.3824,32.03463,0.0,0.0,0.0,-3.75,0.0,0.0,,0.0
2020-07-12 08:00:00+08:00,8.852683,41.79471,12.35,1011.5763,35.243553,33.0,216.39395,13.0,-2.6,0.0,0.0,,1.0
2020-07-12 09:00:00+08:00,8.60523,38.867783,14.2,1011.7307,35.14307,203.0,659.12604,47.0,-1.0,0.0,0.0,,1.0
2020-07-12 10:00:00+08:00,8.46286,35.380356,16.55,1011.7007,32.863754,386.0,802.45465,62.0,0.15,0.0,0.0,,1.0
2020-07-12 11:00:00+08:00,8.112336,30.358036,19.0,1011.27563,29.625711,531.0,871.55554,68.0,0.85,0.0,0.0,,1.0
2020-07-12 12:00:00+08:00,7.826238,26.564985,20.9,1010.43726,27.00807,623.0,902.6726,72.0,1.2,0.0,0.0,,1.0
2020-07-12 13:00:00+08:00,7.0007143,21.801476,22.3,1009.38556,25.788054,652.0,910.5328,73.0,1.75,0.0,0.0,,1.0
2020-07-12 14:00:00+08:00,6.281719,13.815059,23.2,1008.5182,24.68152,616.0,897.7751,72.0,1.9,0.0,0.0,,1.0
2020-07-12 15:00:00+08:00,5.2086463,3.3018,23.55,1008.42883,25.67225,515.0,857.24927,67.0,2.75,0.0,0.0,,1.0
2020-07-12 16:00:00+08:00,2.5806975,324.46225,22.8,1008.6063,34.30965,364.0,776.4087,60.0,6.25,0.0,0.0,,1.0
2020-07-12 17:00:00+08:00,2.8160255,276.11542,19.85,1008.7214,59.374413,180.0,617.9336,43.0,11.7,0.0,0.0,,1.0
2020-07-12 18:00:00+08:00,2.4207437,321.70978,16.7,1008.53174,69.993416,24.0,166.01921,10.0,11.2,0.0,0.0,,0.0
2020-07-12 19:00:00+08:00,2.4020824,2.385899,16.25,1008.5185,61.75714,0.0,0.0,0.0,8.9,0.0,0.0,,0.0
2020-07-12 20:00:00+08:00,2.5,16.26028,15.0,1008.4821,36.950512,0.0,0.0,0.0,0.4,0.0,0.0,,0.0
2020-07-12 21:00:00+08:00,2.5,16.26028,14.0,1008.6507,41.158257,0.0,0.0,0.0,1.0,0.0,0.0,,0.0
2020-07-12 22:00:00+08:00,2.7892652,14.534496,14.0,1009.0473,44.057213,0.0,0.0,0.0,1.95,0.0,0.0,,0.0
2020-07-12 23:00:00+08:00,3.1575305,10.954029,14.15,1008.7542,42.098503,0.0,0.0,0.0,1.45,0.0,0.0,,0.0
2020-07-13 00:00:00+08:00,3.4234486,6.70975,14.25,1008.36084,41.231182,0.0,0.0,0.0,1.25,0.0,0.0,,0.0
2020-07-13 01:00:00+08:00,3.5128336,4.8990126,14.5,1008.16974,48.45629,0.0,0.0,0.0,3.75,0.0,0.0,,0.0
2020-07-13 02:00:00+08:00,3.3376637,8.615564,14.5,1007.8723,62.404163,0.0,0.0,0.0,7.4,0.0,0.0,,0.0
2020-07-13 03:00:00+08:00,3.0413814,9.462261,14.5,1007.8723,74.39425,0.0,0.0,0.0,10.0,0.0,0.0,,0.0
2020-07-13 04:00:00+08:00,3.104835,14.931467,14.4,1007.6711,82.73137,0.0,0.0,0.0,11.5,0.0,0.0,,0.0
2020-07-13 05:00:00+08:00,3.1953092,20.136398,14.1,1007.3648,87.7583,0.0,0.0,0.0,12.1,0.0,0.0,,0.0
2020-07-13 06:00:00+08:00,3.324154,21.161337,13.75,1007.5526,88.30748,0.0,0.0,0.0,11.85,0.0,0.0,,0.0
2020-07-13 07:00:00+08:00,3.5468295,21.501507,13.6,1007.8457,88.294586,0.0,0.0,0.0,11.7,0.0,0.0,,0.0
2020-07-13 08:00:00+08:00,4.1761227,16.699326,14.7,1008.27484,85.81909,30.0,182.8226,13.0,12.35,0.0,0.0,,1.0
2020-07-13 09:00:00+08:00,4.570558,10.0805435,17.3,1008.7475,79.139,177.0,529.7395,51.0,13.65,0.0,0.0,,1.0
2020-07-13 10:00:00+08:00,4.509989,356.186,19.5,1008.91,75.96545,300.0,518.3056,90.0,15.15,0.0,0.0,,1.0
2020-07-13 11:00:00+08:00,5.1107726,329.42084,21.1,1008.3602,70.60565,442.0,651.2178,95.0,15.55,0.0,0.0,,1.0
2020-07-13 12:00:00+08:00,5.7999997,313.6029,21.7,1007.48425,65.90831,515.0,663.186,109.0,15.05,0.0,0.0,,1.0
2020-07-13 13:00:00+08:00,6.2008066,307.794,21.9,1006.39905,64.48279,523.0,613.04095,132.0,14.9,0.0,0.0,,1.0
2020-07-13 14:00:00+08:00,6.603787,302.00534,21.7,1005.79816,66.54677,537.0,731.998,92.0,15.2,0.0,0.0,,1.0
2020-07-13 15:00:00+08:00,6.6850576,304.641,21.35,1005.6893,67.7695,442.0,678.6207,86.0,15.15,0.0,0.1,,1.0
2020-07-13 16:00:00+08:00,6.300793,305.9606,20.85,1005.77454,69.65794,304.0,584.5183,74.0,15.1,0.0,0.0,,1.0
2020-07-13 17:00:00+08:00,5.360038,306.6562,19.95,1005.9473,74.35002,146.0,429.4594,50.0,15.25,0.0,0.0,,1.0
2020-07-13 18:00:00+08:00,5.0990195,311.82007,18.9,1006.01654,79.366425,19.0,117.3079,9.0,15.25,0.0,0.0,,0.0
2020-07-13 19:00:00+08:00,4.883646,317.4896,18.5,1006.4019,82.163536,0.0,0.0,0.0,15.4,0.0,0.0,,0.0
2020-07-13 20:00:00+08:00,5.491812,326.88864,18.45,1006.2023,80.33056,0.0,0.0,0.0,15.0,0.0,0.0,,0.0
2020-07-13 21:00:00+08:00,5.724509,340.6154,18.05,1006.09143,81.843704,0.0,0.0,0.0,14.9,0.0,0.0,,0.0
2020-07-13 22:00:00+08:00,6.2649817,335.48038,17.65,1005.9809,85.29071,0.0,0.0,0.0,15.15,0.0,0.1,,0.0
2020-07-13 23:00:00+08:00,6.519202,327.52884,17.2,1005.47205,89.741974,0.0,0.0,0.0,15.5,0.0,0.3,,0.0
2020-07-14 00:00:00+08:00,7.998125,317.5336,17.45,1005.28076,89.18816,0.0,0.0,0.0,15.65,0.0,0.2,,0.0
2020-07-14 01:00:00+08:00,7.6275816,304.31516,17.4,1005.4778,90.04451,0.0,0.0,0.0,15.75,0.0,0.7,,0.0
2020-07-14 02:00:00+08:00,7.291776,295.15927,17.3,1005.27655,89.46252,0.0,0.0,0.0,15.55,0.0,0.7,,0.0
2020-07-14 03:00:00+08:00,6.9892774,289.21277,17.8,1005.4892,85.03301,0.0,0.0,0.0,15.25,0.0,0.3,,0.0
2020-07-14 04:00:00+08:00,8.249242,276.2634,18.2,1005.4016,74.53504,0.0,0.0,0.0,13.6,0.0,0.4,,0.0
2020-07-14 05:00:00+08:00,7.5538073,263.15732,17.2,1005.5712,80.6824,0.0,0.0,0.0,13.85,0.0,0.1,,0.0
2020-07-14 06:00:00+08:00,7.4,251.07526,16.75,1006.05383,82.74683,0.0,0.0,0.0,13.8,0.0,0.2,,0.0
2020-07-14 07:00:00+08:00,6.603787,237.99466,16.15,1007.1273,84.03196,0.0,0.0,0.0,13.45,0.0,0.1,,0.0
2020-07-14 08:00:00+08:00,6.519202,237.52882,15.9,1008.1117,88.20348,20.0,106.842354,10.0,13.95,0.0,0.2,,1.0
2020-07-14 09:00:00+08:00,5.8898215,229.82083,16.0,1008.7096,86.23097,60.0,20.910007,55.0,13.7,0.0,0.6,,1.0
2020-07-14 10:00:00+08:00,5.728001,225.70723,16.55,1009.519,79.54946,113.0,14.754061,107.0,13.0,0.0,0.3,,1.0
2020-07-14 11:00:00+08:00,5.315073,221.18582,16.8,1009.4271,74.052704,118.0,18.706997,108.0,12.15,0.0,0.2,,1.0
2020-07-14 12:00:00+08:00,6.0827627,223.66785,17.55,1009.05225,61.23424,245.0,86.30794,192.0,10.0,0.0,0.0,,1.0
2020-07-14 13:00:00+08:00,4.9819674,218.48022,17.45,1008.55334,58.993046,210.0,84.40002,156.0,9.35,0.0,0.0,,1.0
2020-07-14 14:00:00+08:00,4.6861496,219.80553,17.85,1008.4659,56.37407,338.0,145.90285,249.0,9.05,0.0,0.0,,1.0
2020-07-14 15:00:00+08:00,3.9698865,220.91429,17.7,1008.8581,56.33624,271.0,138.60814,198.0,8.9,0.0,0.0,,1.0
2020-07-14 16:00:00+08:00,3.538361,227.29063,17.6,1009.3511,55.931816,244.0,336.2867,111.0,8.7,0.0,0.0,,1.0
2020-07-14 17:00:00+08:00,2.3345237,226.73567,16.9,1009.6283,60.062508,148.0,403.68076,57.0,9.1,0.0,0.0,,1.0
2020-07-14 18:00:00+08:00,1.421267,219.28938,15.85,1009.79596,66.18723,14.0,34.805508,11.0,9.55,0.0,0.0,,0.0
2020-07-14 19:00:00+08:00,1.8439089,220.60121,15.4,1010.1796,72.108696,0.0,0.0,0.0,10.4,0.0,0.0,,0.0
2020-07-14 20:00:00+08:00,1.5,126.86998,15.5,1010.1825,75.561516,0.0,0.0,0.0,11.2,0.0,0.0,,0.0
2020-07-14 21:00:00+08:00,1.17047,70.01681,14.7,1010.55554,77.20771,0.0,0.0,0.0,10.75,0.0,0.0,,0.0
2020-07-14 22:00:00+08:00,1.2041595,48.366554,13.9,1010.82935,78.12016,0.0,0.0,0.0,10.15,0.0,0.0,,0.0
2020-07-14 23:00:00+08:00,1.9416488,55.491425,14.25,1010.83984,72.380936,0.0,0.0,0.0,9.35,0.0,0.0,,0.0
2020-07-15 00:00:00+08:00,1.9416488,55.491425,13.95,1010.7317,71.59775,0.0,0.0,0.0,8.9,0.0,0.0,,0.0
2020-07-15 01:00:00+08:00,1.8384776,67.61982,14.3,1010.1469,70.46666,0.0,0.0,0.0,9.0,0.0,0.0,,0.0
2020-07-15 02:00:00+08:00,1.7492856,59.03632,13.8,1009.73566,73.77501,0.0,0.0,0.0,9.2,0.0,0.0,,0.0
2020-07-15 03:00:00+08:00,1.8601075,53.74608,13.3,1009.82007,76.47138,0.0,0.0,0.0,9.25,0.0,0.0,,0.0
2020-07-15 04:00:00+08:00,2.408319,48.366554,12.75,1009.4069,78.20842,0.0,0.0,0.0,9.05,0.0,0.0,,0.0
2020-07-15 05:00:00+08:00,2.758623,46.468742,12.55,1009.1034,77.9146,0.0,0.0,0.0,8.8,0.0,0.0,,0.0
2020-07-15 06:00:00+08:00,2.9732137,42.27363,12.5,1009.201,77.3821,0.0,0.0,0.0,8.65,0.0,0.0,,0.0
2020-07-15 07:00:00+08:00,3.482815,39.173653,12.45,1009.4969,77.374275,0.0,0.0,0.0,8.6,0.0,0.0,,0.0
2020-07-15 08:00:00+08:00,4.3863425,43.152412,12.75,1009.6053,76.12466,27.0,137.93132,14.0,8.65,0.0,0.0,,1.0
2020-07-15 09:00:00+08:00,4.243819,34.43906,15.35,1010.17804,67.65547,180.0,511.48172,57.0,9.4,0.0,0.0,,1.0
2020-07-15 10:00:00+08:00,3.9217343,19.359097,17.55,1010.639,61.029713,310.0,526.62085,95.0,9.95,0.0,0.0,,1.0
2020-07-15 11:00:00+08:00,3.8118236,355.48608,18.45,1010.3675,57.865982,303.0,203.21922,194.0,10.0,0.0,0.0,,1.0
2020-07-15 12:00:00+08:00,3.8832977,325.4914,19.1,1009.69165,54.64015,378.0,206.14938,251.0,9.75,0.0,0.0,,1.0
2020-07-15 13:00:00+08:00,4.770744,303.02386,19.8,1008.9186,52.31326,502.0,531.2304,161.0,9.75,0.0,0.0,,1.0
2020-07-15 14:00:00+08:00,4.5694637,293.1986,19.4,1008.01434,55.084057,350.0,147.02322,260.0,10.15,0.0,0.0,,1.0
2020-07-15 15:00:00+08:00,4.237924,289.29013,19.3,1007.8131,57.116795,436.0,546.50964,147.0,10.6,0.0,0.0,,1.0
2020-07-15 16:00:00+08:00,3.4885528,297.2995,19.1,1007.7082,55.74875,329.0,608.69696,87.0,10.05,0.0,0.0,,1.0
2020-07-15 17:00:00+08:00,2.7313,293.7495,18.05,1007.67816,63.847595,172.0,536.5697,50.0,11.1,0.0,0.0,,1.0
2020-07-15 18:00:00+08:00,2.2472205,302.27563,16.2,1007.7239,72.7358,23.0,137.66826,11.0,11.3,0.0,0.0,,0.0
2020-07-15 19:00:00+08:00,2.3600848,323.61554,14.5,1007.8723,81.38695,0.0,0.0,0.0,11.35,0.0,0.0,,0.0
2020-07-15 20:00:00+08:00,2.1213202,351.87,14.7,1008.07654,82.4955,0.0,0.0,0.0,11.75,0.0,0.0,,0.0
2020-07-15 21:00:00+08:00,2.1023796,2.7262611,13.85,1008.44794,83.21427,0.0,0.0,0.0,11.05,0.0,0.0,,0.0
2020-07-15 22:00:00+08:00,2.4186773,7.12493,13.25,1008.4302,83.97729,0.0,0.0,0.0,10.6,0.0,0.0,,0.0
2020-07-15 23:00:00+08:00,2.7166157,353.6599,13.6,1008.34155,81.53981,0.0,0.0,0.0,10.5,0.0,0.0,,0.0
2020-07-16 00:00:00+08:00,2.3194828,352.5687,13.6,1007.7465,82.08476,0.0,0.0,0.0,10.6,0.0,0.0,,0.0
2020-07-16 01:00:00+08:00,2.886174,14.036275,13.9,1006.9621,80.50057,0.0,0.0,0.0,10.6,0.0,0.0,,0.0
2020-07-16 02:00:00+08:00,3.3955853,13.627024,13.9,1006.4663,82.669945,0.0,0.0,0.0,11.0,0.0,0.0,,0.0
2020-07-16 03:00:00+08:00,3.1064448,3.691312,14.2,1006.27686,83.531944,0.0,0.0,0.0,11.45,0.0,0.0,,0.0
2020-07-16 04:00:00+08:00,3.1256998,7.3522935,14.35,1006.08295,83.82592,0.0,0.0,0.0,11.65,0.0,0.0,,0.0
2020-07-16 05:00:00+08:00,3.2015622,14.470333,14.6,1005.7927,82.755844,0.0,0.0,0.0,11.7,0.0,0.0,,0.0
2020-07-16 06:00:00+08:00,2.9614186,11.689341,14.4,1006.0845,83.55543,0.0,0.0,0.0,11.65,0.0,0.0,,0.0
2020-07-16 07:00:00+08:00,3.3955853,13.627024,14.7,1006.49,81.68255,0.0,0.0,0.0,11.6,0.0,0.0,,0.0
2020-07-16 08:00:00+08:00,3.275668,12.339083,15.85,1005.9285,79.97377,21.0,94.787445,12.0,12.4,0.0,0.2,,1.0
2020-07-16 09:00:00+08:00,3.613862,14.4208145,17.15,1005.9664,78.34838,64.0,49.60217,52.0,13.35,0.0,0.0,,1.0
2020-07-16 10:00:00+08:00,4.0447497,8.530692,18.2,1005.9967,76.00184,116.0,43.907627,98.0,13.9,0.0,0.2,,1.0
2020-07-16 11:00:00+08:00,3.8118236,355.48608,18.95,1005.5222,74.9032,122.0,11.14688,116.0,14.4,0.0,0.3,,1.0
2020-07-16 12:00:00+08:00,4.527693,300.52963,19.1,1004.93134,84.6303,338.0,370.47403,109.0,16.45,0.0,1.5,,1.0
2020-07-16 13:00:00+08:00,4.7169905,274.8644,17.8,1004.10077,94.17366,129.0,54.340343,94.0,16.85,0.0,3.2,,1.0
2020-07-16 14:00:00+08:00,4.1629314,294.10223,18.4,1003.62225,86.74196,201.0,63.47847,162.0,16.15,0.0,0.6,,1.0
2020-07-16 15:00:00+08:00,3.11127,315.0001,18.0,1003.115,91.241516,124.0,0.0,124.0,16.55,0.0,0.6,,1.0
2020-07-16 16:00:00+08:00,2.9732137,340.3461,18.2,1002.92236,88.11729,107.0,77.556885,76.0,16.2,0.0,0.3,,1.0
2020-07-16 17:00:00+08:00,4.1629314,335.89777,17.75,1003.70276,89.21172,45.0,52.31813,33.0,15.95,0.0,0.1,,1.0
2020-07-16 18:00:00+08:00,3.354102,349.69522,17.3,1003.39233,90.61519,4.0,0.0,4.0,15.75,0.0,1.1,,0.0
2020-07-16 19:00:00+08:00,3.6891732,327.17145,17.0,1004.2761,91.762634,0.0,0.0,0.0,15.65,0.0,1.0,,0.0
2020-07-16 20:00:00+08:00,3.6055512,326.3099,17.2,1003.5878,91.7748,0.0,0.0,0.0,15.85,0.0,1.7,,0.0
2020-07-16 21:00:00+08:00,3.2015622,321.34018,17.2,1003.19116,93.848,0.0,0.0,0.0,16.2,0.0,1.8,,0.0
2020-07-16 22:00:00+08:00,4.2190046,301.4295,17.15,1002.79297,94.14533,0.0,0.0,0.0,16.2,0.0,6.9,,0.0
2020-07-16 23:00:00+08:00,4.609772,273.73132,17.15,1002.79297,91.771774,0.0,0.0,0.0,15.8,0.0,4.3,,0.0
2020-07-17 00:00:00+08:00,4.104875,267.20737,16.7,1003.0775,91.45046,0.0,0.0,0.0,15.3,0.0,3.3,,0.0
2020-07-17 01:00:00+08:00,7.2346387,220.5153,16.35,1002.9683,89.96767,0.0,0.0,0.0,14.7,0.0,7.9,,0.0
2020-07-17 02:00:00+08:00,6.296825,223.06943,15.85,1003.5486,89.640114,0.0,0.0,0.0,14.15,0.0,3.5,,0.0
2020-07-17 03:00:00+08:00,6.6468034,224.9999,15.45,1003.8343,88.16475,0.0,0.0,0.0,13.5,0.0,2.4,,0.0
2020-07-17 04:00:00+08:00,5.5317264,220.60121,15.1,1004.1217,83.362946,0.0,0.0,0.0,12.3,0.0,1.4,,0.0
2020-07-17 05:00:00+08:00,5.5217752,234.58286,15.0,1004.6148,79.32891,0.0,0.0,0.0,11.45,0.0,1.0,,0.0
2020-07-17 06:00:00+08:00,6.7201195,233.47105,14.55,1005.2956,77.699684,0.0,0.0,0.0,10.7,0.0,0.6,,0.0
2020-07-17 07:00:00+08:00,6.7201195,233.47105,14.9,1006.099,77.753296,0.0,0.0,0.0,11.05,0.0,0.2,,0.0
2020-07-17 08:00:00+08:00,6.3655324,226.27295,14.65,1006.8851,72.21178,11.0,52.250122,6.0,9.7,0.0,0.3,,1.0
2020-07-17 09:00:00+08:00,7.3,228.888,15.5,1007.6042,60.957623,91.0,221.80247,37.0,8.0,0.0,0.1,,1.0
2020-07-17 10:00:00+08:00,7.8568444,222.4208,15.95,1008.41077,57.440487,234.0,361.8872,85.0,7.55,0.0,0.0,,1.0
2020-07-17 11:00:00+08:00,8.20061,217.56866,16.1,1008.6132,55.739365,436.0,645.9873,87.0,7.25,0.0,0.0,,1.0
2020-07-17 12:00:00+08:00,8.070935,213.887,16.4,1008.5229,53.940735,541.0,719.02527,95.0,7.05,0.0,0.0,,1.0
2020-07-17 13:00:00+08:00,7.975588,210.10121,16.7,1008.1351,52.380604,591.0,750.36224,106.0,6.9,0.0,0.0,,1.0
2020-07-17 14:00:00+08:00,8.011242,204.32556,16.6,1007.8347,51.285915,538.0,669.70325,125.0,6.5,0.0,0.0,,1.0
2020-07-17 15:00:00+08:00,7.655063,199.8553,16.3,1008.02423,52.454174,368.0,341.26294,186.0,6.55,0.0,0.0,,1.0
2020-07-17 16:00:00+08:00,7.227724,194.4208,15.95,1008.70825,54.380337,252.0,360.78476,107.0,6.75,0.0,0.0,,1.0
2020-07-17 17:00:00+08:00,6.6753273,188.61557,15.35,1009.1864,57.094086,121.0,263.60114,60.0,6.9,0.0,0.0,,1.0
2020-07-17 18:00:00+08:00,6.0,180.0,14.85,1009.66754,60.389057,19.0,89.69985,11.0,7.25,0.0,0.0,,0.0
2020-07-17 19:00:00+08:00,5.223983,174.50777,14.5,1010.6488,62.19138,0.0,0.0,0.0,7.35,0.0,0.0,,0.0
2020-07-17 20:00:00+08:00,3.448188,150.46132,14.1,1010.8354,63.17035,0.0,0.0,0.0,7.2,0.0,0.0,,0.0
2020-07-17 21:00:00+08:00,3.9115214,147.52882,14.35,1011.3385,61.732555,0.0,0.0,0.0,7.1,0.0,0.0,,0.0
2020-07-17 22:00:00+08:00,3.4205263,142.12495,14.15,1011.729,61.05398,0.0,0.0,0.0,6.75,0.0,0.0,,0.0
2020-07-17 23:00:00+08:00,3.0364454,107.241554,13.7,1012.21155,63.949707,0.0,0.0,0.0,7.0,0.0,0.0,,0.0
2020-07-18 00:00:00+08:00,3.1016126,91.84757,12.95,1012.1893,64.66452,0.0,0.0,0.0,6.45,0.0,0.0,,0.0
2020-07-18 01:00:00+08:00,2.915476,95.906044,11.55,1012.0479,68.49442,0.0,0.0,0.0,5.95,0.0,0.0,,0.0
2020-07-18 02:00:00+08:00,2.828427,98.13002,10.85,1012.2249,69.06551,0.0,0.0,0.0,5.4,0.0,0.0,,0.0
2020-07-18 03:00:00+08:00,2.9614186,101.68935,10.95,1012.22815,66.494934,0.0,0.0,0.0,4.95,0.0,0.0,,0.0
2020-07-18 04:00:00+08:00,3.0016663,91.90912,10.8,1012.3225,65.770454,0.0,0.0,0.0,4.65,0.0,0.0,,0.0
2020-07-18 05:00:00+08:00,3.7215588,83.829926,10.45,1012.41113,65.46377,0.0,0.0,0.0,4.25,0.0,0.0,,0.0
2020-07-18 06:00:00+08:00,4.3416586,75.32356,10.25,1012.40515,64.50711,0.0,0.0,0.0,3.85,0.0,0.0,,0.0
2020-07-18 07:00:00+08:00,3.981206,78.40785,10.0,1012.8932,64.90577,0.0,0.0,0.0,3.7,0.0,0.0,,0.0
2020-07-18 08:00:00+08:00,4.2201896,76.29302,10.45,1013.6009,66.8523,34.0,207.2905,14.0,4.55,0.0,0.0,,1.0
2020-07-18 09:00:00+08:00,4.6173587,72.34979,12.6,1013.96356,63.7003,186.0,546.7567,52.0,5.9,0.0,0.0,,1.0
2020-07-18 10:00:00+08:00,4.2059484,71.99575,14.75,1014.92004,58.531216,366.0,715.6703,70.0,6.7,0.0,0.0,,1.0
2020-07-18 11:00:00+08:00,3.3015149,88.264336,16.05,1014.7602,55.34653,509.0,779.95715,86.0,7.1,0.0,0.0,,1.0
2020-07-18 12:00:00+08:00,2.9410884,125.311295,16.75,1014.4831,55.715435,605.0,844.9434,79.0,7.85,0.0,0.0,,1.0
2020-07-18 13:00:00+08:00,4.2720017,159.44388,17.25,1013.50604,55.27765,624.0,827.8091,87.0,8.2,0.0,0.0,,1.0
2020-07-18 14:00:00+08:00,4.632494,166.26372,17.25,1013.0102,55.842876,482.0,533.05524,152.0,8.35,0.0,0.0,,1.0
2020-07-18 15:00:00+08:00,4.704253,182.4366,17.0,1013.00287,59.482304,392.0,397.63882,179.0,9.05,0.0,0.0,,1.0
2020-07-18 16:00:00+08:00,4.8,180.0,16.3,1013.08167,63.883507,317.0,551.77484,94.0,9.45,0.0,0.0,,1.0
2020-07-18 17:00:00+08:00,4.318565,174.68555,15.4,1013.15454,69.042,166.0,445.39783,62.0,9.75,0.0,0.0,,1.0
2020-07-18 18:00:00+08:00,3.6055512,160.55988,14.15,1013.41473,74.33382,25.0,155.16142,11.0,9.65,0.0,0.0,,0.0
2020-07-18 19:00:00+08:00,3.577709,153.43501,13.4,1013.98737,79.0977,0.0,0.0,0.0,9.85,0.0,0.0,,0.0
2020-07-18 20:00:00+08:00,3.7802117,142.52374,12.75,1014.06726,82.25149,0.0,0.0,0.0,9.8,0.0,0.0,,0.0
2020-07-18 21:00:00+08:00,2.9206164,128.04709,12.0,1014.3421,87.27578,0.0,0.0,0.0,9.95,0.0,0.0,,0.0
2020-07-18 22:00:00+08:00,2.6832817,116.56499,11.55,1014.72504,87.82125,0.0,0.0,0.0,9.6,0.0,0.0,,0.0
2020-07-18 23:00:00+08:00,2.624881,107.74477,11.15,1014.8121,87.49012,0.0,0.0,0.0,9.15,0.0,0.0,,0.0
2020-07-19 00:00:00+08:00,2.8231187,112.93214,11.05,1014.80884,86.308525,0.0,0.0,0.0,8.85,0.0,0.0,,0.0
2020-07-19 01:00:00+08:00,2.942788,99.78234,10.95,1014.806,85.42774,0.0,0.0,0.0,8.6,0.0,0.0,,0.0
2020-07-19 02:00:00+08:00,3.0066593,86.186005,10.6,1014.99347,86.26321,0.0,0.0,0.0,8.4,0.0,0.0,,0.0
2020-07-19 03:00:00+08:00,3.1064448,86.308685,10.4,1014.7891,86.536064,0.0,0.0,0.0,8.25,0.0,0.0,,0.0
2020-07-19 04:00:00+08:00,3.4058774,86.63361,10.4,1014.69,86.24299,0.0,0.0,0.0,8.2,0.0,0.0,,0.0
2020-07-19 05:00:00+08:00,3.8209946,83.99109,10.2,1014.6839,87.1058,0.0,0.0,0.0,8.15,0.0,0.0,,0.0
2020-07-19 06:00:00+08:00,3.8327534,82.50424,9.95,1014.8746,87.37856,0.0,0.0,0.0,7.95,0.0,0.0,,0.0
2020-07-19 07:00:00+08:00,3.535534,81.86999,9.8,1015.36554,87.66234,0.0,0.0,0.0,7.85,0.0,0.0,,0.0
2020-07-19 08:00:00+08:00,4.2296567,83.21112,10.4,1016.0781,84.50289,35.0,215.79721,14.0,7.9,0.0,0.0,,1.0
2020-07-19 09:00:00+08:00,4.3931766,78.178535,12.7,1016.6437,78.20084,199.0,603.7546,50.0,9.0,0.0,0.0,,1.0
2020-07-19 10:00:00+08:00,4.539824,82.40546,14.95,1016.61176,72.50906,381.0,760.4327,65.0,10.05,0.0,0.0,,1.0
2020-07-19 11:00:00+08:00,5.200961,88.89832,16.5,1016.5582,63.928204,514.0,811.7496,72.0,9.65,0.0,0.0,,1.0
2020-07-19 12:00:00+08:00,5.2153616,94.39862,17.25,1015.8861,54.90365,615.0,859.40405,78.0,8.1,0.0,0.0,,1.0
2020-07-19 13:00:00+08:00,4.707441,102.26476,17.7,1015.00665,53.36619,647.0,875.4116,77.0,8.1,0.0,0.0,,1.0
2020-07-19 14:00:00+08:00,4.606517,117.12123,18.0,1014.42053,52.013462,612.0,864.00555,75.0,8.0,0.0,0.0,,1.0
2020-07-19 15:00:00+08:00,4.2059484,118.39293,17.95,1014.22064,51.297222,481.0,693.2165,108.0,7.75,0.0,0.0,,1.0
2020-07-19 16:00:00+08:00,3.9661064,123.6901,17.7,1014.31244,52.28859,369.0,750.39923,64.0,7.8,0.0,0.0,,1.0
2020-07-19 17:00:00+08:00,3.0,126.86998,16.45,1014.5736,59.954655,187.0,581.42194,50.0,8.65,0.0,0.0,,1.0
2020-07-19 18:00:00+08:00,2.8319604,132.13753,14.5,1015.2102,65.897156,28.0,175.26488,12.0,8.2,0.0,0.0,,0.0
2020-07-19 19:00:00+08:00,3.0413814,133.66785,13.75,1015.88196,68.24408,0.0,0.0,0.0,8.0,0.0,0.0,,0.0
2020-07-19 20:00:00+08:00,3.8209944,137.12111,13.5,1015.77515,70.7897,0.0,0.0,0.0,8.3,0.0,0.0,,0.0
2020-07-19 21:00:00+08:00,3.6359317,121.50421,12.15,1016.23047,73.98457,0.0,0.0,0.0,7.65,0.0,0.0,,0.0
2020-07-19 22:00:00+08:00,3.794733,108.43504,11.4,1016.4061,74.61495,0.0,0.0,0.0,7.05,0.0,0.0,,0.0
2020-07-19 23:00:00+08:00,3.765634,100.71308,10.9,1016.48987,76.079636,0.0,0.0,0.0,6.85,0.0,0.0,,0.0
2020-07-20 00:00:00+08:00,3.765634,100.71308,10.4,1016.17725,77.848434,0.0,0.0,0.0,6.7,0.0,0.0,,0.0
2020-07-20 01:00:00+08:00,3.8327537,105.12406,10.05,1015.6707,79.143814,0.0,0.0,0.0,6.6,0.0,0.0,,0.0
2020-07-20 02:00:00+08:00,3.956008,106.14441,9.7,1015.06525,81.57931,0.0,0.0,0.0,6.7,0.0,0.0,,0.0
2020-07-20 03:00:00+08:00,3.8327537,105.12406,9.4,1014.56024,83.52539,0.0,0.0,0.0,6.75,0.0,0.0,,0.0
2020-07-20 04:00:00+08:00,4.0261645,104.38144,9.2,1014.2565,83.50142,0.0,0.0,0.0,6.55,0.0,0.0,,0.0
2020-07-20 05:00:00+08:00,4.031129,97.12492,8.95,1014.2488,82.898,0.0,0.0,0.0,6.2,0.0,0.0,,0.0
2020-07-20 06:00:00+08:00,4.1,90.0,8.8,1014.4427,81.459755,0.0,0.0,0.0,5.8,0.0,0.0,,0.0
2020-07-20 07:00:00+08:00,4.5177426,84.92049,8.8,1014.641,79.50841,0.0,0.0,0.0,5.45,0.0,0.0,,0.0
2020-07-20 08:00:00+08:00,5.846366,77.1523,10.1,1014.9782,75.42427,37.0,234.24165,14.0,5.95,0.0,0.0,,1.0
2020-07-20 09:00:00+08:00,6.5520988,74.054535,12.35,1015.24506,67.72154,209.0,643.6539,49.0,6.55,0.0,0.0,,1.0
2020-07-20 10:00:00+08:00,6.8007355,70.23275,14.55,1015.3109,59.90486,393.0,790.2434,63.0,6.85,0.0,0.0,,1.0
2020-07-20 11:00:00+08:00,6.5795135,65.77226,16.4,1014.7704,54.12573,541.0,859.6221,71.0,7.1,0.0,0.0,,1.0
2020-07-20 12:00:00+08:00,6.1741395,65.09527,17.9,1014.02094,49.73261,634.0,892.7782,74.0,7.25,0.0,0.0,,1.0
2020-07-20 13:00:00+08:00,5.818075,61.23244,18.9,1012.8595,45.138355,665.0,901.1382,76.0,6.75,0.0,0.0,,1.0
2020-07-20 14:00:00+08:00,5.333854,59.589005,19.45,1012.3796,41.99811,630.0,889.36554,75.0,6.2,0.0,0.0,,1.0
2020-07-20 15:00:00+08:00,4.9648767,62.402794,19.5,1011.88525,41.436707,532.0,852.85565,71.0,6.05,0.0,0.0,,1.0
2020-07-20 16:00:00+08:00,3.8999999,67.3801,19.1,1011.77435,45.03983,382.0,780.3389,63.0,6.9,0.0,0.0,,1.0
2020-07-20 17:00:00+08:00,2.236068,79.69521,17.2,1012.0172,54.14933,197.0,630.7916,47.0,7.85,0.0,0.0,,1.0
2020-07-20 18:00:00+08:00,2.302173,92.4895,13.95,1012.11993,61.21647,31.0,194.8657,13.0,6.6,0.0,0.0,,0.0
2020-07-20 19:00:00+08:00,2.6076808,85.60138,13.0,1012.3889,62.700768,0.0,0.0,0.0,6.05,0.0,0.0,,0.0
2020-07-20 20:00:00+08:00,3.1016126,88.15243,12.3,1012.467,63.852676,0.0,0.0,0.0,5.65,0.0,0.0,,0.0
2020-07-20 21:00:00+08:00,3.306055,86.531845,11.9,1012.6533,65.329,0.0,0.0,0.0,5.6,0.0,0.0,,0.0
2020-07-20 22:00:00+08:00,3.7121422,85.364624,11.9,1012.7525,63.76157,0.0,0.0,0.0,5.25,0.0,0.0,,0.0
2020-07-20 23:00:00+08:00,3.9319208,82.694336,11.85,1012.5529,62.432922,0.0,0.0,0.0,4.9,0.0,0.0,,0.0
2020-07-21 00:00:00+08:00,4.3931766,78.178535,11.9,1012.0585,61.15178,0.0,0.0,0.0,4.65,0.0,0.0,,0.0
2020-07-21 01:00:00+08:00,4.7127485,72.718414,12.0,1011.6649,59.697964,0.0,0.0,0.0,4.4,0.0,0.0,,0.0
2020-07-21 02:00:00+08:00,5.0695167,67.98867,12.05,1011.2699,58.06041,0.0,0.0,0.0,4.05,0.0,0.0,,0.0
2020-07-21 03:00:00+08:00,5.1429563,63.435013,12.05,1011.0716,56.65005,0.0,0.0,0.0,3.7,0.0,0.0,,0.0
2020-07-21 04:00:00+08:00,5.6435804,60.25522,12.0,1011.1691,56.637207,0.0,0.0,0.0,3.65,0.0,0.0,,0.0
2020-07-21 05:00:00+08:00,6.3812227,57.804302,11.95,1011.2668,57.629,0.0,0.0,0.0,3.85,0.0,0.0,,0.0
2020-07-21 06:00:00+08:00,6.989278,56.082535,11.95,1011.465,58.64937,0.0,0.0,0.0,4.1,0.0,0.0,,0.0
2020-07-21 07:00:00+08:00,7.3817344,54.37201,12.0,1011.7641,59.28158,0.0,0.0,0.0,4.3,0.0,0.0,,0.0
2020-07-21 08:00:00+08:00,7.3756356,49.398785,12.75,1012.1833,61.142166,38.0,232.07132,15.0,5.45,0.0,0.0,,1.0
2020-07-21 09:00:00+08:00,7.1589108,48.964752,14.6,1012.734,60.329052,208.0,634.8446,49.0,7.0,0.0,0.0,,1.0
2020-07-21 10:00:00+08:00,7.496666,43.91917,16.9,1012.50415,56.13383,389.0,776.7167,63.0,8.1,0.0,0.0,,1.0
2020-07-21 11:00:00+08:00,6.8767724,40.87232,18.95,1012.0677,53.153084,535.0,845.048,71.0,9.2,0.0,0.0,,1.0
2020-07-21 12:00:00+08:00,6.080296,36.30459,20.65,1011.22363,50.81263,627.0,876.5577,75.0,10.1,0.0,0.0,,1.0
2020-07-21 13:00:00+08:00,5.2478566,30.963696,21.8,1010.5618,48.958057,657.0,883.89966,77.0,10.6,0.0,0.0,,1.0
2020-07-21 14:00:00+08:00,4.472136,26.564985,22.5,1009.58966,47.542923,621.0,871.3438,75.0,10.8,0.0,0.0,,1.0
2020-07-21 15:00:00+08:00,3.8999999,22.61991,22.8,1009.2014,46.68527,524.0,834.1697,71.0,10.8,0.0,0.0,,1.0
2020-07-21 16:00:00+08:00,2.5,16.26028,22.5,1009.19293,51.811684,375.0,758.7804,63.0,12.1,0.0,0.0,,1.0
2020-07-21 17:00:00+08:00,1.9209373,38.65983,20.1,1009.32355,69.73774,193.0,608.3383,47.0,14.4,0.0,0.0,,1.0
2020-07-21 18:00:00+08:00,2.2022715,50.52757,16.8,1009.8238,70.24501,30.0,181.88326,13.0,11.35,0.0,0.0,,0.0
2020-07-21 19:00:00+08:00,1.2806249,38.65983,17.55,1010.34143,64.80492,0.0,0.0,0.0,10.85,0.0,0.0,,0.0
2020-07-21 20:00:00+08:00,2.3600848,216.38445,18.35,1010.761,70.77307,0.0,0.0,0.0,12.95,0.0,0.0,,0.0
2020-07-21 21:00:00+08:00,2.34094,160.0168,17.1,1010.7249,76.57137,0.0,0.0,0.0,12.95,0.0,0.0,,0.0
2020-07-21 22:00:00+08:00,2.5495098,154.44008,16.15,1010.8956,80.541,0.0,0.0,0.0,12.8,0.0,0.0,,0.0
2020-07-21 23:00:00+08:00,2.1931713,133.1524,15.95,1010.8899,82.110886,0.0,0.0,0.0,12.9,0.0,0.0,,0.0
2020-07-22 00:00:00+08:00,1.746425,76.75947,13.95,1010.63257,85.742065,0.0,0.0,0.0,11.6,0.0,0.0,,0.0
2020-07-22 01:00:00+08:00,1.3601471,53.972538,12.85,1010.20294,87.93735,0.0,0.0,0.0,10.9,0.0,0.0,,0.0
2020-07-22 02:00:00+08:00,1.029563,60.94549,11.45,1009.5662,89.89806,0.0,0.0,0.0,9.85,0.0,0.0,,0.0
2020-07-22 03:00:00+08:00,1.8384776,67.61982,10.8,1009.2489,88.646164,0.0,0.0,0.0,9.0,0.0,0.0,,0.0
2020-07-22 04:00:00+08:00,2.9546573,66.03751,11.5,1008.9726,80.713936,0.0,0.0,0.0,8.3,0.0,0.0,,0.0
2020-07-22 05:00:00+08:00,3.5846896,67.01126,11.8,1008.8827,78.86275,0.0,0.0,0.0,8.25,0.0,0.0,,0.0
2020-07-22 06:00:00+08:00,4.0853395,68.45896,12.4,1008.9998,74.78737,0.0,0.0,0.0,8.05,0.0,0.0,,0.0
2020-07-22 07:00:00+08:00,4.792703,66.64442,12.65,1009.40375,72.330795,0.0,0.0,0.0,7.8,0.0,0.0,,0.0
2020-07-22 08:00:00+08:00,4.924429,60.832493,13.15,1009.518,71.689766,38.0,229.84409,15.0,8.15,0.0,0.0,,1.0
2020-07-22 09:00:00+08:00,5.161395,54.46224,15.7,1009.891,65.27106,208.0,633.8835,48.0,9.2,0.0,0.0,,1.0
2020-07-22 10:00:00+08:00,3.482815,39.173653,18.55,1010.37036,58.278736,390.0,775.0276,63.0,10.2,0.0,0.0,,1.0
2020-07-22 11:00:00+08:00,2.0099752,354.2895,20.65,1010.33105,53.417183,536.0,844.984,70.0,10.85,0.0,0.0,,1.0
2020-07-22 12:00:00+08:00,2.1540658,291.80148,21.45,1009.9569,54.157265,628.0,876.1799,74.0,11.8,0.0,0.0,,1.0
2020-07-22 13:00:00+08:00,2.5079873,265.42615,21.3,1009.35767,60.306602,657.0,883.4047,75.0,13.3,0.0,0.0,,1.0
2020-07-22 14:00:00+08:00,2.9410882,252.18102,20.7,1008.94385,65.06123,622.0,870.8718,74.0,13.9,0.0,0.0,,1.0
2020-07-22 15:00:00+08:00,2.9410882,252.18102,19.95,1008.8235,64.688095,527.0,837.5761,70.0,13.1,0.0,0.0,,1.0
2020-07-22 16:00:00+08:00,2.5495098,244.44008,19.65,1009.01337,70.331215,380.0,768.83057,62.0,14.1,0.0,0.0,,1.0
2020-07-22 17:00:00+08:00,1.0630146,228.81418,18.65,1009.18317,82.97518,197.0,619.2471,47.0,15.7,0.0,0.0,,1.0
2020-07-22 18:00:00+08:00,1.9416488,214.50858,17.9,1009.5583,81.5614,32.0,200.89679,13.0,14.7,0.0,0.0,,0.0
2020-07-22 19:00:00+08:00,1.4317821,192.09474,18.45,1010.2684,80.07252,0.0,0.0,0.0,14.95,0.0,0.0,,0.0
2020-07-22 20:00:00+08:00,1.7691805,227.29063,18.85,1010.57733,80.901634,0.0,0.0,0.0,15.5,0.0,0.0,,0.0
2020-07-22 21:00:00+08:00,2.7802877,232.3057,16.05,1010.7936,88.216354,0.0,0.0,0.0,14.1,0.0,0.0,,0.0
2020-07-22 22:00:00+08:00,2.5612497,231.34016,16.9,1011.215,86.0416,0.0,0.0,0.0,14.55,0.0,0.0,,0.0
2020-07-22 23:00:00+08:00,2.624881,229.63554,16.85,1011.3128,84.657295,0.0,0.0,0.0,14.25,0.0,0.0,,0.0
2020-07-23 00:00:00+08:00,2.3430748,230.19447,15.85,1011.28345,80.236664,0.0,0.0,0.0,12.45,0.0,0.0,,0.0
2020-07-23 01:00:00+08:00,2.5495098,228.17992,15.8,1010.9846,80.75802,0.0,0.0,0.0,12.5,0.0,0.0,,0.0
2020-07-23 02:00:00+08:00,2.9732137,222.27362,16.4,1011.1012,84.06028,0.0,0.0,0.0,13.7,0.0,0.0,,0.0
2020-07-23 03:00:00+08:00,3.9962482,211.70139,16.55,1010.90735,88.83025,0.0,0.0,0.0,14.7,0.0,0.0,,0.0
2020-07-23 04:00:00+08:00,2.9614186,191.68935,16.9,1011.1158,88.288864,0.0,0.0,0.0,14.95,0.0,0.1,,0.0
2020-07-23 05:00:00+08:00,3.306055,183.46815,16.3,1011.0983,88.809906,0.0,0.0,0.0,14.45,0.0,0.0,,0.0
2020-07-23 06:00:00+08:00,2.1931713,155.77226,16.0,1011.28784,88.21204,0.0,0.0,0.0,14.05,0.0,0.1,,0.0
2020-07-23 07:00:00+08:00,2.0808651,144.78232,15.7,1011.87427,90.2115,0.0,0.0,0.0,14.1,0.0,0.1,,0.0
2020-07-23 08:00:00+08:00,2.5,143.13002,16.05,1012.57855,88.78949,31.0,158.30794,15.0,14.2,0.0,0.0,,1.0
2020-07-23 09:00:00+08:00,2.8844411,146.3099,17.5,1013.315,86.656235,148.0,361.56497,56.0,15.25,0.0,0.1,,1.0
2020-07-23 10:00:00+08:00,4.0804415,162.89719,18.6,1014.04095,78.30877,331.0,577.5518,86.0,14.75,0.0,0.2,,1.0
2020-07-23 11:00:00+08:00,6.2,180.0,19.05,1014.054,73.71882,420.0,574.0342,102.0,14.25,0.0,0.1,,1.0
2020-07-23 12:00:00+08:00,6.400781,179.10484,19.1,1013.7578,65.785835,488.0,470.9295,189.0,12.55,0.0,0.0,,1.0
2020-07-23 13:00:00+08:00,6.2201285,175.38943,19.0,1013.45746,64.480995,573.0,642.47003,148.0,12.15,0.0,0.0,,1.0
2020-07-23 14:00:00+08:00,6.239391,173.5585,18.7,1013.2505,61.910984,609.0,821.27405,90.0,11.25,0.0,0.0,,1.0
2020-07-23 15:00:00+08:00,6.1983867,169.7779,18.3,1013.33826,60.194683,526.0,815.3458,79.0,10.45,0.0,0.0,,1.0
2020-07-23 16:00:00+08:00,6.2361846,164.18074,17.6,1013.61536,60.634274,384.0,761.8728,67.0,9.9,0.0,0.0,,1.0
2020-07-23 17:00:00+08:00,5.2554736,158.80588,16.5,1013.8808,63.714092,200.0,609.4358,51.0,9.6,0.0,0.0,,1.0
2020-07-23 18:00:00+08:00,4.4777226,150.57263,15.0,1014.0352,67.5829,34.0,208.99123,14.0,9.05,0.0,0.0,,0.0
2020-07-23 19:00:00+08:00,3.8013155,144.63745,14.1,1014.5043,72.11016,0.0,0.0,0.0,9.15,0.0,0.0,,0.0
2020-07-23 20:00:00+08:00,2.8319604,137.86247,13.15,1015.07086,77.4835,0.0,0.0,0.0,9.3,0.0,0.0,,0.0
2020-07-23 21:00:00+08:00,2.7802877,127.694305,12.35,1014.9475,79.7473,0.0,0.0,0.0,8.95,0.0,0.0,,0.0
2020-07-23 22:00:00+08:00,3.2449963,123.690094,11.95,1015.2329,78.6181,0.0,0.0,0.0,8.35,0.0,0.0,,0.0
2020-07-23 23:00:00+08:00,3.535534,118.7397,11.7,1015.3244,76.211235,0.0,0.0,0.0,7.65,0.0,0.0,,0.0
2020-07-24 00:00:00+08:00,3.8275316,109.85531,11.3,1015.11395,75.36808,0.0,0.0,0.0,7.1,0.0,0.0,,0.0
2020-07-24 01:00:00+08:00,3.8832974,101.88863,11.0,1014.90674,74.54553,0.0,0.0,0.0,6.65,0.0,0.0,,0.0
2020-07-24 02:00:00+08:00,4.0199504,95.7105,10.6,1014.79517,74.7329,0.0,0.0,0.0,6.3,0.0,0.0,,0.0
2020-07-24 03:00:00+08:00,4.110961,94.18484,10.15,1014.6824,75.69364,0.0,0.0,0.0,6.05,0.0,0.0,,0.0
2020-07-24 04:00:00+08:00,4.104875,92.79265,9.75,1014.57104,76.41567,0.0,0.0,0.0,5.8,0.0,0.0,,0.0
2020-07-24 05:00:00+08:00,4.4011364,91.301926,9.55,1014.6639,77.18038,0.0,0.0,0.0,5.75,0.0,0.0,,0.0
2020-07-24 06:00:00+08:00,4.604346,87.5105,9.3,1014.9536,79.58111,0.0,0.0,0.0,5.95,0.0,0.0,,0.0
2020-07-24 07:00:00+08:00,4.925444,84.17376,9.2,1015.44617,81.23242,0.0,0.0,0.0,6.15,0.0,0.0,,0.0
2020-07-24 08:00:00+08:00,5.223983,84.507774,10.2,1016.3694,78.894554,42.0,254.62398,16.0,6.7,0.0,0.0,,1.0
2020-07-24 09:00:00+08:00,5.5326304,83.77426,12.6,1016.7399,71.58603,218.0,654.80035,50.0,7.6,0.0,0.0,,1.0
2020-07-24 10:00:00+08:00,5.6885853,79.87539,15.05,1016.71387,63.386868,405.0,799.40656,64.0,8.15,0.0,0.0,,1.0
2020-07-24 11:00:00+08:00,5.8523498,73.11313,16.95,1016.3733,56.146507,556.0,869.67096,72.0,8.15,0.0,0.0,,1.0
2020-07-24 12:00:00+08:00,5.3851647,68.19853,18.45,1015.7228,49.206776,651.0,901.8097,76.0,7.6,0.0,0.0,,1.0
2020-07-24 13:00:00+08:00,4.9658837,64.98315,19.45,1014.85895,45.447582,681.0,909.27716,77.0,7.35,0.0,0.0,,1.0
2020-07-24 14:00:00+08:00,4.472136,63.435013,20.15,1014.0856,42.779476,645.0,896.5064,76.0,7.1,0.0,0.0,,1.0
2020-07-24 15:00:00+08:00,4.159327,62.818974,20.45,1013.49915,41.850502,547.0,862.2463,72.0,7.05,0.0,0.0,,1.0
2020-07-24 16:00:00+08:00,3.0413814,62.59251,20.3,1013.4947,44.915466,395.0,793.1655,63.0,7.95,0.0,0.0,,1.0
2020-07-24 17:00:00+08:00,1.746425,76.75947,18.15,1013.7305,62.1964,208.0,644.3241,49.0,10.8,0.0,0.0,,1.0
2020-07-24 18:00:00+08:00,2.828427,98.13002,13.85,1013.70337,66.65882,36.0,227.20091,14.0,7.75,0.0,0.0,,0.0
2020-07-24 19:00:00+08:00,2.109502,84.55976,13.1,1014.0777,66.49853,0.0,0.0,0.0,7.0,0.0,0.0,,0.0
2020-07-24 20:00:00+08:00,3.1320918,73.300674,12.5,1014.05963,66.82786,0.0,0.0,0.0,6.5,0.0,0.0,,0.0
2020-07-24 21:00:00+08:00,3.9560082,69.27436,12.35,1013.4602,62.33297,0.0,0.0,0.0,5.35,0.0,0.0,,0.0
2020-07-24 22:00:00+08:00,4.1146083,64.05776,12.7,1013.07404,56.816483,0.0,0.0,0.0,4.35,0.0,0.0,,0.0
2020-07-24 23:00:00+08:00,3.9115214,57.528828,12.85,1012.8801,53.375668,0.0,0.0,0.0,3.6,0.0,0.0,,0.0
2020-07-25 00:00:00+08:00,3.9824615,51.115498,12.8,1012.6806,51.511776,0.0,0.0,0.0,3.05,0.0,0.0,,0.0
2020-07-25 01:00:00+08:00,4.327817,49.68598,12.65,1012.3784,50.20901,0.0,0.0,0.0,2.55,0.0,0.0,,0.0
2020-07-25 02:00:00+08:00,4.675468,41.531677,12.65,1012.3784,47.596813,0.0,0.0,0.0,1.8,0.0,0.0,,0.0
2020-07-25 03:00:00+08:00,4.816638,41.63345,12.4,1012.6685,45.359238,0.0,0.0,0.0,0.9,0.0,0.0,,0.0
2020-07-25 04:00:00+08:00,5.8051705,42.207226,12.45,1012.37244,42.827347,0.0,0.0,0.0,0.15,0.0,0.0,,0.0
2020-07-25 05:00:00+08:00,5.9548297,40.9143,12.5,1012.4731,41.16577,0.0,0.0,0.0,-0.35,0.0,0.0,,0.0
2020-07-25 06:00:00+08:00,6.1717095,40.399834,12.4,1012.966,40.246784,0.0,0.0,0.0,-0.75,0.0,0.0,,0.0
2020-07-25 07:00:00+08:00,6.529931,40.030197,12.4,1013.6601,39.230484,0.0,0.0,0.0,-1.1,0.0,0.0,,0.0
2020-07-25 08:00:00+08:00,6.902898,38.530205,12.55,1014.2595,43.323963,43.0,261.64157,16.0,0.4,0.0,0.0,,1.0
2020-07-25 09:00:00+08:00,6.989278,33.91748,14.85,1014.3282,42.90818,220.0,660.83923,49.0,2.35,0.0,0.0,,1.0
2020-07-25 10:00:00+08:00,6.71193,28.474106,17.5,1014.3067,41.150322,405.0,794.86273,64.0,4.15,0.0,0.0,,1.0
2020-07-25 11:00:00+08:00,6.2241464,23.6821,19.85,1014.1761,38.360783,551.0,860.2158,70.0,5.25,0.0,0.0,,1.0
2020-07-25 12:00:00+08:00,5.531727,12.528798,21.6,1013.7298,36.279125,643.0,886.99603,75.0,6.0,0.0,0.0,,1.0
2020-07-25 13:00:00+08:00,5.333854,6.458727,22.75,1012.77045,35.011356,672.0,893.45264,76.0,6.5,0.0,0.0,,1.0
2020-07-25 14:00:00+08:00,4.554119,351.15826,23.4,1012.7885,35.55966,637.0,881.60406,75.0,7.3,0.0,0.0,,1.0
2020-07-25 15:00:00+08:00,3.535534,315.0001,23.35,1012.9857,37.921753,536.0,829.1524,77.0,8.2,0.0,0.0,,1.0
2020-07-25 16:00:00+08:00,3.1256998,277.3523,21.95,1013.3431,56.094288,382.0,738.54126,71.0,12.8,0.0,0.0,,1.0
2020-07-25 17:00:00+08:00,3.0,270.0,19.8,1014.07574,67.017136,186.0,457.69992,72.0,13.5,0.0,0.0,,1.0
2020-07-25 18:00:00+08:00,2.5019991,272.29056,17.6,1014.40875,77.40226,33.0,163.31395,17.0,13.6,0.0,0.0,,0.0
2020-07-25 19:00:00+08:00,2.9529645,298.30066,15.6,1014.9452,84.52008,0.0,0.0,0.0,13.0,0.0,0.0,,0.0
2020-07-25 20:00:00+08:00,1.6492423,345.9637,17.9,1015.60767,75.9535,0.0,0.0,0.0,13.6,0.0,0.0,,0.0
2020-07-25 21:00:00+08:00,1.2083046,24.443953,15.2,1015.62744,80.943504,0.0,0.0,0.0,11.95,0.0,0.0,,0.0
2020-07-25 22:00:00+08:00,1.2041595,48.366554,13.55,1015.67773,82.35218,0.0,0.0,0.0,10.6,0.0,0.0,,0.0
2020-07-25 23:00:00+08:00,1.4764823,61.69934,13.1,1015.76337,83.960014,0.0,0.0,0.0,10.45,0.0,0.0,,0.0
2020-07-26 00:00:00+08:00,1.3000001,67.3801,13.95,1015.49133,83.77963,0.0,0.0,0.0,11.25,0.0,0.0,,0.0
2020-07-26 01:00:00+08:00,1.3928387,68.96242,13.2,1015.46875,87.67738,0.0,0.0,0.0,11.2,0.0,0.0,,0.0
2020-07-26 02:00:00+08:00,1.746425,76.75947,12.55,1015.4493,89.980576,0.0,0.0,0.0,10.95,0.0,0.0,,0.0
2020-07-26 03:00:00+08:00,2.376973,75.37909,12.85,1014.9624,90.30146,0.0,0.0,0.0,11.3,0.0,0.0,,0.0
2020-07-26 04:00:00+08:00,2.6683328,77.00539,13.1,1014.4743,89.72432,0.0,0.0,0.0,11.45,0.0,0.0,,0.0
2020-07-26 05:00:00+08:00,3.0805843,76.865974,12.9,1014.4683,90.00663,0.0,0.0,0.0,11.3,0.0,0.0,,0.0
2020-07-26 06:00:00+08:00,3.4481878,73.14152,12.65,1014.5598,89.98804,0.0,0.0,0.0,11.05,0.0,0.0,,0.0
2020-07-26 07:00:00+08:00,3.4785054,71.564964,12.55,1014.75525,89.980576,0.0,0.0,0.0,10.95,0.0,0.0,,0.0
2020-07-26 08:00:00+08:00,4.2059484,71.99575,13.7,1015.38464,88.59483,41.0,239.65154,16.0,11.85,0.0,0.0,,1.0
2020-07-26 09:00:00+08:00,4.3081317,68.19853,16.45,1015.56525,81.639854,212.0,620.6076,50.0,13.3,0.0,0.0,,1.0
2020-07-26 10:00:00+08:00,3.733631,69.62349,18.95,1015.6379,73.225555,393.0,762.4259,64.0,14.05,0.0,0.0,,1.0
2020-07-26 11:00:00+08:00,3.383785,71.0295,21.0,1015.2999,61.82881,539.0,831.16644,72.0,13.4,0.0,0.0,,1.0
2020-07-26 12:00:00+08:00,3.310589,64.98315,22.3,1014.6423,50.912636,631.0,862.8969,76.0,11.65,0.0,0.0,,1.0
2020-07-26 13:00:00+08:00,2.6627054,55.713078,23.05,1013.8702,44.92478,661.0,871.7211,77.0,10.45,0.0,0.0,,1.0
2020-07-26 14:00:00+08:00,1.8439089,49.398785,23.35,1013.28326,41.5397,626.0,858.964,76.0,9.55,0.0,0.0,,1.0
2020-07-26 15:00:00+08:00,0.6708204,63.435013,23.3,1012.88525,39.88162,531.0,826.8897,71.0,8.9,0.0,0.0,,1.0
2020-07-26 16:00:00+08:00,1.3341664,192.99461,22.45,1012.9606,51.62834,385.0,760.0628,63.0,12.0,0.0,0.0,,1.0
2020-07-26 17:00:00+08:00,2.4020824,182.3859,20.3,1012.8996,76.825325,203.0,616.5744,48.0,16.1,0.0,0.0,,1.0
2020-07-26 18:00:00+08:00,2.7294688,171.57312,17.8,1013.0261,88.6477,36.0,221.9578,14.0,15.9,0.0,0.0,,0.0
2020-07-26 19:00:00+08:00,2.624881,139.63554,16.85,1013.3954,86.87362,0.0,0.0,0.0,14.65,0.0,0.0,,0.0
2020-07-26 20:00:00+08:00,2.5961509,105.64231,15.6,1013.45776,77.34764,0.0,0.0,0.0,11.65,0.0,0.0,,0.0
2020-07-26 21:00:00+08:00,2.7166157,83.659904,14.55,1013.2285,67.03409,0.0,0.0,0.0,8.5,0.0,0.0,,0.0
2020-07-26 22:00:00+08:00,2.9832869,76.42955,14.15,1012.91895,61.47441,0.0,0.0,0.0,6.85,0.0,0.0,,0.0
2020-07-26 23:00:00+08:00,3.544009,73.61038,14.0,1012.61707,60.184555,0.0,0.0,0.0,6.4,0.0,0.0,,0.0
2020-07-27 00:00:00+08:00,3.9217343,70.640915,14.0,1012.02203,58.7497,0.0,0.0,0.0,6.05,0.0,0.0,,0.0
2020-07-27 01:00:00+08:00,4.2544093,66.44773,14.05,1011.52783,55.78927,0.0,0.0,0.0,5.35,0.0,0.0,,0.0
2020-07-27 02:00:00+08:00,4.7413077,62.354122,14.1,1010.9346,52.778946,0.0,0.0,0.0,4.6,0.0,0.0,,0.0
2020-07-27 03:00:00+08:00,4.992995,57.264786,14.05,1010.33795,50.950237,0.0,0.0,0.0,4.05,0.0,0.0,,0.0
2020-07-27 04:00:00+08:00,5.325411,55.713078,13.95,1009.9384,49.510323,0.0,0.0,0.0,3.55,0.0,0.0,,0.0
2020-07-27 05:00:00+08:00,5.2630787,51.170166,13.7,1009.6334,48.747463,0.0,0.0,0.0,3.1,0.0,0.0,,0.0
2020-07-27 06:00:00+08:00,5.3740115,44.999897,13.6,1009.92804,45.055458,0.0,0.0,0.0,1.9,0.0,0.0,,0.0
2020-07-27 07:00:00+08:00,5.4037023,38.990997,13.8,1010.4298,39.499615,0.0,0.0,0.0,0.25,0.0,0.0,,0.0
2020-07-27 08:00:00+08:00,4.837354,29.744795,14.65,1011.0498,42.54606,45.0,274.92978,16.0,2.05,0.0,0.0,,1.0
2020-07-27 09:00:00+08:00,4.9396358,21.370695,17.65,1011.53436,39.356,225.0,664.4306,50.0,3.65,0.0,0.0,,1.0
2020-07-27 10:00:00+08:00,4.440721,7.7650824,20.5,1012.0127,38.281982,412.0,803.9576,63.0,5.8,0.0,0.0,,1.0
2020-07-27 11:00:00+08:00,3.6769552,337.6198,22.5,1012.16846,34.939957,562.0,869.60187,71.0,6.25,0.0,0.0,,1.0
2020-07-27 12:00:00+08:00,4.1231055,292.83368,22.95,1011.6852,36.790634,656.0,899.29706,75.0,7.4,0.0,0.0,,1.0
2020-07-27 13:00:00+08:00,4.7127485,287.2816,22.05,1011.26306,44.497353,684.0,905.1012,75.0,9.4,0.0,0.0,,1.0
2020-07-27 14:00:00+08:00,4.5177426,297.69937,21.85,1010.96,45.652718,648.0,890.88904,75.0,9.6,0.0,0.0,,1.0
2020-07-27 15:00:00+08:00,4.080441,306.02747,21.7,1010.55896,53.51145,551.0,858.59106,71.0,11.85,0.0,0.0,,1.0
2020-07-27 16:00:00+08:00,3.4132097,301.8274,21.3,1010.647,60.11032,400.0,790.676,63.0,13.25,0.0,0.0,,1.0
2020-07-27 17:00:00+08:00,2.6627054,304.28693,19.8,1011.10046,73.374466,213.0,650.32745,48.0,14.9,0.0,0.0,,1.0
2020-07-27 18:00:00+08:00,2.2022715,309.47244,16.95,1011.4149,84.94229,38.0,239.35124,14.0,14.4,0.0,0.0,,0.0
2020-07-27 19:00:00+08:00,2.1931713,313.1524,16.5,1012.19495,87.68667,0.0,0.0,0.0,14.45,0.0,0.0,,0.0
2020-07-27 20:00:00+08:00,2.6172504,316.5481,15.8,1012.9679,91.68917,0.0,0.0,0.0,14.45,0.0,0.0,,0.0
2020-07-27 21:00:00+08:00,2.8319604,312.1375,15.45,1012.8582,91.371056,0.0,0.0,0.0,14.05,0.0,0.0,,0.0
2020-07-27 22:00:00+08:00,2.607681,237.52882,17.55,1013.2174,85.55485,0.0,0.0,0.0,15.1,0.0,0.0,,0.0
2020-07-27 23:00:00+08:00,2.9154758,202.1664,16.4,1012.48956,90.84497,0.0,0.0,0.0,14.9,0.0,0.0,,0.0
2020-07-28 00:00:00+08:00,3.1622777,198.43504,14.7,1011.94385,93.12431,0.0,0.0,0.0,13.6,0.0,0.0,,0.0
2020-07-28 01:00:00+08:00,2.8160255,173.8846,16.95,1011.4149,91.75961,0.0,0.0,0.0,15.6,0.0,0.0,,0.0
2020-07-28 02:00:00+08:00,3.1906114,147.80429,16.8,1011.21216,93.82963,0.0,0.0,0.0,15.8,0.0,0.0,,0.0
2020-07-28 03:00:00+08:00,2.6400757,142.69597,15.9,1011.48334,94.09028,0.0,0.0,0.0,14.95,0.0,0.0,,0.0
2020-07-28 04:00:00+08:00,2.7802877,127.694305,15.65,1011.8727,92.87274,0.0,0.0,0.0,14.5,0.0,0.0,,0.0
2020-07-28 05:00:00+08:00,2.8635643,102.09474,15.65,1012.071,91.0886,0.0,0.0,0.0,14.2,0.0,0.0,,0.0
2020-07-28 06:00:00+08:00,2.5495098,101.3099,14.75,1012.34186,91.624084,0.0,0.0,0.0,13.4,0.0,0.0,,0.0
2020-07-28 07:00:00+08:00,2.630589,98.74608,14.5,1013.0286,91.60847,0.0,0.0,0.0,13.15,0.0,0.0,,0.0
2020-07-28 08:00:00+08:00,3.0149627,84.2895,15.2,1014.3384,88.14317,30.0,103.10862,19.0,13.25,0.0,0.0,,1.0
2020-07-28 09:00:00+08:00,3.1400635,99.16227,16.45,1015.06946,82.97994,89.0,41.383358,78.0,13.55,0.0,0.0,,1.0
2020-07-28 10:00:00+08:00,3.2893767,109.53674,17.3,1015.7885,79.39662,168.0,73.267044,136.0,13.7,0.0,0.0,,1.0
2020-07-28 11:00:00+08:00,3.9824615,118.495544,18.3,1015.32166,74.06887,264.0,107.49724,203.0,13.6,0.0,0.0,,1.0
2020-07-28 12:00:00+08:00,4.1231055,129.09386,19.65,1014.5672,66.98614,549.0,585.52167,169.0,13.35,0.0,0.0,,1.0
2020-07-28 13:00:00+08:00,3.0610456,141.63248,20.2,1013.98773,62.050667,546.0,534.1713,185.0,12.7,0.0,0.0,,1.0
2020-07-28 14:00:00+08:00,3.008322,164.57777,20.25,1013.4934,60.257183,471.0,394.6846,216.0,12.3,0.0,0.0,,1.0
2020-07-28 15:00:00+08:00,4.00125,181.43207,19.65,1013.57544,63.573177,274.0,179.76799,173.0,12.55,0.0,0.0,,1.0
2020-07-28 16:00:00+08:00,5.2038445,182.20255,18.85,1014.1475,68.817566,205.0,130.59596,149.0,13.0,0.0,0.0,,1.0
2020-07-28 17:00:00+08:00,5.4451814,172.61404,18.05,1014.521,69.11085,107.0,132.7832,73.0,12.3,0.0,0.0,,1.0
2020-07-28 18:00:00+08:00,4.9335585,162.29948,17.35,1014.7981,67.616905,24.0,78.87491,16.0,11.3,0.0,0.0,,0.0
2020-07-28 19:00:00+08:00,4.651881,154.5367,16.75,1015.1773,67.04546,0.0,0.0,0.0,10.6,0.0,0.0,,0.0
2020-07-28 20:00:00+08:00,4.167733,149.74365,16.35,1015.46326,65.41238,0.0,0.0,0.0,9.85,0.0,0.0,,0.0
2020-07-28 21:00:00+08:00,3.522783,145.40765,15.6,1015.54016,67.70716,0.0,0.0,0.0,9.65,0.0,0.0,,0.0
2020-07-28 22:00:00+08:00,3.4409301,144.46223,15.4,1015.7328,66.76188,0.0,0.0,0.0,9.25,0.0,0.0,,0.0
2020-07-28 23:00:00+08:00,3.9623227,132.95459,14.95,1015.6201,66.66661,0.0,0.0,0.0,8.8,0.0,0.0,,0.0
2020-07-29 00:00:00+08:00,4.7801676,127.34943,14.35,1015.40405,72.15641,0.0,0.0,0.0,9.4,0.0,0.0,,0.0
2020-07-29 01:00:00+08:00,4.548626,123.34073,13.8,1014.9911,75.785545,0.0,0.0,0.0,9.6,0.0,0.0,,0.0
2020-07-29 02:00:00+08:00,3.9446166,120.46546,12.75,1014.56305,82.25149,0.0,0.0,0.0,9.8,0.0,0.0,,0.0
2020-07-29 03:00:00+08:00,3.4885528,117.29949,11.85,1014.33765,87.261734,0.0,0.0,0.0,9.8,0.0,0.0,,0.0
2020-07-29 04:00:00+08:00,3.5468295,111.501495,11.4,1014.22485,87.51317,0.0,0.0,0.0,9.4,0.0,0.0,,0.0
2020-07-29 05:00:00+08:00,3.5735137,107.92801,11.05,1014.2139,85.15006,0.0,0.0,0.0,8.65,0.0,0.0,,0.0
2020-07-29 06:00:00+08:00,3.8832974,101.88863,10.8,1014.60297,82.002525,0.0,0.0,0.0,7.85,0.0,0.0,,0.0
2020-07-29 07:00:00+08:00,4.1773195,101.0409,10.55,1014.89307,79.48885,0.0,0.0,0.0,7.15,0.0,0.0,,0.0
2020-07-29 08:00:00+08:00,5.0159745,94.57384,11.05,1016.09784,75.06781,47.0,277.97186,17.0,6.8,0.0,0.0,,1.0
2020-07-29 09:00:00+08:00,4.9648767,99.27253,13.25,1016.4619,68.14115,229.0,659.6969,52.0,7.5,0.0,0.0,,1.0
2020-07-29 10:00:00+08:00,5.0358715,96.84268,15.4,1016.22864,61.34968,416.0,796.3893,66.0,8.0,0.0,0.0,,1.0
2020-07-29 11:00:00+08:00,4.6173587,94.96966,17.4,1015.49384,56.26048,565.0,860.8776,74.0,8.6,0.0,0.0,,1.0
2020-07-29 12:00:00+08:00,4.219004,95.44024,19.0,1014.54834,52.27827,658.0,889.59674,78.0,9.0,0.0,0.0,,1.0
2020-07-29 13:00:00+08:00,3.6124783,94.76356,20.2,1013.39264,49.348274,689.0,898.6225,79.0,9.25,0.0,0.0,,1.0
2020-07-29 14:00:00+08:00,3.0149627,95.7105,21.15,1012.527,46.54356,653.0,887.484,77.0,9.25,0.0,0.0,,1.0
2020-07-29 15:00:00+08:00,2.5632012,110.55612,21.65,1011.8471,44.685974,555.0,853.6451,73.0,9.1,0.0,0.0,,1.0
2020-07-29 16:00:00+08:00,2.4758837,136.63654,21.6,1011.7462,45.73695,403.0,783.4921,65.0,9.4,0.0,0.0,,1.0
2020-07-29 17:00:00+08:00,2.915476,174.09395,19.85,1011.99426,58.401676,216.0,638.54584,51.0,11.45,0.0,0.0,,1.0
2020-07-29 18:00:00+08:00,3.7215588,173.82993,17.7,1012.2299,64.19496,40.0,243.70572,15.0,10.85,0.0,0.0,,0.0
2020-07-29 19:00:00+08:00,3.5846896,157.01126,16.65,1012.596,69.06119,0.0,0.0,0.0,10.95,0.0,0.0,,0.0
2020-07-29 20:00:00+08:00,3.1241,129.80553,15.25,1012.8526,66.05872,0.0,0.0,0.0,8.95,0.0,0.0,,0.0
2020-07-29 21:00:00+08:00,3.001666,119.98155,14.25,1012.7239,65.17452,0.0,0.0,0.0,7.8,0.0,0.0,,0.0
2020-07-29 22:00:00+08:00,3.354102,116.56499,13.8,1012.71045,65.07548,0.0,0.0,0.0,7.35,0.0,0.0,,0.0
2020-07-29 23:00:00+08:00,3.4785054,108.43504,13.35,1012.59766,65.42294,0.0,0.0,0.0,7.0,0.0,0.0,,0.0
2020-07-30 00:00:00+08:00,4.004997,92.86235,13.05,1011.79553,65.80731,0.0,0.0,0.0,6.8,0.0,0.0,,0.0
2020-07-30 01:00:00+08:00,4.6173587,85.03035,13.15,1010.8071,64.709114,0.0,0.0,0.0,6.65,0.0,0.0,,0.0
2020-07-30 02:00:00+08:00,4.570558,79.919464,13.1,1010.60724,64.47596,0.0,0.0,0.0,6.55,0.0,0.0,,0.0
2020-07-30 03:00:00+08:00,4.0792155,78.6901,12.9,1010.5021,65.09983,0.0,0.0,0.0,6.5,0.0,0.0,,0.0
2020-07-30 04:00:00+08:00,3.7854989,77.79955,12.75,1010.2002,65.291046,0.0,0.0,0.0,6.4,0.0,0.0,,0.0
2020-07-30 05:00:00+08:00,2.9614186,78.31066,12.45,1009.9927,65.67634,0.0,0.0,0.0,6.2,0.0,0.0,,0.0
2020-07-30 06:00:00+08:00,2.7294688,81.57312,10.7,1009.8409,72.465866,0.0,0.0,0.0,5.95,0.0,0.0,,0.0
2020-07-30 07:00:00+08:00,2.280351,105.25517,12.95,1010.0078,59.722317,0.0,0.0,0.0,5.3,0.0,0.0,,0.0
2020-07-30 08:00:00+08:00,2.2472205,57.724377,13.4,1010.4177,65.21018,49.0,293.02927,17.0,7.0,0.0,0.0,,1.0
2020-07-30 09:00:00+08:00,1.1401755,37.875053,16.25,1010.8985,57.125183,231.0,664.5112,51.0,7.75,0.0,0.0,,1.0
2020-07-30 10:00:00+08:00,1.4422206,236.3099,18.1,1011.24994,55.494873,417.0,795.88245,65.0,9.05,0.0,0.0,,1.0
2020-07-30 11:00:00+08:00,2.2671568,221.42357,18.8,1010.87317,58.92575,566.0,861.67737,72.0,10.6,0.0,0.0,,1.0
2020-07-30 12:00:00+08:00,2.2203603,215.83774,19.55,1010.29974,55.862408,659.0,890.0513,76.0,10.5,0.0,0.0,,1.0
2020-07-30 13:00:00+08:00,1.8439089,220.60121,20.3,1009.4284,50.54956,691.0,899.0112,78.0,9.7,0.0,0.0,,1.0
2020-07-30 14:00:00+08:00,1.7492856,210.96368,20.65,1008.645,50.30537,657.0,892.64465,75.0,9.95,0.0,0.0,,1.0
2020-07-30 15:00:00+08:00,2.0615528,202.8337,20.75,1008.25116,53.620758,561.0,861.73755,72.0,11.0,0.0,0.0,,1.0
2020-07-30 16:00:00+08:00,3.6769552,202.38017,19.5,1008.7116,64.16822,408.0,794.9136,63.0,12.55,0.0,0.0,,1.0
2020-07-30 17:00:00+08:00,4.1773195,191.0409,17.9,1009.3599,74.971176,219.0,648.14557,50.0,13.4,0.0,0.0,,1.0
2020-07-30 18:00:00+08:00,4.3104525,176.00917,16.7,1009.9201,80.878265,41.0,250.63129,15.0,13.4,0.0,0.0,,0.0
2020-07-30 19:00:00+08:00,5.0487623,172.03047,16.8,1010.7163,82.75294,0.0,0.0,0.0,13.85,0.0,0.0,,0.0
2020-07-30 20:00:00+08:00,5.9228373,168.31065,16.85,1011.61035,83.83909,0.0,0.0,0.0,14.1,0.0,0.0,,0.0
2020-07-30 21:00:00+08:00,5.5731497,170.70677,16.65,1011.70355,83.27391,0.0,0.0,0.0,13.8,0.0,0.0,,0.0
2020-07-30 22:00:00+08:00,5.0328918,159.04414,16.2,1011.7897,82.94991,0.0,0.0,0.0,13.3,0.0,0.0,,0.0
2020-07-30 23:00:00+08:00,4.0816665,149.03632,15.35,1011.76465,86.73078,0.0,0.0,0.0,13.15,0.0,0.0,,0.0
2020-07-31 00:00:00+08:00,3.5468295,130.426,14.35,1011.5368,88.94034,0.0,0.0,0.0,12.55,0.0,0.0,,0.0
2020-07-31 01:00:00+08:00,3.577709,116.56499,13.35,1011.2094,88.27306,0.0,0.0,0.0,11.45,0.0,0.0,,0.0
2020-07-31 02:00:00+08:00,3.4985712,120.963684,12.95,1011.0986,85.06984,0.0,0.0,0.0,10.5,0.0,0.0,,0.0
2020-07-31 03:00:00+08:00,3.6359317,121.50421,12.8,1010.995,83.64542,0.0,0.0,0.0,10.1,0.0,0.0,,0.0
2020-07-31 04:00:00+08:00,3.3286633,122.73522,12.75,1011.0926,82.25149,0.0,0.0,0.0,9.8,0.0,0.0,,0.0
2020-07-31 05:00:00+08:00,3.4132097,121.82741,12.65,1011.2877,81.41527,0.0,0.0,0.0,9.55,0.0,0.0,,0.0
2020-07-31 06:00:00+08:00,3.51141,109.98319,12.6,1011.683,80.051796,0.0,0.0,0.0,9.25,0.0,0.0,,0.0
2020-07-31 07:00:00+08:00,3.49285,103.24053,12.55,1012.07806,79.24001,0.0,0.0,0.0,9.05,0.0,0.0,,0.0
2020-07-31 08:00:00+08:00,4.3931766,101.821465,13.65,1012.6069,75.253235,41.0,162.86397,23.0,9.35,0.0,0.0,,1.0
2020-07-31 09:00:00+08:00,4.3324356,108.85326,15.5,1013.0582,69.99263,167.0,296.14142,86.0,10.05,0.0,0.0,,1.0
2020-07-31 10:00:00+08:00,4.3908997,120.0685,17.2,1013.5047,64.08414,314.0,372.92056,148.0,10.35,0.0,0.0,,1.0
2020-07-31 11:00:00+08:00,5.185557,140.4774,18.6,1013.34674,58.877335,525.0,692.3359,126.0,10.4,0.0,0.0,,1.0
2020-07-31 12:00:00+08:00,5.345091,162.58194,19.4,1012.7747,55.453217,649.0,861.5667,82.0,10.25,0.0,0.0,,1.0
2020-07-31 13:00:00+08:00,5.1623635,171.08516,19.5,1012.3811,54.015354,681.0,870.14886,85.0,9.95,0.0,0.0,,1.0
2020-07-31 14:00:00+08:00,4.9162993,175.33322,19.55,1011.7874,49.172073,640.0,847.34045,85.0,8.6,0.0,0.0,,1.0
2020-07-31 15:00:00+08:00,5.4037027,177.87895,19.3,1011.6809,50.281303,550.0,827.6435,78.0,8.7,0.0,0.0,,1.0
2020-07-31 16:00:00+08:00,5.6008925,181.02301,18.55,1011.858,55.609352,402.0,764.96375,68.0,9.5,0.0,0.0,,1.0
2020-07-31 17:00:00+08:00,5.1009803,178.87672,17.6,1012.0287,62.27745,218.0,634.77246,51.0,10.3,0.0,0.0,,1.0
2020-07-31 18:00:00+08:00,4.3931766,168.17854,16.55,1012.494,67.22742,42.0,247.87596,16.0,10.45,0.0,0.0,,0.0
2020-07-31 19:00:00+08:00,4.2953463,155.22488,16.1,1012.97656,70.10947,0.0,0.0,0.0,10.65,0.0,0.0,,0.0
2020-07-31 20:00:00+08:00,4.3908997,149.9315,15.55,1013.8531,83.9637,0.0,0.0,0.0,12.85,0.0,0.0,,0.0
2020-07-31 21:00:00+08:00,4.2201896,143.67308,15.25,1014.1417,84.758514,0.0,0.0,0.0,12.7,0.0,0.0,,0.0
2020-07-31 22:00:00+08:00,3.9623227,137.04541,14.55,1014.41846,88.08675,0.0,0.0,0.0,12.6,0.0,0.0,,0.0
2020-07-31 23:00:00+08:00,4.1773195,137.91092,14.2,1014.2097,86.050964,0.0,0.0,0.0,11.9,0.0,0.0,,0.0
2020-08-01 00:00:00+08:00,4.0360875,138.01286,13.5,1013.8911,87.99479,0.0,0.0,0.0,11.55,0.0,0.0,,0.0
2020-08-01 01:00:00+08:00,4.103657,136.97493,13.1,1013.7803,88.54434,0.0,0.0,0.0,11.25,0.0,0.0,,0.0
2020-08-01 02:00:00+08:00,3.920459,127.74687,12.65,1013.6674,89.98804,0.0,0.0,0.0,11.05,0.0,0.0,,0.0
2020-08-01 03:00:00+08:00,3.9115214,122.471176,12.35,1013.1628,90.26526,0.0,0.0,0.0,10.8,0.0,0.0,,0.0
2020-08-01 04:00:00+08:00,3.9824615,118.495544,12.2,1012.9599,90.25436,0.0,0.0,0.0,10.65,0.0,0.0,,0.0
2020-08-01 05:00:00+08:00,4.016217,108.886185,12.0,1013.1522,89.639984,0.0,0.0,0.0,10.35,0.0,0.0,,0.0
2020-08-01 06:00:00+08:00,4.4553337,99.039406,11.85,1013.44525,87.848175,0.0,0.0,0.0,9.9,0.0,0.0,,0.0
2020-08-01 07:00:00+08:00,4.6173587,94.96966,11.65,1013.9349,87.24299,0.0,0.0,0.0,9.6,0.0,0.0,,0.0
2020-08-01 08:00:00+08:00,5.3037724,92.16103,12.7,1014.7597,83.633675,50.0,277.0914,19.0,10.0,0.0,0.0,,1.0
2020-08-01 09:00:00+08:00,5.333854,96.458725,14.9,1015.2219,74.96115,231.0,644.3892,53.0,10.5,0.0,0.0,,1.0
2020-08-01 10:00:00+08:00,5.3150725,101.94416,17.0,1015.0854,65.991035,418.0,783.3819,67.0,10.6,0.0,0.0,,1.0
2020-08-01 11:00:00+08:00,4.997999,109.885254,18.7,1014.73804,57.34987,564.0,835.38306,80.0,10.1,0.0,0.0,,1.0
2020-08-01 12:00:00+08:00,4.632494,122.660904,19.75,1013.9749,48.89487,625.0,706.2552,158.0,8.7,0.0,0.0,,1.0
2020-08-01 13:00:00+08:00,4.2426405,135.0001,20.35,1012.7028,45.69866,655.0,719.41943,160.0,8.25,0.0,0.0,,1.0
2020-08-01 14:00:00+08:00,3.9962482,148.29861,20.7,1011.9192,43.82094,598.0,606.37524,199.0,7.95,0.0,0.0,,1.0
2020-08-01 15:00:00+08:00,4.2720017,163.68607,20.55,1011.41925,44.0777,485.0,514.70667,190.0,7.9,0.0,0.0,,1.0
2020-08-01 16:00:00+08:00,5.8077536,177.03912,19.55,1011.2915,54.209267,395.0,696.66077,89.0,10.05,0.0,0.0,,1.0
2020-08-01 17:00:00+08:00,6.8,180.0,17.75,1011.6364,70.65927,214.0,572.6677,62.0,12.35,0.0,0.0,,1.0
2020-08-01 18:00:00+08:00,6.5734315,166.80939,16.45,1012.19366,73.74844,42.0,226.328,18.0,11.75,0.0,0.0,,0.0
2020-08-01 19:00:00+08:00,5.502726,160.90642,16.15,1012.6806,76.67219,0.0,0.0,0.0,12.05,0.0,0.0,,0.0
2020-08-01 20:00:00+08:00,5.1264024,159.44388,16.0,1012.9737,79.99461,0.0,0.0,0.0,12.55,0.0,0.0,,0.0
2020-08-01 21:00:00+08:00,4.9658837,154.98314,15.95,1012.8732,79.98767,0.0,0.0,0.0,12.5,0.0,0.0,,0.0
2020-08-01 22:00:00+08:00,4.494441,147.72438,15.1,1012.8481,83.08949,0.0,0.0,0.0,12.25,0.0,0.0,,0.0
2020-08-01 23:00:00+08:00,4.327817,139.68597,14.25,1012.5255,77.65362,0.0,0.0,0.0,10.4,0.0,0.0,,0.0
2020-08-02 00:00:00+08:00,4.327817,130.31403,13.5,1012.3046,66.811874,0.0,0.0,0.0,7.45,0.0,0.0,,0.0
2020-08-02 01:00:00+08:00,4.494441,122.27562,12.95,1011.89185,66.694664,0.0,0.0,0.0,6.9,0.0,0.0,,0.0
2020-08-02 02:00:00+08:00,4.3416586,118.92633,12.4,1011.5779,68.668785,0.0,0.0,0.0,6.8,0.0,0.0,,0.0
2020-08-02 03:00:00+08:00,4.0706263,117.824005,12.2,1011.076,68.62788,0.0,0.0,0.0,6.6,0.0,0.0,,0.0
2020-08-02 04:00:00+08:00,3.7215588,120.699646,11.5,1010.7574,71.13186,0.0,0.0,0.0,6.45,0.0,0.0,,0.0
2020-08-02 05:00:00+08:00,3.3615475,120.37905,10.95,1010.6417,73.26568,0.0,0.0,0.0,6.35,0.0,0.0,,0.0
2020-08-02 06:00:00+08:00,2.9206164,128.04709,10.55,1010.9271,74.98216,0.0,0.0,0.0,6.3,0.0,0.0,,0.0
2020-08-02 07:00:00+08:00,2.8999999,133.60289,10.1,1011.4089,77.53446,0.0,0.0,0.0,6.35,0.0,0.0,,0.0
2020-08-02 08:00:00+08:00,3.535534,135.0001,10.95,1011.7324,76.87406,52.0,291.3241,19.0,7.05,0.0,0.0,,1.0
2020-08-02 09:00:00+08:00,3.6069376,133.87679,12.9,1011.79114,68.302086,235.0,652.26166,53.0,7.2,0.0,0.0,,1.0
2020-08-02 10:00:00+08:00,3.5468295,139.574,15.4,1011.76624,61.14149,422.0,787.0332,67.0,7.95,0.0,0.0,,1.0
2020-08-02 11:00:00+08:00,3.939543,156.0375,17.4,1011.03125,54.57068,572.0,853.1967,75.0,8.15,0.0,0.0,,1.0
2020-08-02 12:00:00+08:00,4.4553337,170.9606,18.45,1010.1691,51.256695,667.0,886.4732,78.0,8.2,0.0,0.0,,1.0
2020-08-02 13:00:00+08:00,5.124451,185.59924,18.7,1009.1843,51.672123,698.0,895.5109,79.0,8.55,0.0,0.0,,1.0
2020-08-02 14:00:00+08:00,6.053098,187.59456,18.3,1008.37964,53.16236,664.0,886.439,78.0,8.6,0.0,0.0,,1.0
2020-08-02 15:00:00+08:00,6.4070277,182.68372,18.05,1007.9757,52.203766,566.0,855.86633,73.0,8.1,0.0,0.0,,1.0
2020-08-02 16:00:00+08:00,6.3007936,180.90936,17.75,1007.7688,54.10843,416.0,792.0718,66.0,8.35,0.0,0.0,,1.0
2020-08-02 17:00:00+08:00,5.7008767,181.00507,17.0,1007.64777,62.348026,226.0,653.5246,51.0,9.75,0.0,0.0,,1.0
2020-08-02 18:00:00+08:00,5.0,180.0,15.85,1007.7135,72.67257,45.0,261.20013,17.0,10.95,0.0,0.0,,0.0
2020-08-02 19:00:00+08:00,4.909175,176.49654,15.75,1007.909,76.10426,0.0,0.0,0.0,11.55,0.0,0.0,,0.0
2020-08-02 20:00:00+08:00,4.6010866,181.24533,15.85,1007.8127,73.39959,0.0,0.0,0.0,11.1,0.0,0.0,,0.0
2020-08-02 21:00:00+08:00,3.7,180.0,15.6,1008.10284,74.830605,0.0,0.0,0.0,11.15,0.0,0.0,,0.0
2020-08-02 22:00:00+08:00,3.0016663,178.0909,15.1,1007.7907,77.0143,0.0,0.0,0.0,11.1,0.0,0.0,,0.0
2020-08-02 23:00:00+08:00,3.5902646,192.875,15.05,1007.3926,79.07421,0.0,0.0,0.0,11.45,0.0,0.0,,0.0
2020-08-03 00:00:00+08:00,4.148494,195.37631,15.2,1007.0994,80.4118,0.0,0.0,0.0,11.85,0.0,0.1,,0.0
2020-08-03 01:00:00+08:00,4.90408,200.28264,15.25,1006.70447,80.41862,0.0,0.0,0.0,11.9,0.0,0.1,,0.0
2020-08-03 02:00:00+08:00,5.2201533,200.17073,14.65,1006.3893,84.41463,0.0,0.0,0.0,12.05,0.0,0.2,,0.0
2020-08-03 03:00:00+08:00,5.700877,195.25517,14.5,1005.78986,82.47069,0.0,0.0,0.0,11.55,0.0,0.2,,0.0
2020-08-03 04:00:00+08:00,6.1188235,191.30989,14.25,1005.6835,82.712975,0.0,0.0,0.0,11.35,0.0,0.1,,0.0
2020-08-03 05:00:00+08:00,6.315061,190.95403,13.75,1005.86694,82.65144,0.0,0.0,0.0,10.85,0.0,0.2,,0.0
2020-08-03 06:00:00+08:00,6.5924196,189.60513,13.75,1006.06525,74.514755,0.0,0.0,0.0,9.3,0.0,0.2,,0.0
2020-08-03 07:00:00+08:00,5.8189344,199.0578,13.85,1006.3656,66.2062,0.0,0.0,0.0,7.65,0.0,0.0,,0.0
2020-08-03 08:00:00+08:00,5.8591805,207.43964,14.55,1006.0889,62.41575,14.0,8.716446,13.0,7.45,0.0,0.0,,1.0
2020-08-03 09:00:00+08:00,6.5734315,213.20659,15.5,1006.0176,53.151478,178.0,418.5529,60.0,6.0,0.0,0.0,,1.0
2020-08-03 10:00:00+08:00,6.621933,218.25447,15.9,1006.3267,48.675045,391.0,664.96844,89.0,5.1,0.0,0.0,,1.0
2020-08-03 11:00:00+08:00,6.5795135,226.8476,15.35,1006.40985,56.122726,487.0,626.5591,120.0,6.65,0.0,0.0,,1.0
2020-08-03 12:00:00+08:00,6.4899926,236.3099,15.65,1005.92285,54.30211,536.0,615.5437,125.0,6.45,0.0,0.0,,1.0
2020-08-03 13:00:00+08:00,7.170077,230.09216,15.55,1005.4242,55.407722,518.0,511.1884,163.0,6.65,0.0,0.0,,1.0
2020-08-03 14:00:00+08:00,7.18401,231.21562,15.35,1004.72406,55.16599,410.0,386.93863,153.0,6.4,0.0,0.0,,1.0
2020-08-03 15:00:00+08:00,6.466065,230.64827,14.5,1004.7983,66.121086,363.0,393.8178,135.0,8.25,0.0,0.1,,1.0
2020-08-03 16:00:00+08:00,6.449806,240.2552,14.6,1004.50366,66.8181,255.0,323.92303,111.0,8.5,0.0,0.0,,1.0
2020-08-03 17:00:00+08:00,6.306346,242.62238,14.5,1004.5008,69.32743,167.0,396.0703,60.0,8.95,0.0,0.1,,1.0
2020-08-03 18:00:00+08:00,5.9808025,249.44386,14.25,1004.2952,61.709076,35.0,175.33572,16.0,7.0,0.0,0.1,,0.0
2020-08-03 19:00:00+08:00,6.835203,249.44386,14.5,1004.3025,57.273205,0.0,0.0,0.0,6.15,0.0,0.0,,0.0
2020-08-03 20:00:00+08:00,6.926038,252.3498,15.25,1003.7296,52.536674,0.0,0.0,0.0,5.6,0.0,0.0,,0.0
2020-08-03 21:00:00+08:00,7.7201037,253.44284,15.75,1003.5457,49.31522,0.0,0.0,0.0,5.15,0.0,0.0,,0.0
2020-08-03 22:00:00+08:00,9.004999,240.01845,14.9,1003.4217,60.401066,0.0,0.0,0.0,7.3,0.0,0.1,,0.0
2020-08-03 23:00:00+08:00,9.167878,243.43501,13.8,1003.29034,86.29523,0.0,0.0,0.0,11.55,0.0,1.2,,0.0
2020-08-04 00:00:00+08:00,8.319255,244.35904,14.0,1002.80023,88.61994,0.0,0.0,0.0,12.15,0.0,0.6,,0.0
2020-08-04 01:00:00+08:00,7.932213,236.3099,14.25,1002.2129,90.4018,0.0,0.0,0.0,12.7,0.0,1.4,,0.0
2020-08-04 02:00:00+08:00,7.291776,227.77924,14.95,1001.63824,76.22724,0.0,0.0,0.0,10.8,0.0,0.8,,0.0
2020-08-04 03:00:00+08:00,6.0307546,220.29207,14.65,1001.4312,76.43284,0.0,0.0,0.0,10.55,0.0,0.3,,0.0
2020-08-04 04:00:00+08:00,5.661272,215.65541,14.5,1001.2285,75.900635,0.0,0.0,0.0,10.3,0.0,0.1,,0.0
2020-08-04 05:00:00+08:00,5.7489133,220.06071,14.75,1000.93823,71.74763,0.0,0.0,0.0,9.7,0.0,0.1,,0.0
2020-08-04 06:00:00+08:00,5.5973206,221.37842,14.85,1000.94135,72.24857,0.0,0.0,0.0,9.9,0.0,0.0,,0.0
2020-08-04 07:00:00+08:00,5.742821,215.07384,15.0,1001.5408,73.00437,0.0,0.0,0.0,10.2,0.0,0.0,,0.0
2020-08-04 08:00:00+08:00,5.500909,207.03078,15.15,1001.94183,79.08869,41.0,197.89423,18.0,11.55,0.0,0.0,,1.0
2020-08-04 09:00:00+08:00,6.356886,199.29015,15.85,1002.65607,78.154686,161.0,368.53613,56.0,12.05,0.0,0.2,,1.0
2020-08-04 10:00:00+08:00,5.6885853,190.1246,16.35,1003.4642,73.73097,286.0,389.20667,108.0,11.65,0.0,0.1,,1.0
2020-08-04 11:00:00+08:00,5.9135437,183.87845,17.0,1003.8794,70.05165,382.0,361.60315,169.0,11.5,0.0,0.0,,1.0
2020-08-04 12:00:00+08:00,5.261178,171.25392,16.6,1003.9672,69.2809,480.0,502.20197,143.0,10.95,0.0,0.0,,1.0
2020-08-04 13:00:00+08:00,5.0249376,174.2895,16.75,1003.9714,66.822586,520.0,548.90344,137.0,10.55,0.0,0.0,,1.0
2020-08-04 14:00:00+08:00,6.3505907,187.23683,16.9,1003.97577,65.96967,591.0,686.2943,133.0,10.5,0.0,0.0,,1.0
2020-08-04 15:00:00+08:00,6.8154235,194.44408,16.85,1004.272,68.64418,470.0,541.3218,155.0,11.05,0.0,0.0,,1.0
2020-08-04 16:00:00+08:00,7.1470275,197.92801,17.1,1004.7748,64.92243,244.0,275.01566,121.0,10.45,0.0,0.0,,1.0
2020-08-04 17:00:00+08:00,6.395311,189.90411,16.3,1005.24756,70.14829,153.0,344.89444,59.0,10.85,0.0,0.0,,1.0
2020-08-04 18:00:00+08:00,5.8008623,180.98773,15.95,1005.7333,70.31416,32.0,164.32803,14.0,10.55,0.0,0.0,,0.0
2020-08-04 19:00:00+08:00,6.0,180.0,15.9,1006.5251,70.53909,0.0,0.0,0.0,10.55,0.0,0.0,,0.0
2020-08-04 20:00:00+08:00,6.8066144,177.47394,15.25,1007.00195,80.15399,0.0,0.0,0.0,11.85,0.0,0.0,,0.0
2020-08-04 21:00:00+08:00,5.8008623,180.98773,15.25,1007.2003,79.364716,0.0,0.0,0.0,11.7,0.0,0.0,,0.0
2020-08-04 22:00:00+08:00,6.0,180.0,15.45,1007.60254,76.055626,0.0,0.0,0.0,11.25,0.0,0.0,,0.0
2020-08-04 23:00:00+08:00,5.824946,168.11136,14.75,1007.6812,81.15111,0.0,0.0,0.0,11.55,0.0,0.1,,0.0
2020-08-05 00:00:00+08:00,4.049691,159.77505,14.25,1007.7658,86.91013,0.0,0.0,0.0,12.1,0.0,0.0,,0.0
2020-08-05 01:00:00+08:00,3.352611,162.64589,14.0,1007.95654,89.20456,0.0,0.0,0.0,12.25,0.0,0.0,,0.0
2020-08-05 02:00:00+08:00,4.418144,174.80566,14.6,1007.9743,83.30371,0.0,0.0,0.0,11.8,0.0,0.1,,0.0
2020-08-05 03:00:00+08:00,5.0039983,177.70944,14.85,1007.78345,79.834076,0.0,0.0,0.0,11.4,0.0,0.0,,0.0
2020-08-05 04:00:00+08:00,5.8034477,178.02512,15.25,1007.7953,77.29337,0.0,0.0,0.0,11.3,0.0,0.1,,0.0
2020-08-05 05:00:00+08:00,6.477654,171.11942,14.85,1007.9818,81.70186,0.0,0.0,0.0,11.75,0.0,0.1,,0.0
2020-08-05 06:00:00+08:00,5.9665737,166.42955,14.5,1008.16974,85.7986,0.0,0.0,0.0,12.15,0.0,0.1,,0.0
2020-08-05 07:00:00+08:00,4.8826222,145.0079,13.9,1008.74695,88.32035,0.0,0.0,0.0,12.0,0.0,0.0,,0.0
2020-08-05 08:00:00+08:00,5.3814497,138.01286,13.35,1009.6229,80.15659,50.0,246.24525,21.0,10.0,0.0,0.0,,1.0
2020-08-05 09:00:00+08:00,5.8258047,140.57222,13.95,1010.03754,73.06032,219.0,555.5811,59.0,9.2,0.0,0.0,,1.0
2020-08-05 10:00:00+08:00,5.420332,142.49579,15.3,1010.573,67.19159,414.0,727.3018,79.0,9.25,0.0,0.0,,1.0
2020-08-05 11:00:00+08:00,6.1269894,153.85323,16.8,1010.61707,62.09321,578.0,845.67883,77.0,9.5,0.0,0.0,,1.0
2020-08-05 12:00:00+08:00,5.4083266,160.55988,17.8,1009.95184,57.899914,674.0,882.196,79.0,9.4,0.0,0.0,,1.0
2020-08-05 13:00:00+08:00,5.557877,171.7242,18.05,1009.8599,60.538128,705.0,891.4503,80.0,10.3,0.0,0.0,,1.0
2020-08-05 14:00:00+08:00,6.0440054,163.66388,19.0,1009.6888,54.431557,668.0,879.8603,78.0,9.6,0.0,0.0,,1.0
2020-08-05 15:00:00+08:00,6.562012,172.11696,19.15,1009.49493,51.96652,506.0,610.3579,149.0,9.05,0.0,0.0,,1.0
2020-08-05 16:00:00+08:00,6.198387,162.1496,19.5,1009.80255,48.8268,398.0,686.71423,89.0,8.45,0.0,0.0,,1.0
2020-08-05 17:00:00+08:00,4.614109,150.1012,18.15,1010.557,56.260082,222.0,600.0958,57.0,9.3,0.0,0.0,,1.0
2020-08-05 18:00:00+08:00,3.748333,170.78905,16.55,1010.80817,62.03539,48.0,270.9637,18.0,9.25,0.0,0.0,,0.0
2020-08-05 19:00:00+08:00,3.6249137,155.55606,15.55,1011.8698,69.072,0.0,0.0,0.0,9.9,0.0,0.0,,0.0
2020-08-05 20:00:00+08:00,2.3600848,126.384445,13.65,1012.90436,68.22354,0.0,0.0,0.0,7.9,0.0,0.0,,0.0
2020-08-05 21:00:00+08:00,2.4041631,135.0001,13.1,1013.5819,69.51895,0.0,0.0,0.0,7.65,0.0,0.0,,0.0
2020-08-05 22:00:00+08:00,2.6172504,133.45189,12.65,1014.064,71.351845,0.0,0.0,0.0,7.6,0.0,0.0,,0.0
2020-08-05 23:00:00+08:00,3.2649655,130.0302,12.55,1014.35864,71.82107,0.0,0.0,0.0,7.6,0.0,0.0,,0.0
2020-08-06 00:00:00+08:00,3.720215,126.25393,12.45,1014.05804,72.29375,0.0,0.0,0.0,7.6,0.0,0.0,,0.0
2020-08-06 01:00:00+08:00,3.6715121,119.357666,12.05,1013.947,74.72721,0.0,0.0,0.0,7.7,0.0,0.0,,0.0
2020-08-06 02:00:00+08:00,3.6769552,112.38018,11.65,1013.9349,74.65822,0.0,0.0,0.0,7.3,0.0,0.0,,0.0
2020-08-06 03:00:00+08:00,4.049691,110.22495,11.4,1013.53076,74.61495,0.0,0.0,0.0,7.05,0.0,0.0,,0.0
2020-08-06 04:00:00+08:00,4.016217,108.886185,10.9,1013.61456,76.866035,0.0,0.0,0.0,7.0,0.0,0.0,,0.0
2020-08-06 05:00:00+08:00,3.8897302,107.96923,10.4,1013.59937,80.01322,0.0,0.0,0.0,7.1,0.0,0.0,,0.0
2020-08-06 06:00:00+08:00,3.9293766,104.743614,9.95,1013.9823,82.45524,0.0,0.0,0.0,7.1,0.0,0.0,,0.0
2020-08-06 07:00:00+08:00,4.244997,105.01841,9.65,1014.56793,84.41793,0.0,0.0,0.0,7.15,0.0,0.0,,0.0
2020-08-06 08:00:00+08:00,4.539824,97.59455,10.7,1015.2941,81.15581,61.0,335.12805,21.0,7.6,0.0,0.0,,1.0
2020-08-06 09:00:00+08:00,5.217279,102.17145,12.8,1015.95276,74.35041,251.0,673.20105,55.0,8.35,0.0,0.0,,1.0
2020-08-06 10:00:00+08:00,5.4589376,98.42689,14.5,1015.9043,69.7965,441.0,803.9625,68.0,9.05,0.0,0.0,,1.0
2020-08-06 11:00:00+08:00,4.9497476,98.13002,16.2,1015.5579,64.07614,594.0,869.3109,76.0,9.4,0.0,0.0,,1.0
2020-08-06 12:00:00+08:00,4.1231055,104.03627,17.6,1014.9046,59.22799,687.0,893.90656,81.0,9.55,0.0,0.0,,1.0
2020-08-06 13:00:00+08:00,3.733631,110.37652,18.55,1014.2381,56.172096,718.0,904.17975,81.0,9.65,0.0,0.0,,1.0
2020-08-06 14:00:00+08:00,3.577709,116.56499,19.2,1013.5624,53.577034,681.0,893.4264,79.0,9.55,0.0,0.0,,1.0
2020-08-06 15:00:00+08:00,3.5510561,122.34742,19.5,1013.1745,51.88433,581.0,860.6503,75.0,9.35,0.0,0.0,,1.0
2020-08-06 16:00:00+08:00,3.5805027,125.90981,19.4,1013.0722,50.99183,427.0,792.9997,68.0,9.0,0.0,0.0,,1.0
2020-08-06 17:00:00+08:00,2.9068882,130.81499,18.35,1012.74445,57.071384,235.0,656.1413,53.0,9.7,0.0,0.0,,1.0
2020-08-06 18:00:00+08:00,2.7018511,128.991,15.8,1012.6704,63.128963,50.0,285.96384,18.0,8.8,0.0,0.0,,0.0
2020-08-06 19:00:00+08:00,3.6400552,127.18479,14.95,1012.94275,62.50826,0.0,0.0,0.0,7.85,0.0,0.0,,0.0
2020-08-06 20:00:00+08:00,4.604346,124.3804,14.2,1013.0198,64.28124,0.0,0.0,0.0,7.55,0.0,0.0,,0.0
2020-08-06 21:00:00+08:00,4.9648767,117.597206,13.65,1013.10266,64.82025,0.0,0.0,0.0,7.15,0.0,0.0,,0.0
2020-08-06 22:00:00+08:00,4.661545,112.714455,13.1,1013.5819,66.04429,0.0,0.0,0.0,6.9,0.0,0.0,,0.0
2020-08-06 23:00:00+08:00,4.5122056,102.80426,12.5,1013.56384,67.05807,0.0,0.0,0.0,6.55,0.0,0.0,,0.0
2020-08-07 00:00:00+08:00,4.9365983,96.980965,12.1,1013.4526,67.669205,0.0,0.0,0.0,6.3,0.0,0.0,,0.0
2020-08-07 01:00:00+08:00,4.9010205,91.16911,11.85,1013.54443,67.85052,0.0,0.0,0.0,6.1,0.0,0.0,,0.0
2020-08-07 02:00:00+08:00,5.622277,84.89793,11.7,1013.2422,68.2892,0.0,0.0,0.0,6.05,0.0,0.0,,0.0
2020-08-07 03:00:00+08:00,5.5731497,80.70677,11.6,1012.94183,69.217674,0.0,0.0,0.0,6.15,0.0,0.0,,0.0
2020-08-07 04:00:00+08:00,5.6044626,74.47583,11.45,1012.63995,70.877785,0.0,0.0,0.0,6.35,0.0,0.0,,0.0
2020-08-07 05:00:00+08:00,5.7567353,72.82401,11.35,1012.33923,71.84121,0.0,0.0,0.0,6.45,0.0,0.0,,0.0
2020-08-07 06:00:00+08:00,6.356886,70.70986,11.4,1012.14264,71.60388,0.0,0.0,0.0,6.45,0.0,0.0,,0.0
2020-08-07 07:00:00+08:00,6.332456,68.702576,11.6,1012.0495,70.42053,0.0,0.0,0.0,6.4,0.0,0.0,,0.0
2020-08-07 08:00:00+08:00,6.854196,66.80139,11.95,1013.0515,73.44595,35.0,16.530413,33.0,7.35,0.0,0.0,,1.0
2020-08-07 09:00:00+08:00,6.8029404,65.695465,13.5,1013.2962,69.362526,174.0,186.82933,119.0,8.0,0.0,0.0,,1.0
2020-08-07 10:00:00+08:00,7.023532,61.975594,15.55,1013.5556,62.01289,361.0,382.99313,182.0,8.3,0.0,0.0,,1.0
2020-08-07 11:00:00+08:00,6.946222,59.743652,16.7,1013.0934,57.6275,377.0,163.49902,279.0,8.3,0.0,0.0,,1.0
2020-08-07 12:00:00+08:00,6.7201195,53.471054,18.6,1011.9584,50.26301,572.0,462.24905,257.0,8.05,0.0,0.0,,1.0
2020-08-07 13:00:00+08:00,5.6400356,52.92685,18.5,1010.7655,49.220417,295.0,35.313007,270.0,7.65,0.0,0.0,,1.0
2020-08-07 14:00:00+08:00,4.6872168,56.309914,18.95,1009.98505,47.529842,262.0,26.584099,244.0,7.55,0.0,0.0,,1.0
2020-08-07 15:00:00+08:00,3.001666,60.018444,18.65,1009.38153,50.618988,147.0,6.7684274,143.0,8.2,0.0,0.0,,1.0
2020-08-07 16:00:00+08:00,2.2203603,54.16227,18.7,1009.28357,51.84723,137.0,4.3910456,135.0,8.6,0.0,0.0,,1.0
2020-08-07 17:00:00+08:00,3.0364454,72.75845,17.95,1008.5679,50.430347,58.0,28.590387,50.0,7.5,0.0,0.0,,1.0
2020-08-07 18:00:00+08:00,3.992493,67.93205,17.85,1007.97003,45.154053,14.0,26.527023,11.0,5.8,0.0,0.0,,0.0
2020-08-07 19:00:00+08:00,4.0496917,57.094753,17.45,1008.0575,43.958786,0.0,0.0,0.0,5.05,0.0,0.0,,0.0
2020-08-07 20:00:00+08:00,3.001666,60.018444,14.75,1008.772,53.879295,0.0,0.0,0.0,5.5,0.0,0.0,,0.0
2020-08-07 21:00:00+08:00,3.9115214,57.528828,14.75,1008.97034,52.95236,0.0,0.0,0.0,5.25,0.0,0.0,,0.0
2020-08-07 22:00:00+08:00,4.9739323,59.826572,15.4,1008.9896,50.258087,0.0,0.0,0.0,5.1,0.0,0.0,,0.0
2020-08-07 23:00:00+08:00,6.481512,51.89238,15.9,1008.7067,48.337463,0.0,0.0,0.0,5.0,0.0,0.0,,0.0
2020-08-08 00:00:00+08:00,6.6850576,55.358997,15.9,1007.8142,48.505997,0.0,0.0,0.0,5.05,0.0,0.0,,0.0
2020-08-08 01:00:00+08:00,6.780118,52.791996,16.25,1007.2294,45.80937,0.0,0.0,0.0,4.55,0.0,0.0,,0.0
2020-08-08 02:00:00+08:00,6.92026,52.633263,16.2,1007.0297,45.158916,0.0,0.0,0.0,4.3,0.0,0.0,,0.0
2020-08-08 03:00:00+08:00,6.621933,51.74554,16.15,1006.43317,44.360264,0.0,0.0,0.0,4.0,0.0,0.0,,0.0
2020-08-08 04:00:00+08:00,6.6603303,48.65233,16.2,1006.3355,43.2966,0.0,0.0,0.0,3.7,0.0,0.0,,0.0
2020-08-08 05:00:00+08:00,6.726812,48.01287,16.15,1006.0365,42.52652,0.0,0.0,0.0,3.4,0.0,0.0,,0.0
2020-08-08 06:00:00+08:00,6.7178864,44.396984,15.65,1005.92285,43.138695,0.0,0.0,0.0,3.15,0.0,0.0,,0.0
2020-08-08 07:00:00+08:00,6.720863,43.19129,15.6,1006.11957,42.5183,0.0,0.0,0.0,2.9,0.0,0.0,,1.0
2020-08-08 08:00:00+08:00,7.3,48.888012,15.3,1006.01154,46.023678,46.0,211.96645,20.0,3.75,0.0,0.0,,1.0
2020-08-08 09:00:00+08:00,7.5663733,45.535397,16.95,1006.3573,45.056393,222.0,557.6027,56.0,4.95,0.0,0.0,,1.0
2020-08-08 10:00:00+08:00,7.4330344,42.27363,18.85,1006.0154,42.117565,375.0,594.6551,95.0,5.7,0.0,0.0,,1.0
2020-08-08 11:00:00+08:00,7.340981,37.806587,20.8,1005.2771,38.235905,572.0,815.9588,80.0,6.05,0.0,0.0,,1.0
2020-08-08 12:00:00+08:00,7.0491138,31.660704,22.45,1004.2324,35.046265,681.0,878.79205,79.0,6.25,0.0,0.0,,1.0
2020-08-08 13:00:00+08:00,6.648308,21.161337,23.75,1002.78064,32.84579,710.0,886.9261,79.0,6.45,0.0,0.0,,1.0
2020-08-08 14:00:00+08:00,6.747592,6.808965,24.4,1001.31067,32.357735,637.0,796.5721,95.0,6.8,0.0,0.0,,1.0
2020-08-08 15:00:00+08:00,6.8359346,5.8773003,24.25,1000.4138,34.135296,569.0,834.94,73.0,7.45,0.0,0.0,,1.0
2020-08-08 16:00:00+08:00,5.632051,6.1154146,23.4,1000.68787,37.807503,380.0,652.48193,81.0,8.2,0.0,0.0,,1.0
2020-08-08 17:00:00+08:00,4.1761227,16.699326,22.0,1000.4509,42.289207,184.0,354.28455,84.0,8.6,0.0,0.0,,1.0
2020-08-08 18:00:00+08:00,4.002499,12.99463,21.45,1000.43555,40.034554,35.0,131.2499,20.0,7.3,0.0,0.0,,0.0
2020-08-08 19:00:00+08:00,4.14367,8.325568,20.95,1000.71924,40.028996,0.0,0.0,0.0,6.85,0.0,0.0,,0.0
2020-08-08 20:00:00+08:00,4.104875,2.7926505,20.7,1000.5137,38.07541,0.0,0.0,0.0,5.9,0.0,0.0,,0.0
2020-08-08 21:00:00+08:00,7.025667,4.8990126,21.6,999.8445,34.32284,0.0,0.0,0.0,5.2,0.0,0.0,,0.0
2020-08-08 22:00:00+08:00,6.846897,6.70975,19.85,999.2996,42.988316,0.0,0.0,0.0,6.9,0.0,0.5,,0.0
2020-08-08 23:00:00+08:00,6.512296,3.5213907,19.8,998.6043,41.23722,0.0,0.0,0.0,6.25,0.0,0.0,,0.0
2020-08-09 00:00:00+08:00,7.5133214,9.963748,19.7,997.4113,50.2193,0.0,0.0,0.0,9.05,0.0,0.2,,0.0
2020-08-09 01:00:00+08:00,8.860023,16.389616,18.95,996.1999,51.216732,0.0,0.0,0.0,8.65,0.0,0.5,,0.0
2020-08-09 02:00:00+08:00,11.200892,20.37652,19.5,993.73615,43.184902,0.0,0.0,0.0,6.65,0.0,0.0,,0.0
2020-08-09 03:00:00+08:00,11.214723,8.20227,17.55,992.4909,66.54784,0.0,0.0,0.0,11.25,0.0,0.7,,0.0
2020-08-09 04:00:00+08:00,10.623088,356.22186,17.75,993.0916,81.27931,0.0,0.0,0.0,14.5,0.0,4.0,,0.0
2020-08-09 05:00:00+08:00,10.807405,2.1210518,17.95,991.7088,83.15857,0.0,0.0,0.0,15.05,0.0,5.1,,0.0
2020-08-09 06:00:00+08:00,13.284953,353.517,18.0,992.6029,85.05423,0.0,0.0,0.0,15.45,0.0,3.8,,0.0
2020-08-09 07:00:00+08:00,8.29759,347.4712,17.55,992.7884,88.91118,0.0,0.0,0.0,15.7,0.0,5.4,,1.0
2020-08-09 08:00:00+08:00,6.797794,333.81195,17.65,993.0888,91.802055,6.0,0.0,6.0,16.3,0.0,3.8,,1.0
2020-08-09 09:00:00+08:00,9.552486,300.8608,17.15,993.66943,91.771774,46.0,29.891258,37.0,15.8,0.0,5.4,,1.0
2020-08-09 10:00:00+08:00,9.2309265,292.9541,16.8,994.1553,89.42402,66.0,6.323556,63.0,15.05,0.0,2.5,,1.0
2020-08-09 11:00:00+08:00,9.219544,294.34106,16.45,994.3436,87.117096,78.0,0.0,78.0,14.3,0.0,1.6,,1.0
2020-08-09 12:00:00+08:00,9.047651,290.0373,17.15,993.66943,79.375336,87.0,0.0,87.0,13.55,0.0,0.7,,1.0
2020-08-09 13:00:00+08:00,10.878419,288.76816,17.5,993.38196,71.311676,324.0,198.60806,182.0,12.25,0.0,0.3,,1.0
2020-08-09 14:00:00+08:00,9.974467,295.53738,17.05,993.1708,70.29321,122.0,14.624928,112.0,11.6,0.0,0.5,,1.0
2020-08-09 15:00:00+08:00,11.0923395,295.64096,16.9,993.7614,67.74888,142.0,28.468533,125.0,10.9,0.0,0.4,,1.0
2020-08-09 16:00:00+08:00,9.962429,289.34442,16.3,994.0418,75.4443,188.0,225.57677,84.0,11.95,0.0,0.2,,1.0
2020-08-09 17:00:00+08:00,10.123734,293.27292,16.0,994.42975,77.409454,150.0,333.6706,55.0,12.05,0.0,0.1,,1.0
2020-08-09 18:00:00+08:00,10.017983,296.05344,15.85,994.8221,74.37891,33.0,173.18576,13.0,11.3,0.0,0.1,,0.0
2020-08-09 19:00:00+08:00,9.055386,300.52963,15.05,995.5922,80.923485,0.0,0.0,0.0,11.8,0.0,0.4,,0.0
2020-08-09 20:00:00+08:00,8.39345,291.6747,14.75,996.0793,84.425766,0.0,0.0,0.0,12.15,0.0,0.6,,0.0
2020-08-09 21:00:00+08:00,8.766414,281.1817,14.9,996.48035,77.23892,0.0,0.0,0.0,10.95,0.0,0.2,,0.0
2020-08-09 22:00:00+08:00,8.440379,283.70697,14.5,996.8654,82.47069,0.0,0.0,0.0,11.55,0.0,0.6,,0.0
2020-08-09 23:00:00+08:00,9.066973,276.96817,14.9,997.07526,75.96607,0.0,0.0,0.0,10.7,0.0,0.9,,0.0
2020-08-10 00:00:00+08:00,8.956003,276.41074,15.9,997.30273,73.65214,0.0,0.0,0.0,11.2,0.0,0.1,,0.0
2020-08-10 01:00:00+08:00,7.7162166,273.7152,15.5,997.6878,73.33754,0.0,0.0,0.0,10.75,0.0,0.5,,0.0
2020-08-10 02:00:00+08:00,7.406079,272.32147,15.6,997.6906,68.85115,0.0,0.0,0.0,9.9,0.0,0.0,,0.0
2020-08-10 03:00:00+08:00,7.510659,273.05283,15.7,997.59454,67.04984,0.0,0.0,0.0,9.6,0.0,0.1,,0.0
2020-08-10 04:00:00+08:00,7.8313475,275.12808,15.7,997.6937,73.61699,0.0,0.0,0.0,11.0,0.0,0.0,,0.0
2020-08-10 05:00:00+08:00,8.845902,280.42065,15.4,998.1808,72.34949,0.0,0.0,0.0,10.45,0.0,0.3,,0.0
2020-08-10 06:00:00+08:00,8.354639,281.0409,16.3,998.2067,70.14829,0.0,0.0,0.0,10.85,0.0,0.0,,0.0
2020-08-10 07:00:00+08:00,9.563472,276.60474,16.05,998.79456,65.34726,0.0,0.0,0.0,9.55,0.0,0.1,,1.0
2020-08-10 08:00:00+08:00,8.561542,284.19858,15.95,998.69257,80.250404,38.0,150.65202,19.0,12.55,0.0,0.2,,1.0
2020-08-10 09:00:00+08:00,9.141116,280.08054,17.0,999.3177,76.305466,182.0,394.0265,62.0,12.8,0.0,0.0,,1.0
2020-08-10 10:00:00+08:00,9.159148,280.69647,17.05,999.7159,74.828674,215.0,148.5251,144.0,12.55,0.0,0.1,,1.0
2020-08-10 11:00:00+08:00,10.259142,276.15506,17.4,999.92426,69.438774,374.0,383.41794,140.0,11.75,0.0,0.1,,1.0
2020-08-10 12:00:00+08:00,9.633276,274.76355,18.1,999.8452,72.83746,395.0,379.8751,132.0,13.15,0.0,0.0,,1.0
2020-08-10 13:00:00+08:00,9.402127,271.21884,18.0,999.64404,72.81962,367.0,279.73352,166.0,13.05,0.0,0.6,,1.0
2020-08-10 14:00:00+08:00,9.80816,272.33725,18.4,999.7545,65.6364,458.0,422.0404,168.0,11.85,0.0,0.1,,1.0
2020-08-10 15:00:00+08:00,10.097525,262.0305,18.6,999.7601,61.2752,435.0,523.1034,121.0,11.0,0.0,0.1,,1.0
2020-08-10 16:00:00+08:00,9.701546,255.67725,17.45,1000.4214,73.43975,259.0,364.349,90.0,12.65,0.0,0.0,,1.0
2020-08-10 17:00:00+08:00,8.884255,258.31067,17.2,1001.00946,70.09039,128.0,226.34674,63.0,11.7,0.0,0.1,,1.0
2020-08-10 18:00:00+08:00,7.5504966,258.5413,16.65,1001.39014,74.270874,38.0,188.5483,16.0,12.05,0.0,0.2,,0.0
2020-08-10 19:00:00+08:00,7.9699435,252.47433,16.8,1001.7912,71.652176,0.0,0.0,0.0,11.65,0.0,0.1,,0.0
2020-08-10 20:00:00+08:00,7.912016,253.85559,16.1,1002.465,77.67987,0.0,0.0,0.0,12.2,0.0,0.1,,0.0
2020-08-10 21:00:00+08:00,6.964194,254.16754,16.6,1002.7772,73.77464,0.0,0.0,0.0,11.9,0.0,0.2,,0.0
2020-08-10 22:00:00+08:00,7.186793,248.7907,16.7,1002.9784,72.58594,0.0,0.0,0.0,11.75,0.0,0.1,,0.0
2020-08-10 23:00:00+08:00,7.4732857,245.49261,16.8,1003.0804,67.50355,0.0,0.0,0.0,10.75,0.0,0.0,,0.0
2020-08-11 00:00:00+08:00,6.844706,244.93256,16.6,1003.273,68.59388,0.0,0.0,0.0,10.8,0.0,0.0,,0.0
2020-08-11 01:00:00+08:00,6.1465435,248.02544,15.8,1003.4481,77.89024,0.0,0.0,0.0,11.95,0.0,0.0,,0.0
2020-08-11 02:00:00+08:00,5.5542774,246.66594,16.05,1003.5545,75.652145,0.0,0.0,0.0,11.75,0.0,0.2,,0.0
2020-08-11 03:00:00+08:00,6.453681,229.39879,16.45,1003.16943,72.78084,0.0,0.0,0.0,11.55,0.0,0.1,,0.0
2020-08-11 04:00:00+08:00,5.7801385,232.73352,16.05,1003.35614,74.90663,0.0,0.0,0.0,11.6,0.0,0.0,,0.0
2020-08-11 05:00:00+08:00,5.4120235,242.48808,16.2,1003.658,70.12889,0.0,0.0,0.0,10.75,0.0,0.0,,0.0
2020-08-11 06:00:00+08:00,5.10392,235.37578,16.0,1004.04877,73.66968,0.0,0.0,0.0,11.3,0.0,0.0,,0.0
2020-08-11 07:00:00+08:00,5.360038,233.3438,15.75,1004.63654,71.218704,0.0,0.0,0.0,10.55,0.0,0.0,,1.0
2020-08-11 08:00:00+08:00,4.5221677,234.90411,16.15,1005.4415,68.731895,53.0,218.9211,25.0,10.4,0.0,0.0,,1.0
2020-08-11 09:00:00+08:00,5.6222773,231.49931,16.0,1005.933,78.69268,93.0,29.214228,84.0,12.3,0.0,0.0,,1.0
2020-08-11 10:00:00+08:00,4.920366,232.43134,16.6,1006.34717,73.04846,178.0,85.11379,137.0,11.75,0.0,0.1,,1.0
2020-08-11 11:00:00+08:00,5.060632,240.39565,17.2,1006.36456,69.39941,375.0,283.36908,201.0,11.55,0.0,0.0,,1.0
2020-08-11 12:00:00+08:00,5.8523498,236.853,17.05,1005.9635,69.14069,371.0,252.85687,195.0,11.35,0.0,0.1,,1.0
2020-08-11 13:00:00+08:00,5.964059,235.24402,16.75,1005.75635,73.31635,449.0,276.95587,249.0,11.95,0.0,0.0,,1.0
2020-08-11 14:00:00+08:00,4.837354,240.2552,16.5,1005.45166,74.73584,401.0,263.5643,219.0,12.0,0.0,0.0,,1.0
2020-08-11 15:00:00+08:00,4.6647615,239.0363,16.2,1005.54224,76.42818,338.0,212.1344,210.0,12.05,0.0,0.5,,1.0
2020-08-11 16:00:00+08:00,4.304649,239.26459,16.15,1005.83813,73.695984,183.0,87.86024,142.0,11.45,0.0,0.3,,1.0
2020-08-11 17:00:00+08:00,3.535534,241.2603,16.0,1006.1312,73.66968,118.0,162.27466,71.0,11.3,0.0,0.1,,1.0
2020-08-11 18:00:00+08:00,2.8844411,236.3099,15.5,1006.41425,74.56585,29.0,118.763954,15.0,11.0,0.0,0.0,,0.0
2020-08-11 19:00:00+08:00,2.302173,235.6196,15.0,1006.9947,77.254486,0.0,0.0,0.0,11.05,0.0,0.0,,0.0
2020-08-11 20:00:00+08:00,1.555635,224.9999,14.25,1007.27,82.712975,0.0,0.0,0.0,11.35,0.0,0.0,,0.0
2020-08-11 21:00:00+08:00,1.6278821,222.5104,14.1,1007.6623,84.353065,0.0,0.0,0.0,11.5,0.0,0.0,,0.0
2020-08-11 22:00:00+08:00,2.5,216.86998,13.95,1007.9552,87.45627,0.0,0.0,0.0,11.9,0.0,0.0,,0.0
2020-08-11 23:00:00+08:00,2.2847319,203.19861,13.75,1007.6518,90.96203,0.0,0.0,0.0,12.3,0.0,0.2,,0.0
2020-08-12 00:00:00+08:00,1.3928387,201.03758,13.15,1007.4357,92.73785,0.0,0.0,0.0,12.0,0.0,0.3,,0.0
2020-08-12 01:00:00+08:00,1.3038404,184.39862,13.6,1007.6474,90.65323,0.0,0.0,0.0,12.1,0.0,0.3,,0.0
2020-08-12 02:00:00+08:00,1.5811388,161.56496,13.85,1007.45636,89.486496,0.0,0.0,0.0,12.15,0.0,0.4,,0.0
2020-08-12 03:00:00+08:00,1.7888545,153.43501,13.85,1006.9606,89.19261,0.0,0.0,0.0,12.1,0.0,0.4,,0.0
2020-08-12 04:00:00+08:00,1.7029386,139.76372,13.25,1006.9428,89.73575,0.0,0.0,0.0,11.6,0.0,0.4,,0.0
2020-08-12 05:00:00+08:00,1.5652475,116.56499,13.15,1006.93994,90.025185,0.0,0.0,0.0,11.55,0.0,0.2,,0.0
2020-08-12 06:00:00+08:00,1.4,90.0,12.65,1007.4206,91.18916,0.0,0.0,0.0,11.25,0.0,0.1,,0.0
2020-08-12 07:00:00+08:00,1.2369317,75.96373,12.2,1008.1014,91.767204,0.0,0.0,0.0,10.9,0.0,0.2,,1.0
2020-08-12 08:00:00+08:00,1.2806249,128.65984,13.6,1008.93646,89.467064,55.0,238.98737,24.0,11.9,0.0,0.1,,1.0
2020-08-12 09:00:00+08:00,1.8357561,150.64235,14.75,1009.56525,83.32151,145.0,227.81918,74.0,11.95,0.0,0.1,,1.0
2020-08-12 10:00:00+08:00,2.8231187,157.06787,15.4,1009.78296,78.604454,295.0,395.52072,103.0,11.7,0.0,0.1,,1.0
2020-08-12 11:00:00+08:00,3.4885528,152.70052,15.85,1009.4985,77.38631,411.0,467.77023,122.0,11.9,0.0,0.1,,1.0
2020-08-12 12:00:00+08:00,3.7854989,167.79955,16.55,1008.72565,72.558815,539.0,583.02814,131.0,11.6,0.0,0.1,,1.0
2020-08-12 13:00:00+08:00,4.7169905,184.86443,17.05,1008.2444,66.66359,614.0,665.5103,131.0,10.8,0.0,0.1,,1.0
2020-08-12 14:00:00+08:00,5.0249376,185.7105,16.8,1008.03876,67.279396,528.0,600.9099,111.0,10.7,0.0,0.1,,1.0
2020-08-12 15:00:00+08:00,4.9365983,186.98096,16.65,1007.9352,68.83224,458.0,547.3763,126.0,10.9,0.0,0.1,,1.0
2020-08-12 16:00:00+08:00,4.9365983,186.98096,16.4,1008.2254,68.78212,333.0,532.5219,83.0,10.65,0.0,0.0,,1.0
2020-08-12 17:00:00+08:00,4.3104525,183.99083,15.7,1008.6018,72.64543,196.0,462.176,61.0,10.8,0.0,0.1,,1.0
2020-08-12 18:00:00+08:00,3.2,180.0,14.7,1008.969,77.46482,45.0,209.94064,20.0,10.8,0.0,0.0,,0.0
2020-08-12 19:00:00+08:00,2.7073975,175.76369,14.1,1009.6455,79.46346,0.0,0.0,0.0,10.6,0.0,0.0,,0.0
2020-08-12 20:00:00+08:00,3.008322,164.57777,14.0,1009.93976,80.246796,0.0,0.0,0.0,10.65,0.0,0.0,,0.0
2020-08-12 21:00:00+08:00,2.751363,160.90642,13.8,1010.23145,80.21911,0.0,0.0,0.0,10.45,0.0,0.0,,0.0
2020-08-12 22:00:00+08:00,2.2825425,151.1893,12.95,1010.4045,84.22326,0.0,0.0,0.0,10.35,0.0,0.0,,0.0
2020-08-12 23:00:00+08:00,2.0,143.13002,12.3,1010.38477,86.7226,0.0,0.0,0.0,10.15,0.0,0.0,,0.0
2020-08-13 00:00:00+08:00,2.570992,103.49575,11.95,1010.27527,89.33744,0.0,0.0,0.0,10.25,0.0,0.0,,0.0
2020-08-13 01:00:00+08:00,3.214032,95.355736,11.1,1010.2496,91.39188,0.0,0.0,0.0,9.75,0.0,0.0,,0.0
2020-08-13 02:00:00+08:00,3.001666,119.98155,11.1,1010.0513,90.17385,0.0,0.0,0.0,9.55,0.0,0.0,,0.0
2020-08-13 03:00:00+08:00,2.8442926,100.12462,11.0,1009.751,90.46986,0.0,0.0,0.0,9.5,0.0,0.0,,0.0
2020-08-13 04:00:00+08:00,2.8,90.0,10.75,1009.6441,91.062485,0.0,0.0,0.0,9.35,0.0,0.0,,0.0
2020-08-13 05:00:00+08:00,3.224903,82.875084,10.8,1009.5463,91.06584,0.0,0.0,0.0,9.4,0.0,0.0,,0.0
2020-08-13 06:00:00+08:00,2.8071337,85.91447,10.6,1010.036,90.74632,0.0,0.0,0.0,9.15,0.0,0.0,,0.0
2020-08-13 07:00:00+08:00,2.7166157,83.659904,10.6,1010.82916,90.441185,0.0,0.0,0.0,9.1,0.0,0.0,,1.0
2020-08-13 08:00:00+08:00,3.001666,60.018444,12.25,1011.47424,84.42614,61.0,266.04218,26.0,9.7,0.0,0.0,,1.0
2020-08-13 09:00:00+08:00,2.2203603,54.16227,14.25,1012.228,77.65362,174.0,120.52459,136.0,10.4,0.0,0.0,,1.0
2020-08-13 10:00:00+08:00,1.7888545,63.435013,15.95,1012.67487,68.006424,361.0,449.7023,141.0,10.05,0.0,0.0,,1.0
2020-08-13 11:00:00+08:00,0.6324555,198.43504,16.85,1012.3045,59.446068,520.0,582.3213,158.0,8.9,0.0,0.0,,1.0
2020-08-13 12:00:00+08:00,2.1400933,232.59457,17.15,1011.61896,60.52775,586.0,621.1136,149.0,9.45,0.0,0.0,,1.0
2020-08-13 13:00:00+08:00,2.5,233.13002,16.8,1010.8154,63.78132,457.0,412.66583,156.0,9.9,0.0,0.0,,1.0
2020-08-13 14:00:00+08:00,2.8844411,236.3099,17.15,1010.42896,61.55206,645.0,755.69,118.0,9.7,0.0,0.0,,1.0
2020-08-13 15:00:00+08:00,3.1400635,232.76509,16.75,1010.61554,63.556866,521.0,667.5681,114.0,9.8,0.0,0.0,,1.0
2020-08-13 16:00:00+08:00,3.3015149,234.86572,16.25,1010.7002,69.44223,342.0,512.406,100.0,10.65,0.0,0.0,,1.0
2020-08-13 17:00:00+08:00,2.7856774,248.96242,15.75,1010.7847,74.36173,178.0,278.38092,96.0,11.2,0.0,0.0,,1.0
2020-08-13 18:00:00+08:00,1.7,241.92761,14.05,1010.73456,83.79122,44.0,182.90663,22.0,11.35,0.0,0.0,,0.0
2020-08-13 19:00:00+08:00,1.7888545,206.56499,13.75,1011.0232,82.37723,0.0,0.0,0.0,10.8,0.0,0.0,,0.0
2020-08-13 20:00:00+08:00,2.1377556,190.78426,12.95,1010.9994,84.22326,0.0,0.0,0.0,10.35,0.0,0.0,,0.0
2020-08-13 21:00:00+08:00,2.109502,174.55975,12.75,1011.0926,84.20053,0.0,0.0,0.0,10.15,0.0,0.0,,0.0
2020-08-13 22:00:00+08:00,1.6401219,127.568665,12.6,1011.0881,84.74831,0.0,0.0,0.0,10.1,0.0,0.0,,0.0
2020-08-13 23:00:00+08:00,1.5524175,75.068535,10.95,1010.5426,90.466286,0.0,0.0,0.0,9.45,0.0,0.0,,0.0
2020-08-14 00:00:00+08:00,2.4166093,65.55606,10.8,1010.1412,89.54681,0.0,0.0,0.0,9.15,0.0,0.0,,0.0
2020-08-14 01:00:00+08:00,2.9546573,66.03751,10.45,1009.43665,89.822174,0.0,0.0,0.0,8.85,0.0,0.0,,0.0
2020-08-14 02:00:00+08:00,3.1384711,67.52052,10.15,1009.0309,90.10354,0.0,0.0,0.0,8.6,0.0,0.0,,0.0
2020-08-14 03:00:00+08:00,3.354102,63.435013,9.95,1008.6283,90.3943,0.0,0.0,0.0,8.45,0.0,0.0,,0.0
2020-08-14 04:00:00+08:00,3.3120992,61.113514,9.7,1008.42236,90.99133,0.0,0.0,0.0,8.3,0.0,0.0,,0.0
2020-08-14 05:00:00+08:00,3.224903,60.255207,9.6,1008.5184,90.36891,0.0,0.0,0.0,8.1,0.0,0.0,,0.0
2020-08-14 06:00:00+08:00,2.9681644,57.380775,9.3,1009.0049,90.04,0.0,0.0,0.0,7.75,0.0,0.0,,0.0
2020-08-14 07:00:00+08:00,3.0805843,54.246033,9.1,1009.69293,90.02496,0.0,0.0,0.0,7.55,0.0,0.0,,1.0
2020-08-14 08:00:00+08:00,3.88973,43.958473,11.6,1010.6613,82.66212,79.0,389.71445,27.0,8.75,0.0,0.0,,1.0
2020-08-14 09:00:00+08:00,3.9446166,30.465475,14.9,1011.0571,73.7215,244.0,529.817,75.0,10.25,0.0,0.0,,1.0
2020-08-14 10:00:00+08:00,4.148494,15.376317,17.05,1011.2194,64.05081,423.0,647.0148,104.0,10.2,0.0,0.0,,1.0
2020-08-14 11:00:00+08:00,4.00125,1.4320632,18.25,1010.65906,53.691193,568.0,738.5961,106.0,8.7,0.0,0.0,,1.0
2020-08-14 12:00:00+08:00,3.238827,351.11942,18.95,1010.0842,51.913536,681.0,812.85583,106.0,8.85,0.0,0.0,,1.0
2020-08-14 13:00:00+08:00,2.7313,336.2505,19.45,1009.4043,49.982918,715.0,833.48395,104.0,8.75,0.0,0.0,,1.0
2020-08-14 14:00:00+08:00,2.4839485,319.89914,19.65,1008.71576,48.702625,670.0,804.77625,106.0,8.55,0.0,0.0,,1.0
2020-08-14 15:00:00+08:00,2.5942245,297.55273,19.5,1008.21576,48.497097,554.0,709.8257,119.0,8.35,0.0,0.0,,1.0
2020-08-14 16:00:00+08:00,3.5014284,268.36346,18.45,1008.08655,58.059834,432.0,738.7938,81.0,10.05,0.0,0.0,,1.0
2020-08-14 17:00:00+08:00,2.9017239,268.02512,17.05,1008.1452,66.66359,251.0,656.515,56.0,10.8,0.0,0.0,,1.0
2020-08-14 18:00:00+08:00,2.7294688,298.4428,13.45,1008.0396,79.37018,60.0,321.0488,21.0,9.95,0.0,0.0,,0.0
2020-08-14 19:00:00+08:00,1.8,360.0,14.4,1008.26605,71.2016,0.0,0.0,0.0,9.25,0.0,0.0,,0.0
2020-08-14 20:00:00+08:00,1.6552945,64.98315,12.15,1008.199,80.53037,0.0,0.0,0.0,8.9,0.0,0.0,,0.0
2020-08-14 21:00:00+08:00,1.3928387,68.96242,11.8,1007.8911,82.966286,0.0,0.0,0.0,9.0,0.0,0.0,,0.0
2020-08-14 22:00:00+08:00,1.8973665,71.564964,10.7,1007.5605,87.448456,0.0,0.0,0.0,8.7,0.0,0.0,,0.0
2020-08-14 23:00:00+08:00,2.4166093,65.55606,10.75,1007.0663,84.25599,0.0,0.0,0.0,8.2,0.0,0.0,,0.0
2020-08-15 00:00:00+08:00,2.9410884,54.688713,10.45,1006.66046,80.56958,0.0,0.0,0.0,7.25,0.0,0.0,,0.0
2020-08-15 01:00:00+08:00,4.0459857,39.98684,11.3,1005.992,72.82687,0.0,0.0,0.0,6.6,0.0,0.0,,0.0
2020-08-15 02:00:00+08:00,4.2801867,37.405437,11.75,1005.3115,69.486916,0.0,0.0,0.0,6.35,0.0,0.0,,0.0
2020-08-15 03:00:00+08:00,4.327817,40.314034,11.35,1004.6054,70.37148,0.0,0.0,0.0,6.15,0.0,0.0,,0.0
2020-08-15 04:00:00+08:00,4.2801867,37.405437,11.15,1004.30206,70.33217,0.0,0.0,0.0,5.95,0.0,0.0,,0.0
2020-08-15 05:00:00+08:00,4.5793014,31.607454,11.3,1004.30646,68.44289,0.0,0.0,0.0,5.7,0.0,0.0,,0.0
2020-08-15 06:00:00+08:00,5.1107726,30.579157,11.75,1004.32,65.522675,0.0,0.0,0.0,5.5,0.0,0.0,,0.0
2020-08-15 07:00:00+08:00,5.4708314,30.784075,11.8,1004.4208,64.85541,0.0,0.0,0.0,5.4,0.0,0.0,,1.0
2020-08-15 08:00:00+08:00,6.4350605,32.94922,12.9,1004.25525,66.00094,82.0,406.41302,27.0,6.7,0.0,0.0,,1.0
2020-08-15 09:00:00+08:00,6.449806,29.744795,15.5,1003.63763,61.3732,282.0,694.10803,58.0,8.1,0.0,0.0,,1.0
2020-08-15 10:00:00+08:00,5.565968,17.783985,18.1,1003.5146,54.566628,472.0,811.0362,69.0,8.8,0.0,0.0,,1.0
2020-08-15 11:00:00+08:00,5.5145264,355.84042,19.95,1003.26953,49.781277,609.0,837.2995,82.0,9.15,0.0,0.0,,1.0
2020-08-15 12:00:00+08:00,6.536819,330.6901,21.0,1002.4066,45.263653,711.0,885.81024,81.0,8.7,0.0,0.0,,1.0
2020-08-15 13:00:00+08:00,6.9526978,319.66693,21.1,1001.616,46.52976,740.0,894.4735,81.0,9.2,0.0,0.0,,1.0
2020-08-15 14:00:00+08:00,7.4249578,314.4544,20.4,1001.1003,49.9025,667.0,792.31726,109.0,9.6,0.0,0.0,,1.0
2020-08-15 15:00:00+08:00,6.6068144,320.52756,19.25,1000.96875,55.41514,241.0,56.82007,206.0,10.1,0.0,0.0,,1.0
2020-08-15 16:00:00+08:00,6.040695,340.6651,18.2,1000.8398,66.24609,133.0,20.92424,123.0,11.8,0.0,0.1,,1.0
2020-08-15 17:00:00+08:00,6.5115285,349.3804,17.7,1000.8253,76.91592,77.0,6.6782093,75.0,13.6,0.0,0.3,,1.0
2020-08-15 18:00:00+08:00,6.7007456,0.8550762,16.85,1000.20605,86.59383,9.0,8.151853,8.0,14.6,0.0,0.8,,0.0
2020-08-15 19:00:00+08:00,7.200694,359.20428,16.7,1000.4,86.57935,0.0,0.0,0.0,14.45,0.0,1.4,,0.0
2020-08-15 20:00:00+08:00,8.612782,344.51144,17.2,1000.5136,89.16848,0.0,0.0,0.0,15.4,0.0,2.2,,0.0
2020-08-15 21:00:00+08:00,7.31642,291.65604,16.9,1000.9015,88.288864,0.0,0.0,0.0,14.95,0.0,2.5,,0.0
2020-08-15 22:00:00+08:00,7.1175838,294.04422,16.45,1000.7895,87.96597,0.0,0.0,0.0,14.45,0.0,1.7,,0.0
2020-08-15 23:00:00+08:00,6.7601776,299.21915,16.35,1000.7866,89.67801,0.0,0.0,0.0,14.65,0.0,2.7,,0.0
2020-08-16 00:00:00+08:00,7.648529,281.3099,16.55,1000.2965,85.45138,0.0,0.0,0.0,14.1,0.0,1.0,,0.0
2020-08-16 01:00:00+08:00,8.485281,261.87,16.15,1000.5824,78.714676,0.0,0.0,0.0,12.45,0.0,0.5,,0.0
2020-08-16 02:00:00+08:00,7.4040527,253.52304,15.75,1000.5708,81.016655,0.0,0.0,0.0,12.5,0.0,0.5,,0.0
2020-08-16 03:00:00+08:00,7.209022,246.27959,14.95,1000.74585,80.91011,0.0,0.0,0.0,11.7,0.0,0.2,,0.0
2020-08-16 04:00:00+08:00,7.1589108,241.64513,14.7,1001.23444,77.20771,0.0,0.0,0.0,10.75,0.0,0.2,,0.0
2020-08-16 05:00:00+08:00,7.155418,243.43501,13.95,1002.0057,83.502525,0.0,0.0,0.0,11.2,0.0,0.2,,0.0
2020-08-16 06:00:00+08:00,6.9079666,247.8905,13.6,1002.78864,82.90822,0.0,0.0,0.0,10.75,0.0,0.1,,0.0
2020-08-16 07:00:00+08:00,7.2401657,237.40742,14.3,1003.5031,78.44131,0.0,0.0,0.0,10.6,0.0,0.1,,1.0
2020-08-16 08:00:00+08:00,8.13941,243.74982,14.7,1004.11005,71.498024,35.0,72.8575,25.0,9.6,0.0,0.0,,1.0
2020-08-16 09:00:00+08:00,8.723532,244.90378,15.35,1004.82324,66.751305,186.0,376.724,63.0,9.2,0.0,0.4,,1.0
2020-08-16 10:00:00+08:00,9.033826,243.71866,15.65,1005.82367,61.408466,363.0,479.2395,123.0,8.25,0.0,0.1,,1.0
2020-08-16 11:00:00+08:00,8.988882,237.72438,15.8,1006.22473,58.99018,451.0,513.1643,126.0,7.8,0.0,0.0,,1.0
2020-08-16 12:00:00+08:00,8.653323,236.3099,16.0,1005.83374,54.767773,568.0,569.18024,161.0,6.9,0.0,0.0,,1.0
2020-08-16 13:00:00+08:00,8.18352,237.47513,15.95,1005.6341,54.942898,569.0,572.6355,145.0,6.9,0.0,0.0,,1.0
2020-08-16 14:00:00+08:00,7.9924965,238.29861,15.85,1005.43274,55.105732,563.0,568.0254,161.0,6.85,0.0,0.0,,1.0
2020-08-16 15:00:00+08:00,7.632169,238.39255,15.5,1005.7201,56.16099,449.0,526.5442,123.0,6.8,0.0,0.1,,1.0
2020-08-16 16:00:00+08:00,7.0491138,238.3393,15.2,1006.50446,56.665768,320.0,447.24075,105.0,6.65,0.0,0.1,,1.0
2020-08-16 17:00:00+08:00,5.9682493,238.70702,14.75,1006.88794,57.533825,174.0,370.94177,62.0,6.45,0.0,0.0,,1.0
2020-08-16 18:00:00+08:00,5.4644303,235.43741,14.45,1007.17664,56.085903,47.0,234.13062,18.0,5.8,0.0,0.1,,0.0
2020-08-16 19:00:00+08:00,5.3823786,234.83348,14.3,1007.6679,54.324448,0.0,0.0,0.0,5.2,0.0,0.0,,0.0
2020-08-16 20:00:00+08:00,5.5226803,238.32457,14.0,1008.15485,57.345154,0.0,0.0,0.0,5.7,0.0,0.0,,0.0
2020-08-16 21:00:00+08:00,5.215362,237.52882,13.85,1008.44794,57.705753,0.0,0.0,0.0,5.65,0.0,0.0,,0.0
2020-08-16 22:00:00+08:00,5.1971145,239.98172,13.85,1008.8446,57.506218,0.0,0.0,0.0,5.6,0.0,0.0,,0.0
2020-08-16 23:00:00+08:00,5.333854,239.589,13.8,1008.84326,57.49363,0.0,0.0,0.0,5.55,0.0,0.0,,0.0
2020-08-17 00:00:00+08:00,5.147815,240.94548,14.0,1008.7498,57.94342,0.0,0.0,0.0,5.85,0.0,0.0,,0.0
2020-08-17 01:00:00+08:00,4.924429,246.0375,14.2,1008.55756,56.411293,0.0,0.0,0.0,5.65,0.0,0.0,,0.0
2020-08-17 02:00:00+08:00,5.420332,240.12408,14.45,1008.26733,55.699097,0.0,0.0,0.0,5.7,0.0,0.0,,0.0
2020-08-17 03:00:00+08:00,5.1107726,239.42085,14.5,1007.97144,58.068214,0.0,0.0,0.0,6.35,0.0,0.0,,0.0
2020-08-17 04:00:00+08:00,4.606517,242.87877,14.2,1007.86346,60.856647,0.0,0.0,0.0,6.75,0.0,0.0,,0.0
2020-08-17 05:00:00+08:00,4.3382025,244.02565,14.35,1007.8679,60.268925,0.0,0.0,0.0,6.75,0.0,0.0,,0.0
2020-08-17 06:00:00+08:00,4.7169905,237.99466,14.55,1008.3696,58.885273,0.0,0.0,0.0,6.6,0.0,0.0,,0.0
2020-08-17 07:00:00+08:00,5.021952,234.7275,14.9,1008.97473,58.97126,0.0,0.0,0.0,6.95,0.0,0.0,,1.0
2020-08-17 08:00:00+08:00,5.147815,240.94548,15.65,1009.2944,62.24661,54.0,179.59692,29.0,8.45,0.0,0.0,,1.0
2020-08-17 09:00:00+08:00,5.9682493,238.70702,16.6,1010.01636,59.18511,182.0,269.4343,93.0,8.6,0.0,0.0,,1.0
2020-08-17 10:00:00+08:00,6.1587334,237.60017,16.9,1010.4217,57.87273,273.0,328.89264,107.0,8.55,0.0,0.0,,1.0
2020-08-17 11:00:00+08:00,6.3812227,237.80429,17.3,1010.53253,57.001183,411.0,448.7892,125.0,8.7,0.0,0.0,,1.0
2020-08-17 12:00:00+08:00,6.324555,235.30478,17.25,1010.1343,57.763985,421.0,300.44705,205.0,8.85,0.0,0.0,,1.0
2020-08-17 13:00:00+08:00,6.5795135,226.8476,16.8,1009.32794,62.09321,509.0,466.31433,162.0,9.5,0.0,0.0,,1.0
2020-08-17 14:00:00+08:00,6.2008066,217.794,16.0,1008.9079,70.55829,454.0,435.90305,144.0,10.65,0.0,0.1,,1.0
2020-08-17 15:00:00+08:00,4.750789,220.73201,16.2,1008.9139,73.70473,363.0,347.1111,147.0,11.5,0.0,0.1,,1.0
2020-08-17 16:00:00+08:00,5.3037724,224.23619,15.6,1008.99536,72.86925,219.0,213.0168,116.0,10.75,0.0,0.1,,1.0
2020-08-17 17:00:00+08:00,4.3863425,223.1524,15.8,1009.10046,71.465614,176.0,331.82272,75.0,10.65,0.0,0.1,,1.0
2020-08-17 18:00:00+08:00,3.405877,220.23628,14.95,1009.373,72.99539,48.0,207.91818,22.0,10.15,0.0,0.2,,1.0
2020-08-17 19:00:00+08:00,3.3615475,210.37904,14.6,1009.9575,74.91038,0.0,0.0,0.0,10.2,0.0,0.0,,0.0
2020-08-17 20:00:00+08:00,2.4738634,194.03627,13.75,1010.3291,79.148575,0.0,0.0,0.0,10.2,0.0,0.0,,0.0
2020-08-17 21:00:00+08:00,1.7262677,190.00792,12.95,1010.4045,84.22326,0.0,0.0,0.0,10.35,0.0,0.1,,0.0
2020-08-17 22:00:00+08:00,1.6124516,187.12492,12.8,1010.7967,86.482704,0.0,0.0,0.0,10.6,0.0,0.0,,0.0
2020-08-17 23:00:00+08:00,1.8384776,202.38017,13.05,1010.90314,85.93414,0.0,0.0,0.0,10.75,0.0,0.0,,0.0
2020-08-18 00:00:00+08:00,2.4351592,199.17911,13.4,1010.6161,83.994545,0.0,0.0,0.0,10.75,0.0,0.1,,0.0
2020-08-18 01:00:00+08:00,3.2015622,194.47034,13.85,1010.2328,80.22602,0.0,0.0,0.0,10.5,0.0,0.2,,0.0
2020-08-18 02:00:00+08:00,2.5317976,189.0902,13.35,1010.1187,85.112946,0.0,0.0,0.0,10.9,0.0,0.1,,0.0
2020-08-18 03:00:00+08:00,1.7720045,196.38962,12.55,1009.6983,88.49776,0.0,0.0,0.0,10.7,0.0,0.1,,0.0
2020-08-18 04:00:00+08:00,2.0248456,200.22495,12.25,1009.49115,85.852036,0.0,0.0,0.0,9.95,0.0,0.1,,0.0
2020-08-18 05:00:00+08:00,2.236068,190.3048,13.55,1009.52985,81.53329,0.0,0.0,0.0,10.45,0.0,0.2,,0.0
2020-08-18 06:00:00+08:00,2.4186773,187.12492,13.8,1010.03314,79.952126,0.0,0.0,0.0,10.4,0.0,0.0,,0.0
2020-08-18 07:00:00+08:00,3.4014704,181.68465,13.55,1010.7197,81.26193,0.0,0.0,0.0,10.4,0.0,0.0,,1.0
2020-08-18 08:00:00+08:00,2.6076808,184.39862,14.3,1011.73346,84.65439,59.0,212.5132,29.0,11.75,0.0,0.0,,1.0
2020-08-18 09:00:00+08:00,2.4596748,153.43501,15.4,1012.1629,80.70424,172.0,266.32288,83.0,12.1,0.0,0.1,,1.0
2020-08-18 10:00:00+08:00,2.059126,150.9455,16.1,1012.28235,75.66035,282.0,328.2993,115.0,11.8,0.0,0.0,,1.0
2020-08-18 11:00:00+08:00,3.2202485,154.23073,16.7,1012.4984,68.614006,412.0,360.24258,181.0,10.9,0.0,0.1,,1.0
2020-08-18 12:00:00+08:00,3.4525354,169.99208,17.5,1012.0258,63.513035,554.0,516.04504,181.0,10.5,0.0,0.0,,1.0
2020-08-18 13:00:00+08:00,4.504442,182.54475,17.9,1011.3433,60.099567,635.0,617.7838,173.0,10.05,0.0,0.0,,1.0
2020-08-18 14:00:00+08:00,4.318565,185.31445,17.9,1010.94666,56.197002,619.0,674.4865,137.0,9.05,0.0,0.0,,1.0
2020-08-18 15:00:00+08:00,4.652956,188.65247,17.75,1010.4464,54.10843,547.0,681.142,121.0,8.35,0.0,0.0,,1.0
2020-08-18 16:00:00+08:00,5.080354,190.20392,16.9,1010.5208,62.95501,373.0,505.83478,127.0,9.8,0.0,0.0,,1.0
2020-08-18 17:00:00+08:00,4.609772,183.73132,16.2,1010.8972,65.819565,247.0,583.41223,68.0,9.8,0.0,0.0,,1.0
2020-08-18 18:00:00+08:00,3.3734255,168.0239,14.75,1011.0527,73.941765,63.0,301.0358,25.0,10.15,0.0,0.0,,1.0
2020-08-18 19:00:00+08:00,2.385372,146.97614,14.05,1011.52783,78.14284,0.0,0.0,0.0,10.3,0.0,0.0,,0.0
2020-08-18 20:00:00+08:00,2.9154758,149.03632,13.7,1012.3107,77.05076,0.0,0.0,0.0,9.75,0.0,0.0,,0.0
2020-08-18 21:00:00+08:00,2.3345237,133.26433,13.5,1012.20544,79.11224,0.0,0.0,0.0,9.95,0.0,0.0,,0.0
2020-08-18 22:00:00+08:00,2.1260293,131.18582,12.9,1012.2869,81.72144,0.0,0.0,0.0,9.85,0.0,0.0,,0.0
2020-08-18 23:00:00+08:00,2.1400933,127.40543,13.1,1012.0946,80.66042,0.0,0.0,0.0,9.85,0.0,0.0,,0.0
2020-08-19 00:00:00+08:00,2.0615528,112.833694,12.55,1011.6814,80.58528,0.0,0.0,0.0,9.3,0.0,0.0,,0.0
2020-08-19 01:00:00+08:00,2.1023796,92.72626,11.85,1011.6605,77.5431,0.0,0.0,0.0,8.05,0.0,0.0,,0.0
2020-08-19 02:00:00+08:00,2.6683328,77.00539,11.35,1011.1494,71.34831,0.0,0.0,0.0,6.35,0.0,0.0,,0.0
2020-08-19 03:00:00+08:00,2.745906,79.50858,11.0,1010.64325,70.79045,0.0,0.0,0.0,5.9,0.0,0.0,,0.0
2020-08-19 04:00:00+08:00,2.9120438,74.054535,10.4,1010.52576,72.913124,0.0,0.0,0.0,5.75,0.0,0.0,,0.0
2020-08-19 05:00:00+08:00,2.9732137,70.346085,10.65,1010.7317,72.20653,0.0,0.0,0.0,5.85,0.0,0.0,,0.0
2020-08-19 06:00:00+08:00,3.0413814,80.53775,11.0,1011.0399,71.281265,0.0,0.0,0.0,6.0,0.0,0.0,,0.0
2020-08-19 07:00:00+08:00,3.1256998,82.64771,10.2,1011.6103,76.489265,0.0,0.0,0.0,6.25,0.0,0.0,,1.0
2020-08-19 08:00:00+08:00,4.2059484,71.99575,12.25,1012.6641,71.51975,76.0,258.46487,39.0,7.25,0.0,0.0,,1.0
2020-08-19 09:00:00+08:00,4.244997,74.98159,13.6,1013.29944,71.049194,196.0,201.13991,128.0,8.45,0.0,0.0,,1.0
2020-08-19 10:00:00+08:00,4.440721,82.234924,15.6,1013.85443,65.24924,436.0,592.98004,132.0,9.1,0.0,0.0,,1.0
2020-08-19 11:00:00+08:00,4.304649,92.66295,16.8,1013.5921,59.434,599.0,695.8924,150.0,8.85,0.0,0.0,,1.0
2020-08-19 12:00:00+08:00,4.0112343,94.28908,17.55,1013.01904,56.10848,708.0,767.8664,150.0,8.7,0.0,0.0,,1.0
2020-08-19 13:00:00+08:00,3.5693135,101.3099,18.3,1012.049,51.91674,760.0,872.8794,104.0,8.25,0.0,0.0,,1.0
2020-08-19 14:00:00+08:00,3.275668,102.33907,18.65,1011.06744,49.597664,602.0,479.067,258.0,7.9,0.0,0.0,,1.0
2020-08-19 15:00:00+08:00,3.1575305,100.95402,18.7,1010.67194,48.27794,557.0,666.6113,138.0,7.55,0.0,0.0,,1.0
2020-08-19 16:00:00+08:00,2.8635643,102.09474,18.55,1010.66785,49.234055,427.0,641.98425,113.0,7.7,0.0,0.0,,1.0
2020-08-19 17:00:00+08:00,1.6492423,104.03627,17.7,1010.9407,59.053707,252.0,562.66785,78.0,9.6,0.0,0.0,,1.0
2020-08-19 18:00:00+08:00,2.3600848,126.384445,14.15,1011.0349,74.58353,52.0,117.73291,37.0,9.7,0.0,0.0,,1.0
2020-08-19 19:00:00+08:00,2.2472203,110.854546,13.0,1011.5957,76.42291,0.0,0.0,0.0,8.95,0.0,0.0,,0.0
2020-08-19 20:00:00+08:00,1.8027756,123.6901,12.8,1012.4823,77.1682,0.0,0.0,0.0,8.9,0.0,0.0,,0.0
2020-08-19 21:00:00+08:00,2.0615528,112.833694,12.6,1012.6745,76.35806,0.0,0.0,0.0,8.55,0.0,0.0,,0.0
2020-08-19 22:00:00+08:00,2.6076808,94.39862,12.45,1012.86816,71.80228,0.0,0.0,0.0,7.5,0.0,0.0,,0.0
2020-08-19 23:00:00+08:00,3.3015149,91.73567,12.25,1012.565,69.34873,0.0,0.0,0.0,6.8,0.0,0.0,,0.0
2020-08-20 00:00:00+08:00,3.8209946,83.99109,12.05,1012.5589,67.892265,0.0,0.0,0.0,6.3,0.0,0.0,,0.0
2020-08-20 01:00:00+08:00,4.318565,84.68555,11.6,1012.2478,68.2685,0.0,0.0,0.0,5.95,0.0,0.0,,0.0
2020-08-20 02:00:00+08:00,4.3104525,86.00917,11.55,1011.7505,67.553665,0.0,0.0,0.0,5.75,0.0,0.0,,0.0
2020-08-20 03:00:00+08:00,4.004997,87.13766,10.85,1011.23346,70.27305,0.0,0.0,0.0,5.65,0.0,0.0,,0.0
2020-08-20 04:00:00+08:00,4.0199504,84.2895,11.25,1011.2455,68.43256,0.0,0.0,0.0,5.65,0.0,0.0,,0.0
2020-08-20 05:00:00+08:00,3.8052595,86.98728,11.25,1011.34467,67.96004,0.0,0.0,0.0,5.55,0.0,0.0,,0.0
2020-08-20 06:00:00+08:00,3.7054014,93.093994,10.9,1011.929,69.07569,0.0,0.0,0.0,5.45,0.0,0.0,,0.0
2020-08-20 07:00:00+08:00,4.219004,95.44024,10.5,1012.31354,70.93866,1.0,0.0,1.0,5.45,0.0,0.0,,1.0
2020-08-20 08:00:00+08:00,5.4589376,81.57312,11.6,1012.94183,68.74164,84.0,254.90028,47.0,6.05,0.0,0.0,,1.0
2020-08-20 09:00:00+08:00,5.7558665,82.010765,13.6,1013.10114,64.14663,229.0,312.87152,122.0,6.95,0.0,0.0,,1.0
2020-08-20 10:00:00+08:00,5.748913,76.93068,15.75,1012.768,57.98128,428.0,503.22513,168.0,7.5,0.0,0.0,,1.0
2020-08-20 11:00:00+08:00,5.2000003,67.3801,17.8,1012.6294,52.851326,644.0,814.84155,115.0,8.05,0.0,0.0,,1.0
2020-08-20 12:00:00+08:00,4.3081317,68.19853,18.8,1011.9641,49.469994,611.0,500.9742,245.0,8.0,0.0,0.0,,1.0
2020-08-20 13:00:00+08:00,2.624881,72.25524,20.1,1011.30707,46.410244,780.0,913.6246,90.0,8.25,0.0,0.0,,1.0
2020-08-20 14:00:00+08:00,1.2083046,114.44395,20.5,1010.525,45.12426,720.0,827.4449,123.0,8.2,0.0,0.0,,1.0
2020-08-20 15:00:00+08:00,2.8160255,186.1154,19.95,1010.11273,49.28059,485.0,362.5302,256.0,9.0,0.0,0.0,,1.0
2020-08-20 16:00:00+08:00,5.223983,185.49223,18.2,1010.26105,63.458977,275.0,152.47649,200.0,11.15,0.0,0.0,,1.0
2020-08-20 17:00:00+08:00,5.5226803,174.80566,17.05,1010.5252,69.599686,179.0,163.64325,128.0,11.45,0.0,0.0,,1.0
2020-08-20 18:00:00+08:00,4.4777226,156.29735,16.1,1010.8941,67.13356,47.0,101.10732,34.0,10.0,0.0,0.0,,1.0
2020-08-20 19:00:00+08:00,3.920459,142.25313,14.95,1011.5545,68.72017,0.0,0.0,0.0,9.25,0.0,0.0,,0.0
2020-08-20 20:00:00+08:00,3.6069376,136.12321,15.25,1012.15845,65.614426,0.0,0.0,0.0,8.85,0.0,0.0,,0.0
2020-08-20 21:00:00+08:00,3.1622775,124.69522,14.35,1012.62756,68.59858,0.0,0.0,0.0,8.65,0.0,0.0,,0.0
2020-08-20 22:00:00+08:00,3.0413814,117.40749,14.1,1012.9177,67.85418,0.0,0.0,0.0,8.25,0.0,0.0,,0.0
2020-08-20 23:00:00+08:00,3.2280025,106.18928,13.7,1012.70734,65.05341,0.0,0.0,0.0,7.25,0.0,0.0,,0.0
2020-08-21 00:00:00+08:00,3.49285,103.24053,13.7,1012.509,61.36802,0.0,0.0,0.0,6.4,0.0,0.0,,0.0
2020-08-21 01:00:00+08:00,4.119466,95.572105,13.3,1012.39813,62.554398,0.0,0.0,0.0,6.3,0.0,0.0,,0.0
2020-08-21 02:00:00+08:00,4.504442,87.45525,12.65,1012.08093,64.153244,0.0,0.0,0.0,6.05,0.0,0.0,,0.0
2020-08-21 03:00:00+08:00,5.4037027,87.87895,12.7,1011.48755,61.98395,0.0,0.0,0.0,5.6,0.0,0.0,,0.0
2020-08-21 04:00:00+08:00,5.4037027,87.87895,12.95,1011.1977,59.515232,0.0,0.0,0.0,5.25,0.0,0.0,,0.0
2020-08-21 05:00:00+08:00,5.423099,84.710014,12.8,1011.3916,59.89351,0.0,0.0,0.0,5.2,0.0,0.0,,0.0
2020-08-21 06:00:00+08:00,5.5326304,83.77426,12.55,1011.5823,61.09439,0.0,0.0,0.0,5.25,0.0,0.0,,0.0
2020-08-21 07:00:00+08:00,5.656854,81.86999,12.4,1012.0736,62.344666,1.0,0.0,1.0,5.4,0.0,0.0,,1.0
2020-08-21 08:00:00+08:00,5.80517,79.07724,13.6,1013.20026,63.4901,59.0,61.15341,50.0,6.8,0.0,0.0,,1.0
2020-08-21 09:00:00+08:00,6.0299253,84.2895,14.85,1013.4357,63.55709,148.0,46.251015,132.0,8.0,0.0,0.0,,1.0
2020-08-21 10:00:00+08:00,5.5443664,82.7469,16.3,1013.87506,60.52985,269.0,72.980515,231.0,8.65,0.0,0.0,,1.0
2020-08-21 11:00:00+08:00,5.2952805,79.11452,17.8,1013.522,57.126125,388.0,107.1638,318.0,9.2,0.0,0.0,,1.0
2020-08-21 12:00:00+08:00,4.6572523,75.068535,19.1,1012.9645,54.27496,463.0,144.32286,357.0,9.65,0.0,0.0,,1.0
2020-08-21 13:00:00+08:00,4.0261645,75.61857,20.2,1012.50006,51.37678,504.0,237.17741,324.0,9.85,0.0,0.0,,1.0
2020-08-21 14:00:00+08:00,3.324154,83.08887,20.45,1011.7139,51.100174,423.0,106.21812,346.0,10.0,0.0,0.0,,1.0
2020-08-21 15:00:00+08:00,3.2,90.0,20.6,1011.4205,50.969406,340.0,115.00099,267.0,10.1,0.0,0.0,,1.0
2020-08-21 16:00:00+08:00,2.4515302,101.768265,20.15,1011.2094,58.474472,229.0,90.97616,184.0,11.75,0.0,0.0,,1.0
2020-08-21 17:00:00+08:00,1.7888545,116.56499,19.2,1011.2814,64.10218,140.0,85.97276,113.0,12.25,0.0,0.0,,1.0
2020-08-21 18:00:00+08:00,1.746425,113.62939,17.0,1011.6145,69.35997,33.0,23.123508,30.0,11.35,0.0,0.0,,1.0
2020-08-21 19:00:00+08:00,2.0099752,95.7105,16.05,1012.0827,68.48282,0.0,0.0,0.0,10.25,0.0,0.0,,0.0
2020-08-21 20:00:00+08:00,2.2022717,92.60251,15.55,1012.96063,65.67938,0.0,0.0,0.0,9.15,0.0,0.0,,0.0
2020-08-21 21:00:00+08:00,2.3,90.0,15.65,1013.0626,63.522747,0.0,0.0,0.0,8.75,0.0,0.0,,0.0
2020-08-21 22:00:00+08:00,2.3537204,77.735245,15.55,1012.96063,62.434643,0.0,0.0,0.0,8.4,0.0,0.0,,0.0
2020-08-21 23:00:00+08:00,2.1931713,65.77226,15.55,1012.66315,61.593643,0.0,0.0,0.0,8.2,0.0,0.0,,0.0
2020-08-22 00:00:00+08:00,2.9681644,57.380775,15.95,1012.179,58.0309,0.0,0.0,0.0,7.7,0.0,0.0,,0.0
2020-08-22 01:00:00+08:00,3.6878178,49.398785,16.3,1011.49506,54.845463,0.0,0.0,0.0,7.2,0.0,0.0,,0.0
2020-08-22 02:00:00+08:00,3.748333,46.080845,16.4,1010.7046,54.12573,0.0,0.0,0.0,7.1,0.0,0.0,,0.0
2020-08-22 03:00:00+08:00,2.828427,44.999897,15.4,1009.98126,57.894287,0.0,0.0,0.0,7.15,0.0,0.0,,0.0
2020-08-22 04:00:00+08:00,2.4698176,31.75944,14.35,1009.95026,70.71421,0.0,0.0,0.0,9.1,0.0,0.0,,0.0
2020-08-22 05:00:00+08:00,0.781025,230.19447,16.05,1010.4961,57.465496,0.0,0.0,0.0,7.65,0.0,0.0,,0.0
2020-08-22 06:00:00+08:00,0.60827625,170.53775,16.3,1011.1976,58.712524,0.0,0.0,0.0,8.2,0.0,0.0,,0.0
2020-08-22 07:00:00+08:00,1.0816654,56.3099,14.5,1011.6404,72.67017,0.0,0.0,0.0,9.65,0.0,0.0,,1.0
2020-08-22 08:00:00+08:00,0.70710677,44.999897,15.85,1012.37427,74.37891,17.0,0.0,17.0,11.3,0.0,0.0,,1.0
2020-08-22 09:00:00+08:00,1.3453624,41.98713,16.85,1012.70123,73.81819,81.0,8.5730095,78.0,12.15,0.0,0.0,,1.0
2020-08-22 10:00:00+08:00,0.8062258,82.875084,17.8,1012.6294,67.486206,130.0,19.056694,120.0,11.7,0.0,0.0,,1.0
2020-08-22 11:00:00+08:00,1.5231546,156.80138,18.85,1012.2633,61.740845,211.0,7.607566,206.0,11.35,0.0,0.0,,1.0
2020-08-22 12:00:00+08:00,1.360147,162.89719,19.0,1012.16815,62.39075,204.0,10.8345585,196.0,11.65,0.0,0.0,,1.0
2020-08-22 13:00:00+08:00,1.7492856,149.03632,19.3,1011.6809,62.04875,201.0,3.9337368,198.0,11.85,0.0,0.0,,1.0
2020-08-22 14:00:00+08:00,1.5811388,161.56496,19.65,1010.89764,49.700302,238.0,5.491824,234.0,8.85,0.0,0.0,,1.0
2020-08-22 15:00:00+08:00,0.70710677,135.0001,19.8,1011.10046,48.579014,255.0,31.35374,235.0,8.65,0.0,0.0,,1.0
2020-08-22 16:00:00+08:00,0.98994946,44.999897,19.5,1011.38934,54.560024,147.0,8.042065,143.0,10.1,0.0,0.0,,1.0
2020-08-22 17:00:00+08:00,1.1401755,37.875053,18.45,1011.55756,66.95641,70.0,3.160125,69.0,12.2,0.0,0.0,,1.0
2020-08-22 18:00:00+08:00,1.3453624,48.01287,17.3,1011.52423,69.419106,18.0,7.639712,17.0,11.65,0.0,0.0,,1.0
2020-08-22 19:00:00+08:00,0.781025,39.805527,17.25,1011.8201,66.70561,0.0,0.0,0.0,11.0,0.0,0.0,,0.0
2020-08-22 20:00:00+08:00,0.6324555,71.564964,16.1,1012.97656,70.10947,0.0,0.0,0.0,10.65,0.0,0.0,,0.0
2020-08-22 21:00:00+08:00,0.9055385,83.659904,16.25,1013.08014,70.37206,0.0,0.0,0.0,10.85,0.0,0.0,,0.0
2020-08-22 22:00:00+08:00,0.53851646,21.801476,18.15,1013.433,52.407745,0.0,0.0,0.0,8.25,0.0,0.1,,0.0
2020-08-22 23:00:00+08:00,1.4866068,312.27362,16.85,1012.9987,64.00629,0.0,0.0,0.0,10.0,0.0,0.0,,0.0
2020-08-23 00:00:00+08:00,2.0396078,281.3099,15.85,1012.8701,77.641685,0.0,0.0,0.0,11.95,0.0,0.0,,0.0
2020-08-23 01:00:00+08:00,2.0124612,206.56499,16.0,1012.57697,87.35816,0.0,0.0,0.0,13.9,0.0,0.0,,0.0
2020-08-23 02:00:00+08:00,1.4560219,164.05453,16.25,1011.79095,89.381424,0.0,0.0,0.0,14.5,0.0,0.0,,0.0
2020-08-23 03:00:00+08:00,2.3194828,172.56868,16.4,1011.39874,88.53177,0.0,0.0,0.0,14.5,0.0,0.0,,0.0
2020-08-23 04:00:00+08:00,2.0024984,177.13765,16.2,1011.09546,89.66669,0.0,0.0,0.0,14.5,0.0,0.0,,0.0
2020-08-23 05:00:00+08:00,2.0024984,177.13765,15.75,1011.2806,91.68607,0.0,0.0,0.0,14.4,0.0,0.0,,0.0
2020-08-23 06:00:00+08:00,2.5179358,186.84268,15.8,1011.6788,93.18069,0.0,0.0,0.0,14.7,0.0,0.3,,0.0
2020-08-23 07:00:00+08:00,3.7,180.0,16.1,1012.28235,92.300446,1.0,0.0,1.0,14.85,0.0,0.2,,1.0
2020-08-23 08:00:00+08:00,3.2984846,165.96373,16.5,1012.9883,92.027275,64.0,171.84465,38.0,15.2,0.0,0.1,,1.0
2020-08-23 09:00:00+08:00,4.0521603,164.24876,17.35,1013.5089,87.48086,225.0,406.77222,81.0,15.25,0.0,0.2,,1.0
2020-08-23 10:00:00+08:00,4.4011364,178.69807,18.3,1013.63574,81.61258,393.0,501.06308,128.0,15.1,0.0,0.2,,1.0
2020-08-23 11:00:00+08:00,4.738143,187.27492,18.9,1013.35535,72.27278,509.0,497.48593,180.0,13.8,0.0,0.1,,1.0
2020-08-23 12:00:00+08:00,4.632494,193.73628,19.0,1012.664,67.73204,497.0,239.78604,319.0,12.9,0.0,0.0,,1.0
2020-08-23 13:00:00+08:00,5.0447993,193.7608,19.2,1011.9756,68.43938,695.0,653.735,194.0,13.25,0.0,0.0,,1.0
2020-08-23 14:00:00+08:00,5.2201533,200.17073,18.85,1011.96576,68.593056,654.0,709.2099,135.0,12.95,0.0,0.0,,1.0
2020-08-23 15:00:00+08:00,5.3160133,196.38962,18.45,1012.05347,71.023506,592.0,734.8001,121.0,13.1,0.0,0.0,,1.0
2020-08-23 16:00:00+08:00,5.491812,190.49142,17.6,1012.1278,75.41157,379.0,493.87137,132.0,13.2,0.0,0.0,,1.0
2020-08-23 17:00:00+08:00,4.8093657,183.57626,17.25,1012.21686,74.37357,219.0,423.42905,84.0,12.65,0.0,0.0,,1.0
2020-08-23 18:00:00+08:00,3.6013885,178.40889,16.1,1012.3816,77.17059,67.0,287.7779,29.0,12.1,0.0,0.0,,1.0
2020-08-23 19:00:00+08:00,2.886174,165.96373,15.25,1012.6543,80.15399,0.0,0.0,0.0,11.85,0.0,0.0,,0.0
2020-08-23 20:00:00+08:00,2.5,143.13002,14.4,1012.92664,84.94493,0.0,0.0,0.0,11.9,0.0,0.0,,0.0
2020-08-23 21:00:00+08:00,2.2671568,131.42357,13.9,1013.11,86.305176,0.0,0.0,0.0,11.65,0.0,0.0,,0.0
2020-08-23 22:00:00+08:00,2.0615528,129.09386,13.45,1013.295,86.54659,0.0,0.0,0.0,11.25,0.0,0.0,,0.0
2020-08-23 23:00:00+08:00,1.8439089,130.60121,13.45,1013.39417,84.841606,0.0,0.0,0.0,10.95,0.0,0.0,,0.0
2020-08-24 00:00:00+08:00,2.0808651,125.21768,13.1,1013.1853,85.65401,0.0,0.0,0.0,10.75,0.0,0.0,,0.0
2020-08-24 01:00:00+08:00,2.280351,105.25517,12.35,1013.1628,86.43823,0.0,0.0,0.0,10.15,0.0,0.0,,0.0
2020-08-24 02:00:00+08:00,2.915476,95.906044,11.85,1012.85034,83.53333,0.0,0.0,0.0,9.15,0.0,0.0,,0.0
2020-08-24 03:00:00+08:00,2.7892652,104.5345,11.45,1012.54083,82.64346,0.0,0.0,0.0,8.6,0.0,0.0,,0.0
2020-08-24 04:00:00+08:00,3.354102,100.30479,11.45,1012.54083,79.88955,0.0,0.0,0.0,8.1,0.0,0.0,,0.0
2020-08-24 05:00:00+08:00,3.6345563,97.907074,11.2,1012.63226,79.04256,0.0,0.0,0.0,7.7,0.0,0.0,,0.0
2020-08-24 06:00:00+08:00,3.6013885,91.59111,11.0,1012.8246,78.20792,0.0,0.0,0.0,7.35,0.0,0.0,,0.0
2020-08-24 07:00:00+08:00,3.3015149,91.73567,10.85,1013.0181,77.91802,2.0,0.0,2.0,7.15,0.0,0.0,,1.0
2020-08-24 08:00:00+08:00,3.6124783,85.23644,12.4,1013.8584,76.06726,108.0,462.77838,37.0,8.3,0.0,0.0,,1.0
2020-08-24 09:00:00+08:00,3.026549,82.40546,14.95,1014.43024,68.95175,298.0,617.0685,77.0,9.3,0.0,0.0,,1.0
2020-08-24 10:00:00+08:00,3.0149627,84.2895,16.85,1014.4862,60.45651,487.0,739.1311,93.0,9.15,0.0,0.0,,1.0
2020-08-24 11:00:00+08:00,2.2022717,92.60251,17.95,1014.1214,55.269783,640.0,797.9509,109.0,8.85,0.0,0.0,,1.0
2020-08-24 12:00:00+08:00,1.2727922,135.0001,18.65,1013.34845,53.074596,730.0,830.7531,110.0,8.9,0.0,0.0,,1.0
2020-08-24 13:00:00+08:00,1.9235383,188.97255,19.1,1012.56775,52.835648,759.0,834.9376,116.0,9.25,0.0,0.0,,1.0
2020-08-24 14:00:00+08:00,3.310589,205.01686,18.95,1011.9685,55.897545,728.0,850.0464,103.0,9.95,0.0,0.0,,1.0
2020-08-24 15:00:00+08:00,4.6957426,206.56499,18.2,1011.6494,61.795677,631.0,825.9598,99.0,10.75,0.0,0.0,,1.0
2020-08-24 16:00:00+08:00,4.9477267,194.03627,17.5,1011.52997,62.88098,476.0,791.45624,78.0,10.35,0.0,0.0,,1.0
2020-08-24 17:00:00+08:00,4.6010866,181.24533,16.85,1011.61035,64.43575,277.0,672.47894,61.0,10.1,0.0,0.0,,1.0
2020-08-24 18:00:00+08:00,3.945884,171.25392,15.6,1011.9703,67.254295,76.0,375.39624,26.0,9.55,0.0,0.0,,1.0
2020-08-24 19:00:00+08:00,3.7643058,163.0091,14.9,1012.54456,70.34608,0.0,0.0,0.0,9.55,0.0,0.0,,0.0
2020-08-24 20:00:00+08:00,3.1384711,157.52052,14.45,1013.2254,75.387215,0.0,0.0,0.0,10.15,0.0,0.0,,0.0
2020-08-24 21:00:00+08:00,2.7784889,149.74365,13.75,1013.50214,81.01811,0.0,0.0,0.0,10.55,0.0,0.0,,0.0
2020-08-24 22:00:00+08:00,2.9698482,135.0001,13.6,1013.4977,83.73894,0.0,0.0,0.0,10.9,0.0,0.0,,0.0
2020-08-24 23:00:00+08:00,3.2649655,130.0302,13.35,1013.29175,86.53677,0.0,0.0,0.0,11.15,0.0,0.0,,0.0
2020-08-25 00:00:00+08:00,3.0610456,128.36752,13.05,1013.0846,88.247154,0.0,0.0,0.0,11.15,0.0,0.0,,0.0
2020-08-25 01:00:00+08:00,2.8301945,122.00535,12.55,1012.77216,88.2038,0.0,0.0,0.0,10.65,0.0,0.0,,0.0
2020-08-25 02:00:00+08:00,2.3259406,115.46331,11.8,1012.65045,87.54994,0.0,0.0,0.0,9.8,0.0,0.0,,0.0
2020-08-25 03:00:00+08:00,2.158703,103.39252,11.2,1012.33484,86.615074,0.0,0.0,0.0,9.05,0.0,0.0,,0.0
2020-08-25 04:00:00+08:00,2.0024984,87.13766,10.45,1012.5103,86.834885,0.0,0.0,0.0,8.35,0.0,0.0,,0.0
2020-08-25 05:00:00+08:00,2.0099752,84.2895,10.0,1012.79407,86.49631,0.0,0.0,0.0,7.85,0.0,0.0,,0.0
2020-08-25 06:00:00+08:00,1.9104973,83.99109,9.55,1013.0775,86.15661,0.0,0.0,0.0,7.35,0.0,0.0,,0.0
2020-08-25 07:00:00+08:00,1.9,90.0,9.55,1013.77155,84.69602,2.0,19.10732,1.0,7.1,0.0,0.0,,1.0
2020-08-25 08:00:00+08:00,2.5961509,105.64231,12.45,1014.65295,75.81803,114.0,491.3661,37.0,8.3,0.0,0.0,,1.0
2020-08-25 09:00:00+08:00,1.9209373,128.65984,15.25,1014.935,69.243866,319.0,698.2291,66.0,9.65,0.0,0.0,,1.0
2020-08-25 10:00:00+08:00,2.2561028,167.19574,17.45,1014.9002,65.21515,517.0,820.78326,76.0,10.85,0.0,0.0,,1.0
2020-08-25 11:00:00+08:00,3.206244,183.57626,18.7,1014.63885,62.11634,668.0,872.1332,84.0,11.3,0.0,0.0,,1.0
2020-08-25 12:00:00+08:00,4.1773195,191.0409,19.25,1014.0598,61.223648,762.0,898.2837,88.0,11.6,0.0,0.0,,1.0
2020-08-25 13:00:00+08:00,4.9648767,189.27252,19.65,1013.57544,57.775776,791.0,907.11194,89.0,11.1,0.0,0.0,,1.0
2020-08-25 14:00:00+08:00,5.3600373,188.58354,19.7,1013.2795,53.88659,750.0,898.86035,86.0,10.1,0.0,0.0,,1.0
2020-08-25 15:00:00+08:00,5.557877,188.2758,19.2,1013.26483,53.039852,644.0,869.8935,81.0,9.4,0.0,0.0,,1.0
2020-08-25 16:00:00+08:00,5.414795,184.23631,18.5,1013.344,55.59664,482.0,808.9339,73.0,9.45,0.0,0.0,,1.0
2020-08-25 17:00:00+08:00,5.1088157,183.3664,17.65,1013.7161,63.335514,281.0,683.01654,60.0,10.6,0.0,0.0,,1.0
2020-08-25 18:00:00+08:00,4.4011364,181.30193,16.55,1014.279,66.558136,78.0,379.65262,27.0,10.3,0.0,0.0,,1.0
2020-08-25 19:00:00+08:00,3.9204593,174.14407,15.95,1014.8565,69.6147,0.0,0.0,0.0,10.4,0.0,0.0,,0.0
2020-08-25 20:00:00+08:00,3.352611,162.64589,15.35,1016.0287,72.5819,0.0,0.0,0.0,10.45,0.0,0.0,,0.0
2020-08-25 21:00:00+08:00,3.1780498,155.85446,14.8,1016.409,75.1945,0.0,0.0,0.0,10.45,0.0,0.0,,0.0
2020-08-25 22:00:00+08:00,2.8301945,147.99466,14.15,1016.2904,79.206535,0.0,0.0,0.0,10.6,0.0,0.0,,0.0
2020-08-25 23:00:00+08:00,2.842534,140.71062,13.75,1016.4769,81.01811,0.0,0.0,0.0,10.55,0.0,0.0,,0.0
2020-08-26 00:00:00+08:00,3.1827662,133.72705,13.35,1016.2665,81.77966,0.0,0.0,0.0,10.3,0.0,0.0,,0.0
2020-08-26 01:00:00+08:00,4.031129,136.00499,13.3,1016.2653,79.083115,0.0,0.0,0.0,9.75,0.0,0.0,,0.0
2020-08-26 02:00:00+08:00,5.140039,142.90709,13.5,1016.27094,71.27115,0.0,0.0,0.0,8.4,0.0,0.0,,0.0
2020-08-26 03:00:00+08:00,5.2630787,141.17017,13.4,1016.0697,67.478226,0.0,0.0,0.0,7.5,0.0,0.0,,0.0
2020-08-26 04:00:00+08:00,4.9517674,133.36346,12.75,1016.2487,68.2712,0.0,0.0,0.0,7.05,0.0,0.0,,0.0
2020-08-26 05:00:00+08:00,4.4654226,124.04598,12.0,1016.42426,70.01645,0.0,0.0,0.0,6.7,0.0,0.0,,0.0
2020-08-26 06:00:00+08:00,3.8078864,119.93143,11.4,1016.8028,71.60388,0.0,0.0,0.0,6.45,0.0,0.0,,0.0
2020-08-26 07:00:00+08:00,3.49285,113.62939,11.1,1017.5868,73.04112,3.0,19.10732,2.0,6.45,0.0,0.0,,1.0
2020-08-26 08:00:00+08:00,4.1761227,106.699326,13.0,1018.43744,71.41834,120.0,516.03253,37.0,7.95,0.0,0.0,,1.0
2020-08-26 09:00:00+08:00,3.992493,112.067955,15.6,1018.9118,65.02975,332.0,733.76587,63.0,9.05,0.0,0.0,,1.0
2020-08-26 10:00:00+08:00,3.9824615,118.495544,17.85,1018.68036,58.695114,532.0,843.84216,75.0,9.65,0.0,0.0,,1.0
2020-08-26 11:00:00+08:00,4.89183,139.14471,19.2,1018.32275,50.254375,683.0,887.47174,85.0,8.6,0.0,0.0,,1.0
2020-08-26 12:00:00+08:00,5.189412,154.91644,19.9,1017.6489,48.44232,777.0,914.6936,87.0,8.7,0.0,0.0,,1.0
2020-08-26 13:00:00+08:00,5.2952805,169.11452,20.2,1016.9631,48.85233,805.0,921.99286,88.0,9.1,0.0,0.0,,1.0
2020-08-26 14:00:00+08:00,5.9076223,182.91078,19.85,1016.0604,55.567177,764.0,913.5315,86.0,10.7,0.0,0.0,,1.0
2020-08-26 15:00:00+08:00,6.7186303,184.2678,19.25,1015.64655,62.037285,655.0,881.1211,82.0,11.8,0.0,0.0,,1.0
2020-08-26 16:00:00+08:00,6.9007244,180.83029,18.5,1015.62494,65.011765,489.0,818.36847,73.0,11.8,0.0,0.0,,1.0
2020-08-26 17:00:00+08:00,6.264982,171.74065,17.95,1015.8074,67.0732,285.0,693.4207,59.0,11.75,0.0,0.0,,1.0
2020-08-26 18:00:00+08:00,5.0,163.73972,16.85,1016.172,70.25465,80.0,391.23483,27.0,11.4,0.0,0.0,,1.0
2020-08-26 19:00:00+08:00,4.204759,154.65387,16.05,1016.7436,74.41321,0.0,0.0,0.0,11.5,0.0,0.0,,0.0
2020-08-26 20:00:00+08:00,3.9661064,146.3099,15.35,1017.3179,78.85696,0.0,0.0,0.0,11.7,0.0,0.0,,0.0
2020-08-26 21:00:00+08:00,3.720215,143.74608,14.8,1017.49976,82.23628,0.0,0.0,0.0,11.8,0.0,0.0,,0.0
2020-08-26 22:00:00+08:00,3.940812,144.29323,14.25,1017.4835,85.209274,0.0,0.0,0.0,11.8,0.0,0.0,,0.0
2020-08-26 23:00:00+08:00,3.9824615,141.1155,13.65,1016.87067,85.145164,0.0,0.0,0.0,11.2,0.0,0.0,,0.0
2020-08-27 00:00:00+08:00,4.0360875,138.01286,12.95,1016.25476,83.10605,0.0,0.0,0.0,10.15,0.0,0.0,,0.0
2020-08-27 01:00:00+08:00,4.244997,136.90913,12.55,1015.94507,80.04478,0.0,0.0,0.0,9.2,0.0,0.0,,0.0
2020-08-27 02:00:00+08:00,4.110961,131.05472,12.1,1015.5347,77.58204,0.0,0.0,0.0,8.3,0.0,0.0,,0.0
2020-08-27 03:00:00+08:00,3.8418746,128.65984,11.8,1015.03015,76.74832,0.0,0.0,0.0,7.85,0.0,0.0,,0.0
2020-08-27 04:00:00+08:00,3.5805027,125.90981,11.55,1014.72504,77.76056,0.0,0.0,0.0,7.8,0.0,0.0,,0.0
2020-08-27 05:00:00+08:00,3.4669871,123.23173,11.4,1014.7206,78.26877,0.0,0.0,0.0,7.75,0.0,0.0,,0.0
2020-08-27 06:00:00+08:00,3.2449963,123.690094,11.2,1014.8136,78.50563,0.0,0.0,0.0,7.6,0.0,0.0,,0.0
2020-08-27 07:00:00+08:00,3.1064448,123.17853,11.2,1015.1111,77.177376,3.0,19.10732,2.0,7.35,0.0,0.0,,1.0
2020-08-27 08:00:00+08:00,4.0496917,122.90524,13.65,1015.2842,69.15731,121.0,502.90857,38.0,8.1,0.0,0.0,,1.0
2020-08-27 09:00:00+08:00,3.753665,131.76021,16.3,1015.065,61.35336,332.0,725.24493,63.0,8.85,0.0,0.0,,1.0
2020-08-27 10:00:00+08:00,3.623534,129.40063,18.85,1014.54425,56.436123,528.0,831.6718,74.0,10.0,0.0,0.0,,1.0
2020-08-27 11:00:00+08:00,3.4669871,123.23173,21.35,1013.52454,52.024757,682.0,886.35956,81.0,11.1,0.0,0.0,,1.0
2020-08-27 12:00:00+08:00,3.0,126.86998,23.2,1012.4856,48.84907,777.0,912.4481,85.0,11.85,0.0,0.0,,1.0
2020-08-27 13:00:00+08:00,2.6000001,157.3801,24.1,1011.51886,49.574467,804.0,918.80554,86.0,12.9,0.0,0.0,,1.0
2020-08-27 14:00:00+08:00,3.8052595,183.01273,23.6,1010.61224,59.681942,761.0,907.9499,84.0,15.3,0.0,0.0,,1.0
2020-08-27 15:00:00+08:00,4.501111,178.727,22.95,1009.7015,69.397644,652.0,875.41675,80.0,17.05,0.0,0.0,,1.0
2020-08-27 16:00:00+08:00,4.8093657,183.57626,22.15,1009.3814,76.62612,489.0,814.02075,73.0,17.85,0.0,0.0,,1.0
2020-08-27 17:00:00+08:00,4.9,180.0,20.55,1009.43567,80.61214,286.0,691.51294,59.0,17.1,0.0,0.0,,1.0
2020-08-27 18:00:00+08:00,3.956008,163.85559,18.5,1009.6746,79.56565,81.0,395.31992,27.0,14.9,0.0,0.0,,1.0
2020-08-27 19:00:00+08:00,3.5846896,149.8587,17.6,1009.54944,81.7867,0.0,0.0,0.0,14.45,0.0,0.0,,0.0
2020-08-27 20:00:00+08:00,2.8319604,137.86247,16.95,1010.02655,82.23598,0.0,0.0,0.0,13.9,0.0,0.0,,0.0
2020-08-27 21:00:00+08:00,2.4207437,128.2902,16.0,1009.8996,84.84,0.0,0.0,0.0,13.45,0.0,0.0,,0.0
2020-08-27 22:00:00+08:00,2.2203603,125.837746,15.3,1009.3831,84.76397,0.0,0.0,0.0,12.75,0.0,0.0,,0.0
2020-08-27 23:00:00+08:00,2.8178005,117.47435,14.1,1008.2572,85.193275,0.0,0.0,0.0,11.65,0.0,0.0,,0.0
2020-08-28 00:00:00+08:00,3.104835,104.93147,13.15,1007.7332,83.96578,0.0,0.0,0.0,10.5,0.0,0.0,,0.0
2020-08-28 01:00:00+08:00,2.4738634,75.96373,12.6,1007.4193,81.68248,0.0,0.0,0.0,9.55,0.0,0.0,,0.0
2020-08-28 02:00:00+08:00,1.7492856,59.03632,11.65,1006.8951,84.64302,0.0,0.0,0.0,9.15,0.0,0.0,,0.0
2020-08-28 03:00:00+08:00,1.0,53.13002,11.4,1006.2927,86.05339,0.0,0.0,0.0,9.15,0.0,0.0,,0.0
2020-08-28 04:00:00+08:00,0.84852815,44.999897,10.65,1005.77423,88.93311,0.0,0.0,0.0,8.9,0.0,0.0,,0.0
2020-08-28 05:00:00+08:00,1.3416408,26.564985,10.15,1005.85815,87.397255,0.0,0.0,0.0,8.15,0.0,0.0,,0.0
2020-08-28 06:00:00+08:00,2.209072,5.19435,10.6,1006.36743,81.97672,0.0,0.0,0.0,7.65,0.0,0.0,,0.0
2020-08-28 07:00:00+08:00,2.2022717,357.3975,11.35,1006.8859,81.79563,4.0,19.10732,3.0,8.35,0.0,0.0,,1.0
2020-08-28 08:00:00+08:00,2.6683328,347.00537,15.9,1007.61584,86.50185,125.0,513.90625,38.0,13.65,0.0,0.0,,1.0
2020-08-28 09:00:00+08:00,2.9681644,302.61923,18.75,1008.2935,91.00145,208.0,197.19632,134.0,17.25,0.0,0.0,,1.0
2020-08-28 10:00:00+08:00,4.7169905,248.87521,20.3,1008.635,85.56418,396.0,336.21643,211.0,17.8,0.0,0.0,,1.0
2020-08-28 11:00:00+08:00,4.3462625,246.97447,20.45,1008.6394,82.40334,522.0,403.04407,247.0,17.35,0.0,0.0,,1.0
2020-08-28 12:00:00+08:00,4.438468,247.47939,20.6,1008.5443,80.364044,627.0,525.9289,226.0,17.1,0.0,0.0,,1.0
2020-08-28 13:00:00+08:00,5.5036354,245.29759,20.7,1008.2496,77.870575,752.0,734.8084,175.0,16.7,0.0,0.0,,1.0
2020-08-28 14:00:00+08:00,6.300793,234.03938,20.0,1008.13055,80.28331,585.0,480.58115,225.0,16.5,0.0,0.3,,1.0
2020-08-28 15:00:00+08:00,6.8014703,228.57643,19.15,1008.5032,84.36699,381.0,230.01105,230.0,16.45,0.0,0.6,,1.0
2020-08-28 16:00:00+08:00,6.453681,229.39879,18.6,1008.98315,81.91302,328.0,342.5807,152.0,15.45,0.0,0.2,,1.0
2020-08-28 17:00:00+08:00,5.0477715,236.3099,18.1,1009.2665,78.74256,167.0,241.9835,87.0,14.35,0.0,0.0,,1.0
2020-08-28 18:00:00+08:00,5.3,238.10924,17.5,1010.14154,79.42492,57.0,210.56895,28.0,13.9,0.0,0.0,,1.0
2020-08-28 19:00:00+08:00,4.652956,241.78273,17.25,1011.126,73.645775,0.0,0.0,0.0,12.5,0.0,0.0,,0.0
2020-08-28 20:00:00+08:00,4.1340055,237.84773,17.3,1011.9209,71.5092,0.0,0.0,0.0,12.1,0.0,0.0,,0.0
2020-08-28 21:00:00+08:00,5.4644303,235.43741,17.85,1012.2343,70.44671,0.0,0.0,0.0,12.4,0.0,0.0,,0.0
2020-08-28 22:00:00+08:00,3.8183768,224.9999,16.75,1012.3014,86.58418,0.0,0.0,0.0,14.5,0.0,0.0,,0.0
2020-08-28 23:00:00+08:00,5.8137765,220.81499,16.75,1012.2023,83.827644,0.0,0.0,0.0,14.0,0.0,0.1,,0.0
2020-08-29 00:00:00+08:00,6.074537,200.22495,16.0,1012.3787,85.672195,0.0,0.0,0.0,13.6,0.0,0.2,,0.0
2020-08-29 01:00:00+08:00,5.440588,197.10281,16.35,1012.4883,77.97335,0.0,0.0,0.0,12.5,0.0,0.0,,0.0
2020-08-29 02:00:00+08:00,6.596969,194.03627,16.35,1012.5874,73.487885,0.0,0.0,0.0,11.6,0.0,0.0,,0.0
2020-08-29 03:00:00+08:00,6.2968245,190.06062,15.8,1012.6704,70.51985,0.0,0.0,0.0,10.45,0.0,0.0,,0.0
2020-08-29 04:00:00+08:00,5.813777,183.94511,15.4,1012.7579,67.21252,0.0,0.0,0.0,9.35,0.0,0.0,,0.0
2020-08-29 05:00:00+08:00,5.5326304,173.77426,14.8,1013.335,66.63477,0.0,0.0,0.0,8.65,0.0,0.0,,0.0
2020-08-29 06:00:00+08:00,4.4922156,163.17851,14.15,1013.7122,66.94968,0.0,0.0,0.0,8.1,0.0,0.0,,0.0
2020-08-29 07:00:00+08:00,3.757659,154.7989,13.55,1014.2895,69.13721,4.0,18.399796,3.0,8.0,0.0,0.0,,1.0
2020-08-29 08:00:00+08:00,3.1241,129.80553,14.65,1015.31384,70.06144,119.0,437.80853,43.0,9.25,0.0,0.0,,1.0
2020-08-29 09:00:00+08:00,3.0870697,114.90474,15.55,1015.8364,64.58165,208.0,226.52376,122.0,8.9,0.0,0.0,,1.0
2020-08-29 10:00:00+08:00,4.159327,117.18103,16.5,1015.86414,58.166946,397.0,306.5153,227.0,8.25,0.0,0.0,,1.0
2020-08-29 11:00:00+08:00,4.6647615,149.03632,17.3,1015.6893,51.827072,479.0,187.88823,350.0,7.3,0.0,0.0,,1.0
2020-08-29 12:00:00+08:00,5.0921507,160.49747,17.85,1015.1102,49.211143,601.0,318.3178,357.0,7.05,0.0,0.0,,1.0
2020-08-29 13:00:00+08:00,4.9335585,162.29948,18.25,1014.52673,47.661934,632.0,428.3752,294.0,6.95,0.0,0.0,,1.0
2020-08-29 14:00:00+08:00,5.0990195,168.69011,18.4,1014.03534,46.893085,642.0,475.72018,284.0,6.85,0.0,0.0,,1.0
2020-08-29 15:00:00+08:00,4.86621,170.53775,18.45,1013.8385,46.74639,606.0,679.2347,158.0,6.85,0.0,0.0,,1.0
2020-08-29 16:00:00+08:00,5.423099,174.71,18.05,1013.72766,50.114334,476.0,720.31665,104.0,7.5,0.0,0.0,,1.0
2020-08-29 17:00:00+08:00,5.6142673,175.91446,16.95,1014.1916,58.87138,291.0,684.8373,63.0,8.85,0.0,0.0,,1.0
2020-08-29 18:00:00+08:00,5.3600373,171.41646,15.6,1014.5485,62.657955,84.0,388.93463,30.0,8.5,0.0,0.0,,1.0
2020-08-29 19:00:00+08:00,5.7870545,161.87805,14.85,1015.22064,65.74978,0.0,0.0,0.0,8.5,0.0,0.0,,0.0
2020-08-29 20:00:00+08:00,5.6435804,150.25522,14.7,1015.81116,66.61352,0.0,0.0,0.0,8.55,0.0,0.0,,0.0
2020-08-29 21:00:00+08:00,5.1224995,141.34016,14.1,1015.9917,70.42787,0.0,0.0,0.0,8.8,0.0,0.0,,0.0
2020-08-29 22:00:00+08:00,3.482815,129.17365,12.75,1015.7529,74.84732,0.0,0.0,0.0,8.4,0.0,0.0,,0.0
2020-08-29 23:00:00+08:00,3.535534,118.7397,12.05,1015.53345,65.1363,0.0,0.0,0.0,5.7,0.0,0.0,,0.0
2020-08-30 00:00:00+08:00,3.8587563,121.218346,11.9,1015.4296,59.25689,0.0,0.0,0.0,4.2,0.0,0.0,,0.0
2020-08-30 01:00:00+08:00,3.8587563,121.218346,11.35,1014.9172,61.019817,0.0,0.0,0.0,4.1,0.0,0.0,,0.0
2020-08-30 02:00:00+08:00,3.9824615,118.495544,10.7,1014.7984,63.486458,0.0,0.0,0.0,4.05,0.0,0.0,,0.0
2020-08-30 03:00:00+08:00,3.8999999,112.61991,10.1,1014.3833,64.92821,0.0,0.0,0.0,3.8,0.0,0.0,,0.0
2020-08-30 04:00:00+08:00,4.148494,105.376305,9.8,1014.17584,63.2783,0.0,0.0,0.0,3.15,0.0,0.0,,0.0
2020-08-30 05:00:00+08:00,4.3737855,100.53913,9.55,1014.16815,61.01638,0.0,0.0,0.0,2.4,0.0,0.0,,0.0
2020-08-30 06:00:00+08:00,4.609772,93.73133,9.55,1014.16815,59.09138,0.0,0.0,0.0,1.95,0.0,0.0,,0.0
2020-08-30 07:00:00+08:00,5.10392,87.75431,9.85,1014.2765,58.74638,5.0,35.386513,3.0,2.15,0.0,0.0,,1.0
2020-08-30 08:00:00+08:00,6.363961,81.86999,11.9,1014.7356,56.811234,139.0,550.76306,41.0,3.6,0.0,0.0,,1.0
2020-08-30 09:00:00+08:00,6.4938436,80.24765,14.55,1014.71594,50.025284,360.0,768.0793,65.0,4.25,0.0,0.0,,1.0
2020-08-30 10:00:00+08:00,6.5000005,75.74994,17.0,1014.3913,44.60201,563.0,869.3709,77.0,4.85,0.0,0.0,,1.0
2020-08-30 11:00:00+08:00,6.2297673,71.27412,19.15,1013.7594,40.34567,720.0,922.0372,83.0,5.35,0.0,0.0,,1.0
2020-08-30 12:00:00+08:00,5.3851647,68.19853,20.85,1012.9154,36.315155,817.0,947.31146,87.0,5.35,0.0,0.0,,1.0
2020-08-30 13:00:00+08:00,4.472136,63.435013,22.15,1011.96014,32.95974,843.0,953.56683,87.0,5.1,0.0,0.0,,1.0
2020-08-30 14:00:00+08:00,3.1780498,65.85446,23.1,1011.19336,31.113073,798.0,943.142,85.0,5.1,0.0,0.0,,1.0
2020-08-30 15:00:00+08:00,2.0099752,84.2895,23.5,1010.7085,30.159933,686.0,913.0294,81.0,5.0,0.0,0.0,,1.0
2020-08-30 16:00:00+08:00,1.7262677,190.00792,22.7,1010.4879,39.57705,515.0,851.4436,73.0,8.25,0.0,0.0,,1.0
2020-08-30 17:00:00+08:00,4.3382025,205.97433,19.6,1010.40045,66.32366,305.0,730.8204,60.0,13.15,0.0,0.0,,1.0
2020-08-30 18:00:00+08:00,4.554119,188.84174,16.65,1010.71185,73.54068,90.0,435.86105,29.0,11.9,0.0,0.0,,1.0
2020-08-30 19:00:00+08:00,3.7854989,167.79955,16.25,1011.0968,70.84108,0.0,0.0,0.0,10.95,0.0,0.0,,0.0
2020-08-30 20:00:00+08:00,3.1384711,149.34941,15.1,1011.4598,79.08144,0.0,0.0,0.0,11.5,0.0,0.0,,0.0
2020-08-30 21:00:00+08:00,2.6172504,133.45189,13.9,1011.62256,79.43484,0.0,0.0,0.0,10.4,0.0,0.0,,0.0
2020-08-30 22:00:00+08:00,2.1633308,123.6901,12.5,1011.28326,80.84998,0.0,0.0,0.0,9.3,0.0,0.0,,0.0
2020-08-30 23:00:00+08:00,2.3345234,99.865746,10.6,1010.82916,83.100975,0.0,0.0,0.0,7.85,0.0,0.0,,0.0
2020-08-31 00:00:00+08:00,1.5811388,71.564964,10.15,1010.3198,76.7452,0.0,0.0,0.0,6.25,0.0,0.0,,0.0
2020-08-31 01:00:00+08:00,0.5830952,59.03632,10.8,1009.7446,68.33946,0.0,0.0,0.0,5.2,0.0,0.0,,0.0
2020-08-31 02:00:00+08:00,0.28284273,44.999897,12.2,1009.0929,62.514713,0.0,0.0,0.0,5.25,0.0,0.0,,0.0
2020-08-31 03:00:00+08:00,0.4,360.0,14.45,1008.86237,59.06343,0.0,0.0,0.0,6.55,0.0,0.0,,0.0
2020-08-31 04:00:00+08:00,0.41231057,14.036275,14.8,1008.6744,66.40981,0.0,0.0,0.0,8.6,0.0,0.0,,0.0
2020-08-31 05:00:00+08:00,0.44721362,26.564985,14.95,1008.67883,72.75187,0.0,0.0,0.0,10.1,0.0,0.0,,0.0
2020-08-31 06:00:00+08:00,0.5,36.86999,15.25,1008.8861,76.783035,0.0,0.0,0.0,11.2,0.0,0.0,,0.0
2020-08-31 07:00:00+08:00,0.9055385,83.659904,15.85,1009.3001,77.641685,6.0,34.06823,4.0,11.95,0.0,0.0,,1.0
2020-08-31 08:00:00+08:00,2.0615528,219.09384,17.25,1009.7376,84.70081,136.0,521.0731,41.0,14.65,0.0,0.0,,1.0
2020-08-31 09:00:00+08:00,2.7018511,218.991,18.7,1009.7794,77.07125,348.0,725.819,66.0,14.6,0.0,0.0,,1.0
2020-08-31 10:00:00+08:00,2.5806975,234.46223,19.3,1009.59827,72.81468,545.0,827.05444,79.0,14.3,0.0,0.0,,1.0
2020-08-31 11:00:00+08:00,2.657066,250.20103,19.75,1009.3136,68.99564,696.0,876.06665,87.0,13.9,0.0,0.0,,1.0
2020-08-31 12:00:00+08:00,3.275668,257.66092,19.9,1008.7231,67.256096,792.0,908.7701,88.0,13.65,0.0,0.0,,1.0
2020-08-31 13:00:00+08:00,4.0521603,254.24875,19.7,1008.51904,65.91323,819.0,916.4063,89.0,13.15,0.0,0.0,,1.0
2020-08-31 14:00:00+08:00,4.808326,253.0724,19.45,1008.3134,65.86023,775.0,905.96423,87.0,12.9,0.0,0.0,,1.0
2020-08-31 15:00:00+08:00,5.0289164,252.64589,19.15,1008.404,66.66402,664.0,869.79004,85.0,12.8,0.0,0.0,,1.0
2020-08-31 16:00:00+08:00,5.3366656,257.00537,18.8,1007.9972,67.029106,487.0,768.5186,86.0,12.55,0.0,0.0,,1.0
2020-08-31 17:00:00+08:00,4.9729266,254.84587,18.15,1007.7802,68.90403,258.0,497.7147,90.0,12.35,0.0,0.0,,1.0
2020-08-31 18:00:00+08:00,3.905125,256.67545,17.25,1007.7543,72.685135,72.0,276.47882,33.0,12.3,0.0,0.0,,1.0
2020-08-31 19:00:00+08:00,2.0,306.86996,15.0,1007.68884,84.17677,0.0,0.0,0.0,12.35,0.0,0.0,,0.0
2020-08-31 20:00:00+08:00,2.5806975,305.53775,16.25,1007.4277,80.55452,0.0,0.0,0.0,12.9,0.0,0.0,,0.0
2020-08-31 21:00:00+08:00,3.7735925,302.00534,17.05,1007.35187,80.1396,0.0,0.0,0.0,13.6,0.0,0.0,,0.0
2020-08-31 22:00:00+08:00,5.186521,289.13373,17.65,1007.0717,78.42223,0.0,0.0,0.0,13.85,0.0,0.0,,0.0
2020-08-31 23:00:00+08:00,6.2513995,277.3523,18.0,1006.8835,73.77636,0.0,0.0,0.0,13.25,0.0,0.0,,0.0
2020-09-01 00:00:00+08:00,6.2361846,285.81924,17.75,1006.4796,73.73293,0.0,0.0,0.0,13.0,0.0,0.0,,0.0
2020-09-01 01:00:00+08:00,6.6219335,284.87573,17.65,1006.08,76.40917,0.0,0.0,0.0,13.45,0.0,0.0,,0.0
2020-09-01 02:00:00+08:00,7.9699435,252.47433,16.0,1006.1312,91.997665,0.0,0.0,0.0,14.7,0.0,1.2,,0.0
2020-09-01 03:00:00+08:00,7.18401,231.21562,15.75,1006.2232,88.190575,0.0,0.0,0.0,13.8,0.0,0.7,,0.0
2020-09-01 04:00:00+08:00,7.8492036,235.90497,15.0,1006.7964,88.41406,0.0,0.0,0.0,13.1,0.0,1.2,,0.0
2020-09-01 05:00:00+08:00,8.021221,234.13008,15.25,1007.29944,78.5823,0.0,0.0,0.0,11.55,0.0,0.4,,0.0
2020-09-01 06:00:00+08:00,8.464632,231.23447,15.4,1007.7005,69.50618,0.0,0.0,0.0,9.85,0.0,0.0,,0.0
2020-09-01 07:00:00+08:00,7.4094534,238.24055,15.15,1008.2882,59.641006,5.0,32.834126,3.0,7.35,0.0,0.0,,1.0
2020-09-01 08:00:00+08:00,7.392564,239.9668,16.2,1009.013,58.8876,126.0,444.4965,43.0,8.15,0.0,0.0,,1.0
2020-09-01 09:00:00+08:00,7.915807,243.75871,17.2,1009.6371,52.334286,263.0,424.93692,96.0,7.35,0.0,0.0,,1.0
2020-09-01 10:00:00+08:00,8.229217,244.05775,17.7,1010.04816,53.36619,457.0,574.0669,131.0,8.1,0.0,0.0,,1.0
2020-09-01 11:00:00+08:00,7.970571,246.32945,17.9,1009.95496,53.418568,524.0,487.52835,183.0,8.3,0.0,0.0,,1.0
2020-09-01 12:00:00+08:00,8.134495,249.11412,18.05,1009.66156,52.559376,600.0,469.99017,234.0,8.2,0.0,0.0,,1.0
2020-09-01 13:00:00+08:00,8.367198,245.2727,17.6,1009.3511,58.43738,524.0,349.84448,244.0,9.35,0.0,0.2,,1.0
2020-09-01 14:00:00+08:00,7.782673,242.44728,17.35,1008.7488,61.187405,514.0,347.39304,249.0,9.8,0.0,0.2,,1.0
2020-09-01 15:00:00+08:00,7.2111025,236.3099,17.85,1008.1683,52.685238,485.0,500.96442,150.0,8.05,0.0,0.1,,1.0
2020-09-01 16:00:00+08:00,6.940461,233.79045,17.25,1008.05176,53.978382,277.0,150.6391,198.0,7.85,0.0,0.0,,1.0
2020-09-01 17:00:00+08:00,6.4404964,233.84172,16.9,1008.24,55.187836,248.0,520.8415,71.0,7.85,0.0,0.0,,1.0
2020-09-01 18:00:00+08:00,5.5803227,233.74606,15.95,1008.3116,59.63159,75.0,295.4395,33.0,8.1,0.0,0.0,,1.0
2020-09-01 19:00:00+08:00,5.3009434,234.21094,15.8,1008.803,59.392986,0.0,0.0,0.0,7.9,0.0,0.0,,0.0
2020-09-01 20:00:00+08:00,5.0,233.13002,15.85,1009.5976,62.29284,0.0,0.0,0.0,8.65,0.0,0.0,,0.0
2020-09-01 21:00:00+08:00,4.920366,232.43134,15.2,1009.67773,70.40417,0.0,0.0,0.0,9.85,0.0,0.0,,0.0
2020-09-01 22:00:00+08:00,4.614109,240.10118,15.5,1009.58746,67.91406,0.0,0.0,0.0,9.6,0.0,0.0,,0.0
2020-09-01 23:00:00+08:00,4.8764744,241.85849,15.35,1009.4839,69.03199,0.0,0.0,0.0,9.7,0.0,0.0,,0.0
2020-09-02 00:00:00+08:00,4.3462625,246.97447,15.3,1009.2839,68.101364,0.0,0.0,0.0,9.45,0.0,0.0,,0.0
2020-09-02 01:00:00+08:00,5.5226803,238.32457,15.35,1008.889,69.49628,0.0,0.0,0.0,9.8,0.0,0.0,,0.0
2020-09-02 02:00:00+08:00,5.077401,237.87503,15.4,1008.2955,68.35086,0.0,0.0,0.0,9.6,0.0,0.0,,0.0
2020-09-02 03:00:00+08:00,5.220153,233.56905,15.55,1007.90326,67.01837,0.0,0.0,0.0,9.45,0.0,0.0,,0.0
2020-09-02 04:00:00+08:00,5.5803227,233.74606,15.3,1007.6973,67.8729,0.0,0.0,0.0,9.4,0.0,0.0,,0.0
2020-09-02 05:00:00+08:00,5.108816,229.76372,15.95,1008.0141,62.738243,0.0,0.0,0.0,8.85,0.0,0.0,,0.0
2020-09-02 06:00:00+08:00,5.5317264,229.39879,15.6,1008.6979,64.15827,0.0,0.0,0.0,8.85,0.0,0.0,,0.0
2020-09-02 07:00:00+08:00,5.108816,229.76372,16.1,1009.20825,60.482216,3.0,0.0,3.0,8.45,0.0,0.0,,1.0
2020-09-02 08:00:00+08:00,4.90408,230.7928,16.75,1009.22723,63.344242,83.0,78.46572,68.0,9.75,0.0,0.0,,1.0
2020-09-02 09:00:00+08:00,6.046487,235.78424,17.6,1010.0453,58.43738,273.0,427.6852,103.0,9.35,0.0,0.0,,1.0
2020-09-02 10:00:00+08:00,5.990826,236.57516,17.75,1010.7439,57.113644,249.0,106.5843,188.0,9.15,0.0,0.0,,1.0
2020-09-02 11:00:00+08:00,6.0605283,232.3737,17.2,1011.2239,68.487434,351.0,164.83408,235.0,11.35,0.0,0.0,,1.0
2020-09-02 12:00:00+08:00,5.866856,240.37634,17.6,1010.9378,67.22236,464.0,237.60974,278.0,11.45,0.0,0.2,,1.0
2020-09-02 13:00:00+08:00,5.283938,240.5242,17.75,1010.6447,66.5899,540.0,332.04556,273.0,11.45,0.0,0.0,,1.0
2020-09-02 14:00:00+08:00,5.6938567,239.38147,17.8,1010.2494,64.00419,495.0,306.70047,260.0,10.9,0.0,0.0,,1.0
2020-09-02 15:00:00+08:00,5.220153,233.56905,17.0,1010.42456,69.58986,316.0,186.08844,191.0,11.4,0.0,0.1,,1.0
2020-09-02 16:00:00+08:00,4.360046,233.39284,16.9,1010.4217,71.199196,282.0,184.0375,185.0,11.65,0.0,0.1,,1.0
2020-09-02 17:00:00+08:00,4.0496917,237.09476,16.65,1010.71185,70.91709,168.0,198.76372,100.0,11.35,0.0,0.0,,1.0
2020-09-02 18:00:00+08:00,1.8357561,240.64233,16.05,1011.19025,73.92266,51.0,153.57018,29.0,11.4,0.0,0.0,,1.0
2020-09-02 19:00:00+08:00,1.6643317,237.26477,15.0,1011.55615,78.54532,0.0,0.0,0.0,11.3,0.0,0.1,,0.0
2020-09-02 20:00:00+08:00,2.280351,217.87505,14.5,1012.037,80.58239,0.0,0.0,0.0,11.2,0.0,0.1,,0.0
2020-09-02 21:00:00+08:00,1.7029386,220.23628,15.7,1012.17175,71.20927,0.0,0.0,0.0,10.5,0.0,0.0,,0.0
2020-09-02 22:00:00+08:00,1.7088008,200.55612,15.65,1012.46765,70.25611,0.0,0.0,0.0,10.25,0.0,0.0,,0.0
2020-09-02 23:00:00+08:00,1.6278821,169.3804,15.95,1012.3774,68.006424,0.0,0.0,0.0,10.05,0.0,0.0,,0.0
2020-09-03 00:00:00+08:00,1.2727922,135.0001,15.6,1012.06946,69.31349,0.0,0.0,0.0,10.0,0.0,0.0,,0.0
2020-09-03 01:00:00+08:00,1.431782,114.775116,14.5,1012.1362,73.4047,0.0,0.0,0.0,9.8,0.0,0.0,,0.0
2020-09-03 02:00:00+08:00,1.6492423,104.03627,12.35,1011.77466,81.64992,0.0,0.0,0.0,9.3,0.0,0.0,,0.0
2020-09-03 03:00:00+08:00,1.7262677,79.99209,11.15,1011.3418,87.49012,0.0,0.0,0.0,9.15,0.0,0.0,,0.0
2020-09-03 04:00:00+08:00,1.8027756,56.3099,11.35,1010.9511,88.09878,0.0,0.0,0.0,9.45,0.0,0.0,,0.0
2020-09-03 05:00:00+08:00,2.1400933,52.594578,10.7,1011.1298,90.448364,0.0,0.0,0.0,9.2,0.0,0.0,,0.0
2020-09-03 06:00:00+08:00,1.8027756,56.3099,10.35,1011.6148,89.51155,0.0,0.0,0.0,8.7,0.0,0.0,,0.0
2020-09-03 07:00:00+08:00,2.0,53.13002,10.25,1011.90936,89.5037,8.0,45.89282,5.0,8.6,0.0,0.0,,1.0
2020-09-03 08:00:00+08:00,2.6627054,55.713078,13.9,1013.0108,82.122826,140.0,460.06424,50.0,10.9,0.0,0.0,,1.0
2020-09-03 09:00:00+08:00,2.280351,52.124958,16.5,1013.7816,72.310356,309.0,430.36063,136.0,11.5,0.0,0.0,,1.0
2020-09-03 10:00:00+08:00,0.86023253,35.537766,17.85,1014.0194,63.803055,501.0,572.1652,171.0,10.9,0.0,0.0,,1.0
2020-09-03 11:00:00+08:00,0.781025,230.19447,18.65,1013.7451,60.679577,646.0,632.74866,198.0,10.9,0.0,0.0,,1.0
2020-09-03 12:00:00+08:00,1.9209373,231.34016,19.2,1013.4632,57.282475,712.0,610.0359,232.0,10.55,0.0,0.0,,1.0
2020-09-03 13:00:00+08:00,4.022437,235.1246,18.9,1012.8595,64.036,700.0,531.0464,271.0,11.95,0.0,0.0,,1.0
2020-09-03 14:00:00+08:00,4.6400433,232.88306,18.25,1012.44415,64.95747,613.0,405.4082,301.0,11.55,0.0,0.0,,1.0
2020-09-03 15:00:00+08:00,4.3863425,226.8476,18.45,1012.2518,62.8873,560.0,446.1121,259.0,11.25,0.0,0.0,,1.0
2020-09-03 16:00:00+08:00,4.482187,218.65984,18.05,1012.33923,65.77838,396.0,349.26544,211.0,11.55,0.0,0.0,,1.0
2020-09-03 17:00:00+08:00,3.577709,206.56499,17.35,1012.5172,70.35089,272.0,496.53934,101.0,11.9,0.0,0.0,,1.0
2020-09-03 18:00:00+08:00,1.9235383,188.97255,16.0,1012.57697,78.69268,76.0,214.75932,45.0,12.3,0.0,0.0,,1.0
2020-09-03 19:00:00+08:00,1.6492423,165.96373,14.7,1012.7371,85.81909,0.0,0.0,0.0,12.35,0.0,0.0,,0.0
2020-09-03 20:00:00+08:00,1.9416488,124.50858,14.05,1013.0152,88.91592,0.0,0.0,0.0,12.25,0.0,0.0,,0.0
2020-09-03 21:00:00+08:00,1.6124516,97.12492,13.9,1013.2091,88.32035,0.0,0.0,0.0,12.0,0.0,0.0,,0.0
2020-09-03 22:00:00+08:00,1.7117243,96.70974,13.35,1013.3909,89.44757,0.0,0.0,0.0,11.65,0.0,0.0,,0.0
2020-09-03 23:00:00+08:00,1.8439089,102.5288,13.2,1013.1882,89.73193,0.0,0.0,0.0,11.55,0.0,0.0,,0.0
2020-09-04 00:00:00+08:00,1.9235383,98.97255,13.0,1012.8847,89.7167,0.0,0.0,0.0,11.35,0.0,0.0,,0.0
2020-09-04 01:00:00+08:00,1.9104973,96.00892,12.25,1012.565,90.558685,0.0,0.0,0.0,10.75,0.0,0.0,,0.0
2020-09-04 02:00:00+08:00,2.0099752,95.7105,11.85,1012.25543,90.22884,0.0,0.0,0.0,10.3,0.0,0.0,,0.0
2020-09-04 03:00:00+08:00,2.2022717,92.60251,11.75,1011.9547,89.62068,0.0,0.0,0.0,10.1,0.0,0.0,,0.0
2020-09-04 04:00:00+08:00,2.4,90.0,11.65,1011.6544,89.31362,0.0,0.0,0.0,9.95,0.0,0.0,,0.0
2020-09-04 05:00:00+08:00,2.6019223,92.20255,11.6,1012.0495,89.0111,0.0,0.0,0.0,9.85,0.0,0.0,,0.0
2020-09-04 06:00:00+08:00,3.0066593,93.814,11.65,1012.2493,88.717636,0.0,0.0,0.0,9.85,0.0,0.0,,0.0
2020-09-04 07:00:00+08:00,3.4058774,93.366394,11.9,1012.5542,88.14708,9.0,59.16148,5.0,10.0,0.0,0.0,,1.0
2020-09-04 08:00:00+08:00,4.104875,87.20736,13.95,1013.2107,82.12916,152.0,529.7394,46.0,10.95,0.0,0.0,,1.0
2020-09-04 09:00:00+08:00,3.7121422,94.635376,16.6,1013.58636,73.289825,368.0,735.56036,69.0,11.8,0.0,0.0,,1.0
2020-09-04 10:00:00+08:00,3.2280025,106.18928,18.55,1013.5439,63.537285,566.0,836.21075,80.0,11.5,0.0,0.0,,1.0
2020-09-04 11:00:00+08:00,2.4698176,121.75944,19.9,1012.9877,58.801163,718.0,885.8695,87.0,11.6,0.0,0.0,,1.0
2020-09-04 12:00:00+08:00,2.236068,169.6952,20.8,1012.41797,56.73466,810.0,910.39655,90.0,11.9,0.0,0.0,,1.0
2020-09-04 13:00:00+08:00,3.8600519,196.55714,20.7,1011.42334,61.3581,834.0,914.2996,92.0,13.0,0.0,0.0,,1.0
2020-09-04 14:00:00+08:00,4.808326,196.9276,20.1,1010.5137,68.61888,785.0,891.3936,96.0,14.15,0.0,0.0,,1.0
2020-09-04 15:00:00+08:00,5.748913,193.06932,19.6,1009.70624,70.09412,676.0,870.6028,86.0,14.0,0.0,0.0,,1.0
2020-09-04 16:00:00+08:00,5.842089,186.88162,18.6,1009.67737,68.54306,509.0,811.5989,77.0,12.7,0.0,0.0,,1.0
2020-09-04 17:00:00+08:00,5.1009803,178.87672,18.1,1009.56396,69.80462,302.0,689.47375,63.0,12.5,0.0,0.0,,1.0
2020-09-04 18:00:00+08:00,4.3289723,173.36758,17.0,1009.63116,76.80629,93.0,419.43686,32.0,12.9,0.0,0.0,,1.0
2020-09-04 19:00:00+08:00,4.0804415,162.89719,16.05,1009.80194,81.855545,0.0,0.0,0.0,12.95,0.0,0.0,,0.0
2020-09-04 20:00:00+08:00,3.2449963,146.3099,15.25,1010.076,84.20499,0.0,0.0,0.0,12.6,0.0,0.0,,0.0
2020-09-04 21:00:00+08:00,2.8017852,145.17545,14.4,1010.15015,89.236336,0.0,0.0,0.0,12.65,0.0,0.0,,0.0
2020-09-04 22:00:00+08:00,2.8319604,137.86247,14.05,1009.9413,89.79635,0.0,0.0,0.0,12.4,0.0,0.0,,0.0
2020-09-04 23:00:00+08:00,2.4839485,130.10085,13.5,1009.6273,89.754745,0.0,0.0,0.0,11.85,0.0,0.0,,0.0
2020-09-05 00:00:00+08:00,2.607681,122.471176,13.1,1009.1199,88.54434,0.0,0.0,0.0,11.25,0.0,0.0,,0.0
2020-09-05 01:00:00+08:00,2.505993,118.61037,12.7,1008.81036,87.63209,0.0,0.0,0.0,10.7,0.0,0.0,,0.0
2020-09-05 02:00:00+08:00,2.34094,109.98319,12.25,1008.20215,87.59112,0.0,0.0,0.0,10.25,0.0,0.0,,0.0
2020-09-05 03:00:00+08:00,2.0396078,101.3099,11.65,1007.6883,88.717636,0.0,0.0,0.0,9.85,0.0,0.0,,0.0
2020-09-05 04:00:00+08:00,1.9104973,96.00892,11.1,1007.17584,89.57023,0.0,0.0,0.0,9.45,0.0,0.0,,0.0
2020-09-05 05:00:00+08:00,1.7029387,93.366394,10.55,1007.0603,90.742836,0.0,0.0,0.0,9.1,0.0,0.0,,0.0
2020-09-05 06:00:00+08:00,1.9026297,86.98728,9.9,1007.2386,91.6229,0.0,0.0,0.0,8.6,0.0,0.0,,0.0
2020-09-05 07:00:00+08:00,1.7117243,83.29026,11.05,1007.5708,89.26574,10.0,57.2554,6.0,9.35,0.0,0.0,,1.0
2020-09-05 08:00:00+08:00,2.376973,104.62092,14.25,1007.9642,81.35417,156.0,542.5734,45.0,11.1,0.0,0.0,,1.0
2020-09-05 09:00:00+08:00,1.7804494,128.15727,17.15,1007.65216,72.667145,373.0,744.5315,67.0,12.2,0.0,0.0,,1.0
2020-09-05 10:00:00+08:00,1.7117243,186.70975,19.1,1007.41064,67.75242,572.0,843.55145,78.0,13.0,0.0,0.0,,1.0
2020-09-05 11:00:00+08:00,3.1064448,213.17853,19.7,1007.2297,68.09531,724.0,891.7727,85.0,13.65,0.0,0.0,,1.0
2020-09-05 12:00:00+08:00,3.9446166,210.46547,19.6,1006.9293,67.85401,815.0,913.35986,89.0,13.5,0.0,0.0,,1.0
2020-09-05 13:00:00+08:00,4.159327,207.18103,19.55,1006.72943,68.73246,838.0,917.5247,90.0,13.65,0.0,0.0,,1.0
2020-09-05 14:00:00+08:00,3.9357338,207.21602,19.45,1005.93317,73.787926,792.0,905.6076,89.0,14.65,0.0,0.0,,1.0
2020-09-05 15:00:00+08:00,3.758989,208.61037,19.25,1005.62994,77.65325,678.0,871.2365,85.0,15.25,0.0,0.0,,1.0
2020-09-05 16:00:00+08:00,3.3615475,210.37904,18.85,1005.2219,79.359344,505.0,794.59344,80.0,15.2,0.0,0.0,,1.0
2020-09-05 17:00:00+08:00,3.448188,209.53868,18.25,1005.6013,79.27445,297.0,653.50494,69.0,14.6,0.0,0.0,,1.0
2020-09-05 18:00:00+08:00,1.8788295,205.2011,16.8,1005.6587,83.83338,92.0,402.69485,33.0,14.05,0.0,0.0,,1.0
2020-09-05 19:00:00+08:00,2.4186773,187.12492,14.6,1005.49524,89.8377,0.0,0.0,0.0,12.95,0.0,0.0,,0.0
2020-09-05 20:00:00+08:00,1.9697715,156.0375,14.75,1005.5988,86.38926,0.0,0.0,0.0,12.5,0.0,0.0,,0.0
2020-09-05 21:00:00+08:00,1.0816654,123.6901,16.25,1005.64264,80.02926,0.0,0.0,0.0,12.8,0.0,0.0,,0.0
2020-09-05 22:00:00+08:00,0.7,90.0,15.9,1005.3351,80.243546,0.0,0.0,0.0,12.5,0.0,0.0,,0.0
2020-09-05 23:00:00+08:00,0.5830952,59.03632,13.8,1004.6786,85.72658,0.0,0.0,0.0,11.45,0.0,0.0,,0.0
2020-09-06 00:00:00+08:00,1.2206556,34.9921,12.5,1004.0449,90.877335,0.0,0.0,0.0,11.05,0.0,0.0,,0.0
2020-09-06 01:00:00+08:00,1.6552945,25.016869,12.65,1003.75183,90.88755,0.0,0.0,0.0,11.2,0.0,0.0,,0.0
2020-09-06 02:00:00+08:00,1.8439089,12.528798,12.55,1003.25323,91.78883,0.0,0.0,0.0,11.25,0.0,0.0,,0.0
2020-09-06 03:00:00+08:00,2.2022717,357.3975,12.95,1002.6703,91.51075,0.0,0.0,0.0,11.6,0.0,0.0,,0.0
2020-09-06 04:00:00+08:00,2.109502,354.55975,13.2,1002.38007,91.52663,0.0,0.0,0.0,11.85,0.0,0.0,,0.0
2020-09-06 05:00:00+08:00,2.408319,355.23645,13.7,1002.19653,90.66018,0.0,0.0,0.0,12.2,0.0,0.0,,0.0
2020-09-06 06:00:00+08:00,2.6925821,344.93146,14.3,1002.11487,89.815186,0.0,0.0,0.0,12.65,0.0,0.0,,0.0
2020-09-06 07:00:00+08:00,2.9410882,342.18103,14.85,1002.2304,89.56371,9.0,41.600605,6.0,13.15,0.0,0.0,,1.0
2020-09-06 08:00:00+08:00,3.6235344,332.02063,16.95,1002.39056,84.12231,130.0,344.38812,58.0,14.25,0.0,0.0,,1.0
2020-09-06 09:00:00+08:00,5.4378304,302.22873,18.95,1002.6462,71.81397,374.0,729.25165,71.0,13.75,0.0,0.0,,1.0
2020-09-06 10:00:00+08:00,6.4350605,302.94922,19.65,1002.6661,67.86417,520.0,627.0845,150.0,13.55,0.0,0.0,,1.0
2020-09-06 11:00:00+08:00,6.989278,303.91745,20.3,1002.48596,65.186905,669.0,678.42706,180.0,13.55,0.0,0.0,,1.0
2020-09-06 12:00:00+08:00,7.7369246,296.89615,20.45,1002.292,64.796455,743.0,649.6878,224.0,13.6,0.0,0.0,,1.0
2020-09-06 13:00:00+08:00,7.7369246,296.89615,20.3,1001.79175,65.39928,688.0,533.64545,251.0,13.6,0.0,0.0,,1.0
2020-09-06 14:00:00+08:00,7.7897367,299.1974,20.15,1001.8868,67.30739,567.0,301.44644,332.0,13.9,0.0,0.1,,1.0
2020-09-06 15:00:00+08:00,6.9462223,292.8737,19.5,1001.8685,75.96545,328.0,96.5522,262.0,15.15,0.0,0.1,,1.0
2020-09-06 16:00:00+08:00,7.186793,291.2093,19.2,1001.9589,80.947685,246.0,124.6679,179.0,15.85,0.0,0.2,,1.0
2020-09-06 17:00:00+08:00,5.9076223,303.9591,19.0,1001.8541,82.4885,180.0,242.08008,95.0,15.95,0.0,0.0,,1.0
2020-09-06 18:00:00+08:00,5.882177,305.31128,18.6,1002.0411,83.76923,63.0,182.94104,36.0,15.8,0.0,0.0,,1.0
2020-09-06 19:00:00+08:00,5.5542774,293.33405,18.5,1002.63336,84.56512,0.0,0.0,0.0,15.85,0.0,0.0,,0.0
2020-09-06 20:00:00+08:00,5.8051705,312.2072,18.4,1002.4322,81.102516,0.0,0.0,0.0,15.1,0.0,0.0,,0.0
2020-09-06 21:00:00+08:00,5.7999997,313.6029,17.8,1002.8116,86.407646,0.0,0.0,0.0,15.5,0.0,0.0,,0.0
2020-09-06 22:00:00+08:00,5.9464273,312.27362,17.95,1002.5185,86.146,0.0,0.0,0.0,15.6,0.0,0.0,,0.0
2020-09-06 23:00:00+08:00,7.021396,296.20004,17.8,1002.01825,90.07353,0.0,0.0,0.0,16.15,0.0,0.2,,0.0
2020-09-07 00:00:00+08:00,7.156815,285.3956,17.65,1001.91486,90.06268,0.0,0.0,0.0,16.0,0.0,0.6,,0.0
2020-09-07 01:00:00+08:00,6.1073728,272.8155,17.45,1002.1073,90.915375,0.0,0.0,0.0,15.95,0.0,0.5,,0.0
2020-09-07 02:00:00+08:00,5.1662364,222.64667,17.25,1002.3,92.36582,0.0,0.0,0.0,16.0,0.0,1.3,,0.0
2020-09-07 03:00:00+08:00,6.4070277,214.18617,16.6,1002.7772,91.738266,0.0,0.0,0.0,15.25,0.0,1.0,,0.0
2020-09-07 04:00:00+08:00,6.3820057,215.4334,16.3,1003.16504,89.38532,0.0,0.0,0.0,14.55,0.0,0.6,,0.0
2020-09-07 05:00:00+08:00,5.7628117,218.65982,16.15,1004.35065,87.08917,0.0,0.0,0.0,14.0,0.0,0.8,,0.0
2020-09-07 06:00:00+08:00,5.714018,212.85571,16.35,1005.1499,78.48632,0.0,0.0,0.0,12.6,0.0,0.3,,0.0
2020-09-07 07:00:00+08:00,5.818075,208.76755,16.25,1006.2377,72.98592,5.0,0.0,5.0,11.4,0.0,0.0,,1.0
2020-09-07 08:00:00+08:00,5.412947,205.14474,16.2,1007.3272,72.97698,33.0,0.0,33.0,11.35,0.0,0.0,,1.0
2020-09-07 09:00:00+08:00,5.1478148,204.0755,17.1,1008.24567,65.3565,154.0,111.90995,107.0,10.55,0.0,0.0,,1.0
2020-09-07 10:00:00+08:00,5.456189,206.09537,17.85,1008.96173,59.886936,465.0,494.59613,171.0,9.95,0.0,0.0,,1.0
2020-09-07 11:00:00+08:00,4.88467,202.89058,18.25,1009.2707,57.6233,649.0,706.2123,137.0,9.75,0.0,0.0,,1.0
2020-09-07 12:00:00+08:00,4.648656,198.8248,18.35,1009.2734,55.371906,712.0,686.3531,161.0,9.25,0.0,0.0,,1.0
2020-09-07 13:00:00+08:00,4.7759814,199.57321,18.25,1009.2707,51.903446,691.0,543.4491,244.0,8.2,0.0,0.0,,1.0
2020-09-07 14:00:00+08:00,4.648656,198.8248,18.2,1009.4677,49.98425,704.0,675.73944,175.0,7.6,0.0,0.0,,1.0
2020-09-07 15:00:00+08:00,4.368066,195.94547,18.0,1009.462,49.252113,673.0,809.9408,117.0,7.2,0.0,0.0,,1.0
2020-09-07 16:00:00+08:00,3.8832974,191.88864,17.6,1009.9461,49.142776,515.0,783.37317,92.0,6.8,0.0,0.0,,1.0
2020-09-07 17:00:00+08:00,3.6124783,184.76355,16.95,1010.32404,51.204044,308.0,673.55695,70.0,6.8,0.0,0.0,,1.0
2020-09-07 18:00:00+08:00,2.408319,175.23645,15.25,1010.8693,58.45424,98.0,430.5132,34.0,7.15,0.0,0.0,,1.0
2020-09-07 19:00:00+08:00,2.624881,162.25523,14.3,1011.436,61.720825,1.0,0.0,1.0,7.05,0.0,0.0,,0.0
2020-09-07 20:00:00+08:00,2.280351,142.12495,13.3,1012.299,67.687965,0.0,0.0,0.0,7.45,0.0,0.0,,0.0
2020-09-07 21:00:00+08:00,2.1931713,114.22774,12.25,1012.6641,68.87426,0.0,0.0,0.0,6.7,0.0,0.0,,0.0
2020-09-07 22:00:00+08:00,2.4166093,114.44395,12.15,1012.8592,65.38418,0.0,0.0,0.0,5.85,0.0,0.0,,0.0
2020-09-07 23:00:00+08:00,2.2847319,113.198616,11.9,1012.8517,65.78304,0.0,0.0,0.0,5.7,0.0,0.0,,0.0
2020-09-08 00:00:00+08:00,2.0615528,104.03627,11.4,1012.73755,67.99134,0.0,0.0,0.0,5.7,0.0,0.0,,0.0
2020-09-08 01:00:00+08:00,2.1,90.0,11.0,1012.72546,69.57646,0.0,0.0,0.0,5.65,0.0,0.0,,0.0
2020-09-08 02:00:00+08:00,2.5019991,87.70944,10.85,1012.4232,69.5463,0.0,0.0,0.0,5.5,0.0,0.0,,0.0
2020-09-08 03:00:00+08:00,2.9017239,88.025116,10.9,1012.0282,67.65126,0.0,0.0,0.0,5.15,0.0,0.0,,0.0
2020-09-08 04:00:00+08:00,3.206244,86.423744,11.0,1012.13055,67.43755,0.0,0.0,0.0,5.2,0.0,0.0,,0.0
2020-09-08 05:00:00+08:00,3.1064448,93.691315,11.0,1012.72546,69.33588,0.0,0.0,0.0,5.6,0.0,0.0,,0.0
2020-09-08 06:00:00+08:00,3.4234486,96.70974,11.0,1013.5187,70.30262,0.0,0.0,0.0,5.8,0.0,0.0,,0.0
2020-09-08 07:00:00+08:00,4.004997,92.86235,11.55,1014.13007,69.44675,13.0,78.307274,7.0,6.15,0.0,0.0,,1.0
2020-09-08 08:00:00+08:00,4.5,90.0,13.95,1015.0947,66.90736,162.0,490.7695,55.0,7.9,0.0,0.0,,1.0
2020-09-08 09:00:00+08:00,4.491102,101.560104,15.85,1015.1509,60.62791,326.0,504.18173,112.0,8.25,0.0,0.0,,1.0
2020-09-08 10:00:00+08:00,4.4271884,108.43504,17.6,1015.1029,51.730347,562.0,768.21234,102.0,7.55,0.0,0.0,,1.0
2020-09-08 11:00:00+08:00,3.8078866,113.198616,19.0,1014.4492,50.71298,735.0,866.7347,103.0,8.55,0.0,0.0,,1.0
2020-09-08 12:00:00+08:00,2.86007,126.46933,20.2,1013.4918,49.348274,834.0,909.86926,100.0,9.25,0.0,0.0,,1.0
2020-09-08 13:00:00+08:00,2.34094,160.0168,21.0,1012.52295,47.770466,858.0,919.96387,98.0,9.5,0.0,0.0,,1.0
2020-09-08 14:00:00+08:00,4.2426405,188.13002,20.75,1011.5241,51.694477,803.0,885.399,107.0,10.45,0.0,0.0,,1.0
2020-09-08 15:00:00+08:00,5.7870545,189.95056,19.8,1011.0013,58.19665,699.0,887.7991,87.0,11.35,0.0,0.0,,1.0
2020-09-08 16:00:00+08:00,6.5276337,185.2738,18.9,1010.77686,62.574356,527.0,825.8097,79.0,11.6,0.0,0.0,,1.0
2020-09-08 17:00:00+08:00,6.0074954,177.13765,17.7,1010.34564,65.269295,315.0,705.9239,64.0,11.1,0.0,0.0,,1.0
2020-09-08 18:00:00+08:00,4.9335585,162.29948,16.5,1010.3108,67.217,100.0,440.80597,34.0,10.4,0.0,0.0,,1.0
2020-09-08 19:00:00+08:00,4.1880784,146.68936,15.8,1010.48883,68.891304,1.0,0.0,1.0,10.1,0.0,0.0,,0.0
2020-09-08 20:00:00+08:00,3.828838,130.76352,14.95,1010.66205,70.59219,0.0,0.0,0.0,9.65,0.0,0.0,,0.0
2020-09-08 21:00:00+08:00,2.996665,115.70991,14.15,1010.43994,72.60643,0.0,0.0,0.0,9.3,0.0,0.0,,0.0
2020-09-08 22:00:00+08:00,2.0248456,110.22495,13.05,1010.10986,77.20754,0.0,0.0,0.0,9.15,0.0,0.0,,0.0
2020-09-08 23:00:00+08:00,2.9274564,97.853226,11.6,1009.3724,82.38328,0.0,0.0,0.0,8.7,0.0,0.0,,0.0
2020-09-09 00:00:00+08:00,1.8027756,56.3099,14.95,1008.97626,61.452763,0.0,0.0,0.0,7.6,0.0,0.0,,0.0
2020-09-09 01:00:00+08:00,1.7262677,10.007925,14.95,1008.67883,58.180138,0.0,0.0,0.0,6.8,0.0,0.0,,0.0
2020-09-09 02:00:00+08:00,2.3706539,332.3541,11.25,1007.7752,75.10195,0.0,0.0,0.0,7.0,0.0,0.0,,0.0
2020-09-09 03:00:00+08:00,2.1931713,335.77228,11.3,1006.9835,78.25358,0.0,0.0,0.0,7.65,0.0,0.0,,0.0
2020-09-09 04:00:00+08:00,2.158703,13.392516,11.25,1006.3871,73.825226,0.0,0.0,0.0,6.75,0.0,0.0,,0.0
2020-09-09 05:00:00+08:00,2.433105,9.462248,12.4,1006.4218,65.89223,0.0,0.0,0.0,6.2,0.0,0.0,,0.0
2020-09-09 06:00:00+08:00,2.8160257,343.49554,12.9,1006.73413,67.604416,0.0,0.0,0.0,7.05,0.0,0.0,,0.0
2020-09-09 07:00:00+08:00,2.84605,341.56494,13.65,1007.2523,76.015686,14.0,88.75688,7.0,9.5,0.0,0.0,,1.0
2020-09-09 08:00:00+08:00,3.3421547,321.07245,17.25,1007.9526,84.70081,170.0,539.35834,50.0,14.65,0.0,0.0,,1.0
2020-09-09 09:00:00+08:00,4.5188494,294.86368,18.9,1008.29755,77.350914,349.0,599.21216,92.0,14.85,0.0,0.0,,1.0
2020-09-09 10:00:00+08:00,3.8910153,295.90643,19.55,1008.01874,73.330795,537.0,663.2054,137.0,14.65,0.0,0.0,,1.0
2020-09-09 11:00:00+08:00,4.215448,292.30624,20.1,1007.73663,70.18978,704.0,785.4707,128.0,14.5,0.0,0.0,,1.0
2020-09-09 12:00:00+08:00,4.2544093,293.55228,20.65,1007.15735,64.839676,816.0,889.47736,95.0,13.8,0.0,0.0,,1.0
2020-09-09 13:00:00+08:00,3.9812057,295.27768,21.1,1006.37665,57.37171,802.0,829.2368,114.0,12.35,0.0,0.0,,1.0
2020-09-09 14:00:00+08:00,3.2649658,297.3498,21.5,1005.59454,52.757915,764.0,828.5886,110.0,11.45,0.0,0.0,,1.0
2020-09-09 15:00:00+08:00,2.7294688,298.4428,22.0,1004.61664,51.340126,675.0,846.5838,89.0,11.5,0.0,0.0,,1.0
2020-09-09 16:00:00+08:00,2.2847319,293.1986,21.95,1003.82153,55.00245,513.0,798.1598,78.0,12.5,0.0,0.0,,1.0
2020-09-09 17:00:00+08:00,2.0223749,278.53067,20.95,1003.4963,64.90436,307.0,679.2135,64.0,14.1,0.0,0.0,,1.0
2020-09-09 18:00:00+08:00,1.6124516,277.1249,18.15,1003.7142,79.00468,98.0,431.06607,33.0,14.45,0.0,0.0,,1.0
2020-09-09 19:00:00+08:00,2.5495098,311.82007,17.35,1004.2862,80.44122,1.0,0.0,1.0,13.95,0.0,0.0,,0.0
2020-09-09 20:00:00+08:00,2.842534,320.7106,16.7,1005.06085,84.09414,0.0,0.0,0.0,14.0,0.0,0.0,,0.0
2020-09-09 21:00:00+08:00,4.118252,330.9455,17.3,1004.97906,71.5092,0.0,0.0,0.0,12.1,0.0,0.0,,0.0
2020-09-09 22:00:00+08:00,5.10392,325.37576,18.0,1004.9001,70.93883,0.0,0.0,0.0,12.65,0.0,0.0,,0.0
2020-09-09 23:00:00+08:00,5.7801385,322.73352,18.15,1004.7059,76.48849,0.0,0.0,0.0,13.95,0.0,0.0,,0.0
2020-09-10 00:00:00+08:00,6.0440054,321.04407,18.5,1004.6168,82.42739,0.0,0.0,0.0,15.45,0.0,0.0,,0.0
2020-09-10 01:00:00+08:00,6.360031,306.68982,18.0,1004.8009,93.58759,0.0,0.0,0.0,16.95,0.0,0.3,,0.0
2020-09-10 02:00:00+08:00,5.8309517,292.16638,18.6,1004.61957,88.713196,0.0,0.0,0.0,16.7,0.0,0.2,,0.0
2020-09-10 03:00:00+08:00,5.770615,278.97253,18.1,1004.90295,88.10873,0.0,0.0,0.0,16.1,0.0,0.1,,0.0
2020-09-10 04:00:00+08:00,6.5,247.3801,17.25,1005.07666,90.32223,0.0,0.0,0.0,15.65,0.0,0.3,,0.0
2020-09-10 05:00:00+08:00,5.4037023,218.991,16.95,1005.6631,88.0095,0.0,0.0,0.0,14.95,0.0,0.3,,0.0
2020-09-10 06:00:00+08:00,4.244997,195.01842,16.55,1006.34564,87.69115,0.0,0.0,0.0,14.5,0.0,0.1,,0.0
2020-09-10 07:00:00+08:00,4.1,192.68037,16.75,1007.04553,86.30498,7.0,12.329651,6.0,14.45,0.0,0.0,,1.0
2020-09-10 08:00:00+08:00,4.016217,198.88618,16.85,1007.94116,81.956955,64.0,30.846563,57.0,13.75,0.0,0.0,,1.0
2020-09-10 09:00:00+08:00,4.3863425,204.22774,17.5,1008.85236,72.73007,114.0,11.538923,109.0,12.55,0.0,0.0,,1.0
2020-09-10 10:00:00+08:00,5.314132,199.79897,17.35,1009.3438,73.18179,200.0,51.03417,169.0,12.5,0.0,0.0,,1.0
2020-09-10 11:00:00+08:00,4.6572523,194.93147,17.9,1009.3599,69.76574,350.0,153.23582,237.0,12.3,0.0,0.0,,1.0
2020-09-10 12:00:00+08:00,4.535416,194.03627,18.05,1009.0666,69.11085,410.0,185.40616,259.0,12.3,0.0,0.0,,1.0
2020-09-10 13:00:00+08:00,4.9729266,195.15411,18.55,1008.58527,67.64017,686.0,507.68106,263.0,12.45,0.0,0.0,,1.0
2020-09-10 14:00:00+08:00,4.8052053,192.01146,18.4,1008.3825,66.28836,630.0,582.9891,168.0,12.0,0.0,0.0,,1.0
2020-09-10 15:00:00+08:00,4.4553337,189.0394,18.3,1008.1813,63.06208,619.0,669.05115,154.0,11.15,0.0,0.0,,1.0
2020-09-10 16:00:00+08:00,4.609772,183.73132,17.75,1008.56213,63.35799,444.0,558.91376,138.0,10.7,0.0,0.0,,1.0
2020-09-10 17:00:00+08:00,5.200961,181.10168,17.05,1009.0377,63.411903,304.0,638.9589,74.0,10.05,0.0,0.0,,1.0
2020-09-10 18:00:00+08:00,4.9010205,178.83089,15.85,1009.4985,65.52362,97.0,395.1351,37.0,9.4,0.0,0.0,,1.0
2020-09-10 19:00:00+08:00,4.8373547,172.87508,15.35,1010.17804,66.52693,1.0,0.0,1.0,9.15,0.0,0.0,,0.0
2020-09-10 20:00:00+08:00,4.368066,164.05453,14.8,1010.9551,69.15404,0.0,0.0,0.0,9.2,0.0,0.0,,0.0
2020-09-10 21:00:00+08:00,3.6769552,157.61983,14.4,1011.24084,69.541794,0.0,0.0,0.0,8.9,0.0,0.0,,0.0
2020-09-10 22:00:00+08:00,3.275668,148.73633,13.8,1011.4214,71.811676,0.0,0.0,0.0,8.8,0.0,0.0,,0.0
2020-09-10 23:00:00+08:00,2.9832866,140.44037,13.4,1011.5084,71.980125,0.0,0.0,0.0,8.45,0.0,0.0,,0.0
2020-09-11 00:00:00+08:00,3.04795,131.00899,12.9,1011.19617,72.13149,0.0,0.0,0.0,8.0,0.0,0.0,,0.0
2020-09-11 01:00:00+08:00,3.1064448,123.17853,12.75,1011.0926,67.57301,0.0,0.0,0.0,6.9,0.0,0.0,,0.0
2020-09-11 02:00:00+08:00,3.623534,129.40063,12.65,1010.79193,61.11829,0.0,0.0,0.0,5.35,0.0,0.0,,0.0
2020-09-11 03:00:00+08:00,3.720215,126.25393,12.55,1010.9873,61.09439,0.0,0.0,0.0,5.25,0.0,0.0,,0.0
2020-09-11 04:00:00+08:00,3.7215588,120.699646,12.3,1010.9797,62.538036,0.0,0.0,0.0,5.35,0.0,0.0,,0.0
2020-09-11 05:00:00+08:00,3.7735925,122.00535,12.15,1011.1736,61.854324,0.0,0.0,0.0,5.05,0.0,0.0,,0.0
2020-09-11 06:00:00+08:00,3.7121422,117.25525,12.05,1011.7657,60.339497,0.0,0.0,0.0,4.6,0.0,0.0,,0.0
2020-09-11 07:00:00+08:00,3.8078866,113.198616,12.35,1012.5679,59.992527,16.0,83.981224,9.0,4.8,0.0,0.0,,1.0
2020-09-11 08:00:00+08:00,4.68188,109.98319,14.2,1013.11896,61.06587,163.0,466.7541,55.0,6.8,0.0,0.0,,1.0
2020-09-11 09:00:00+08:00,4.2953463,114.775116,16.05,1013.2727,57.661636,338.0,582.53625,83.0,7.7,0.0,0.0,,1.0
2020-09-11 10:00:00+08:00,3.8948684,131.87779,17.95,1012.9314,53.250816,528.0,647.33496,132.0,8.3,0.0,0.0,,1.0
2020-09-11 11:00:00+08:00,3.8275316,160.1447,19.1,1012.56775,50.397717,647.0,674.2869,147.0,8.55,0.0,0.0,,1.0
2020-09-11 12:00:00+08:00,5.0358715,186.84268,19.45,1011.78455,51.005177,738.0,710.0487,157.0,9.05,0.0,0.0,,1.0
2020-09-11 13:00:00+08:00,6.806614,190.1542,18.9,1011.4711,53.860115,743.0,687.2211,168.0,9.35,0.0,0.0,,1.0
2020-09-11 14:00:00+08:00,7.368175,187.8001,18.4,1011.35767,53.36858,677.0,648.55054,161.0,8.75,0.0,0.0,,1.0
2020-09-11 15:00:00+08:00,7.467262,187.69595,18.05,1011.4467,54.18624,573.0,564.6208,179.0,8.65,0.0,0.0,,1.0
2020-09-11 16:00:00+08:00,7.653104,186.75348,17.3,1011.62335,59.354713,348.0,229.10902,222.0,9.3,0.0,0.0,,1.0
2020-09-11 17:00:00+08:00,7.8638415,187.30566,16.7,1012.3001,65.48815,275.0,488.76263,98.0,10.2,0.0,0.0,,1.0
2020-09-11 18:00:00+08:00,7.566373,187.59456,15.7,1013.0642,75.09581,81.0,307.39563,34.0,11.3,0.0,0.0,,1.0
2020-09-11 19:00:00+08:00,7.406079,182.32149,16.15,1013.7714,68.503044,1.0,0.0,1.0,10.35,0.0,0.0,,0.0
2020-09-11 20:00:00+08:00,6.906519,177.5105,16.0,1014.4611,72.941124,0.0,0.0,0.0,11.15,0.0,0.0,,0.0
2020-09-11 21:00:00+08:00,6.6370173,173.9459,15.75,1014.8505,74.85598,0.0,0.0,0.0,11.3,0.0,0.0,,0.0
2020-09-11 22:00:00+08:00,6.5490456,172.9836,15.6,1015.44104,76.07995,0.0,0.0,0.0,11.4,0.0,0.0,,0.0
2020-09-11 23:00:00+08:00,6.708204,169.6952,15.3,1015.5312,77.814316,0.0,0.0,0.0,11.45,0.0,0.0,,0.0
2020-09-12 00:00:00+08:00,6.0440054,163.66388,15.0,1015.4235,79.066956,0.0,0.0,0.0,11.4,0.0,0.0,,0.0
2020-09-12 01:00:00+08:00,5.6302757,160.27763,14.75,1015.41583,79.55616,0.0,0.0,0.0,11.25,0.0,0.0,,0.0
2020-09-12 02:00:00+08:00,5.7245083,152.98741,14.3,1015.4024,77.92054,0.0,0.0,0.0,10.5,0.0,0.0,,0.0
2020-09-12 03:00:00+08:00,6.4031243,141.34016,13.55,1015.28107,70.79933,0.0,0.0,0.0,8.35,0.0,0.0,,0.0
2020-09-12 04:00:00+08:00,6.438167,136.88817,13.15,1015.3683,70.00408,0.0,0.0,0.0,7.8,0.0,0.0,,0.0
2020-09-12 05:00:00+08:00,5.7999997,133.60289,12.65,1015.55133,69.19189,0.0,0.0,0.0,7.15,0.0,0.0,,0.0
2020-09-12 06:00:00+08:00,5.234501,136.54811,11.95,1016.2245,69.766426,0.0,0.0,0.0,6.6,0.0,0.0,,0.0
2020-09-12 07:00:00+08:00,5.5154333,135.0001,11.95,1016.91846,69.288345,20.0,116.79338,10.0,6.5,0.0,0.0,,1.0
2020-09-12 08:00:00+08:00,5.59017,132.82524,13.5,1018.0557,64.78695,196.0,610.46826,52.0,7.0,0.0,0.0,,1.0
2020-09-12 09:00:00+08:00,6.1846585,140.90614,15.5,1018.4131,53.704662,424.0,798.28644,71.0,6.15,0.0,0.0,,1.0
2020-09-12 10:00:00+08:00,6.741661,147.72438,17.1,1018.55914,47.17942,626.0,879.78235,84.0,5.75,0.0,0.0,,1.0
2020-09-12 11:00:00+08:00,6.5795135,155.77226,18.3,1017.9993,43.743748,782.0,926.7329,91.0,5.75,0.0,0.0,,1.0
2020-09-12 12:00:00+08:00,6.676077,163.46509,19.2,1017.4302,42.07188,874.0,948.8175,94.0,6.0,0.0,0.0,,1.0
2020-09-12 13:00:00+08:00,6.8593006,172.46065,19.6,1016.8469,41.608498,895.0,952.16113,95.0,6.2,0.0,0.0,,1.0
2020-09-12 14:00:00+08:00,8.0,180.0,19.1,1016.138,47.40942,843.0,940.213,92.0,7.65,0.0,0.0,,1.0
2020-09-12 15:00:00+08:00,8.502353,178.65215,18.55,1015.8249,51.807407,723.0,906.3767,88.0,8.45,0.0,0.0,,1.0
2020-09-12 16:00:00+08:00,8.683318,172.05663,18.1,1016.01013,53.833923,546.0,843.587,80.0,8.6,0.0,0.0,,1.0
2020-09-12 17:00:00+08:00,8.276473,168.14702,17.75,1016.1982,57.693233,330.0,721.93146,67.0,9.3,0.0,0.0,,1.0
2020-09-12 18:00:00+08:00,7.1309185,165.37909,16.8,1016.36884,62.302048,109.0,467.71735,37.0,9.55,0.0,0.0,,1.0
2020-09-12 19:00:00+08:00,6.8007355,160.23274,16.15,1016.64716,68.731895,1.0,0.0,1.0,10.4,0.0,0.0,,0.0
2020-09-12 20:00:00+08:00,6.2169123,154.25934,15.65,1017.2276,72.63637,0.0,0.0,0.0,10.75,0.0,0.0,,0.0
2020-09-12 21:00:00+08:00,5.0249376,148.84076,14.75,1017.59735,77.215515,0.0,0.0,0.0,10.8,0.0,0.0,,0.0
2020-09-12 22:00:00+08:00,3.940812,144.29323,13.85,1017.5705,76.04839,0.0,0.0,0.0,9.7,0.0,0.0,,0.0
2020-09-12 23:00:00+08:00,3.720215,143.74608,13.55,1017.46246,63.26114,0.0,0.0,0.0,6.7,0.0,0.0,,0.0
2020-09-13 00:00:00+08:00,3.720215,143.74608,13.05,1017.0508,56.905766,0.0,0.0,0.0,4.7,0.0,0.0,,0.0
2020-09-13 01:00:00+08:00,3.905125,140.19447,12.6,1016.9382,55.21928,0.0,0.0,0.0,3.85,0.0,0.0,,0.0
2020-09-13 02:00:00+08:00,3.9597979,135.0001,12.3,1016.43317,54.177288,0.0,0.0,0.0,3.3,0.0,0.0,,0.0
2020-09-13 03:00:00+08:00,3.764306,129.61066,12.0,1016.1269,53.90665,0.0,0.0,0.0,2.95,0.0,0.0,,0.0
2020-09-13 04:00:00+08:00,3.6619666,124.992096,12.0,1015.9285,53.148205,0.0,0.0,0.0,2.75,0.0,0.0,,0.0
2020-09-13 05:00:00+08:00,3.6715121,119.357666,12.15,1016.13135,52.06899,0.0,0.0,0.0,2.6,0.0,0.0,,0.0
2020-09-13 06:00:00+08:00,3.8483763,114.56716,12.25,1016.1346,52.096127,0.0,0.0,0.0,2.7,0.0,0.0,,0.0
2020-09-13 07:00:00+08:00,3.9849718,107.52566,12.8,1016.44855,54.500675,21.0,125.12553,10.0,3.85,0.0,0.0,,1.0
2020-09-13 08:00:00+08:00,4.7518415,98.47106,15.8,1016.53784,54.154766,196.0,598.9485,52.0,6.55,0.0,0.0,,1.0
2020-09-13 09:00:00+08:00,4.9648767,99.27253,18.85,1016.6269,49.315716,424.0,788.0372,72.0,8.0,0.0,0.0,,1.0
2020-09-13 10:00:00+08:00,4.632494,103.73629,21.05,1016.2929,44.21795,629.0,880.081,83.0,8.4,0.0,0.0,,1.0
2020-09-13 11:00:00+08:00,4.3324356,108.85326,22.6,1015.94037,40.361397,784.0,926.9907,89.0,8.45,0.0,0.0,,1.0
2020-09-13 12:00:00+08:00,3.9962482,121.701385,23.7,1014.7809,39.327114,873.0,943.2244,94.0,9.05,0.0,0.0,,1.0
2020-09-13 13:00:00+08:00,3.9115214,147.52882,24.4,1013.6101,39.129387,889.0,941.1271,95.0,9.6,0.0,0.0,,1.0
2020-09-13 14:00:00+08:00,5.178803,169.99208,24.2,1012.4141,43.335865,834.0,925.3375,92.0,10.95,0.0,0.0,,1.0
2020-09-13 15:00:00+08:00,6.4031243,178.21013,23.1,1011.6893,54.399708,715.0,891.4508,88.0,13.4,0.0,0.0,,1.0
2020-09-13 16:00:00+08:00,7.300685,180.7848,22.2,1011.3667,60.90964,539.0,827.2827,80.0,14.3,0.0,0.0,,1.0
2020-09-13 17:00:00+08:00,8.600582,180.66618,19.75,1011.793,67.66406,325.0,706.7894,66.0,13.6,0.0,0.0,,1.0
2020-09-13 18:00:00+08:00,8.884255,168.31065,18.4,1012.34937,71.4793,108.0,458.14523,37.0,13.15,0.0,0.0,,1.0
2020-09-13 19:00:00+08:00,8.434453,169.75597,18.3,1012.7432,77.50923,1.0,0.0,1.0,14.3,0.0,0.0,,0.0
2020-09-13 20:00:00+08:00,7.788453,164.3577,18.0,1012.83374,79.495445,0.0,0.0,0.0,14.4,0.0,0.0,,0.0
2020-09-13 21:00:00+08:00,7.038466,157.44272,17.65,1012.8236,81.00407,0.0,0.0,0.0,14.35,0.0,0.0,,0.0
2020-09-13 22:00:00+08:00,5.6938567,149.38147,16.95,1012.60486,81.439026,0.0,0.0,0.0,13.75,0.0,0.0,,0.0
2020-09-13 23:00:00+08:00,4.609772,139.39879,16.35,1012.2899,72.52255,0.0,0.0,0.0,11.4,0.0,0.0,,0.0
2020-09-14 00:00:00+08:00,3.9698865,130.91429,16.1,1011.4891,55.930225,0.0,0.0,0.0,7.3,0.0,0.0,,0.0
2020-09-14 01:00:00+08:00,3.7215588,120.699646,16.2,1010.99634,45.158916,0.0,0.0,0.0,4.3,0.0,0.0,,0.0
2020-09-14 02:00:00+08:00,4.1761227,106.699326,17.0,1010.3253,38.753723,0.0,0.0,0.0,2.85,0.0,0.0,,0.0
2020-09-14 03:00:00+08:00,6.1073728,92.8155,18.25,1009.6673,31.498999,0.0,0.0,0.0,1.05,0.0,0.0,,0.0
2020-09-14 04:00:00+08:00,7.3171034,86.08183,18.45,1008.87994,29.362272,0.0,0.0,0.0,0.25,0.0,0.0,,0.0
2020-09-14 05:00:00+08:00,8.515867,80.53775,18.4,1008.9776,28.097408,0.0,0.0,0.0,-0.4,0.0,0.0,,0.0
2020-09-14 06:00:00+08:00,8.747571,79.46087,18.2,1009.4677,27.433544,0.0,0.0,0.0,-0.9,0.0,0.0,,0.0
2020-09-14 07:00:00+08:00,8.336066,79.633736,18.05,1009.7608,29.354383,23.0,133.00761,11.0,-0.1,0.0,0.0,,1.0
2020-09-14 08:00:00+08:00,8.228001,73.76758,19.25,1009.8945,34.61239,197.0,595.9431,51.0,3.25,0.0,0.0,,1.0
2020-09-14 09:00:00+08:00,7.8434687,70.640915,22.15,1009.8773,34.124012,419.0,771.3098,71.0,5.6,0.0,0.0,,1.0
2020-09-14 10:00:00+08:00,7.2897186,63.083534,24.9,1009.7554,33.74117,618.0,859.5569,81.0,7.85,0.0,0.0,,1.0
2020-09-14 11:00:00+08:00,6.021628,54.46224,27.15,1009.2217,32.68963,746.0,818.4733,129.0,9.35,0.0,0.0,,1.0
2020-09-14 12:00:00+08:00,4.404543,50.52757,28.3,1008.6575,32.791866,645.0,417.0218,299.0,10.4,0.0,0.0,,1.0
2020-09-14 13:00:00+08:00,2.3345237,46.73567,29.6,1007.60114,32.28859,761.0,711.8185,158.0,11.3,0.0,0.0,,1.0
2020-09-14 14:00:00+08:00,0.92195445,12.528798,30.1,1006.6223,32.001896,774.0,768.9811,155.0,11.6,0.0,0.0,,1.0
2020-09-14 15:00:00+08:00,3.7443287,214.11452,27.95,1006.06915,48.075092,674.0,773.283,128.0,15.95,0.0,0.0,,1.0
2020-09-14 16:00:00+08:00,6.258594,192.926,24.2,1006.1652,53.801052,437.0,486.33127,166.0,14.25,0.0,0.0,,1.0
2020-09-14 17:00:00+08:00,4.004997,182.86235,23.05,1006.7288,54.742462,203.0,230.61807,118.0,13.45,0.0,0.0,,1.0
2020-09-14 18:00:00+08:00,3.8052595,176.98727,22.0,1006.99695,56.29053,68.0,166.66856,42.0,12.9,0.0,0.0,,1.0
2020-09-14 19:00:00+08:00,3.5171013,165.17348,20.55,1007.35297,60.52576,1.0,0.0,1.0,12.65,0.0,0.0,,0.0
2020-09-14 20:00:00+08:00,3.0463092,156.80138,19.45,1008.11505,62.905533,0.0,0.0,0.0,12.2,0.0,0.0,,0.0
2020-09-14 21:00:00+08:00,3.7443287,145.88548,19.05,1008.20276,64.28023,0.0,0.0,0.0,12.15,0.0,0.0,,0.0
2020-09-14 22:00:00+08:00,3.3241541,136.2188,18.65,1007.9931,65.04428,0.0,0.0,0.0,11.95,0.0,0.0,,0.0
2020-09-14 23:00:00+08:00,2.7802877,127.694305,18.15,1007.38354,64.72131,0.0,0.0,0.0,11.4,0.0,0.0,,0.0
2020-09-15 00:00:00+08:00,2.6627054,124.286934,16.95,1007.0515,67.31053,0.0,0.0,0.0,10.85,0.0,0.0,,0.0
2020-09-15 01:00:00+08:00,1.17047,250.0168,18.8,1007.00543,59.715084,0.0,0.0,0.0,10.8,0.0,0.0,,0.0
2020-09-15 02:00:00+08:00,0.41231057,345.9637,18.2,1006.5917,66.90437,0.0,0.0,0.0,11.95,0.0,0.0,,0.0
2020-09-15 03:00:00+08:00,1.3000001,337.3801,15.65,1006.12115,77.3554,0.0,0.0,0.0,11.7,0.0,0.0,,0.0
2020-09-15 04:00:00+08:00,1.2083046,335.55606,16.95,1006.0598,76.79843,0.0,0.0,0.0,12.85,0.0,0.0,,0.0
2020-09-15 05:00:00+08:00,1.0816654,303.6901,17.05,1006.36017,79.61989,0.0,0.0,0.0,13.5,0.0,0.0,,0.0
2020-09-15 06:00:00+08:00,0.9055385,83.659904,17.3,1006.96246,77.60871,0.0,0.0,0.0,13.35,0.0,0.0,,0.0
2020-09-15 07:00:00+08:00,1.0,36.86999,14.6,1007.6768,86.94339,25.0,151.28133,11.0,12.45,0.0,0.0,,1.0
2020-09-15 08:00:00+08:00,1.118034,349.69522,18.3,1008.1813,86.180565,205.0,613.0245,52.0,15.95,0.0,0.0,,1.0
2020-09-15 09:00:00+08:00,1.603122,273.57626,20.4,1008.63776,79.829315,428.0,772.44666,76.0,16.8,0.0,0.0,,1.0
2020-09-15 10:00:00+08:00,2.2203605,262.23492,21.45,1008.66754,76.51715,628.0,863.15857,85.0,17.15,0.0,0.0,,1.0
2020-09-15 11:00:00+08:00,3.1016126,249.22766,22.1,1008.58673,74.23951,781.0,910.36383,91.0,17.3,0.0,0.0,,1.0
2020-09-15 12:00:00+08:00,3.8013155,234.63745,22.15,1008.1912,72.85236,871.0,932.23773,94.0,17.05,0.0,0.0,,1.0
2020-09-15 13:00:00+08:00,4.62277,218.85338,22.2,1007.7961,69.03237,892.0,937.02924,95.0,16.25,0.0,0.0,,1.0
2020-09-15 14:00:00+08:00,5.1429563,206.56499,22.1,1007.99164,64.733734,843.0,929.4232,92.0,15.15,0.0,0.0,,1.0
2020-09-15 15:00:00+08:00,5.1546097,198.08354,21.7,1007.98016,68.057724,724.0,897.3058,88.0,15.55,0.0,0.0,,1.0
2020-09-15 16:00:00+08:00,5.1923018,195.6423,21.15,1008.2622,74.55185,547.0,832.71423,81.0,16.45,0.0,0.0,,1.0
2020-09-15 17:00:00+08:00,5.3150725,191.94415,20.2,1008.3346,79.54859,330.0,706.7921,68.0,16.55,0.0,0.0,,1.0
2020-09-15 18:00:00+08:00,4.2579336,189.46225,18.9,1008.99176,86.789215,111.0,471.28806,37.0,16.65,0.0,0.0,,1.0
2020-09-15 19:00:00+08:00,3.8209946,186.00891,18.1,1009.66315,90.3822,2.0,0.0,2.0,16.5,0.0,0.0,,0.0
2020-09-15 20:00:00+08:00,3.8209946,186.00891,17.75,1010.34717,90.069916,0.0,0.0,0.0,16.1,0.0,0.0,,0.0
2020-09-15 21:00:00+08:00,4.5177426,185.07951,17.8,1010.84436,88.93128,0.0,0.0,0.0,15.95,0.0,0.0,,0.0
2020-09-15 22:00:00+08:00,5.0089917,183.43356,17.7,1010.8415,91.22222,0.0,0.0,0.0,16.25,0.0,0.0,,0.0
2020-09-15 23:00:00+08:00,4.909175,176.49654,17.55,1010.73816,92.38275,0.0,0.0,0.0,16.3,0.0,0.0,,0.0
2020-09-16 00:00:00+08:00,3.981206,168.40785,17.2,1010.0338,92.06847,0.0,0.0,0.0,15.9,0.0,0.0,,0.0
2020-09-16 01:00:00+08:00,3.8639357,169.56258,16.85,1009.9245,92.04792,0.0,0.0,0.0,15.55,0.0,0.0,,0.0
2020-09-16 02:00:00+08:00,5.333854,173.54128,17.1,1010.0307,91.18341,0.0,0.0,0.0,15.65,0.0,0.0,,0.0
2020-09-16 03:00:00+08:00,5.6142673,175.91446,17.25,1009.6384,89.745705,0.0,0.0,0.0,15.55,0.0,0.0,,0.0
2020-09-16 04:00:00+08:00,6.1131005,176.24835,17.25,1009.6384,87.191185,0.0,0.0,0.0,15.1,0.0,0.0,,0.0
2020-09-16 05:00:00+08:00,6.5276337,174.7262,17.25,1009.936,82.80735,0.0,0.0,0.0,14.3,0.0,0.0,,0.0
2020-09-16 06:00:00+08:00,6.846897,173.29025,17.4,1010.5354,78.640594,0.0,0.0,0.0,13.65,0.0,0.0,,0.0
2020-09-16 07:00:00+08:00,6.8883963,170.81123,17.65,1011.0385,74.68522,19.0,73.78064,12.0,13.1,0.0,0.0,,1.0
2020-09-16 08:00:00+08:00,6.0083275,161.56496,18.25,1011.74994,73.57979,134.0,239.97572,73.0,13.45,0.0,0.0,,1.0
2020-09-16 09:00:00+08:00,6.3906183,159.86362,18.9,1012.26447,68.60305,264.0,180.35046,181.0,13.0,0.0,0.0,,1.0
2020-09-16 10:00:00+08:00,7.955501,165.43968,19.85,1012.19257,61.56484,532.0,511.50452,208.0,12.25,0.0,0.0,,1.0
2020-09-16 11:00:00+08:00,8.729835,170.10614,20.45,1012.0115,56.460823,736.0,774.2562,146.0,11.5,0.0,0.0,,1.0
2020-09-16 12:00:00+08:00,8.856636,173.51703,20.4,1011.31555,56.26197,804.0,728.5815,194.0,11.4,0.0,0.0,,1.0
2020-09-16 13:00:00+08:00,8.547514,173.95601,20.95,1010.43884,52.789604,865.0,859.5154,131.0,10.95,0.0,0.0,,1.0
2020-09-16 14:00:00+08:00,8.21523,183.48926,20.7,1010.03485,57.27337,827.0,895.1164,101.0,11.95,0.0,0.0,,1.0
2020-09-16 15:00:00+08:00,9.004998,178.0909,19.85,1010.10986,58.20882,716.0,878.4619,91.0,11.4,0.0,0.0,,1.0
2020-09-16 16:00:00+08:00,8.705171,178.02512,19.35,1010.294,57.70207,551.0,839.89215,79.0,10.8,0.0,0.0,,1.0
2020-09-16 17:00:00+08:00,8.329466,175.17932,18.45,1010.56586,59.432884,337.0,721.59045,68.0,10.4,0.0,0.0,,1.0
2020-09-16 18:00:00+08:00,7.2993145,170.53775,17.7,1011.03986,62.92636,115.0,487.2563,38.0,10.55,0.0,0.0,,1.0
2020-09-16 19:00:00+08:00,7.0092797,165.96373,17.1,1011.51825,68.46728,2.0,0.0,2.0,11.25,0.0,0.0,,0.0
2020-09-16 20:00:00+08:00,6.462198,158.19853,16.55,1012.0973,72.558815,0.0,0.0,0.0,11.6,0.0,0.0,,0.0
2020-09-16 21:00:00+08:00,6.315853,156.68227,16.1,1012.4807,77.17059,0.0,0.0,0.0,12.1,0.0,0.0,,0.0
2020-09-16 22:00:00+08:00,5.3535037,147.20047,15.55,1012.66315,75.31984,0.0,0.0,0.0,11.2,0.0,0.0,,0.0
2020-09-16 23:00:00+08:00,4.0360875,138.01286,14.65,1012.6364,71.01007,0.0,0.0,0.0,9.45,0.0,0.0,,0.0
2020-09-17 00:00:00+08:00,3.9698865,139.08571,14.05,1012.6186,64.24766,0.0,0.0,0.0,7.4,0.0,0.0,,0.0
2020-09-17 01:00:00+08:00,4.3931766,131.30852,13.75,1012.51056,58.283134,0.0,0.0,0.0,5.7,0.0,0.0,,0.0
2020-09-17 02:00:00+08:00,5.269725,123.388535,14.2,1012.4248,48.543434,0.0,0.0,0.0,3.5,0.0,0.0,,0.0
2020-09-17 03:00:00+08:00,5.4589376,118.442825,14.2,1012.02814,47.359047,0.0,0.0,0.0,3.15,0.0,0.0,,0.0
2020-09-17 04:00:00+08:00,5.8600345,115.25313,13.65,1011.9128,49.77741,0.0,0.0,0.0,3.35,0.0,0.0,,0.0
2020-09-17 05:00:00+08:00,6.2393913,111.63095,13.1,1011.99536,53.81905,0.0,0.0,0.0,3.95,0.0,0.0,,0.0
2020-09-17 06:00:00+08:00,6.484597,109.83222,12.65,1012.27924,57.202682,0.0,0.0,0.0,4.4,0.0,0.0,,0.0
2020-09-17 07:00:00+08:00,6.7720013,106.29412,12.8,1013.0773,58.04571,30.0,174.8654,13.0,4.75,0.0,0.0,,1.0
2020-09-17 08:00:00+08:00,8.514693,93.366394,13.75,1013.3039,58.081688,221.0,637.52203,56.0,5.65,0.0,0.0,,1.0
2020-09-17 09:00:00+08:00,8.039901,95.7105,15.75,1013.75964,51.947365,451.0,809.0612,75.0,5.9,0.0,0.0,,1.0
2020-09-17 10:00:00+08:00,7.510659,93.052826,17.75,1013.22314,45.596645,654.0,890.6227,86.0,5.85,0.0,0.0,,1.0
2020-09-17 11:00:00+08:00,7.302739,91.56932,19.55,1012.38245,39.9038,809.0,934.62103,93.0,5.55,0.0,0.0,,1.0
2020-09-17 12:00:00+08:00,6.7067127,92.56372,21.1,1011.23645,35.26796,898.0,953.6455,96.0,5.15,0.0,0.0,,1.0
2020-09-17 13:00:00+08:00,6.1131005,93.751656,22.35,1010.37897,31.117655,917.0,957.6018,96.0,4.45,0.0,0.0,,1.0
2020-09-17 14:00:00+08:00,5.5443664,97.253105,23.2,1009.5101,28.138855,864.0,947.08344,93.0,3.75,0.0,0.0,,1.0
2020-09-17 15:00:00+08:00,5.0635953,99.090195,23.5,1009.02234,26.961004,744.0,918.60547,88.0,3.4,0.0,0.0,,1.0
2020-09-17 16:00:00+08:00,4.6572523,104.93147,23.4,1008.92035,26.838495,565.0,859.4472,80.0,3.25,0.0,0.0,,1.0
2020-09-17 17:00:00+08:00,3.9560082,110.72565,22.5,1009.19293,30.62025,346.0,746.92126,66.0,4.35,0.0,0.0,,1.0
2020-09-17 18:00:00+08:00,3.324154,111.16133,20.25,1009.5263,32.876873,119.0,509.3305,38.0,3.4,0.0,0.0,,1.0
2020-09-17 19:00:00+08:00,3.535534,118.7397,18.55,1010.0729,34.166164,2.0,0.0,1.0,2.45,0.0,0.0,,0.0
2020-09-17 20:00:00+08:00,3.8078866,113.198616,17.5,1010.14154,36.109665,0.0,0.0,0.0,2.3,0.0,0.0,,0.0
2020-09-17 21:00:00+08:00,4.7296934,103.44863,16.7,1009.8209,36.263763,0.0,0.0,0.0,1.65,0.0,0.0,,0.0
2020-09-17 22:00:00+08:00,4.414748,103.0919,16.15,1009.5073,37.287468,0.0,0.0,0.0,1.55,0.0,0.0,,0.0
2020-09-17 23:00:00+08:00,3.4481878,106.85848,15.1,1009.4765,41.037045,0.0,0.0,0.0,1.95,0.0,0.0,,0.0
2020-09-18 00:00:00+08:00,3.1575305,100.95402,14.2,1009.54913,44.11477,0.0,0.0,0.0,2.15,0.0,0.0,,0.0
2020-09-18 01:00:00+08:00,3.7,90.0,14.0,1009.0473,44.69007,0.0,0.0,0.0,2.15,0.0,0.0,,0.0
2020-09-18 02:00:00+08:00,4.110961,85.81516,13.85,1008.54706,45.127064,0.0,0.0,0.0,2.15,0.0,0.0,,0.0
2020-09-18 03:00:00+08:00,4.491102,78.4399,13.45,1008.1388,46.15122,0.0,0.0,0.0,2.1,0.0,0.0,,0.0
2020-09-18 04:00:00+08:00,4.9040794,73.41259,13.3,1007.6386,46.108494,0.0,0.0,0.0,1.95,0.0,0.0,,0.0
2020-09-18 05:00:00+08:00,5.3851647,68.19853,13.3,1007.44025,45.292282,0.0,0.0,0.0,1.7,0.0,0.0,,0.0
2020-09-18 06:00:00+08:00,5.9093146,66.03751,13.25,1007.5377,45.277958,0.0,0.0,0.0,1.65,0.0,0.0,,0.0
2020-09-18 07:00:00+08:00,6.488451,61.460106,13.7,1007.65027,46.058197,32.0,190.83308,13.0,2.3,0.0,0.0,,1.0
2020-09-18 08:00:00+08:00,6.4899926,56.309914,15.7,1007.70935,46.136738,227.0,652.8956,55.0,4.15,0.0,0.0,,1.0
2020-09-18 09:00:00+08:00,6.594695,49.304558,18.4,1007.6883,39.43458,460.0,822.5875,74.0,4.35,0.0,0.0,,1.0
2020-09-18 10:00:00+08:00,6.0440054,38.955917,20.7,1007.357,33.472866,665.0,904.884,84.0,4.05,0.0,0.0,,1.0
2020-09-18 11:00:00+08:00,5.0328918,20.955858,22.6,1006.61707,28.671144,820.0,947.89575,90.0,3.5,0.0,0.0,,1.0
2020-09-18 12:00:00+08:00,3.420526,344.7448,23.85,1005.6598,24.857422,910.0,966.0294,94.0,2.55,0.0,0.0,,1.0
2020-09-18 13:00:00+08:00,3.008322,285.4222,24.1,1004.5757,25.64062,927.0,967.8175,94.0,3.2,0.0,0.0,,1.0
2020-09-18 14:00:00+08:00,5.491812,236.88864,22.75,1004.04224,34.29538,871.0,953.4211,92.0,6.2,0.0,0.0,,1.0
2020-09-18 15:00:00+08:00,4.753946,247.75093,21.9,1003.72107,35.86702,746.0,919.42303,87.0,6.1,0.0,0.0,,1.0
2020-09-18 16:00:00+08:00,4.031129,226.00499,20.85,1003.3943,43.41824,569.0,864.75543,79.0,7.95,0.0,0.0,,1.0
2020-09-18 17:00:00+08:00,3.3970575,227.38597,20.05,1003.47076,50.3133,350.0,753.428,66.0,9.4,0.0,0.0,,1.0
2020-09-18 18:00:00+08:00,1.7029386,229.76372,17.3,1003.39233,70.3413,121.0,516.73267,38.0,11.85,0.0,0.0,,1.0
2020-09-18 19:00:00+08:00,2.7658632,220.60121,14.95,1003.6215,82.526436,2.0,19.10732,1.0,12.0,0.0,0.0,,0.0
2020-09-18 20:00:00+08:00,2.3706539,242.35411,15.5,1003.836,79.40042,0.0,0.0,0.0,11.95,0.0,0.0,,0.0
2020-09-18 21:00:00+08:00,2.8653097,240.75127,14.15,1003.5979,83.8028,0.0,0.0,0.0,11.45,0.0,0.0,,0.0
2020-09-18 22:00:00+08:00,2.2825425,241.1893,16.1,1003.5558,77.67987,0.0,0.0,0.0,12.2,0.0,0.0,,0.0
2020-09-18 23:00:00+08:00,2.8792362,249.67677,14.0,1003.296,85.4645,0.0,0.0,0.0,11.6,0.0,0.0,,0.0
2020-09-19 00:00:00+08:00,2.9410882,252.18102,13.7,1003.0889,87.433334,0.0,0.0,0.0,11.65,0.0,0.0,,0.0
2020-09-19 01:00:00+08:00,2.9546573,246.0375,16.1,1002.66327,82.6677,0.0,0.0,0.0,13.15,0.0,0.0,,0.0
2020-09-19 02:00:00+08:00,4.031129,240.2552,17.05,1002.4926,78.845894,0.0,0.0,0.0,13.35,0.0,0.0,,0.0
2020-09-19 03:00:00+08:00,4.6872168,236.3099,17.15,1002.09875,78.09346,0.0,0.0,0.0,13.3,0.0,0.0,,0.0
2020-09-19 04:00:00+08:00,4.8826222,235.0079,16.9,1002.1907,76.289474,0.0,0.0,0.0,12.7,0.0,0.0,,0.0
2020-09-19 05:00:00+08:00,4.4654226,235.95401,16.8,1002.58453,76.27345,0.0,0.0,0.0,12.6,0.0,0.0,,0.0
2020-09-19 06:00:00+08:00,2.9681644,237.38077,16.6,1002.87634,77.24819,0.0,0.0,0.0,12.6,0.0,0.0,,0.0
2020-09-19 07:00:00+08:00,6.0415235,241.31395,16.65,1003.57184,84.36161,25.0,107.937546,14.0,14.0,0.0,0.2,,1.0
2020-09-19 08:00:00+08:00,5.3009434,234.21094,16.6,1003.9672,93.82039,76.0,52.22562,62.0,15.6,0.0,0.4,,1.0
2020-09-19 09:00:00+08:00,7.793587,213.48619,17.2,1004.5795,84.6954,160.0,92.87505,116.0,14.6,0.0,0.9,,1.0
2020-09-19 10:00:00+08:00,7.479305,209.64977,17.85,1005.1932,77.44055,351.0,272.29196,175.0,13.85,0.0,0.4,,1.0
2020-09-19 11:00:00+08:00,8.01561,220.44615,17.95,1005.4936,67.73997,267.0,93.00647,195.0,11.9,0.0,0.2,,1.0
2020-09-19 12:00:00+08:00,8.414867,224.5186,18.0,1005.6934,61.135166,330.0,50.68522,287.0,10.4,0.0,0.0,,1.0
2020-09-19 13:00:00+08:00,8.354639,222.08908,17.9,1005.69055,56.386684,501.0,228.00537,304.0,9.1,0.0,0.0,,1.0
2020-09-19 14:00:00+08:00,8.627862,225.9391,18.2,1005.79834,53.859924,759.0,763.4103,133.0,8.7,0.0,0.0,,1.0
2020-09-19 15:00:00+08:00,8.213404,227.96101,17.75,1006.0829,53.742764,647.0,671.4367,164.0,8.25,0.0,0.0,,1.0
2020-09-19 16:00:00+08:00,8.2328615,229.92717,17.15,1006.56134,53.768887,383.0,340.9907,189.0,7.7,0.0,0.0,,1.0
2020-09-19 17:00:00+08:00,7.993122,226.5207,16.65,1007.04266,57.225407,126.0,50.13161,107.0,8.15,0.0,0.0,,1.0
2020-09-19 18:00:00+08:00,8.132035,224.50185,16.3,1007.6275,59.514187,46.0,55.37523,37.0,8.4,0.0,0.0,,1.0
2020-09-19 19:00:00+08:00,7.998125,222.46638,15.85,1008.3085,58.204155,2.0,0.0,2.0,7.65,0.0,0.0,,0.0
2020-09-19 20:00:00+08:00,7.366139,221.69804,15.0,1009.27545,63.80722,0.0,0.0,0.0,8.2,0.0,0.0,,0.0
2020-09-19 21:00:00+08:00,7.683749,218.65984,14.95,1009.7696,61.03499,0.0,0.0,0.0,7.5,0.0,0.0,,0.0
2020-09-19 22:00:00+08:00,7.8600254,216.7242,14.85,1010.1634,59.364483,0.0,0.0,0.0,7.0,0.0,0.0,,0.0
2020-09-19 23:00:00+08:00,7.080254,216.38445,14.65,1010.1574,60.75559,0.0,0.0,0.0,7.15,0.0,0.0,,0.0
2020-09-20 00:00:00+08:00,7.184706,214.7961,14.35,1009.95026,61.94419,0.0,0.0,0.0,7.15,0.0,0.0,,0.0
2020-09-20 01:00:00+08:00,7.017834,212.78427,14.25,1009.749,60.24485,0.0,0.0,0.0,6.65,0.0,0.0,,0.0
2020-09-20 02:00:00+08:00,6.9971423,210.96368,14.15,1009.5475,55.621727,0.0,0.0,0.0,5.4,0.0,0.0,,0.0
2020-09-20 03:00:00+08:00,6.352952,208.1785,14.1,1009.44714,50.25344,0.0,0.0,0.0,3.9,0.0,0.0,,0.0
2020-09-20 04:00:00+08:00,6.306346,207.37762,14.3,1009.35364,49.259624,0.0,0.0,0.0,3.8,0.0,0.0,,0.0
2020-09-20 05:00:00+08:00,6.894201,203.9625,14.25,1009.84827,51.36312,0.0,0.0,0.0,4.35,0.0,0.0,,0.0
2020-09-20 06:00:00+08:00,6.2241464,203.6821,14.15,1010.3408,50.799084,0.0,0.0,0.0,4.1,0.0,0.0,,0.0
2020-09-20 07:00:00+08:00,6.621178,205.01686,14.7,1011.1506,50.771366,15.0,19.183651,13.0,4.6,0.0,0.0,,1.0
2020-09-20 08:00:00+08:00,6.300793,215.9606,15.55,1011.969,50.299038,134.0,212.69882,76.0,5.25,0.0,0.0,,1.0
2020-09-20 09:00:00+08:00,6.8818603,215.53777,16.3,1012.4867,46.629887,251.0,211.19096,150.0,4.85,0.0,0.0,,1.0
2020-09-20 10:00:00+08:00,6.8410525,217.87505,16.5,1012.88916,49.350227,371.0,245.91422,211.0,5.85,0.0,0.0,,1.0
2020-09-20 11:00:00+08:00,6.747592,219.5881,16.9,1013.0,48.95078,468.0,262.17038,264.0,6.1,0.0,0.1,,1.0
2020-09-20 12:00:00+08:00,6.902898,218.53021,17.2,1013.00885,49.03316,632.0,365.0164,321.0,6.4,0.0,0.0,,1.0
2020-09-20 13:00:00+08:00,6.940461,216.20955,17.05,1012.6077,51.406857,626.0,295.1712,370.0,6.95,0.0,0.1,,1.0
2020-09-20 14:00:00+08:00,7.1217976,218.15727,16.85,1012.2054,52.06254,575.0,360.91113,278.0,6.95,0.0,0.0,,1.0
2020-09-20 15:00:00+08:00,7.1867933,211.92084,16.85,1012.2054,52.961445,537.0,443.26056,217.0,7.2,0.0,0.0,,1.0
2020-09-20 16:00:00+08:00,6.7601776,209.21915,16.95,1012.109,46.974545,456.0,502.44647,169.0,5.55,0.0,0.0,,1.0
2020-09-20 17:00:00+08:00,6.5924196,202.28563,16.25,1012.2868,55.02042,229.0,249.31165,134.0,7.2,0.0,0.0,,1.0
2020-09-20 18:00:00+08:00,5.8694124,203.07043,15.55,1012.56396,58.528244,104.0,383.1429,41.0,7.45,0.0,0.0,,1.0
2020-09-20 19:00:00+08:00,5.6302757,199.72237,15.3,1012.8538,61.535027,2.0,0.0,2.0,7.95,0.0,0.0,,0.0
2020-09-20 20:00:00+08:00,4.876474,195.46127,14.8,1013.8308,62.47361,0.0,0.0,0.0,7.7,0.0,0.0,,0.0
2020-09-20 21:00:00+08:00,5.2630787,194.30031,14.7,1014.1254,62.8776,0.0,0.0,0.0,7.7,0.0,0.0,,0.0
2020-09-20 22:00:00+08:00,4.0447497,188.53069,14.6,1014.22144,65.25128,0.0,0.0,0.0,8.15,0.0,0.0,,0.0
2020-09-20 23:00:00+08:00,5.0487623,187.96953,14.9,1013.8337,59.58033,0.0,0.0,0.0,7.1,0.0,0.0,,0.0
2020-09-21 00:00:00+08:00,4.00125,178.56793,14.6,1013.72565,58.29332,0.0,0.0,0.0,6.5,0.0,0.0,,0.0
2020-09-21 01:00:00+08:00,4.318565,174.68555,14.15,1013.51385,73.09631,0.0,0.0,0.0,9.4,0.0,0.0,,0.0
2020-09-21 02:00:00+08:00,3.1400635,170.83772,14.45,1013.1263,69.78666,0.0,0.0,0.0,9.0,0.0,0.0,,0.0
2020-09-21 03:00:00+08:00,3.6345563,172.09293,14.55,1012.931,64.35945,0.0,0.0,0.0,7.9,0.0,0.0,,0.0
2020-09-21 04:00:00+08:00,3.3955853,166.37299,14.75,1012.83765,55.583984,0.0,0.0,0.0,5.95,0.0,0.0,,0.0
2020-09-21 05:00:00+08:00,3.51141,160.0168,14.05,1013.21356,65.13055,0.0,0.0,0.0,7.6,0.0,0.0,,0.0
2020-09-21 06:00:00+08:00,1.7691805,132.70937,13.45,1013.4933,72.23349,0.0,0.0,0.0,8.55,0.0,0.0,,0.0
2020-09-21 07:00:00+08:00,2.2472205,122.27562,13.85,1014.10004,74.28184,24.0,75.049576,16.0,9.35,0.0,0.0,,1.0
2020-09-21 08:00:00+08:00,2.6627054,124.286934,15.55,1014.8448,60.762657,151.0,270.4747,76.0,8.0,0.0,0.0,,1.0
2020-09-21 09:00:00+08:00,3.1241,140.19447,16.7,1015.17596,53.467964,410.0,590.4266,125.0,7.2,0.0,0.0,,1.0
2020-09-21 10:00:00+08:00,4.341659,172.05663,17.6,1015.3013,51.028828,594.0,681.05225,148.0,7.35,0.0,0.0,,1.0
2020-09-21 11:00:00+08:00,4.7169905,184.86443,17.15,1015.08984,56.00704,448.0,218.65244,277.0,8.3,0.0,0.0,,1.0
2020-09-21 12:00:00+08:00,4.414748,193.0919,17.75,1014.6115,51.41869,550.0,358.8043,243.0,7.6,0.0,0.0,,1.0
2020-09-21 13:00:00+08:00,5.0990195,205.55992,18.0,1014.123,52.724796,632.0,352.6577,325.0,8.2,0.0,0.0,,1.0
2020-09-21 14:00:00+08:00,6.3890533,197.30061,17.85,1013.82104,53.768837,727.0,542.5081,279.0,8.35,0.0,0.0,,1.0
2020-09-21 15:00:00+08:00,6.530697,191.48196,17.75,1013.6198,51.41869,576.0,397.53555,288.0,7.6,0.0,0.0,,1.0
2020-09-21 16:00:00+08:00,6.736468,185.96439,17.6,1013.51624,51.203423,563.0,809.1251,99.0,7.4,0.0,0.0,,1.0
2020-09-21 17:00:00+08:00,6.307139,182.72626,16.95,1013.69574,51.204044,347.0,723.07605,70.0,6.8,0.0,0.0,,1.0
2020-09-21 18:00:00+08:00,5.0089917,183.43356,15.95,1013.86487,54.75481,122.0,480.96594,42.0,6.85,0.0,0.0,,1.0
2020-09-21 19:00:00+08:00,4.428318,173.51703,15.2,1013.8426,58.4419,3.0,19.10732,2.0,7.1,0.0,0.0,,0.0
2020-09-21 20:00:00+08:00,4.2201896,166.29301,14.6,1014.5189,65.25128,0.0,0.0,0.0,8.15,0.0,0.0,,0.0
2020-09-21 21:00:00+08:00,4.6238513,158.42863,14.45,1014.812,65.88635,0.0,0.0,0.0,8.15,0.0,0.0,,0.0
2020-09-21 22:00:00+08:00,4.3081317,158.19853,14.15,1014.80304,68.55792,0.0,0.0,0.0,8.45,0.0,0.0,,0.0
2020-09-21 23:00:00+08:00,4.1868844,139.84407,13.5,1014.3869,71.51296,0.0,0.0,0.0,8.45,0.0,0.0,,0.0
2020-09-22 00:00:00+08:00,3.6619666,124.992096,12.65,1014.2624,78.19326,0.0,0.0,0.0,8.95,0.0,0.0,,0.0
2020-09-22 01:00:00+08:00,3.8910153,115.906456,12.0,1014.4412,81.329346,0.0,0.0,0.0,8.9,0.0,0.0,,0.0
2020-09-22 02:00:00+08:00,3.8078866,113.198616,11.8,1014.23694,79.668816,0.0,0.0,0.0,8.4,0.0,0.0,,0.0
2020-09-22 03:00:00+08:00,3.7854989,102.200455,11.35,1014.02484,80.4199,0.0,0.0,0.0,8.1,0.0,0.0,,0.0
2020-09-22 04:00:00+08:00,3.9115217,94.39862,10.95,1013.9137,81.46603,0.0,0.0,0.0,7.9,0.0,0.0,,0.0
2020-09-22 05:00:00+08:00,4.060788,99.926186,10.8,1014.1072,81.72393,0.0,0.0,0.0,7.8,0.0,0.0,,0.0
2020-09-22 06:00:00+08:00,4.2426405,98.13002,10.6,1014.2994,81.97672,0.0,0.0,0.0,7.65,0.0,0.0,,0.0
2020-09-22 07:00:00+08:00,4.527693,96.340096,11.5,1014.82263,78.55072,39.0,201.96962,17.0,7.9,0.0,0.0,,1.0
2020-09-22 08:00:00+08:00,4.6872168,101.07016,14.1,1015.4959,67.16685,235.0,624.3915,59.0,8.1,0.0,0.0,,1.0
2020-09-22 09:00:00+08:00,5.124451,107.020615,16.6,1015.4706,56.057617,461.0,786.2321,78.0,7.8,0.0,0.0,,1.0
2020-09-22 10:00:00+08:00,5.1478148,114.07549,18.45,1015.227,49.881893,661.0,867.89154,89.0,7.8,0.0,0.0,,1.0
2020-09-22 11:00:00+08:00,4.304649,120.73541,20.05,1014.57855,44.998486,813.0,913.52686,95.0,7.75,0.0,0.0,,1.0
2020-09-22 12:00:00+08:00,3.623534,129.40063,21.4,1013.62524,41.268612,901.0,934.6125,98.0,7.7,0.0,0.0,,1.0
2020-09-22 13:00:00+08:00,3.4176016,159.44388,22.2,1012.8545,39.704254,919.0,938.5048,99.0,7.85,0.0,0.0,,1.0
2020-09-22 14:00:00+08:00,5.1478148,187.8152,21.65,1011.9462,48.269188,864.0,926.8267,96.0,10.25,0.0,0.0,,1.0
2020-09-22 15:00:00+08:00,6.363961,188.13002,20.7,1011.5225,59.577126,742.0,894.1172,92.0,12.55,0.0,0.0,,1.0
2020-09-22 16:00:00+08:00,7.653104,186.75348,19.9,1011.4008,64.67725,562.0,830.3051,84.0,13.05,0.0,0.0,,1.0
2020-09-22 17:00:00+08:00,8.01561,176.42374,18.55,1011.7588,66.538445,343.0,708.8851,70.0,12.2,0.0,0.0,,1.0
2020-09-22 18:00:00+08:00,7.0213957,162.59721,17.7,1012.1307,69.49768,122.0,481.46643,41.0,12.05,0.0,0.0,,1.0
2020-09-22 19:00:00+08:00,6.4513564,161.00325,17.15,1012.41235,74.35651,3.0,19.10732,2.0,12.55,0.0,0.0,,0.0
2020-09-22 20:00:00+08:00,6.003332,150.01845,16.3,1013.3792,80.561295,0.0,0.0,0.0,12.95,0.0,0.0,,0.0
2020-09-22 21:00:00+08:00,5.4405885,143.97253,15.9,1013.4666,82.91377,0.0,0.0,0.0,13.0,0.0,0.0,,0.0
2020-09-22 22:00:00+08:00,4.763402,140.9645,15.4,1013.55115,83.94658,0.0,0.0,0.0,12.7,0.0,0.0,,0.0
2020-09-22 23:00:00+08:00,4.244997,133.09087,14.8,1013.23584,83.05347,0.0,0.0,0.0,11.95,0.0,0.0,,0.0
2020-09-23 00:00:00+08:00,4.060788,127.99879,14.15,1013.01807,82.42717,0.0,0.0,0.0,11.2,0.0,0.0,,0.0
2020-09-23 01:00:00+08:00,3.9115214,122.471176,13.6,1012.60535,81.53981,0.0,0.0,0.0,10.5,0.0,0.0,,0.0
2020-09-23 02:00:00+08:00,3.9812057,115.277695,13.4,1012.10345,76.48752,0.0,0.0,0.0,9.35,0.0,0.0,,0.0
2020-09-23 03:00:00+08:00,4.365776,110.09532,13.55,1011.6122,63.915833,0.0,0.0,0.0,6.85,0.0,0.0,,0.0
2020-09-23 04:00:00+08:00,4.924429,102.90741,13.65,1011.3178,53.588543,0.0,0.0,0.0,4.4,0.0,0.0,,0.0
2020-09-23 05:00:00+08:00,5.346027,97.52373,13.75,1011.41986,49.107098,0.0,0.0,0.0,3.25,0.0,0.0,,0.0
2020-09-23 06:00:00+08:00,5.8034477,91.97489,13.85,1011.62103,49.13487,0.0,0.0,0.0,3.35,0.0,0.0,,0.0
2020-09-23 07:00:00+08:00,6.312686,86.36713,14.75,1011.846,49.039173,44.0,233.71559,18.0,4.15,0.0,0.0,,1.0
2020-09-23 08:00:00+08:00,6.708204,79.69521,17.2,1012.3147,45.441757,247.0,659.84247,58.0,5.3,0.0,0.0,,1.0
2020-09-23 09:00:00+08:00,7.569016,74.67844,20.95,1012.32324,34.73736,479.0,819.888,76.0,4.8,0.0,0.0,,1.0
2020-09-23 10:00:00+08:00,7.632169,68.47733,23.95,1011.91144,27.372002,684.0,901.65405,86.0,4.0,0.0,0.0,,1.0
2020-09-23 11:00:00+08:00,7.155418,63.435013,26.2,1011.17993,22.786566,837.0,943.2521,92.0,3.3,0.0,0.0,,1.0
2020-09-23 12:00:00+08:00,5.9076223,56.040897,28.0,1010.3359,18.9635,926.0,963.2623,95.0,2.2,0.0,0.0,,1.0
2020-09-23 13:00:00+08:00,4.1231055,50.906155,29.05,1009.2729,16.729774,945.0,968.20087,96.0,1.3,0.0,0.0,,1.0
2020-09-23 14:00:00+08:00,3.1400635,52.765083,29.65,1008.39624,16.0446,889.0,956.17786,94.0,1.2,0.0,0.0,,1.0
2020-09-23 15:00:00+08:00,1.7029387,86.63361,29.15,1007.68823,16.103867,765.0,925.34845,90.0,0.85,0.0,0.0,,1.0
2020-09-23 16:00:00+08:00,4.204759,182.72626,26.35,1007.41455,38.131992,583.0,868.6546,81.0,10.95,0.0,0.0,,1.0
2020-09-23 17:00:00+08:00,6.3007936,180.90936,24.15,1007.55255,49.750088,360.0,756.8537,67.0,13.0,0.0,0.0,,1.0
2020-09-23 18:00:00+08:00,6.8447056,168.19759,21.75,1007.6843,48.457676,130.0,523.088,41.0,10.4,0.0,0.0,,1.0
2020-09-23 19:00:00+08:00,6.5299315,152.6502,20.75,1007.65607,40.94338,3.0,0.0,3.0,7.0,0.0,0.0,,0.0
2020-09-23 20:00:00+08:00,4.482187,128.65984,20.2,1008.1362,38.461456,0.0,0.0,0.0,5.6,0.0,0.0,,0.0
2020-09-23 21:00:00+08:00,4.472136,100.30479,20.15,1007.7382,23.9425,0.0,0.0,0.0,-1.1,0.0,0.0,,0.0
2020-09-23 22:00:00+08:00,5.9539905,82.27827,21.35,1007.4745,18.346695,0.0,0.0,0.0,-3.7,0.0,0.0,,0.0
2020-09-23 23:00:00+08:00,6.8593006,82.46065,21.75,1006.5933,17.244738,0.0,0.0,0.0,-4.2,0.0,0.0,,0.0
2020-09-24 00:00:00+08:00,7.0604534,74.38895,21.6,1006.39044,17.40359,0.0,0.0,0.0,-4.2,0.0,0.0,,0.0
2020-09-24 01:00:00+08:00,7.6537576,72.51192,21.45,1006.08887,17.564087,0.0,0.0,0.0,-4.2,0.0,0.0,,0.0
2020-09-24 02:00:00+08:00,7.725283,68.74943,21.45,1005.4938,17.762917,0.0,0.0,0.0,-4.05,0.0,0.0,,0.0
2020-09-24 03:00:00+08:00,7.7878113,65.738716,21.05,1005.284,18.548212,0.0,0.0,0.0,-3.8,0.0,0.0,,0.0
2020-09-24 04:00:00+08:00,7.4732857,65.492615,20.6,1005.17224,19.574251,0.0,0.0,0.0,-3.45,0.0,0.0,,0.0
2020-09-24 05:00:00+08:00,7.8236823,54.88791,20.3,1005.26294,20.23952,0.0,0.0,0.0,-3.25,0.0,0.0,,0.0
2020-09-24 06:00:00+08:00,8.363014,48.878624,19.75,1005.34656,21.254492,0.0,0.0,0.0,-3.05,0.0,0.0,,0.0
2020-09-24 07:00:00+08:00,8.121576,52.001225,19.9,1005.6486,23.526737,46.0,237.77824,19.0,-1.55,0.0,0.0,,1.0
2020-09-24 08:00:00+08:00,8.121576,52.001225,22.45,1005.5218,23.190645,250.0,659.8918,58.0,0.4,0.0,0.0,,1.0
2020-09-24 09:00:00+08:00,8.072175,41.98714,25.25,1005.7975,20.984003,480.0,814.7038,76.0,1.35,0.0,0.0,,1.0
2020-09-24 10:00:00+08:00,7.7175126,31.218353,27.5,1005.66,18.3089,681.0,891.60535,86.0,1.3,0.0,0.0,,1.0
2020-09-24 11:00:00+08:00,6.103278,18.138186,29.25,1005.01263,19.337885,829.0,928.64795,92.0,3.5,0.0,0.0,,1.0
2020-09-24 12:00:00+08:00,5.507268,299.35767,28.0,1004.384,27.72255,868.0,863.5842,120.0,7.65,0.0,0.0,,1.0
2020-09-24 13:00:00+08:00,8.28734,289.74692,23.25,1004.55206,69.67511,687.0,527.27734,223.0,17.4,0.0,0.0,,1.0
2020-09-24 14:00:00+08:00,8.409518,295.34613,23.45,1004.4586,67.97435,849.0,882.28516,113.0,17.2,0.0,0.0,,1.0
2020-09-24 15:00:00+08:00,8.319255,295.64096,22.6,1004.63336,71.56203,664.0,732.3357,128.0,17.2,0.0,0.0,,1.0
2020-09-24 16:00:00+08:00,8.095678,295.61545,21.35,1004.8959,77.96702,447.0,551.63043,127.0,17.35,0.0,0.0,,1.0
2020-09-24 17:00:00+08:00,7.4706087,297.93704,20.5,1005.4669,83.456085,279.0,501.10617,84.0,17.6,0.0,0.0,,1.0
2020-09-24 18:00:00+08:00,6.5795135,294.22772,19.6,1005.6401,85.7636,95.0,313.8536,41.0,17.15,0.0,0.0,,1.0
2020-09-24 19:00:00+08:00,5.2325897,296.0753,18.85,1006.1145,89.29741,3.0,19.10732,2.0,17.05,0.0,0.0,,0.0
2020-09-24 20:00:00+08:00,4.3416586,298.92633,18.35,1006.9925,90.68699,0.0,0.0,0.0,16.8,0.0,0.0,,0.0
2020-09-24 21:00:00+08:00,2.8653097,299.24872,17.7,1007.07306,93.573265,0.0,0.0,0.0,16.65,0.0,0.0,,0.0
2020-09-24 22:00:00+08:00,2.6400757,307.30402,17.15,1006.8588,94.445786,0.0,0.0,0.0,16.25,0.0,0.0,,0.0
2020-09-24 23:00:00+08:00,2.5,306.86996,17.1,1006.65894,93.54451,0.0,0.0,0.0,16.05,0.0,0.0,,0.0
2020-09-25 00:00:00+08:00,2.2825425,298.8107,16.9,1006.3558,94.134384,0.0,0.0,0.0,15.95,0.0,0.0,,0.0
2020-09-25 01:00:00+08:00,2.2472203,290.85452,17.1,1005.96484,94.14313,0.0,0.0,0.0,16.15,0.0,0.0,,0.0
2020-09-25 02:00:00+08:00,2.184033,285.94547,16.95,1005.56396,93.238945,0.0,0.0,0.0,15.85,0.0,0.0,,0.0
2020-09-25 03:00:00+08:00,1.6763055,287.3541,16.7,1005.2592,93.824974,0.0,0.0,0.0,15.7,0.0,0.0,,0.0
2020-09-25 04:00:00+08:00,2.0248456,290.22495,15.55,1005.2258,95.60327,0.0,0.0,0.0,14.85,0.0,0.0,,0.0
2020-09-25 05:00:00+08:00,2.147091,297.75842,15.35,1005.4182,96.525536,0.0,0.0,0.0,14.8,0.0,0.0,,0.0
2020-09-25 06:00:00+08:00,1.9209373,321.34018,15.45,1006.11505,96.528175,0.0,0.0,0.0,14.9,0.0,0.0,,0.0
2020-09-25 07:00:00+08:00,2.2135942,341.56494,17.2,1006.7612,92.95448,39.0,172.65561,19.0,16.05,0.0,0.1,,1.0
2020-09-25 08:00:00+08:00,2.996665,334.2901,18.55,1007.3952,85.38442,215.0,484.01944,72.0,16.05,0.0,0.2,,1.0
2020-09-25 09:00:00+08:00,3.2649658,297.3498,19.8,1007.4309,75.7702,377.0,525.79553,114.0,15.4,0.0,0.1,,1.0
2020-09-25 10:00:00+08:00,3.352611,287.3541,20.1,1007.43915,73.662895,389.0,330.65506,167.0,15.25,0.0,0.3,,1.0
2020-09-25 11:00:00+08:00,3.981206,281.59213,20.6,1007.15576,71.88333,584.0,525.4713,165.0,15.35,0.0,0.2,,1.0
2020-09-25 12:00:00+08:00,4.031129,277.1249,20.8,1006.7648,71.003426,640.0,494.49753,210.0,15.35,0.0,0.0,,1.0
2020-09-25 13:00:00+08:00,4.2107005,274.08554,20.95,1006.27325,70.12605,701.0,550.3636,215.0,15.3,0.0,0.0,,1.0
2020-09-25 14:00:00+08:00,4.4011364,271.3019,20.6,1006.0649,71.88333,587.0,456.43597,205.0,15.35,0.0,0.0,,1.0
2020-09-25 15:00:00+08:00,4.219004,264.55975,20.1,1005.85236,74.61421,485.0,381.30292,205.0,15.45,0.0,0.0,,1.0
2020-09-25 16:00:00+08:00,4.3416586,255.32356,19.8,1005.74493,75.044365,419.0,410.46054,180.0,15.25,0.0,0.0,,1.0
2020-09-25 17:00:00+08:00,4.661545,234.60512,19.15,1005.82544,76.893,261.0,452.52118,84.0,15.0,0.0,0.0,,1.0
2020-09-25 18:00:00+08:00,4.263801,219.2894,18.4,1006.2007,79.29573,91.0,304.646,38.0,14.75,0.0,0.0,,1.0
2020-09-25 19:00:00+08:00,3.176476,208.1785,17.6,1006.376,83.92453,3.0,18.794313,2.0,14.85,0.0,0.1,,0.0
2020-09-25 20:00:00+08:00,2.5806975,215.53777,17.0,1006.7553,87.731125,0.0,0.0,0.0,14.95,0.0,0.0,,0.0
2020-09-25 21:00:00+08:00,2.302173,214.3804,16.55,1007.0398,88.25909,0.0,0.0,0.0,14.6,0.0,0.1,,0.0
2020-09-25 22:00:00+08:00,2.0808651,215.21768,16.5,1007.03827,86.28038,0.0,0.0,0.0,14.2,0.0,0.0,,0.0
2020-09-25 23:00:00+08:00,1.8027756,213.6901,16.1,1006.9275,87.36732,0.0,0.0,0.0,14.0,0.0,0.0,,0.0
2020-09-26 00:00:00+08:00,1.7,208.07239,15.7,1006.4202,88.1863,0.0,0.0,0.0,13.75,0.0,0.0,,0.0
2020-09-26 01:00:00+08:00,2.4166093,204.44394,14.6,1005.8919,89.252144,0.0,0.0,0.0,12.85,0.0,0.0,,0.0
2020-09-26 02:00:00+08:00,1.8027756,213.6901,16.1,1005.44,80.798225,0.0,0.0,0.0,12.8,0.0,0.0,,0.0
2020-09-26 03:00:00+08:00,1.17047,250.0168,16.75,1005.0622,77.77874,0.0,0.0,0.0,12.85,0.0,0.0,,0.0
2020-09-26 04:00:00+08:00,1.3928387,291.03757,16.55,1005.15564,78.51584,0.0,0.0,0.0,12.8,0.0,0.0,,0.0
2020-09-26 05:00:00+08:00,1.868154,285.52417,16.25,1005.64264,79.76776,0.0,0.0,0.0,12.75,0.0,0.0,,0.0
2020-09-26 06:00:00+08:00,1.5811388,288.43503,16.4,1006.34125,79.0095,0.0,0.0,0.0,12.75,0.0,0.0,,0.0
2020-09-26 07:00:00+08:00,0.9055385,353.6599,15.55,1006.9116,89.03726,42.0,194.74449,19.0,13.75,0.0,0.0,,1.0
2020-09-26 08:00:00+08:00,3.6013885,268.4089,17.85,1007.37494,75.9454,202.0,416.8283,77.0,13.55,0.0,0.1,,1.0
2020-09-26 09:00:00+08:00,4.2579336,279.46225,18.65,1007.49725,71.7589,336.0,352.85883,158.0,13.45,0.0,0.2,,1.0
2020-09-26 10:00:00+08:00,4.8052053,282.01144,19.15,1007.6106,69.32738,481.0,467.87332,165.0,13.4,0.0,0.2,,1.0
2020-09-26 11:00:00+08:00,5.2773094,279.81924,19.6,1007.32605,66.107544,569.0,451.89316,207.0,13.1,0.0,0.1,,1.0
2020-09-26 12:00:00+08:00,5.375872,279.63748,20.35,1006.9505,62.492207,743.0,635.7924,188.0,12.95,0.0,0.0,,1.0
2020-09-26 13:00:00+08:00,5.93043,275.80664,20.65,1006.5623,60.153893,851.0,806.94,136.0,12.65,0.0,0.0,,1.0
2020-09-26 14:00:00+08:00,6.4,270.0,20.65,1006.2647,59.957108,804.0,787.27985,143.0,12.6,0.0,0.0,,1.0
2020-09-26 15:00:00+08:00,6.363961,261.87,20.1,1006.0507,62.435577,656.0,669.1885,163.0,12.7,0.0,0.0,,1.0
2020-09-26 16:00:00+08:00,6.016644,254.57777,19.6,1006.3343,65.89205,447.0,477.38876,168.0,13.05,0.0,0.0,,1.0
2020-09-26 17:00:00+08:00,5.6859474,246.13982,19.1,1006.6173,67.53138,304.0,546.8792,89.0,12.95,0.0,0.0,,1.0
2020-09-26 18:00:00+08:00,4.8548946,237.61934,18.3,1006.8921,71.460754,112.0,358.16418,49.0,13.05,0.0,0.0,,1.0
2020-09-26 19:00:00+08:00,3.920459,232.25313,17.5,1007.46405,75.39509,3.0,18.460249,2.0,13.1,0.0,0.0,,0.0
2020-09-26 20:00:00+08:00,2.9206164,231.95291,17.25,1007.7543,78.1084,0.0,0.0,0.0,13.4,0.0,0.0,,0.0
2020-09-26 21:00:00+08:00,2.2671568,228.57643,16.8,1008.2371,79.8446,0.0,0.0,0.0,13.3,0.0,0.0,,0.0
2020-09-26 22:00:00+08:00,2.0,216.86998,16.5,1008.2283,80.85165,0.0,0.0,0.0,13.2,0.0,0.0,,0.0
2020-09-26 23:00:00+08:00,2.4413111,214.9921,16.25,1008.221,83.49804,0.0,0.0,0.0,13.45,0.0,0.0,,0.0
2020-09-27 00:00:00+08:00,1.9235384,207.89717,16.0,1008.0154,86.51157,0.0,0.0,0.0,13.75,0.0,0.0,,0.0
2020-09-27 01:00:00+08:00,2.1931713,204.22774,14.7,1007.67993,91.62098,0.0,0.0,0.0,13.35,0.0,0.0,,0.0
2020-09-27 02:00:00+08:00,2.2203605,172.23492,14.15,1007.16766,91.88668,0.0,0.0,0.0,12.85,0.0,0.2,,0.0
2020-09-27 03:00:00+08:00,1.9849433,139.08571,14.2,1007.1694,92.79496,0.0,0.0,0.0,13.05,0.0,0.2,,0.0
2020-09-27 04:00:00+08:00,1.5524175,104.93147,14.25,1007.27,91.89274,0.0,0.0,0.0,12.95,0.0,0.1,,0.0
2020-09-27 05:00:00+08:00,1.7088008,69.44387,13.4,1007.83966,94.59634,0.0,0.0,0.0,12.55,0.0,0.1,,0.0
2020-09-27 06:00:00+08:00,1.2041595,48.366554,14.55,1008.76624,93.42014,0.0,0.0,0.0,13.5,0.0,0.1,,0.0
2020-09-27 07:00:00+08:00,2.0615528,39.09386,15.2,1009.4794,91.058876,34.0,141.26266,17.0,13.75,0.0,0.0,,1.0
2020-09-27 08:00:00+08:00,1.3601471,36.027473,16.8,1009.923,82.217316,185.0,371.37576,72.0,13.75,0.0,0.0,,1.0
2020-09-27 09:00:00+08:00,1.0630146,131.18582,18.3,1010.16473,71.460754,382.0,524.91895,115.0,13.05,0.0,0.0,,1.0
2020-09-27 10:00:00+08:00,1.3341664,192.99461,19.55,1010.20056,62.310593,624.0,722.76355,133.0,12.15,0.0,0.0,,1.0
2020-09-27 11:00:00+08:00,2.408319,228.36655,20.45,1009.8295,57.21176,754.0,739.3985,159.0,11.7,0.0,0.0,,1.0
2020-09-27 12:00:00+08:00,3.2649655,229.9698,20.3,1009.4284,57.744022,659.0,499.87137,221.0,11.7,0.0,0.0,,1.0
2020-09-27 13:00:00+08:00,4.1231055,219.09384,20.05,1008.7271,56.73587,631.0,481.42734,203.0,11.2,0.0,0.0,,1.0
2020-09-27 14:00:00+08:00,4.4418464,211.18492,19.85,1008.4239,57.8248,602.0,417.9337,250.0,11.3,0.0,0.0,,1.0
2020-09-27 15:00:00+08:00,4.802083,211.37296,19.9,1008.2272,58.607212,693.0,711.70264,167.0,11.55,0.0,0.0,,1.0
2020-09-27 16:00:00+08:00,4.7885275,208.70586,19.15,1008.3048,61.403,454.0,530.2025,143.0,11.55,0.0,0.0,,1.0
2020-09-27 17:00:00+08:00,4.248529,206.56499,18.5,1008.58374,65.011765,214.0,204.99396,133.0,11.8,0.0,0.0,,1.0
2020-09-27 18:00:00+08:00,3.2572994,197.87878,17.95,1008.76624,67.29481,81.0,185.57013,48.0,11.8,0.0,0.0,,1.0
2020-09-27 19:00:00+08:00,1.5297059,191.30989,16.8,1009.1296,74.052704,3.0,18.138838,2.0,12.15,0.0,0.0,,0.0
2020-09-27 20:00:00+08:00,2.4,180.0,17.25,1009.5393,70.33167,0.0,0.0,0.0,11.8,0.0,0.0,,0.0
2020-09-27 21:00:00+08:00,2.236068,169.6952,16.2,1009.50885,76.6801,0.0,0.0,0.0,12.1,0.0,0.0,,0.0
2020-09-27 22:00:00+08:00,1.9697715,156.0375,15.3,1009.6806,81.49132,0.0,0.0,0.0,12.15,0.0,0.0,,0.0
2020-09-27 23:00:00+08:00,1.6278821,132.5104,14.85,1009.66754,83.33336,0.0,0.0,0.0,12.05,0.0,0.0,,0.0
2020-09-28 00:00:00+08:00,2.3600848,126.384445,13.55,1009.52985,87.99921,0.0,0.0,0.0,11.6,0.0,0.0,,0.0
2020-09-28 01:00:00+08:00,2.0,143.13002,13.75,1009.1392,86.29024,0.0,0.0,0.0,11.5,0.0,0.0,,0.0
2020-09-28 02:00:00+08:00,2.2472205,147.72438,13.35,1008.63135,89.44757,0.0,0.0,0.0,11.65,0.0,0.0,,0.0
2020-09-28 03:00:00+08:00,1.9104972,132.87889,13.5,1008.53656,87.70444,0.0,0.0,0.0,11.5,0.0,0.0,,0.0
2020-09-28 04:00:00+08:00,1.421267,129.28938,15.0,1008.6805,80.650215,0.0,0.0,0.0,11.7,0.0,0.0,,0.0
2020-09-28 05:00:00+08:00,1.811077,186.3401,15.4,1009.188,80.439095,0.0,0.0,0.0,12.05,0.0,0.0,,0.0
2020-09-28 06:00:00+08:00,1.9235383,171.02745,14.5,1009.65717,85.23587,0.0,0.0,0.0,12.05,0.0,0.0,,0.0
2020-09-28 07:00:00+08:00,1.2041595,184.76355,15.6,1010.18536,85.35206,45.0,203.98839,20.0,13.15,0.0,0.0,,1.0
2020-09-28 08:00:00+08:00,1.2529964,208.61037,17.15,1010.9248,76.82986,212.0,450.41025,73.0,13.05,0.0,0.1,,1.0
2020-09-28 09:00:00+08:00,2.7018511,218.991,18.6,1011.26416,68.09543,400.0,571.3888,107.0,12.6,0.0,0.0,,1.0
2020-09-28 10:00:00+08:00,2.9732137,222.27362,19.35,1011.5833,64.13522,564.0,620.5979,140.0,12.4,0.0,0.1,,1.0
2020-09-28 11:00:00+08:00,3.2557642,227.4896,20.15,1011.3086,59.838737,686.0,601.27924,200.0,12.1,0.0,0.0,,1.0
2020-09-28 12:00:00+08:00,3.9824615,231.1155,20.4,1011.018,59.701576,785.0,656.0814,208.0,12.3,0.0,0.0,,1.0
2020-09-28 13:00:00+08:00,4.4553337,225.90929,20.1,1010.712,61.82484,701.0,672.6984,101.0,12.55,0.0,0.0,,1.0
2020-09-28 14:00:00+08:00,4.609772,220.60121,20.35,1010.42175,60.280727,818.0,791.87006,149.0,12.4,0.0,0.0,,1.0
2020-09-28 15:00:00+08:00,4.604346,214.3804,20.2,1010.3182,59.65403,697.0,784.9993,115.0,12.1,0.0,0.0,,1.0
2020-09-28 16:00:00+08:00,4.8548946,212.38066,19.95,1010.3111,59.59451,555.0,761.0105,107.0,11.85,0.0,0.0,,1.0
2020-09-28 17:00:00+08:00,4.9193497,206.56499,19.3,1010.2925,61.640827,298.0,480.95694,107.0,11.75,0.0,0.0,,1.0
2020-09-28 18:00:00+08:00,4.3324356,198.85326,18.45,1010.56586,66.51744,118.0,372.6902,51.0,12.1,0.0,0.0,,1.0
2020-09-28 19:00:00+08:00,3.471311,191.6336,17.35,1011.3272,72.942116,4.0,17.825329,3.0,12.45,0.0,0.0,,0.0
2020-09-28 20:00:00+08:00,3.0149627,185.7105,16.85,1012.3045,76.03191,0.0,0.0,0.0,12.6,0.0,0.0,,0.0
2020-09-28 21:00:00+08:00,2.5,180.0,16.15,1012.4823,80.01542,0.0,0.0,0.0,12.7,0.0,0.0,,0.0
2020-09-28 22:00:00+08:00,1.8973665,161.56496,15.3,1012.358,85.04185,0.0,0.0,0.0,12.8,0.0,0.0,,0.0
2020-09-28 23:00:00+08:00,1.8384776,157.61983,14.7,1012.04297,86.95287,0.0,0.0,0.0,12.55,0.0,0.0,,0.0
2020-09-29 00:00:00+08:00,1.8384776,157.61983,14.7,1011.94385,87.52469,0.0,0.0,0.0,12.65,0.0,0.0,,0.0
2020-09-29 01:00:00+08:00,1.7804494,141.84273,14.4,1011.3401,89.236336,0.0,0.0,0.0,12.65,0.0,0.0,,0.0
2020-09-29 02:00:00+08:00,1.8788295,154.7989,14.35,1010.94183,88.94034,0.0,0.0,0.0,12.55,0.0,0.0,,0.0
2020-09-29 03:00:00+08:00,2.0248456,159.77505,14.8,1010.7568,89.26795,0.0,0.0,0.0,13.05,0.0,0.0,,0.0
2020-09-29 04:00:00+08:00,1.7029386,139.76372,13.9,1010.631,91.27106,0.0,0.0,0.0,12.5,0.0,0.0,,0.0
2020-09-29 05:00:00+08:00,1.7,118.072395,13.2,1010.90753,92.131836,0.0,0.0,0.0,11.95,0.0,0.0,,0.0
2020-09-29 06:00:00+08:00,1.7117243,96.70974,12.5,1011.58075,92.3958,0.0,0.0,0.0,11.3,0.0,0.0,,0.0
2020-09-29 07:00:00+08:00,2.184033,74.054535,14.4,1012.33167,86.07114,56.0,256.53748,24.0,12.1,0.0,0.0,,1.0
2020-09-29 08:00:00+08:00,1.5652475,116.56499,16.9,1013.49585,74.55822,241.0,517.7733,79.0,12.35,0.0,0.0,,1.0
2020-09-29 09:00:00+08:00,2.7658634,167.4712,18.55,1013.5439,63.74763,416.0,530.1309,142.0,11.55,0.0,0.0,,1.0
2020-09-29 10:00:00+08:00,2.8017852,182.04536,19.55,1013.07666,58.52236,620.0,567.6717,230.0,11.2,0.0,0.0,,1.0
2020-09-29 11:00:00+08:00,3.1016126,200.77234,20.5,1012.70685,54.997665,798.0,756.36456,184.0,11.15,0.0,0.0,,1.0
2020-09-29 12:00:00+08:00,4.060788,217.99878,20.85,1012.122,56.188705,925.0,931.297,103.0,11.8,0.0,0.0,,1.0
2020-09-29 13:00:00+08:00,4.9819674,218.48022,20.5,1011.81433,57.792953,939.0,936.53986,101.0,11.9,0.0,0.0,,1.0
2020-09-29 14:00:00+08:00,5.2430906,214.90257,20.3,1011.4119,57.36396,881.0,922.83386,99.0,11.6,0.0,0.0,,1.0
2020-09-29 15:00:00+08:00,5.420332,209.8759,20.0,1011.20496,59.019703,759.0,894.17615,94.0,11.75,0.0,0.0,,1.0
2020-09-29 16:00:00+08:00,5.3310413,203.19861,19.45,1010.99115,61.270107,579.0,834.4639,86.0,11.8,0.0,0.0,,1.0
2020-09-29 17:00:00+08:00,5.440588,197.10281,18.65,1011.2658,64.1922,361.0,724.10223,72.0,11.75,0.0,0.0,,1.0
2020-09-29 18:00:00+08:00,4.86621,189.46225,17.8,1011.5386,67.70927,135.0,500.74307,44.0,11.75,0.0,0.0,,1.0
2020-09-29 19:00:00+08:00,4.4045434,182.60251,17.1,1011.7166,72.65814,5.0,17.519981,4.0,12.15,0.0,0.0,,0.0
2020-09-29 20:00:00+08:00,4.00125,181.43207,16.5,1012.2941,73.75719,0.0,0.0,0.0,11.8,0.0,0.0,,0.0
2020-09-29 21:00:00+08:00,3.8118236,175.4861,16.3,1012.2883,74.70199,0.0,0.0,0.0,11.8,0.0,0.0,,0.0
2020-09-29 22:00:00+08:00,3.436568,171.6342,15.95,1012.07983,75.6357,0.0,0.0,0.0,11.65,0.0,0.0,,0.0
2020-09-29 23:00:00+08:00,2.9410882,162.18102,15.55,1011.7706,76.57686,0.0,0.0,0.0,11.45,0.0,0.0,,0.0
2020-09-30 00:00:00+08:00,2.2203603,144.16226,14.6,1011.2466,81.13124,0.0,0.0,0.0,11.4,0.0,0.0,,0.0
2020-09-30 01:00:00+08:00,1.9723083,120.46546,13.7,1010.82336,84.86889,0.0,0.0,0.0,11.2,0.0,0.0,,0.0
2020-09-30 02:00:00+08:00,2.147091,117.75845,13.7,1010.4267,83.19631,0.0,0.0,0.0,10.9,0.0,0.0,,0.0
2020-09-30 03:00:00+08:00,2.147091,117.75845,13.9,1010.036,82.94471,0.0,0.0,0.0,11.05,0.0,0.0,,0.0
2020-09-30 04:00:00+08:00,2.3086793,107.650215,14.0,1009.93976,84.063225,0.0,0.0,0.0,11.35,0.0,0.0,,0.0
2020-09-30 05:00:00+08:00,2.6476402,100.88548,13.75,1009.73413,86.00541,0.0,0.0,0.0,11.45,0.0,0.0,,0.0
2020-09-30 06:00:00+08:00,3.0066593,93.814,13.35,1009.8213,87.40112,0.0,0.0,0.0,11.3,0.0,0.0,,0.0
2020-09-30 07:00:00+08:00,3.945884,98.74608,14.5,1010.153,81.11798,55.0,244.31412,24.0,11.3,0.0,0.0,,1.0
2020-09-30 08:00:00+08:00,4.219004,95.44024,16.9,1010.7192,68.20023,267.0,627.6009,68.0,11.0,0.0,0.0,,1.0
2020-09-30 09:00:00+08:00,3.8600519,106.55715,19.05,1010.68207,57.820507,506.0,815.977,81.0,10.55,0.0,0.0,,1.0
2020-09-30 10:00:00+08:00,2.624881,107.74477,21.0,1010.24176,48.741623,708.0,893.23505,91.0,9.8,0.0,0.0,,1.0
2020-09-30 11:00:00+08:00,1.3453624,138.01286,22.7,1009.4961,43.061268,859.0,934.7315,97.0,9.5,0.0,0.0,,1.0
2020-09-30 12:00:00+08:00,2.5553863,210.57915,23.55,1008.6272,42.867523,944.0,953.9921,99.0,10.2,0.0,0.0,,1.0
2020-09-30 13:00:00+08:00,5.215362,212.47118,22.25,1007.99567,54.53985,958.0,955.9021,100.0,12.65,0.0,0.0,,1.0
2020-09-30 14:00:00+08:00,5.5470715,207.95087,21.45,1007.279,54.695423,897.0,941.2858,97.0,11.95,0.0,0.0,,1.0
2020-09-30 15:00:00+08:00,5.3225937,205.60214,21.0,1006.9689,54.942772,770.0,907.5402,93.0,11.6,0.0,0.0,,1.0
2020-09-30 16:00:00+08:00,5.3851647,201.80147,20.35,1006.8514,58.90958,588.0,848.38495,85.0,12.05,0.0,0.0,,1.0
2020-09-30 17:00:00+08:00,5.0,196.26028,19.45,1006.9249,64.79125,366.0,735.47015,71.0,12.65,0.0,0.0,,1.0
2020-09-30 18:00:00+08:00,4.9030604,191.76826,18.3,1007.0904,74.31007,138.0,511.71268,44.0,13.65,0.0,0.0,,1.0
2020-09-30 19:00:00+08:00,4.3289723,186.63242,17.6,1007.46686,80.73588,5.0,34.445736,3.0,14.25,0.0,0.0,,0.0
2020-09-30 20:00:00+08:00,4.5177426,185.07951,17.05,1008.3435,85.77952,0.0,0.0,0.0,14.65,0.0,0.0,,0.0
2020-09-30 21:00:00+08:00,4.4045434,182.60251,16.8,1008.6337,85.75407,0.0,0.0,0.0,14.4,0.0,0.0,,0.0
2020-09-30 22:00:00+08:00,4.4,180.0,16.65,1008.431,83.003944,0.0,0.0,0.0,13.75,0.0,0.0,,0.0
2020-09-30 23:00:00+08:00,4.119466,174.4279,16.25,1008.02264,84.86702,0.0,0.0,0.0,13.7,0.0,0.0,,0.0
2020-10-01 00:00:00+08:00,3.4525354,169.99208,15.85,1007.5152,85.37829,0.0,0.0,0.0,13.4,0.0,0.0,,0.0
2020-10-01 01:00:00+08:00,3.008322,164.57777,15.4,1007.00635,87.018936,0.0,0.0,0.0,13.25,0.0,0.0,,0.0
2020-10-01 02:00:00+08:00,2.6000001,157.3801,14.9,1006.39655,88.694855,0.0,0.0,0.0,13.05,0.0,0.0,,0.0
2020-10-01 03:00:00+08:00,2.1633308,146.3099,14.45,1005.9867,89.53294,0.0,0.0,0.0,12.75,0.0,0.0,,0.0
2020-10-01 04:00:00+08:00,2.0,143.13002,13.95,1005.97205,90.38043,0.0,0.0,0.0,12.4,0.0,0.0,,0.0
2020-10-01 05:00:00+08:00,1.8439089,139.39879,13.6,1006.25916,90.95193,0.0,0.0,0.0,12.15,0.0,0.0,,0.0
2020-10-01 06:00:00+08:00,1.8384775,135.0001,13.55,1006.9517,90.94856,0.0,0.0,0.0,12.1,0.0,0.0,,0.0
2020-10-01 07:00:00+08:00,2.624881,130.36446,15.6,1007.50793,85.073944,62.0,279.03574,26.0,13.1,0.0,0.0,,1.0
2020-10-01 08:00:00+08:00,2.34094,109.98319,16.95,1008.04315,76.04807,268.0,616.3492,70.0,12.7,0.0,0.0,,1.0
2020-10-01 09:00:00+08:00,2.630589,171.25392,18.85,1008.19714,66.16567,490.0,746.94867,98.0,12.4,0.0,0.0,,1.0
2020-10-01 10:00:00+08:00,3.2280025,196.18927,19.95,1008.1292,61.58789,675.0,779.0495,134.0,12.35,0.0,0.0,,1.0
2020-10-01 11:00:00+08:00,4.204759,205.34613,20.45,1008.0444,59.90981,833.0,860.01215,129.0,12.4,0.0,0.0,,1.0
2020-10-01 12:00:00+08:00,4.652956,208.21725,20.8,1007.6574,56.73466,928.0,920.32074,110.0,11.9,0.0,0.0,,1.0
2020-10-01 13:00:00+08:00,4.6647615,210.96368,20.95,1006.8684,54.208237,945.0,927.4265,110.0,11.35,0.0,0.0,,1.0
2020-10-01 14:00:00+08:00,4.750789,210.34317,20.8,1006.26886,55.991146,895.0,929.1639,103.0,11.7,0.0,0.0,,1.0
2020-10-01 15:00:00+08:00,4.8754487,205.51382,20.55,1005.8653,56.86,771.0,902.1447,96.0,11.7,0.0,0.0,,1.0
2020-10-01 16:00:00+08:00,5.27731,207.05052,20.0,1005.8495,56.161804,592.0,850.46875,86.0,11.0,0.0,0.0,,1.0
2020-10-01 17:00:00+08:00,5.1264024,200.55612,19.3,1005.8296,56.92692,372.0,744.2602,72.0,10.55,0.0,0.0,,1.0
2020-10-01 18:00:00+08:00,3.8832974,191.88864,18.3,1005.8012,63.06208,141.0,522.4424,44.0,11.15,0.0,0.0,,1.0
2020-10-01 19:00:00+08:00,3.622154,186.3401,17.55,1006.2755,70.38928,5.0,33.869186,3.0,12.1,0.0,0.0,,0.0
2020-10-01 20:00:00+08:00,3.224903,172.87508,16.7,1006.94507,79.311325,0.0,0.0,0.0,13.1,0.0,0.0,,0.0
2020-10-01 21:00:00+08:00,2.624881,162.25523,16.05,1007.22363,83.20288,0.0,0.0,0.0,13.2,0.0,0.0,,0.0
2020-10-01 22:00:00+08:00,2.0,143.13002,15.4,1006.80804,86.171364,0.0,0.0,0.0,13.1,0.0,0.0,,0.0
2020-10-01 23:00:00+08:00,1.8439089,130.60121,14.85,1006.39526,88.11282,0.0,0.0,0.0,12.9,0.0,0.0,,0.0
2020-10-02 00:00:00+08:00,1.8601075,126.25393,14.25,1005.88184,88.64082,0.0,0.0,0.0,12.4,0.0,0.0,,0.0
2020-10-02 01:00:00+08:00,1.8384775,135.0001,13.7,1005.5679,89.47485,0.0,0.0,0.0,12.0,0.0,0.0,,0.0
2020-10-02 02:00:00+08:00,1.9849433,139.08571,13.75,1005.272,89.47873,0.0,0.0,0.0,12.05,0.0,0.0,,0.0
2020-10-02 03:00:00+08:00,2.1260293,138.81418,13.5,1005.06604,89.754745,0.0,0.0,0.0,11.85,0.0,0.0,,0.0
2020-10-02 04:00:00+08:00,2.4758837,136.63654,12.95,1005.24835,90.90795,0.0,0.0,0.0,11.5,0.0,0.0,,0.0
2020-10-02 05:00:00+08:00,1.9924859,107.52566,13.3,1005.65546,91.23189,0.0,0.0,0.0,11.9,0.0,0.0,,0.0
2020-10-02 06:00:00+08:00,1.3152945,81.25392,13.75,1006.36273,90.36613,0.0,0.0,0.0,12.2,0.0,0.0,,1.0
2020-10-02 07:00:00+08:00,2.147091,62.24156,15.5,1007.10834,81.517265,48.0,190.62895,23.0,12.35,0.0,0.0,,1.0
2020-10-02 08:00:00+08:00,2.0223749,81.46932,17.1,1007.5515,74.104454,200.0,341.10876,89.0,12.45,0.0,0.0,,1.0
2020-10-02 09:00:00+08:00,1.6124516,119.74479,18.15,1008.07776,71.19965,197.0,39.71692,176.0,12.85,0.0,0.0,,1.0
2020-10-02 10:00:00+08:00,1.9313208,158.74942,19.55,1007.91956,65.02543,442.0,280.76166,246.0,12.8,0.0,0.0,,1.0
2020-10-02 11:00:00+08:00,2.418677,209.7448,20.55,1007.74963,59.3463,614.0,498.8136,204.0,12.35,0.0,0.0,,1.0
2020-10-02 12:00:00+08:00,4.1012197,224.9999,20.7,1007.4562,59.18759,732.0,616.6905,182.0,12.45,0.0,0.0,,1.0
2020-10-02 13:00:00+08:00,5.882177,215.3113,18.9,1007.60333,74.412025,666.0,475.04782,237.0,14.25,0.0,0.1,,1.0
2020-10-02 14:00:00+08:00,8.417244,189.57416,17.55,1007.6639,81.25329,443.0,243.32428,235.0,14.3,0.0,0.4,,1.0
2020-10-02 15:00:00+08:00,9.019978,183.814,15.95,1007.7166,88.49412,145.0,0.0,145.0,14.05,0.0,0.9,,1.0
2020-10-02 16:00:00+08:00,9.408506,182.4366,15.7,1008.4035,80.744606,101.0,1.674981,100.0,12.4,0.0,0.4,,1.0
2020-10-02 17:00:00+08:00,8.905054,178.06946,15.15,1009.0815,80.67052,55.0,2.468793,54.0,11.85,0.0,0.3,,1.0
2020-10-02 18:00:00+08:00,7.4242845,175.36462,14.95,1009.6704,79.848114,23.0,15.988401,20.0,11.5,0.0,0.1,,1.0
2020-10-02 19:00:00+08:00,7.7317524,174.80566,15.15,1010.37067,73.51999,2.0,0.0,2.0,10.45,0.0,0.0,,0.0
2020-10-02 20:00:00+08:00,7.915807,176.37859,15.6,1010.8795,65.911644,0.0,0.0,0.0,9.25,0.0,0.0,,0.0
2020-10-02 21:00:00+08:00,8.40238,178.63611,15.45,1011.4699,64.55952,0.0,0.0,0.0,8.8,0.0,0.0,,0.0
2020-10-02 22:00:00+08:00,8.6,180.0,15.1,1012.0547,60.862713,0.0,0.0,0.0,7.6,0.0,0.0,,0.0
2020-10-02 23:00:00+08:00,8.109871,177.17294,14.35,1012.33014,64.53421,0.0,0.0,0.0,7.75,0.0,0.0,,0.0
2020-10-03 00:00:00+08:00,7.5802374,171.65619,13.55,1012.80206,70.32087,0.0,0.0,0.0,8.25,0.0,0.1,,0.0
2020-10-03 01:00:00+08:00,7.071068,171.86998,13.75,1012.8081,66.86496,0.0,0.0,0.0,7.7,0.0,0.1,,0.0
2020-10-03 02:00:00+08:00,7.4330344,174.5963,13.45,1013.39417,67.950455,0.0,0.0,0.0,7.65,0.0,0.1,,0.0
2020-10-03 03:00:00+08:00,7.4242845,175.36462,13.1,1013.8794,68.110176,0.0,0.0,0.0,7.35,0.0,0.1,,0.0
2020-10-03 04:00:00+08:00,6.428841,164.66666,12.45,1014.3555,73.28562,0.0,0.0,0.0,7.8,0.0,0.1,,0.0
2020-10-03 05:00:00+08:00,6.306346,152.62238,11.45,1015.21796,79.61867,0.0,0.0,0.0,8.05,0.0,0.0,,0.0
2020-10-03 06:00:00+08:00,5.080354,143.8067,11.2,1015.706,80.947426,0.0,0.0,0.0,8.05,0.0,0.0,,1.0
2020-10-03 07:00:00+08:00,4.2801867,142.59457,11.85,1016.41986,75.460785,60.0,262.62372,25.0,7.65,0.0,0.0,,1.0
2020-10-03 08:00:00+08:00,6.325346,140.77434,13.15,1017.35144,65.37906,245.0,509.7661,77.0,6.8,0.0,0.0,,1.0
2020-10-03 09:00:00+08:00,7.521303,144.19656,14.55,1017.6908,50.55336,428.0,610.1423,103.0,4.4,0.0,0.0,,1.0
2020-10-03 10:00:00+08:00,7.517978,151.38963,15.85,1017.82837,43.348793,625.0,686.86505,143.0,3.4,0.0,0.0,,1.0
2020-10-03 11:00:00+08:00,7.81089,161.333,16.95,1017.76166,39.99234,806.0,822.7562,127.0,3.25,0.0,0.0,,1.0
2020-10-03 12:00:00+08:00,8.121576,170.07382,17.35,1017.2774,39.96721,850.0,756.5441,173.0,3.6,0.0,0.0,,1.0
2020-10-03 13:00:00+08:00,8.605231,178.00217,17.5,1016.6867,41.877144,959.0,918.568,127.0,4.4,0.0,0.0,,1.0
2020-10-03 14:00:00+08:00,8.514693,183.3664,17.7,1016.3951,41.93455,919.0,955.39136,100.0,4.6,0.0,0.0,,1.0
2020-10-03 15:00:00+08:00,9.108238,188.84174,17.5,1016.19086,43.364925,791.0,926.0904,94.0,4.9,0.0,0.0,,1.0
2020-10-03 16:00:00+08:00,9.687621,187.7118,16.8,1016.76556,47.259354,608.0,873.03723,85.0,5.5,0.0,0.0,,1.0
2020-10-03 17:00:00+08:00,9.702062,181.18117,16.15,1017.5397,53.690723,381.0,759.1807,72.0,6.75,0.0,0.0,,1.0
2020-10-03 18:00:00+08:00,8.321658,175.8654,15.6,1018.0193,55.230564,146.0,522.1332,47.0,6.65,0.0,0.0,,1.0
2020-10-03 19:00:00+08:00,8.697701,171.40417,15.05,1018.79626,59.210327,6.0,32.77189,4.0,7.15,0.0,0.0,,0.0
2020-10-03 20:00:00+08:00,7.376313,164.26793,14.45,1019.77,60.50011,0.0,0.0,0.0,6.9,0.0,0.0,,0.0
2020-10-03 21:00:00+08:00,6.854196,156.80139,14.4,1020.2645,57.050682,0.0,0.0,0.0,6.0,0.0,0.0,,0.0
2020-10-03 22:00:00+08:00,6.236986,138.90059,13.35,1020.5302,57.98162,0.0,0.0,0.0,5.25,0.0,0.0,,0.0
2020-10-03 23:00:00+08:00,6.2482,140.19447,12.8,1020.61316,56.051872,0.0,0.0,0.0,4.25,0.0,0.0,,0.0
2020-10-04 00:00:00+08:00,6.3780875,138.81418,12.55,1020.5062,53.483936,0.0,0.0,0.0,3.35,0.0,0.0,,0.0
2020-10-04 01:00:00+08:00,5.7384667,131.4676,12.1,1020.49243,54.701,0.0,0.0,0.0,3.25,0.0,0.0,,0.0
2020-10-04 02:00:00+08:00,5.3413477,128.15727,12.0,1020.48956,55.062283,0.0,0.0,0.0,3.25,0.0,0.0,,0.0
2020-10-04 03:00:00+08:00,5.4037023,128.991,11.75,1020.4818,56.373764,0.0,0.0,0.0,3.35,0.0,0.0,,0.0
2020-10-04 04:00:00+08:00,5.2478566,120.96369,11.35,1020.1723,58.499413,0.0,0.0,0.0,3.5,0.0,0.0,,0.0
2020-10-04 05:00:00+08:00,4.7010636,119.29127,10.95,1020.1602,61.786167,0.0,0.0,0.0,3.9,0.0,0.0,,0.0
2020-10-04 06:00:00+08:00,4.0496917,122.90524,10.7,1020.4499,64.83525,0.0,0.0,0.0,4.35,0.0,0.0,,1.0
2020-10-04 07:00:00+08:00,4.661545,125.39488,11.85,1021.08014,63.750156,73.0,324.98648,29.0,5.2,0.0,0.0,,1.0
2020-10-04 08:00:00+08:00,5.1,118.072395,14.2,1021.84503,53.92162,286.0,641.2952,72.0,5.0,0.0,0.0,,1.0
2020-10-04 09:00:00+08:00,6.466065,129.35173,16.35,1021.90906,47.297966,513.0,786.49347,91.0,5.1,0.0,0.0,,1.0
2020-10-04 10:00:00+08:00,7.340981,142.1934,17.8,1021.8523,42.552628,698.0,826.5455,115.0,4.9,0.0,0.0,,1.0
2020-10-04 11:00:00+08:00,6.536819,150.6901,18.75,1021.38434,38.04342,790.0,751.90466,167.0,4.15,0.0,0.0,,1.0
2020-10-04 12:00:00+08:00,6.47611,166.60748,19.8,1020.32385,33.56782,891.0,794.1452,178.0,3.3,0.0,0.0,,1.0
2020-10-04 13:00:00+08:00,6.6068144,177.39749,20.15,1019.7386,34.62847,915.0,776.0811,210.0,4.05,0.0,0.0,,1.0
2020-10-04 14:00:00+08:00,8.220098,189.80603,19.2,1019.2153,47.598804,902.0,916.68365,114.0,7.8,0.0,0.0,,1.0
2020-10-04 15:00:00+08:00,8.956003,186.41075,18.6,1018.6029,50.09251,780.0,902.23834,99.0,8.0,0.0,0.0,,1.0
2020-10-04 16:00:00+08:00,9.6,180.0,17.8,1018.48047,55.793922,598.0,850.14264,87.0,8.85,0.0,0.0,,1.0
2020-10-04 17:00:00+08:00,8.500588,180.67403,17.25,1018.8612,58.746223,368.0,718.8793,74.0,9.1,0.0,0.0,,1.0
2020-10-04 18:00:00+08:00,8.030566,174.99945,16.55,1019.1381,61.61913,136.0,454.11847,49.0,9.15,0.0,0.0,,1.0
2020-10-04 19:00:00+08:00,7.8339005,165.96373,15.95,1019.5172,65.98684,6.0,32.24771,4.0,9.6,0.0,0.0,,0.0
2020-10-04 20:00:00+08:00,6.9570107,161.56496,15.4,1019.99677,69.50618,0.0,0.0,0.0,9.85,0.0,0.0,,0.0
2020-10-04 21:00:00+08:00,6.7542577,154.57317,15.15,1020.287,71.10516,0.0,0.0,0.0,9.95,0.0,0.0,,0.0
2020-10-04 22:00:00+08:00,5.9682493,148.70702,14.6,1020.36945,68.41802,0.0,0.0,0.0,8.85,0.0,0.0,,0.0
2020-10-04 23:00:00+08:00,5.700877,142.12495,13.7,1020.3425,61.579586,0.0,0.0,0.0,6.45,0.0,0.0,,0.0
2020-10-05 00:00:00+08:00,5.5226803,137.93575,13.05,1020.2239,61.425808,0.0,0.0,0.0,5.8,0.0,0.0,,0.0
2020-10-05 01:00:00+08:00,5.108816,130.23628,12.75,1020.21497,61.354572,0.0,0.0,0.0,5.5,0.0,0.0,,0.0
2020-10-05 02:00:00+08:00,4.8600416,126.63421,12.45,1020.00726,60.43638,0.0,0.0,0.0,5.0,0.0,0.0,,0.0
2020-10-05 03:00:00+08:00,5.011986,118.61037,12.3,1019.90356,55.335392,0.0,0.0,0.0,3.6,0.0,0.0,,0.0
2020-10-05 04:00:00+08:00,5.3488317,110.80687,12.25,1020.10077,50.81686,0.0,0.0,0.0,2.35,0.0,0.0,,0.0
2020-10-05 05:00:00+08:00,5.8240876,105.945465,11.95,1020.488,48.257042,0.0,0.0,0.0,1.35,0.0,0.0,,0.0
2020-10-05 06:00:00+08:00,6.0876927,104.26455,11.65,1021.074,48.17243,0.0,0.0,0.0,1.05,0.0,0.0,,1.0
2020-10-05 07:00:00+08:00,6.551336,102.33907,12.75,1021.60315,50.058655,83.0,385.4555,30.0,2.6,0.0,0.0,,1.0
2020-10-05 08:00:00+08:00,7.7414465,95.931435,14.85,1021.9636,43.988354,311.0,722.2889,67.0,2.7,0.0,0.0,,1.0
2020-10-05 09:00:00+08:00,7.7162166,93.71522,16.8,1022.02136,36.29296,547.0,858.5848,83.0,1.75,0.0,0.0,,1.0
2020-10-05 10:00:00+08:00,6.9115844,93.31772,18.5,1021.87286,30.020247,752.0,928.1802,94.0,0.6,0.0,0.0,,1.0
2020-10-05 11:00:00+08:00,5.770615,98.97255,20.0,1021.2218,24.343164,904.0,967.7703,99.0,-1.0,0.0,0.0,,1.0
2020-10-05 12:00:00+08:00,5.0,106.26028,21.2,1020.46295,20.623316,991.0,988.0754,101.0,-2.25,0.0,0.0,,1.0
2020-10-05 13:00:00+08:00,4.3382025,115.97434,22.1,1019.6951,18.395279,1005.0,991.19354,102.0,-3.05,0.0,0.0,,1.0
2020-10-05 14:00:00+08:00,3.7735925,147.99466,22.45,1018.8124,17.155537,943.0,979.1576,99.0,-3.7,0.0,0.0,,1.0
2020-10-05 15:00:00+08:00,6.264982,188.25935,21.05,1018.0782,25.81459,813.0,948.5751,95.0,0.7,0.0,0.0,,1.0
2020-10-05 16:00:00+08:00,8.158431,191.30989,19.3,1017.8298,38.069183,623.0,890.43726,86.0,4.65,0.0,0.0,,1.0
2020-10-05 17:00:00+08:00,8.657945,186.63242,17.85,1017.8871,45.310474,392.0,776.31805,73.0,5.85,0.0,0.0,,1.0
2020-10-05 18:00:00+08:00,7.951101,173.50075,16.75,1018.0531,47.57416,153.0,552.8123,46.0,5.55,0.0,0.0,,1.0
2020-10-05 19:00:00+08:00,6.676077,163.46509,16.2,1018.6321,56.147106,7.0,47.605507,4.0,7.45,0.0,0.0,,0.0
2020-10-05 20:00:00+08:00,6.514599,162.12122,15.5,1019.2064,64.78887,0.0,0.0,0.0,8.9,0.0,0.0,,0.0
2020-10-05 21:00:00+08:00,6.2649817,155.48038,15.3,1019.2003,70.423485,0.0,0.0,0.0,9.95,0.0,0.0,,0.0
2020-10-05 22:00:00+08:00,5.021952,144.7275,14.75,1019.0848,76.194855,0.0,0.0,0.0,10.6,0.0,0.0,,0.0
2020-10-05 23:00:00+08:00,3.4669871,123.23173,13.35,1018.7454,77.77526,0.0,0.0,0.0,9.55,0.0,0.0,,0.0
2020-10-06 00:00:00+08:00,3.981206,101.59215,12.75,1018.1327,58.43945,0.0,0.0,0.0,4.8,0.0,0.0,,0.0
2020-10-06 01:00:00+08:00,4.7518415,98.47106,13.1,1017.9448,30.80112,0.0,0.0,0.0,-3.75,0.0,0.0,,0.0
2020-10-06 02:00:00+08:00,4.7518415,98.47106,12.8,1017.53925,29.137838,0.0,0.0,0.0,-4.75,0.0,0.0,,0.0
2020-10-06 03:00:00+08:00,4.7265205,96.072365,12.3,1016.92896,30.222754,0.0,0.0,0.0,-4.7,0.0,0.0,,0.0
2020-10-06 04:00:00+08:00,5.200961,88.89832,12.05,1016.7233,31.190233,0.0,0.0,0.0,-4.5,0.0,0.0,,0.0
2020-10-06 05:00:00+08:00,5.5108986,78.486206,11.75,1016.7141,31.933014,0.0,0.0,0.0,-4.45,0.0,0.0,,0.0
2020-10-06 06:00:00+08:00,5.3488317,69.19314,11.45,1017.00256,31.844213,0.0,0.0,0.0,-4.75,0.0,0.0,,1.0
2020-10-06 07:00:00+08:00,5.6859474,66.139824,12.9,1017.24475,30.627474,83.0,343.84763,35.0,-4.0,0.0,0.0,,1.0
2020-10-06 08:00:00+08:00,6.551336,58.736336,15.85,1017.3325,27.474863,290.0,561.56287,98.0,-2.9,0.0,0.0,,1.0
2020-10-06 09:00:00+08:00,6.9999995,53.13002,18.4,1017.2088,23.641964,522.0,700.04095,141.0,-2.75,0.0,0.0,,1.0
2020-10-06 10:00:00+08:00,6.1611686,54.246033,20.05,1016.76044,21.018763,733.0,818.3125,150.0,-2.95,0.0,0.0,,1.0
2020-10-06 11:00:00+08:00,4.2720017,57.42595,21.2,1016.099,19.291803,842.0,743.70337,221.0,-3.15,0.0,0.0,,1.0
2020-10-06 12:00:00+08:00,2.5942245,62.447273,22.2,1015.2348,18.21569,960.0,843.27826,198.0,-3.1,0.0,0.0,,1.0
2020-10-06 13:00:00+08:00,0.8062258,97.12492,22.75,1014.3574,17.55157,962.0,825.3125,208.0,-3.15,0.0,0.0,,1.0
2020-10-06 14:00:00+08:00,2.280351,217.87505,22.75,1013.16724,19.82857,935.0,936.0459,126.0,-1.5,0.0,0.0,,1.0
2020-10-06 15:00:00+08:00,5.060632,217.77574,21.55,1012.2409,27.481829,812.0,939.3542,99.0,2.0,0.0,0.0,,1.0
2020-10-06 16:00:00+08:00,5.818075,208.76755,20.3,1011.7095,31.414146,617.0,856.121,99.0,2.8,0.0,0.0,,1.0
2020-10-06 17:00:00+08:00,5.9665737,193.57045,19.1,1011.6752,33.129753,391.0,760.5646,77.0,2.5,0.0,0.0,,1.0
2020-10-06 18:00:00+08:00,4.0199504,185.7105,18.25,1012.0475,38.300694,153.0,531.87256,49.0,3.8,0.0,0.0,,1.0
2020-10-06 19:00:00+08:00,4.1761227,196.69933,17.1,1012.50995,46.691902,8.0,46.86409,5.0,5.6,0.0,0.0,,0.0
2020-10-06 20:00:00+08:00,3.3955853,166.37299,16.3,1012.5858,50.50321,0.0,0.0,0.0,6.0,0.0,0.0,,0.0
2020-10-06 21:00:00+08:00,2.5632012,159.44388,14.8,1012.44257,59.965305,0.0,0.0,0.0,7.1,0.0,0.0,,0.0
2020-10-06 22:00:00+08:00,2.5,143.13002,13.9,1012.2175,67.582726,0.0,0.0,0.0,8.0,0.0,0.0,,0.0
2020-10-06 23:00:00+08:00,2.385372,123.02387,14.0,1011.6254,62.931633,0.0,0.0,0.0,7.05,0.0,0.0,,0.0
2020-10-07 00:00:00+08:00,2.236068,116.56499,12.65,1010.9902,67.32061,0.0,0.0,0.0,6.75,0.0,0.0,,0.0
2020-10-07 01:00:00+08:00,2.4698179,111.3707,12.55,1010.59076,64.35255,0.0,0.0,0.0,6.0,0.0,0.0,,0.0
2020-10-07 02:00:00+08:00,2.5942245,117.552734,12.55,1009.7975,60.04123,0.0,0.0,0.0,5.0,0.0,0.0,,0.0
2020-10-07 03:00:00+08:00,2.8160257,106.50443,13.2,1008.82526,53.65696,0.0,0.0,0.0,4.0,0.0,0.0,,0.0
2020-10-07 04:00:00+08:00,2.1023796,92.72626,13.05,1008.5233,52.497204,0.0,0.0,0.0,3.55,0.0,0.0,,0.0
2020-10-07 05:00:00+08:00,1.746425,76.75947,12.15,1008.3973,56.080807,0.0,0.0,0.0,3.65,0.0,0.0,,0.0
2020-10-07 06:00:00+08:00,2.385372,56.976128,10.6,1008.3504,61.92056,0.0,0.0,0.0,3.6,0.0,0.0,,1.0
2020-10-07 07:00:00+08:00,3.3241541,43.7812,12.55,1008.4093,54.43479,86.0,374.08936,33.0,3.6,0.0,0.0,,1.0
2020-10-07 08:00:00+08:00,2.4413111,34.9921,16.7,1008.53174,40.775284,318.0,725.5236,67.0,3.3,0.0,0.0,,1.0
2020-10-07 09:00:00+08:00,3.1016126,1.8475709,20.6,1008.2467,23.977072,555.0,861.24756,83.0,-0.7,0.0,0.0,,1.0
2020-10-07 10:00:00+08:00,3.8013155,324.63745,22.65,1007.8084,20.244078,759.0,931.6653,92.0,-1.3,0.0,0.0,,1.0
2020-10-07 11:00:00+08:00,4.8010416,271.19345,22.2,1007.4986,31.402994,909.0,967.5914,98.0,4.45,0.0,0.0,,1.0
2020-10-07 12:00:00+08:00,6.258594,257.074,21.1,1007.0709,33.470394,990.0,980.7556,101.0,4.4,0.0,0.0,,1.0
2020-10-07 13:00:00+08:00,6.0,270.0,21.45,1006.4856,35.738018,996.0,978.03754,100.0,5.65,0.0,0.0,,1.0
2020-10-07 14:00:00+08:00,6.9857,256.75946,20.9,1006.2717,39.333405,938.0,969.3666,98.0,6.55,0.0,0.0,,1.0
2020-10-07 15:00:00+08:00,7.34983,255.01831,20.2,1006.0535,46.437958,810.0,939.41693,95.0,8.35,0.0,0.0,,1.0
2020-10-07 16:00:00+08:00,6.9857,256.75946,19.7,1006.2379,54.61129,619.0,864.8847,94.0,10.3,0.0,0.0,,1.0
2020-10-07 17:00:00+08:00,6.3788714,260.98074,19.1,1006.6173,53.551044,387.0,737.73816,81.0,9.45,0.0,0.0,,1.0
2020-10-07 18:00:00+08:00,5.6142673,265.91446,18.3,1006.7929,55.5458,155.0,546.7795,47.0,9.25,0.0,0.0,,1.0
2020-10-07 19:00:00+08:00,4.804165,267.6141,17.55,1007.168,55.35448,8.0,46.1409,5.0,8.5,0.0,0.0,,0.0
2020-10-07 20:00:00+08:00,3.7054014,266.906,17.2,1007.7529,55.83016,0.0,0.0,0.0,8.3,0.0,0.0,,0.0
2020-10-07 21:00:00+08:00,2.570992,283.49576,16.25,1007.626,62.175167,0.0,0.0,0.0,9.0,0.0,0.0,,0.0
2020-10-07 22:00:00+08:00,2.1400933,322.59457,15.2,1007.1986,71.59182,0.0,0.0,0.0,10.1,0.0,0.0,,0.0
2020-10-07 23:00:00+08:00,1.9924859,342.47433,14.25,1006.8734,74.60067,0.0,0.0,0.0,9.8,0.0,0.0,,0.0
2020-10-08 00:00:00+08:00,2.184033,344.05453,14.15,1006.5727,72.11944,0.0,0.0,0.0,9.2,0.0,0.0,,0.0
2020-10-08 01:00:00+08:00,2.3537204,347.73523,14.25,1006.27844,68.81065,0.0,0.0,0.0,8.6,0.0,0.0,,0.0
2020-10-08 02:00:00+08:00,2.158703,346.60748,14.1,1006.17487,70.42787,0.0,0.0,0.0,8.8,0.0,0.0,,0.0
2020-10-08 03:00:00+08:00,1.9416487,348.11136,13.45,1006.25476,78.05194,0.0,0.0,0.0,9.7,0.0,0.0,,0.0
2020-10-08 04:00:00+08:00,1.9104973,353.9911,13.4,1006.3523,83.16029,0.0,0.0,0.0,10.6,0.0,0.0,,0.0
2020-10-08 05:00:00+08:00,1.9723083,329.53452,14.35,1006.4796,82.725235,0.0,0.0,0.0,11.45,0.0,0.0,,0.0
2020-10-08 06:00:00+08:00,2.4,270.0,14.4,1006.977,87.785126,0.0,0.0,0.0,12.4,0.0,0.0,,1.0
2020-10-08 07:00:00+08:00,2.0024984,267.13766,17.15,1007.55304,82.52768,74.0,292.1946,32.0,14.15,0.0,0.1,,1.0
2020-10-08 08:00:00+08:00,1.603122,273.57626,18.4,1007.88666,77.524445,234.0,451.4645,76.0,14.4,0.0,0.0,,1.0
2020-10-08 09:00:00+08:00,2.236068,259.69522,19.2,1008.2069,73.506775,431.0,556.37714,124.0,14.35,0.0,0.4,,1.0
2020-10-08 10:00:00+08:00,2.4515302,258.23172,19.95,1008.0301,68.14564,544.0,560.2264,141.0,13.9,0.0,0.1,,1.0
2020-10-08 11:00:00+08:00,3.1320918,253.30067,20.55,1007.8489,65.66537,658.0,584.83386,166.0,13.9,0.0,0.1,,1.0
2020-10-08 12:00:00+08:00,3.49285,256.75946,20.95,1007.5626,64.69441,795.0,673.1037,183.0,14.05,0.0,0.1,,1.0
2020-10-08 13:00:00+08:00,3.6878178,257.4712,20.85,1007.163,65.942,754.0,637.92645,168.0,14.25,0.0,0.1,,1.0
2020-10-08 14:00:00+08:00,4.1,257.3196,20.65,1006.8598,67.6278,780.0,715.94794,158.0,14.45,0.0,0.1,,1.0
2020-10-08 15:00:00+08:00,3.9293766,255.2564,20.35,1006.75214,69.1136,653.0,695.7903,122.0,14.5,0.0,0.0,,1.0
2020-10-08 16:00:00+08:00,3.940812,234.29321,19.75,1006.8342,73.1298,526.0,668.3503,119.0,14.8,0.0,0.0,,1.0
2020-10-08 17:00:00+08:00,3.9115214,237.52882,19.3,1007.0197,74.96148,341.0,616.74207,84.0,14.75,0.0,0.0,,1.0
2020-10-08 18:00:00+08:00,3.9115214,212.47118,18.0,1007.18097,82.36597,145.0,481.1777,49.0,14.95,0.0,0.0,,1.0
2020-10-08 19:00:00+08:00,2.1377556,190.78426,17.1,1007.45233,86.61789,8.0,45.4368,5.0,14.85,0.0,0.0,,0.0
2020-10-08 20:00:00+08:00,1.8384776,157.61983,16.5,1008.1291,89.97872,0.0,0.0,0.0,14.85,0.0,0.0,,0.0
2020-10-08 21:00:00+08:00,1.8867962,147.99466,16.1,1008.5141,90.24024,0.0,0.0,0.0,14.5,0.0,0.0,,0.0
2020-10-08 22:00:00+08:00,1.7804494,128.15727,15.8,1008.4064,89.05728,0.0,0.0,0.0,14.0,0.0,0.0,,0.0
2020-10-08 23:00:00+08:00,1.8384776,112.38018,15.15,1007.9907,89.2955,0.0,0.0,0.0,13.4,0.0,0.0,,0.0
2020-10-09 00:00:00+08:00,2.3086793,94.96966,14.65,1007.57916,88.09547,0.0,0.0,0.0,12.7,0.0,0.0,,0.0
2020-10-09 01:00:00+08:00,2.2561028,102.80426,14.0,1007.16327,89.20456,0.0,0.0,0.0,12.25,0.0,0.0,,0.0
2020-10-09 02:00:00+08:00,2.5,106.26028,13.65,1006.7565,88.88324,0.0,0.0,0.0,11.85,0.0,0.0,,0.0
2020-10-09 03:00:00+08:00,2.5179358,96.84268,13.25,1006.54614,88.85039,0.0,0.0,0.0,11.45,0.0,0.0,,0.0
2020-10-09 04:00:00+08:00,2.4020824,87.614105,12.85,1006.5341,88.5232,0.0,0.0,0.0,11.0,0.0,0.0,,0.0
2020-10-09 05:00:00+08:00,2.5179358,83.15732,12.45,1007.018,88.7843,0.0,0.0,0.0,10.65,0.0,0.0,,0.0
2020-10-09 06:00:00+08:00,2.408319,85.23644,12.1,1007.6025,89.05183,0.0,0.0,0.0,10.35,0.0,0.0,,1.0
2020-10-09 07:00:00+08:00,2.9,90.0,14.35,1008.4628,77.66898,91.0,391.0017,34.0,10.5,0.0,0.0,,1.0
2020-10-09 08:00:00+08:00,3.1320918,106.699326,17.5,1008.9516,64.57892,311.0,686.555,68.0,10.75,0.0,0.0,,1.0
2020-10-09 09:00:00+08:00,3.1622775,124.69522,20.05,1009.0247,53.797295,545.0,828.1217,85.0,10.4,0.0,0.0,,1.0
2020-10-09 10:00:00+08:00,2.418677,150.2552,21.9,1008.6802,48.49833,742.0,896.6035,94.0,10.55,0.0,0.0,,1.0
2020-10-09 11:00:00+08:00,3.1780496,192.72435,22.9,1007.9146,45.942547,889.0,933.3064,101.0,10.65,0.0,0.0,,1.0
2020-10-09 12:00:00+08:00,6.0008335,203.57472,22.1,1007.1982,55.04035,971.0,950.7146,104.0,12.65,0.0,0.0,,1.0
2020-10-09 13:00:00+08:00,6.706713,200.05618,21.9,1006.5974,53.916576,983.0,954.36066,104.0,12.15,0.0,0.0,,1.0
2020-10-09 14:00:00+08:00,6.5520988,195.94547,21.6,1005.9937,51.746494,922.0,942.62445,101.0,11.25,0.0,0.0,,1.0
2020-10-09 15:00:00+08:00,6.139218,192.22511,21.5,1005.69366,52.06409,794.0,912.2007,96.0,11.25,0.0,0.0,,1.0
2020-10-09 16:00:00+08:00,6.152235,187.47147,20.9,1005.7758,55.28153,611.0,857.76495,87.0,11.6,0.0,0.0,,1.0
2020-10-09 17:00:00+08:00,5.5443664,187.2531,20.05,1006.0494,60.210068,387.0,747.6852,74.0,12.1,0.0,0.0,,1.0
2020-10-09 18:00:00+08:00,4.9010205,181.16911,18.8,1006.41034,71.32092,155.0,530.99786,48.0,13.5,0.0,0.0,,1.0
2020-10-09 19:00:00+08:00,4.428318,173.51703,17.7,1006.8747,80.228584,9.0,44.751007,6.0,14.25,0.0,0.0,,0.0
2020-10-09 20:00:00+08:00,4.0261645,165.61858,17.15,1007.65216,82.52768,0.0,0.0,0.0,14.15,0.0,0.0,,0.0
2020-10-09 21:00:00+08:00,3.7161808,156.19405,16.6,1007.8347,86.56971,0.0,0.0,0.0,14.35,0.0,0.0,,0.0
2020-10-09 22:00:00+08:00,3.224903,150.2552,16.1,1007.72076,89.94926,0.0,0.0,0.0,14.45,0.0,0.0,,0.0
2020-10-09 23:00:00+08:00,3.1906114,147.80429,15.75,1007.5123,90.21508,0.0,0.0,0.0,14.15,0.0,0.0,,0.0
2020-10-10 00:00:00+08:00,3.4,151.92761,15.35,1007.10394,87.29848,0.0,0.0,0.0,13.25,0.0,0.0,,0.0
2020-10-10 01:00:00+08:00,3.8948684,150.80261,14.95,1006.69556,81.71476,0.0,0.0,0.0,11.85,0.0,0.0,,0.0
2020-10-10 02:00:00+08:00,3.720215,143.74608,14.4,1006.28284,77.41836,0.0,0.0,0.0,10.5,0.0,0.0,,0.0
2020-10-10 03:00:00+08:00,3.04795,138.99101,13.65,1006.55817,76.52776,0.0,0.0,0.0,9.6,0.0,0.0,,0.0
2020-10-10 04:00:00+08:00,2.758623,133.53127,13.25,1006.9428,75.69456,0.0,0.0,0.0,9.05,0.0,0.0,,0.0
2020-10-10 05:00:00+08:00,2.6907248,138.01286,13.05,1007.3335,74.898544,0.0,0.0,0.0,8.7,0.0,0.0,,0.0
2020-10-10 06:00:00+08:00,2.408319,131.63345,12.55,1007.6161,76.34994,0.0,0.0,0.0,8.5,0.0,0.0,,1.0
2020-10-10 07:00:00+08:00,3.1890438,138.81418,14.75,1008.0778,66.84983,94.0,399.20206,35.0,8.65,0.0,0.0,,1.0
2020-10-10 08:00:00+08:00,3.7121422,152.74475,17.15,1007.94977,58.130505,297.0,561.6711,96.0,8.85,0.0,0.0,,1.0
2020-10-10 09:00:00+08:00,4.0521603,164.24876,19.6,1007.62354,51.045208,493.0,579.4947,169.0,9.2,0.0,0.0,,1.0
2020-10-10 10:00:00+08:00,4.609772,183.73132,21.4,1007.2777,48.3627,714.0,769.92694,155.0,10.05,0.0,0.0,,1.0
2020-10-10 11:00:00+08:00,6.3788714,193.60056,21.35,1006.87946,55.0315,860.0,837.9593,150.0,11.95,0.0,0.0,,1.0
2020-10-10 12:00:00+08:00,7.2835426,188.68628,21.55,1006.58765,54.004566,929.0,803.6166,194.0,11.85,0.0,0.0,,1.0
2020-10-10 13:00:00+08:00,7.7929454,188.85788,21.95,1006.0036,50.988457,934.0,815.4459,181.0,11.35,0.0,0.0,,1.0
2020-10-10 14:00:00+08:00,8.318653,189.68872,21.7,1005.79816,52.11647,898.0,858.9809,148.0,11.45,0.0,0.0,,1.0
2020-10-10 15:00:00+08:00,8.273452,187.64032,21.2,1005.8835,55.35728,792.0,908.5269,95.0,11.9,0.0,0.0,,1.0
2020-10-10 16:00:00+08:00,8.130191,184.93913,20.5,1006.062,60.316,603.0,828.9795,95.0,12.55,0.0,0.0,,1.0
2020-10-10 17:00:00+08:00,8.221922,184.18483,19.5,1006.5298,67.393135,380.0,713.36664,80.0,13.3,0.0,0.0,,1.0
2020-10-10 18:00:00+08:00,7.8057675,182.20255,18.4,1006.99414,74.81133,153.0,501.19916,51.0,13.85,0.0,0.0,,1.0
2020-10-10 19:00:00+08:00,7.1112585,176.77554,17.7,1007.668,78.1755,9.0,44.08262,6.0,13.85,0.0,0.0,,0.0
2020-10-10 20:00:00+08:00,6.6370173,173.9459,17.45,1007.85913,79.41786,0.0,0.0,0.0,13.85,0.0,0.0,,0.0
2020-10-10 21:00:00+08:00,6.926038,175.03035,17.35,1008.0546,79.403694,0.0,0.0,0.0,13.75,0.0,0.0,,0.0
2020-10-10 22:00:00+08:00,6.2169123,168.87085,17.05,1008.2444,80.924774,0.0,0.0,0.0,13.75,0.0,0.0,,0.0
2020-10-10 23:00:00+08:00,6.1814237,170.69014,16.9,1007.84326,81.16833,0.0,0.0,0.0,13.65,0.0,0.0,,0.0
2020-10-11 00:00:00+08:00,5.80517,169.07724,16.75,1007.6405,82.21106,0.0,0.0,0.0,13.7,0.0,0.0,,0.0
2020-10-11 01:00:00+08:00,5.3160133,163.61038,16.5,1007.33575,83.25618,0.0,0.0,0.0,13.65,0.0,0.0,,0.0
2020-10-11 02:00:00+08:00,4.661545,157.28555,16.15,1007.42487,84.03196,0.0,0.0,0.0,13.45,0.0,0.0,,0.0
2020-10-11 03:00:00+08:00,3.9661064,146.3099,15.6,1007.3096,86.19125,0.0,0.0,0.0,13.3,0.0,0.0,,0.0
2020-10-11 04:00:00+08:00,3.3301651,138.65233,14.7,1007.58075,88.96874,0.0,0.0,0.0,12.9,0.0,0.0,,0.0
2020-10-11 05:00:00+08:00,3.623534,140.59937,14.4,1008.16693,88.0737,0.0,0.0,0.0,12.45,0.0,0.0,,0.0
2020-10-11 06:00:00+08:00,3.7802117,142.52374,14.2,1008.65674,88.34601,1.0,0.0,1.0,12.3,0.0,0.0,,1.0
2020-10-11 07:00:00+08:00,4.243819,145.56096,15.75,1009.4956,79.43604,92.0,367.20023,37.0,12.2,0.0,0.0,,1.0
2020-10-11 08:00:00+08:00,4.438468,157.47939,17.75,1009.55383,71.82783,308.0,638.6108,77.0,12.6,0.0,0.0,,1.0
2020-10-11 09:00:00+08:00,5.2153616,175.60138,19.55,1009.6055,65.23851,529.0,760.6458,101.0,12.85,0.0,0.0,,1.0
2020-10-11 10:00:00+08:00,5.842089,186.88162,20.8,1009.34344,60.189194,729.0,841.90875,115.0,12.8,0.0,0.0,,1.0
2020-10-11 11:00:00+08:00,6.356099,192.72435,21.35,1008.6647,57.810574,860.0,855.07117,133.0,12.7,0.0,0.0,,1.0
2020-10-11 12:00:00+08:00,6.8154235,194.44408,21.5,1008.1732,57.0946,942.0,875.4645,139.0,12.65,0.0,0.0,,1.0
2020-10-11 13:00:00+08:00,6.9375787,195.03787,21.5,1007.7764,55.79843,977.0,939.7711,107.0,12.3,0.0,0.0,,1.0
2020-10-11 14:00:00+08:00,6.964194,195.83246,21.35,1007.37537,55.213043,917.0,930.02747,103.0,12.0,0.0,0.0,,1.0
2020-10-11 15:00:00+08:00,6.8007355,197.10281,20.95,1007.2651,56.958965,791.0,902.3051,97.0,12.1,0.0,0.0,,1.0
2020-10-11 16:00:00+08:00,6.676077,196.53491,20.35,1007.5456,62.084885,608.0,845.94446,88.0,12.85,0.0,0.0,,1.0
2020-10-11 17:00:00+08:00,6.7446275,195.4787,19.65,1008.0216,66.98614,384.0,721.97284,79.0,13.35,0.0,0.0,,1.0
2020-10-11 18:00:00+08:00,6.477654,188.88058,18.8,1008.49304,72.72557,152.0,486.55795,52.0,13.8,0.0,0.0,,1.0
2020-10-11 19:00:00+08:00,6.3198104,184.53769,18.1,1008.67145,77.73006,9.0,43.42963,6.0,14.15,0.0,0.0,,0.0
2020-10-11 20:00:00+08:00,6.307139,182.72626,17.5,1008.9516,82.8375,0.0,0.0,0.0,14.55,0.0,0.0,,0.0
2020-10-11 21:00:00+08:00,6.3007936,179.09064,17.2,1009.2405,83.60844,0.0,0.0,0.0,14.4,0.0,0.0,,0.0
2020-10-11 22:00:00+08:00,6.1131005,176.24835,17.1,1009.039,82.25463,0.0,0.0,0.0,14.05,0.0,0.0,,0.0
2020-10-11 23:00:00+08:00,6.280127,170.83772,17.15,1009.0406,80.67569,0.0,0.0,0.0,13.8,0.0,0.0,,0.0
2020-10-12 00:00:00+08:00,6.236986,167.96942,17.2,1008.943,81.207596,0.0,0.0,0.0,13.95,0.0,0.0,,0.0
2020-10-12 01:00:00+08:00,6.0728908,162.75845,16.95,1008.6382,83.309265,0.0,0.0,0.0,14.1,0.0,0.0,,0.0
2020-10-12 02:00:00+08:00,5.9774575,162.47435,16.75,1008.3347,84.64637,0.0,0.0,0.0,14.15,0.0,0.0,,0.0
2020-10-12 03:00:00+08:00,5.7939625,158.74942,16.45,1008.3261,85.9965,0.0,0.0,0.0,14.1,0.0,0.0,,0.0
2020-10-12 04:00:00+08:00,5.1478148,155.9245,15.85,1008.3085,89.06127,0.0,0.0,0.0,14.05,0.0,0.0,,0.0
2020-10-12 05:00:00+08:00,4.7853947,153.97047,15.35,1008.59143,90.47956,0.0,0.0,0.0,13.8,0.0,0.0,,0.0
2020-10-12 06:00:00+08:00,4.3908997,149.9315,15.0,1008.97797,89.86764,1.0,0.0,1.0,13.35,0.0,0.0,,1.0
2020-10-12 07:00:00+08:00,4.356604,148.13406,16.2,1009.21136,81.07621,96.0,375.6457,39.0,12.95,0.0,0.0,,1.0
2020-10-12 08:00:00+08:00,4.3382025,154.02567,18.45,1008.5824,67.39794,318.0,670.27185,73.0,12.3,0.0,0.0,,1.0
2020-10-12 09:00:00+08:00,4.1231055,165.96373,20.85,1008.3532,56.003662,553.0,826.5839,85.0,11.75,0.0,0.0,,1.0
2020-10-12 10:00:00+08:00,4.0,180.0,22.85,1007.9133,49.730415,752.0,898.31793,94.0,11.8,0.0,0.0,,1.0
2020-10-12 11:00:00+08:00,4.964876,198.79999,23.6,1007.1407,51.422783,898.0,935.43274,100.0,13.0,0.0,0.0,,1.0
2020-10-12 12:00:00+08:00,6.1269894,206.14677,22.8,1006.52344,58.350674,980.0,953.4888,103.0,14.2,0.0,0.0,,1.0
2020-10-12 13:00:00+08:00,5.636488,205.2011,22.5,1006.2174,56.048107,989.0,954.69763,103.0,13.3,0.0,0.0,,1.0
2020-10-12 14:00:00+08:00,5.7245083,207.01259,22.7,1005.82623,55.19153,927.0,942.6452,100.0,13.25,0.0,0.0,,1.0
2020-10-12 15:00:00+08:00,6.041523,204.44394,22.1,1005.61127,57.616325,802.0,915.5998,96.0,13.35,0.0,0.0,,1.0
2020-10-12 16:00:00+08:00,7.0007143,201.80147,21.3,1005.688,66.2499,617.0,859.58093,87.0,14.75,0.0,0.0,,1.0
2020-10-12 17:00:00+08:00,7.2780495,192.69958,20.15,1006.15137,75.58442,394.0,754.06964,74.0,15.7,0.0,0.0,,1.0
2020-10-12 18:00:00+08:00,6.8066144,182.52606,18.85,1006.70953,83.53071,159.0,529.9977,49.0,16.0,0.0,0.0,,1.0
2020-10-12 19:00:00+08:00,6.0074954,177.13765,18.1,1007.0847,87.26922,10.0,57.05695,6.0,15.95,0.0,0.0,,0.0
2020-10-12 20:00:00+08:00,6.0207973,175.23645,17.9,1007.5748,87.81058,0.0,0.0,0.0,15.85,0.0,0.0,,0.0
2020-10-12 21:00:00+08:00,4.816638,175.23645,17.65,1007.7659,88.35231,0.0,0.0,0.0,15.7,0.0,0.0,,0.0
2020-10-12 22:00:00+08:00,4.504442,177.45525,17.4,1007.75867,89.470184,0.0,0.0,0.0,15.65,0.0,0.0,,0.0
2020-10-12 23:00:00+08:00,4.1303754,173.04713,17.25,1007.35754,90.61171,0.0,0.0,0.0,15.7,0.0,0.0,,0.0
2020-10-13 00:00:00+08:00,4.119466,174.4279,17.25,1006.96094,91.48508,0.0,0.0,0.0,15.85,0.0,0.0,,0.0
2020-10-13 01:00:00+08:00,4.14367,171.67444,17.25,1006.36584,91.77781,0.0,0.0,0.0,15.9,0.0,0.0,,0.0
2020-10-13 02:00:00+08:00,4.2296567,173.21112,17.2,1005.7696,92.06847,0.0,0.0,0.0,15.9,0.0,0.0,,0.0
2020-10-13 03:00:00+08:00,3.8209946,173.99109,17.2,1005.5712,92.06847,0.0,0.0,0.0,15.9,0.0,0.0,,0.0
2020-10-13 04:00:00+08:00,3.622154,173.6599,17.1,1005.469,92.65287,0.0,0.0,0.0,15.9,0.0,0.0,,0.0
2020-10-13 05:00:00+08:00,3.5128336,175.101,17.1,1005.7665,92.65287,0.0,0.0,0.0,15.9,0.0,0.0,,0.0
2020-10-13 06:00:00+08:00,3.4014704,178.31535,17.25,1006.16754,92.66103,1.0,0.0,1.0,16.05,0.0,0.0,,1.0
2020-10-13 07:00:00+08:00,3.535534,171.86998,18.65,1006.6047,88.15575,91.0,357.9303,36.0,16.65,0.0,0.0,,1.0
2020-10-13 08:00:00+08:00,3.4539833,202.1095,19.95,1006.5424,80.276566,299.0,571.4185,88.0,16.45,0.0,0.0,,1.0
2020-10-13 09:00:00+08:00,3.6878178,220.60121,21.0,1007.06805,75.00271,452.0,442.3995,200.0,16.4,0.0,0.0,,1.0
2020-10-13 10:00:00+08:00,4.110961,228.94528,21.85,1007.4887,71.652466,672.0,592.71826,236.0,16.5,0.0,0.0,,1.0
2020-10-13 11:00:00+08:00,4.750789,229.26797,21.75,1007.48596,72.32093,637.0,504.74756,205.0,16.55,0.0,0.0,,1.0
2020-10-13 12:00:00+08:00,4.883646,227.4896,22.4,1007.2064,69.95509,904.0,693.93835,264.0,16.65,0.0,0.0,,1.0
2020-10-13 13:00:00+08:00,4.8083262,224.9999,22.0,1006.89777,70.774254,794.0,482.65237,345.0,16.45,0.0,0.0,,1.0
2020-10-13 14:00:00+08:00,4.527693,223.21011,22.2,1006.5068,68.37539,839.0,652.75195,265.0,16.1,0.0,0.0,,1.0
2020-10-13 15:00:00+08:00,4.738143,224.14499,21.9,1006.2998,69.19433,767.0,778.7943,165.0,16.0,0.0,0.0,,1.0
2020-10-13 16:00:00+08:00,4.8270073,219.95749,21.1,1006.4758,72.20437,548.0,617.67633,166.0,15.9,0.0,0.0,,1.0
2020-10-13 17:00:00+08:00,4.909175,213.36638,20.25,1006.74927,75.35928,338.0,490.2955,129.0,15.75,0.0,0.0,,1.0
2020-10-13 18:00:00+08:00,4.9648767,207.5972,19.35,1007.2196,79.93941,133.0,319.68512,66.0,15.8,0.0,0.0,,1.0
2020-10-13 19:00:00+08:00,4.701064,203.83875,18.9,1007.70245,83.00491,8.0,14.056648,7.0,15.95,0.0,0.0,,0.0
2020-10-13 20:00:00+08:00,4.237924,199.29015,18.3,1008.2805,84.543304,0.0,0.0,0.0,15.65,0.0,0.0,,0.0
2020-10-13 21:00:00+08:00,3.956008,196.14441,18.05,1008.174,85.606186,0.0,0.0,0.0,15.6,0.0,0.0,,0.0
2020-10-13 22:00:00+08:00,3.8327537,195.12405,17.9,1007.7732,85.86556,0.0,0.0,0.0,15.5,0.0,0.0,,0.0
2020-10-13 23:00:00+08:00,3.736308,195.52417,17.9,1007.5748,85.31683,0.0,0.0,0.0,15.4,0.0,0.0,,0.0
2020-10-14 00:00:00+08:00,3.5735137,197.92801,17.8,1007.27423,83.94719,0.0,0.0,0.0,15.05,0.0,0.0,,0.0
2020-10-14 01:00:00+08:00,3.6769552,202.38017,17.95,1006.98114,81.56779,0.0,0.0,0.0,14.75,0.0,0.0,,0.0
2020-10-14 02:00:00+08:00,3.8626416,201.25058,18.0,1006.2885,79.495445,0.0,0.0,0.0,14.4,0.0,0.0,,0.0
2020-10-14 03:00:00+08:00,3.8626416,201.25058,18.05,1006.48816,78.735306,0.0,0.0,0.0,14.3,0.0,0.0,,0.0
2020-10-14 04:00:00+08:00,3.733631,200.37651,17.85,1006.77997,79.21757,0.0,0.0,0.0,14.2,0.0,0.0,,0.0
2020-10-14 05:00:00+08:00,3.8483763,204.56715,17.85,1007.1766,79.99007,0.0,0.0,0.0,14.35,0.0,0.0,,0.0
2020-10-14 06:00:00+08:00,3.8483763,204.56715,17.75,1007.7688,81.27931,1.0,0.0,1.0,14.5,0.0,0.0,,1.0
2020-10-14 07:00:00+08:00,4.609772,204.34108,18.45,1008.4833,77.28193,53.0,57.86,44.0,14.4,0.0,0.1,,1.0
2020-10-14 08:00:00+08:00,4.9658837,205.01686,19.4,1008.80774,71.896324,200.0,209.16194,122.0,14.2,0.0,0.2,,1.0
2020-10-14 09:00:00+08:00,5.239275,203.6294,19.7,1009.1141,71.026924,242.0,95.98934,187.0,14.3,0.0,0.0,,1.0
2020-10-14 10:00:00+08:00,5.5542774,203.33406,20.45,1009.1353,66.71742,454.0,222.03172,290.0,14.05,0.0,0.1,,1.0
2020-10-14 11:00:00+08:00,6.074537,200.22495,20.2,1009.0289,69.08417,455.0,160.72768,317.0,14.35,0.0,0.1,,1.0
2020-10-14 12:00:00+08:00,5.2924476,202.20352,20.9,1008.7512,61.00476,539.0,128.69025,420.0,13.1,0.0,0.0,,1.0
2020-10-14 13:00:00+08:00,5.5946403,204.27443,21.35,1008.56555,60.122063,731.0,303.4991,448.0,13.3,0.0,0.1,,1.0
2020-10-14 14:00:00+08:00,5.6462374,202.93213,21.05,1008.1602,61.840244,632.0,280.2521,385.0,13.45,0.0,0.0,,1.0
2020-10-14 15:00:00+08:00,5.8694124,203.07043,21.1,1007.9635,61.45023,620.0,407.8085,304.0,13.4,0.0,0.0,,1.0
2020-10-14 16:00:00+08:00,6.296825,200.44963,20.5,1008.04553,62.935547,506.0,522.3262,182.0,13.2,0.0,0.0,,1.0
2020-10-14 17:00:00+08:00,6.2361846,195.81926,19.75,1008.22266,67.44434,273.0,343.3109,126.0,13.55,0.0,0.0,,1.0
2020-10-14 18:00:00+08:00,5.9539905,187.72174,19.05,1008.5995,70.44544,115.0,269.34253,58.0,13.55,0.0,0.0,,1.0
2020-10-14 19:00:00+08:00,5.414795,184.23631,18.3,1008.97473,75.28183,9.0,41.56077,6.0,13.85,0.0,0.0,,0.0
2020-10-14 20:00:00+08:00,4.8010416,178.80653,17.75,1009.4547,77.92966,0.0,0.0,0.0,13.85,0.0,0.0,,0.0
2020-10-14 21:00:00+08:00,5.0487623,172.03047,17.6,1009.8469,81.7867,0.0,0.0,0.0,14.45,0.0,0.0,,0.0
2020-10-14 22:00:00+08:00,5.1478148,172.1848,17.35,1009.93884,80.44122,0.0,0.0,0.0,13.95,0.0,0.0,,0.0
2020-10-14 23:00:00+08:00,4.9365983,173.01904,17.0,1009.532,79.35402,0.0,0.0,0.0,13.4,0.0,0.0,,0.0
2020-10-15 00:00:00+08:00,4.9162993,175.33322,17.05,1009.13684,78.33357,0.0,0.0,0.0,13.25,0.0,0.0,,0.0
2020-10-15 01:00:00+08:00,5.0249376,174.2895,17.05,1008.641,76.814156,0.0,0.0,0.0,12.95,0.0,0.0,,0.0
2020-10-15 02:00:00+08:00,4.2201896,166.29301,16.75,1008.03723,77.77874,0.0,0.0,0.0,12.85,0.0,0.0,,0.0
2020-10-15 03:00:00+08:00,3.2572994,162.12122,16.35,1007.52997,79.78176,0.0,0.0,0.0,12.85,0.0,0.0,,0.0
2020-10-15 04:00:00+08:00,2.505993,151.38963,16.1,1007.52246,84.02627,0.0,0.0,0.0,13.4,0.0,0.0,,0.0
2020-10-15 05:00:00+08:00,1.5,126.86998,14.95,1007.588,89.57142,0.0,0.0,0.0,13.25,0.0,0.0,,0.0
2020-10-15 06:00:00+08:00,1.3341664,102.99462,14.85,1007.78345,89.56371,1.0,0.0,1.0,13.15,0.0,0.0,,1.0
2020-10-15 07:00:00+08:00,2.4839485,130.10085,17.0,1008.342,80.39377,90.0,298.61243,43.0,13.6,0.0,0.0,,1.0
2020-10-15 08:00:00+08:00,5.235456,151.47697,18.05,1008.7691,68.20797,325.0,645.41846,82.0,12.1,0.0,0.0,,1.0
2020-10-15 09:00:00+08:00,5.2810984,161.22188,20.1,1008.9268,56.560604,565.0,829.4873,87.0,11.2,0.0,0.0,,1.0
2020-10-15 10:00:00+08:00,5.821512,175.07298,21.6,1008.67163,51.064896,751.0,873.7939,103.0,11.05,0.0,0.0,,1.0
2020-10-15 11:00:00+08:00,6.736468,185.96439,22.2,1008.29205,51.223442,901.0,911.4725,116.0,11.65,0.0,0.0,,1.0
2020-10-15 12:00:00+08:00,7.81025,193.32454,22.0,1007.49286,54.476307,985.0,950.31024,104.0,12.4,0.0,0.0,,1.0
2020-10-15 13:00:00+08:00,9.314505,194.93147,21.15,1007.27045,56.078735,989.0,939.45386,111.0,12.05,0.0,0.0,,1.0
2020-10-15 14:00:00+08:00,8.807384,192.45824,21.2,1007.07367,54.993496,928.0,931.7283,105.0,11.8,0.0,0.0,,1.0
2020-10-15 15:00:00+08:00,8.318653,189.68872,20.7,1006.36523,58.03241,803.0,906.36194,99.0,12.15,0.0,0.0,,1.0
2020-10-15 16:00:00+08:00,8.089499,188.53069,20.25,1006.15424,61.05357,618.0,848.67645,90.0,12.5,0.0,0.0,,1.0
2020-10-15 17:00:00+08:00,8.20975,182.79265,19.4,1006.52673,64.99301,396.0,744.0217,76.0,12.65,0.0,0.0,,1.0
2020-10-15 18:00:00+08:00,8.102469,181.4144,18.45,1007.09485,71.25569,164.0,533.49677,50.0,13.15,0.0,0.0,,1.0
2020-10-15 19:00:00+08:00,8.109871,177.17294,17.75,1007.66956,74.9461,12.0,68.27426,7.0,13.25,0.0,0.0,,0.0
2020-10-15 20:00:00+08:00,7.8771825,171.97285,17.2,1008.34796,76.33745,0.0,0.0,0.0,13.0,0.0,0.0,,0.0
2020-10-15 21:00:00+08:00,7.6118326,170.1665,16.95,1008.73737,78.318726,0.0,0.0,0.0,13.15,0.0,0.0,,0.0
2020-10-15 22:00:00+08:00,7.648529,168.69011,16.85,1008.7345,80.11208,0.0,0.0,0.0,13.4,0.0,0.0,,0.0
2020-10-15 23:00:00+08:00,7.203471,166.34956,16.75,1008.3347,80.88492,0.0,0.0,0.0,13.45,0.0,0.0,,0.0
2020-10-16 00:00:00+08:00,6.735726,161.83395,16.5,1007.9308,81.38064,0.0,0.0,0.0,13.3,0.0,0.0,,0.0
2020-10-16 01:00:00+08:00,6.1846585,157.1663,15.9,1007.21924,84.55319,0.0,0.0,0.0,13.3,0.0,0.0,,0.0
2020-10-16 02:00:00+08:00,5.59017,153.43501,15.3,1006.7057,86.16138,0.0,0.0,0.0,13.0,0.0,0.0,,0.0
2020-10-16 03:00:00+08:00,5.2478566,149.03632,14.7,1006.3908,86.95287,0.0,0.0,0.0,12.55,0.0,0.0,,0.0
2020-10-16 04:00:00+08:00,4.8010416,144.3235,14.15,1006.5727,86.32999,0.0,0.0,0.0,11.9,0.0,0.0,,0.0
2020-10-16 05:00:00+08:00,4.060788,142.00122,13.6,1006.55664,87.135666,0.0,0.0,0.0,11.5,0.0,0.0,,0.0
2020-10-16 06:00:00+08:00,3.8832977,145.49142,13.35,1006.84656,87.690926,2.0,0.0,2.0,11.35,0.0,0.0,,1.0
2020-10-16 07:00:00+08:00,4.2720017,147.42595,15.05,1007.5908,78.034294,111.0,438.34033,41.0,11.25,0.0,0.0,,1.0
2020-10-16 08:00:00+08:00,4.0249224,153.43501,17.4,1007.2628,67.18086,335.0,663.1592,83.0,11.25,0.0,0.0,,1.0
2020-10-16 09:00:00+08:00,4.1761227,163.30067,19.8,1007.3318,57.240604,568.0,823.1877,91.0,11.1,0.0,0.0,,1.0
2020-10-16 10:00:00+08:00,4.604346,177.5105,21.85,1007.092,51.30057,764.0,891.9063,100.0,11.35,0.0,0.0,,1.0
2020-10-16 11:00:00+08:00,5.9665737,193.57045,22.75,1006.3235,52.390358,907.0,927.2793,106.0,12.5,0.0,0.0,,1.0
2020-10-16 12:00:00+08:00,7.3389373,199.91649,22.25,1005.41693,59.171154,980.0,919.9836,125.0,13.9,0.0,0.0,,1.0
2020-10-16 13:00:00+08:00,8.420215,195.85199,22.15,1004.7198,57.254208,992.0,938.44073,113.0,13.3,0.0,0.0,,1.0
2020-10-16 14:00:00+08:00,8.713209,189.24603,22.15,1004.0255,56.882042,924.0,911.63745,117.0,13.2,0.0,0.0,,1.0
2020-10-16 15:00:00+08:00,8.994442,188.3102,22.15,1003.5296,60.11445,798.0,888.8146,106.0,14.05,0.0,0.0,,1.0
2020-10-16 16:00:00+08:00,9.353609,186.13716,21.05,1003.10205,66.41166,617.0,844.58093,90.0,14.55,0.0,0.0,,1.0
2020-10-16 17:00:00+08:00,9.4,180.0,19.95,1003.3688,72.929924,391.0,722.20715,79.0,14.95,0.0,0.0,,1.0
2020-10-16 18:00:00+08:00,9.004998,178.0909,19.05,1003.5416,76.87744,157.0,454.21802,59.0,14.9,0.0,0.0,,1.0
2020-10-16 19:00:00+08:00,9.1350975,174.97601,18.55,1003.92413,79.06203,12.0,53.841442,8.0,14.85,0.0,0.0,,0.0
2020-10-16 20:00:00+08:00,8.374366,168.28755,18.3,1004.51196,78.01201,0.0,0.0,0.0,14.4,0.0,0.0,,0.0
2020-10-16 21:00:00+08:00,8.343262,166.1303,18.2,1004.3108,79.01185,0.0,0.0,0.0,14.5,0.0,0.0,,0.0
2020-10-16 22:00:00+08:00,7.2111025,160.55988,17.85,1004.1023,81.292305,0.0,0.0,0.0,14.6,0.0,0.0,,0.0
2020-10-16 23:00:00+08:00,6.5551505,158.52315,17.6,1003.7976,78.41483,0.0,0.0,0.0,13.8,0.0,0.0,,0.0
2020-10-17 00:00:00+08:00,5.4120235,152.48808,17.5,1003.79474,70.84433,0.0,0.0,0.0,12.15,0.0,0.0,,0.0
2020-10-17 01:00:00+08:00,4.8754487,154.48618,17.05,1003.4843,68.23069,0.0,0.0,0.0,11.15,0.0,0.0,,0.0
2020-10-17 02:00:00+08:00,4.565085,151.1893,16.65,1003.1751,67.02458,0.0,0.0,0.0,10.5,0.0,0.0,,0.0
2020-10-17 03:00:00+08:00,4.548626,146.65927,16.5,1002.7741,63.287754,0.0,0.0,0.0,9.5,0.0,0.0,,0.0
2020-10-17 04:00:00+08:00,4.243819,145.56096,16.35,1002.5716,58.525875,0.0,0.0,0.0,8.2,0.0,0.0,,0.0
2020-10-17 05:00:00+08:00,4.060788,142.00122,16.5,1002.6749,50.557484,0.0,0.0,0.0,6.2,0.0,0.0,,0.0
2020-10-17 06:00:00+08:00,4.596738,135.88132,17.4,1003.0977,43.791824,2.0,0.0,2.0,4.95,0.0,0.0,,1.0
2020-10-17 07:00:00+08:00,5.3413477,128.15727,20.1,1003.47205,41.18095,98.0,342.7567,42.0,6.5,0.0,0.0,,1.0
2020-10-17 08:00:00+08:00,4.565085,151.1893,21.45,1003.51013,43.734634,265.0,438.17175,97.0,8.6,0.0,0.1,,1.0
2020-10-17 09:00:00+08:00,6.0605283,127.6263,23.65,1003.37286,37.495472,382.0,369.0596,167.0,8.3,0.0,0.0,,1.0
2020-10-17 10:00:00+08:00,6.080296,126.30459,25.3,1003.0215,34.31633,506.0,398.7865,208.0,8.45,0.0,0.1,,1.0
2020-10-17 11:00:00+08:00,5.728001,135.70723,26.15,1002.35034,32.62945,533.0,447.87524,145.0,8.45,0.0,0.0,,1.0
2020-10-17 12:00:00+08:00,5.994164,152.15251,27.3,1001.48834,31.224262,713.0,538.8602,211.0,8.8,0.0,0.0,,1.0
2020-10-17 13:00:00+08:00,6.865857,167.38068,27.95,1000.81165,31.616941,859.0,744.6623,160.0,9.55,0.0,0.0,,1.0
2020-10-17 14:00:00+08:00,9.1268835,184.39862,25.75,1000.0579,47.025673,757.0,669.6003,163.0,13.6,0.0,0.0,,1.0
2020-10-17 15:00:00+08:00,10.746627,185.33914,23.3,999.4952,58.282417,571.0,517.7004,167.0,14.65,0.0,0.0,,1.0
2020-10-17 16:00:00+08:00,11.101802,181.03223,21.6,999.44775,62.5708,399.0,308.40463,206.0,14.15,0.0,0.0,,1.0
2020-10-17 17:00:00+08:00,10.504285,178.36346,21.7,999.1531,65.27523,355.0,601.48425,94.0,14.9,0.0,0.0,,1.0
2020-10-17 18:00:00+08:00,10.204411,178.31535,20.2,999.2103,71.34963,141.0,426.9161,48.0,14.85,0.0,0.0,,1.0
2020-10-17 19:00:00+08:00,10.309704,171.6342,19.6,999.7887,71.469185,11.0,66.35062,6.0,14.3,0.0,0.0,,0.0
2020-10-17 20:00:00+08:00,10.198039,168.69011,19.65,999.88916,73.585014,0.0,0.0,0.0,14.8,0.0,0.0,,0.0
2020-10-17 21:00:00+08:00,9.946356,167.22127,19.4,999.7828,76.19396,0.0,0.0,0.0,15.1,0.0,0.0,,0.0
2020-10-17 22:00:00+08:00,8.381527,160.48404,19.7,999.494,72.65102,0.0,0.0,0.0,14.65,0.0,0.0,,0.0
2020-10-17 23:00:00+08:00,6.053098,172.40544,19.3,999.9783,69.582695,0.0,0.0,0.0,13.6,0.0,0.3,,0.0
2020-10-18 00:00:00+08:00,6.928925,200.26578,18.45,999.9544,80.07252,0.0,0.0,0.0,14.95,0.0,0.3,,0.0
2020-10-18 01:00:00+08:00,8.438008,185.44025,18.5,999.16235,79.82216,0.0,0.0,0.0,14.95,0.0,0.0,,0.0
2020-10-18 02:00:00+08:00,8.318653,170.31128,18.6,998.27246,75.08766,0.0,0.0,0.0,14.1,0.0,0.0,,0.0
2020-10-18 03:00:00+08:00,7.725283,158.74942,18.65,997.4808,68.55308,0.0,0.0,0.0,12.75,0.0,0.0,,0.0
2020-10-18 04:00:00+08:00,7.2006946,152.72333,19.15,997.3956,55.020275,0.0,0.0,0.0,9.9,0.0,0.0,,0.0
2020-10-18 05:00:00+08:00,6.3812227,147.80429,19.75,997.3133,41.22294,0.0,0.0,0.0,6.2,0.0,0.0,,0.0
2020-10-18 06:00:00+08:00,5.4644303,145.43741,19.9,997.81366,36.421555,2.0,0.0,2.0,4.55,0.0,0.0,,1.0
2020-10-18 07:00:00+08:00,4.7885275,151.29414,21.0,998.2411,36.484524,83.0,281.47107,36.0,5.55,0.0,0.0,,1.0
2020-10-18 08:00:00+08:00,4.031129,172.87508,22.45,998.77734,39.640465,273.0,480.95636,87.0,8.05,0.0,0.0,,1.0
2020-10-18 09:00:00+08:00,4.20119,178.63611,24.65,998.73865,36.774544,509.0,650.6415,128.0,8.9,0.0,0.0,,1.0
2020-10-18 10:00:00+08:00,4.7127485,197.28159,25.85,998.8704,38.88683,748.0,844.02997,115.0,10.8,0.0,0.0,,1.0
2020-10-18 11:00:00+08:00,6.648308,201.16133,25.45,998.85944,42.127804,870.0,848.3661,133.0,11.65,0.0,0.0,,1.0
2020-10-18 12:00:00+08:00,6.1684685,196.96623,26.0,998.57697,37.655296,910.0,792.4951,170.0,10.45,0.0,0.0,,1.0
2020-10-18 13:00:00+08:00,5.096077,195.94547,26.8,998.30066,38.385185,878.0,744.16895,178.0,11.45,0.0,0.0,,1.0
2020-10-18 14:00:00+08:00,5.7306194,209.24873,25.0,998.5497,50.792088,875.0,850.45685,119.0,14.1,0.0,0.0,,1.0
2020-10-18 15:00:00+08:00,6.1351447,199.0257,23.95,998.71954,57.69226,735.0,760.71375,140.0,15.1,0.0,0.0,,1.0
2020-10-18 16:00:00+08:00,6.5802736,196.78273,22.9,998.7896,62.259773,602.0,798.25806,101.0,15.3,0.0,0.0,,1.0
2020-10-18 17:00:00+08:00,7.0342026,194.82652,21.55,999.5458,68.46521,389.0,706.6654,81.0,15.5,0.0,0.0,,1.0
2020-10-18 18:00:00+08:00,6.360031,196.44046,20.45,1000.3084,74.19666,154.0,450.11597,55.0,15.7,0.0,0.0,,1.0
2020-10-18 19:00:00+08:00,6.0008335,203.57472,19.4,1001.0721,82.013176,13.0,65.41642,8.0,16.25,0.0,0.0,,0.0
2020-10-18 20:00:00+08:00,4.554119,199.23076,18.8,1002.24506,84.32844,0.0,0.0,0.0,16.1,0.0,0.0,,0.0
2020-10-18 21:00:00+08:00,3.8897302,197.96924,18.6,1002.2394,85.935814,0.0,0.0,0.0,16.2,0.0,0.0,,0.0
2020-10-18 22:00:00+08:00,3.640055,200.92458,18.45,1002.23535,88.41942,0.0,0.0,0.0,16.5,0.0,0.0,,0.0
2020-10-18 23:00:00+08:00,3.7161808,203.80595,18.3,1002.13184,90.68363,0.0,0.0,0.0,16.75,0.0,0.0,,0.0
2020-10-19 00:00:00+08:00,3.5468295,201.5015,18.25,1001.93195,92.12968,0.0,0.0,0.0,16.95,0.0,0.0,,0.0
2020-10-19 01:00:00+08:00,3.3615472,202.751,18.2,1001.6331,93.00649,0.0,0.0,0.0,17.05,0.0,0.0,,0.0
2020-10-19 02:00:00+08:00,3.1622777,198.43504,18.1,1001.43195,93.59233,0.0,0.0,0.0,17.05,0.0,0.0,,0.0
2020-10-19 03:00:00+08:00,3.3734255,191.9761,18.1,1001.5311,93.889084,0.0,0.0,0.0,17.1,0.0,0.0,,0.0
2020-10-19 04:00:00+08:00,3.7054014,183.094,18.05,1001.6287,94.1845,0.0,0.0,0.0,17.1,0.0,0.0,,0.0
2020-10-19 05:00:00+08:00,3.9115217,184.39862,18.1,1002.12616,94.186646,0.0,0.0,0.0,17.15,0.0,0.0,,0.0
2020-10-19 06:00:00+08:00,4.0,180.0,18.25,1002.527,93.8959,3.0,0.0,3.0,17.25,0.0,0.0,,1.0
2020-10-19 07:00:00+08:00,5.1088157,176.6336,19.6,1003.359,86.85499,96.0,263.95465,51.0,17.35,0.0,0.0,,1.0
2020-10-19 08:00:00+08:00,4.491102,191.5601,20.35,1003.97516,80.07608,280.0,371.8419,135.0,16.8,0.0,0.0,,1.0
2020-10-19 09:00:00+08:00,5.0159745,203.49858,21.15,1004.3942,74.789314,447.0,441.80646,187.0,16.5,0.0,0.0,,1.0
2020-10-19 10:00:00+08:00,5.235456,208.52303,21.55,1004.5048,72.51557,572.0,354.7757,305.0,16.4,0.0,0.0,,1.0
2020-10-19 11:00:00+08:00,5.5758405,212.54999,22.05,1004.5187,69.88836,792.0,565.9754,299.0,16.3,0.0,0.0,,1.0
2020-10-19 12:00:00+08:00,5.936329,212.61923,22.15,1004.42224,68.80296,876.0,651.8112,266.0,16.15,0.0,0.0,,1.0
2020-10-19 13:00:00+08:00,6.2128897,213.17853,22.1,1004.2227,67.920395,855.0,540.0196,346.0,15.9,0.0,0.0,,1.0
2020-10-19 14:00:00+08:00,6.8818603,215.53777,21.7,1004.3105,68.93461,780.0,574.80743,268.0,15.75,0.0,0.0,,1.0
2020-10-19 15:00:00+08:00,7.4886575,214.11452,20.8,1004.2853,72.84632,568.0,338.0429,303.0,15.75,0.0,0.1,,1.0
2020-10-19 16:00:00+08:00,7.479305,209.64977,20.05,1004.4625,76.29713,359.0,208.12643,228.0,15.75,0.0,0.2,,1.0
2020-10-19 17:00:00+08:00,7.2449985,206.21132,19.65,1004.7488,77.46516,274.0,274.1107,154.0,15.6,0.0,0.2,,1.0
2020-10-19 18:00:00+08:00,6.670832,203.87529,18.95,1005.2247,81.43438,88.0,99.071434,66.0,15.7,0.0,0.1,,1.0
2020-10-19 19:00:00+08:00,5.9135437,198.74144,18.65,1005.7121,83.77495,8.0,12.900051,7.0,15.85,0.0,0.0,,0.0
2020-10-19 20:00:00+08:00,5.2392745,193.24052,18.3,1006.29706,82.667786,0.0,0.0,0.0,15.3,0.0,0.0,,0.0
2020-10-19 21:00:00+08:00,5.1088157,183.3664,18.2,1006.3934,83.45542,0.0,0.0,0.0,15.35,0.0,0.0,,0.0
2020-10-19 22:00:00+08:00,4.90408,182.33725,18.1,1006.19214,83.4438,0.0,0.0,0.0,15.25,0.0,0.0,,0.0
2020-10-19 23:00:00+08:00,4.5177426,185.07951,17.95,1005.98944,83.964134,0.0,0.0,0.0,15.2,0.0,0.0,,0.0
2020-10-20 00:00:00+08:00,4.6270943,186.20335,17.65,1005.78253,85.017075,0.0,0.0,0.0,15.1,0.0,0.0,,0.0
2020-10-20 01:00:00+08:00,4.925444,185.82625,17.65,1005.1875,85.29071,0.0,0.0,0.0,15.15,0.0,0.0,,0.0
2020-10-20 02:00:00+08:00,4.816638,184.76355,17.55,1005.08545,86.383316,0.0,0.0,0.0,15.25,0.0,0.0,,0.0
2020-10-20 03:00:00+08:00,4.704253,182.4366,17.35,1004.9804,88.04414,0.0,0.0,0.0,15.35,0.0,0.0,,0.0
2020-10-20 04:00:00+08:00,4.00125,181.43207,17.25,1005.17584,87.191185,0.0,0.0,0.0,15.1,0.0,0.0,,0.0
2020-10-20 05:00:00+08:00,3.4058774,183.3664,17.5,1005.5798,86.10139,0.0,0.0,0.0,15.15,0.0,0.0,,0.0
2020-10-20 06:00:00+08:00,3.5,180.0,17.2,1005.8687,89.741974,2.0,0.0,2.0,15.5,0.0,0.0,,1.0
2020-10-20 07:00:00+08:00,5.1009803,181.12328,18.2,1006.2942,84.53236,88.0,207.03171,52.0,15.55,0.0,0.1,,1.0
2020-10-20 08:00:00+08:00,5.3851643,195.06854,19.55,1006.4319,73.330795,174.0,68.69042,147.0,14.65,0.0,0.0,,1.0
2020-10-20 09:00:00+08:00,5.4708314,198.10385,19.95,1006.8399,67.704735,287.0,108.234344,223.0,13.8,0.0,0.1,,1.0
2020-10-20 10:00:00+08:00,5.0328918,200.95586,20.35,1006.8514,65.62286,397.0,128.4582,300.0,13.7,0.0,0.0,,1.0
2020-10-20 11:00:00+08:00,4.4777226,209.42737,21.15,1006.477,61.662125,653.0,330.92355,364.0,13.5,0.0,0.0,,1.0
2020-10-20 12:00:00+08:00,4.5803933,216.11943,21.25,1005.98395,62.28938,685.0,346.52686,360.0,13.75,0.0,0.0,,1.0
2020-10-20 13:00:00+08:00,4.5343137,221.42357,21.65,1005.4003,61.178226,838.0,596.13556,275.0,13.85,0.0,0.0,,1.0
2020-10-20 14:00:00+08:00,4.596738,224.11868,21.6,1004.9027,59.985264,900.0,828.0159,161.0,13.5,0.0,0.0,,1.0
2020-10-20 15:00:00+08:00,4.738143,225.85501,21.4,1004.4015,60.5268,821.0,911.3269,105.0,13.45,0.0,0.0,,1.0
2020-10-20 16:00:00+08:00,4.883646,222.5104,20.7,1004.38165,65.272606,624.0,803.1958,117.0,13.95,0.0,0.0,,1.0
2020-10-20 17:00:00+08:00,4.9658837,205.01686,20.25,1004.3691,68.42696,407.0,725.4666,88.0,14.25,0.0,0.0,,1.0
2020-10-20 18:00:00+08:00,6.0406957,186.65433,19.1,1004.53467,80.41833,146.0,347.90677,68.0,15.65,0.0,0.0,,1.0
2020-10-20 19:00:00+08:00,6.200806,180.92403,18.55,1005.0151,83.22929,11.0,38.161102,8.0,15.65,0.0,0.0,,0.0
2020-10-20 20:00:00+08:00,5.8,180.0,17.85,1005.9866,83.414696,0.0,0.0,0.0,15.0,0.0,0.0,,0.0
2020-10-20 21:00:00+08:00,5.8008623,180.98773,17.5,1006.3731,82.570496,0.0,0.0,0.0,14.5,0.0,0.0,,0.0
2020-10-20 22:00:00+08:00,5.8,180.0,17.25,1006.06836,82.539925,0.0,0.0,0.0,14.25,0.0,0.0,,0.0
2020-10-20 23:00:00+08:00,6.2,180.0,17.55,1005.5813,78.91829,0.0,0.0,0.0,13.85,0.0,0.0,,0.0
2020-10-21 00:00:00+08:00,6.6068144,177.39749,17.4,1005.2794,79.410774,0.0,0.0,0.0,13.8,0.0,0.0,,0.0
2020-10-21 01:00:00+08:00,6.207254,177.22984,17.35,1004.88116,79.92099,0.0,0.0,0.0,13.85,0.0,0.0,,0.0
2020-10-21 02:00:00+08:00,5.9135437,176.12155,17.25,1004.4817,80.951225,0.0,0.0,0.0,13.95,0.0,0.0,,0.0
2020-10-21 03:00:00+08:00,5.632051,173.8846,17.1,1004.3781,82.25463,0.0,0.0,0.0,14.05,0.0,0.0,,0.0
2020-10-21 04:00:00+08:00,5.5326304,173.77426,17.0,1004.37524,84.40039,0.0,0.0,0.0,14.35,0.0,0.0,,0.0
2020-10-21 05:00:00+08:00,5.115662,175.51547,17.0,1004.6727,84.67362,0.0,0.0,0.0,14.4,0.0,0.0,,0.0
2020-10-21 06:00:00+08:00,5.6035705,177.95464,16.9,1005.0666,85.76427,3.0,18.266432,2.0,14.5,0.0,0.0,,1.0
2020-10-21 07:00:00+08:00,6.512296,183.52138,17.95,1005.5927,79.2318,95.0,270.85782,47.0,14.3,0.0,0.1,,1.0
2020-10-21 08:00:00+08:00,6.868042,196.06006,18.25,1005.70044,78.76432,218.0,320.61826,91.0,14.5,0.0,0.1,,1.0
2020-10-21 09:00:00+08:00,7.4999995,196.26028,18.95,1006.0181,71.58105,290.0,242.40285,146.0,13.7,0.0,0.1,,1.0
2020-10-21 10:00:00+08:00,7.8549347,201.66602,19.85,1006.1428,66.16025,511.0,450.12903,170.0,13.35,0.0,0.1,,1.0
2020-10-21 11:00:00+08:00,7.5769386,202.50357,19.5,1006.03394,65.87084,431.0,182.75233,271.0,12.95,0.0,0.0,,1.0
2020-10-21 12:00:00+08:00,7.2449985,206.21132,19.6,1005.83844,63.77082,425.0,194.7119,242.0,12.55,0.0,0.0,,1.0
2020-10-21 13:00:00+08:00,7.071068,208.7397,19.95,1005.4514,61.184578,528.0,219.8192,320.0,12.25,0.0,0.0,,1.0
2020-10-21 14:00:00+08:00,7.03278,209.84584,19.75,1004.9498,61.33966,493.0,214.71053,301.0,12.1,0.0,0.0,,1.0
2020-10-21 15:00:00+08:00,7.2201104,210.82759,20.0,1004.461,59.803123,602.0,412.75394,277.0,11.95,0.0,0.0,,1.0
2020-10-21 16:00:00+08:00,7.692204,206.23187,19.5,1004.1496,60.878834,460.0,404.4061,204.0,11.75,0.0,0.0,,1.0
2020-10-21 17:00:00+08:00,8.023092,202.72977,18.65,1004.42285,66.55942,287.0,326.0417,143.0,12.3,0.0,0.1,,1.0
2020-10-21 18:00:00+08:00,7.7491937,199.60417,18.1,1004.8038,70.26384,101.0,159.04475,65.0,12.6,0.0,0.1,,1.0
2020-10-21 19:00:00+08:00,6.841052,195.25517,17.55,1005.08545,77.14319,11.0,37.632164,8.0,13.5,0.0,0.0,,0.0
2020-10-21 20:00:00+08:00,5.842089,186.88162,17.1,1005.8656,82.25463,0.0,0.0,0.0,14.05,0.0,0.0,,0.0
2020-10-21 21:00:00+08:00,5.408327,183.17976,17.2,1005.9679,82.533806,0.0,0.0,0.0,14.2,0.0,0.0,,0.0
2020-10-21 22:00:00+08:00,5.135173,173.29025,17.1,1005.96484,83.05769,0.0,0.0,0.0,14.2,0.0,0.0,,0.0
2020-10-21 23:00:00+08:00,5.481788,165.20319,16.95,1005.6631,82.771095,0.0,0.0,0.0,14.0,0.0,0.0,,0.0
2020-10-22 00:00:00+08:00,5.3935146,169.31514,16.7,1005.3584,83.55047,0.0,0.0,0.0,13.9,0.0,0.0,,0.0
2020-10-22 01:00:00+08:00,5.021952,167.34744,16.35,1004.95166,83.78177,0.0,0.0,0.0,13.6,0.0,0.0,,0.0
2020-10-22 02:00:00+08:00,4.2953463,155.22488,16.05,1004.6453,83.74726,0.0,0.0,0.0,13.3,0.0,0.0,,0.0
2020-10-22 03:00:00+08:00,3.7735925,147.99466,15.55,1004.5317,85.34683,0.0,0.0,0.0,13.1,0.0,0.0,,0.0
2020-10-22 04:00:00+08:00,3.1890438,138.81418,15.05,1004.9135,87.55643,0.0,0.0,0.0,13.0,0.0,0.0,,0.0
2020-10-22 05:00:00+08:00,2.4839485,130.10085,14.35,1005.48804,89.81893,0.0,0.0,0.0,12.7,0.0,0.0,,0.0
2020-10-22 06:00:00+08:00,2.5553863,120.57915,14.05,1006.07404,90.09154,5.0,17.722528,4.0,12.45,0.0,0.0,,1.0
2020-10-22 07:00:00+08:00,3.0,126.86998,16.15,1006.6315,79.23273,133.0,476.45453,47.0,12.55,0.0,0.0,,1.0
2020-10-22 08:00:00+08:00,2.2671568,131.42357,18.35,1007.0916,65.842415,359.0,716.6067,73.0,11.85,0.0,0.0,,1.0
2020-10-22 09:00:00+08:00,2.34094,160.0168,20.45,1007.3501,56.835205,584.0,817.7722,96.0,11.6,0.0,0.0,,1.0
2020-10-22 10:00:00+08:00,3.9204593,185.85593,21.95,1007.0946,52.009872,787.0,901.3635,102.0,11.65,0.0,0.0,,1.0
2020-10-22 11:00:00+08:00,5.9774575,197.52565,22.05,1006.60156,56.857414,933.0,942.2988,106.0,13.1,0.0,0.0,,1.0
2020-10-22 12:00:00+08:00,7.4632435,197.9495,21.6,1006.0929,58.632385,1009.0,951.3924,113.0,13.15,0.0,0.0,,1.0
2020-10-22 13:00:00+08:00,7.9075913,193.15755,21.6,1005.4978,54.01737,1014.0,948.30035,115.0,11.9,0.0,0.0,,1.0
2020-10-22 14:00:00+08:00,7.962412,191.59215,21.55,1005.1991,54.720848,953.0,945.3831,106.0,12.05,0.0,0.0,,1.0
2020-10-22 15:00:00+08:00,8.5,188.79733,21.25,1004.79376,57.975857,823.0,914.96106,101.0,12.65,0.0,0.0,,1.0
2020-10-22 16:00:00+08:00,8.521151,184.03763,20.3,1004.6679,58.89756,637.0,860.0845,91.0,12.0,0.0,0.0,,1.0
2020-10-22 17:00:00+08:00,8.100618,179.2927,19.75,1004.9498,60.93719,414.0,757.4188,78.0,12.0,0.0,0.0,,1.0
2020-10-22 18:00:00+08:00,7.605919,177.73955,18.45,1005.30975,69.872505,181.0,560.12445,53.0,12.85,0.0,0.0,,1.0
2020-10-22 19:00:00+08:00,7.495332,166.8908,17.4,1005.6761,75.3786,16.0,86.59963,9.0,13.0,0.0,0.0,,0.0
2020-10-22 20:00:00+08:00,6.6407833,161.56496,16.95,1006.4565,80.91148,0.0,0.0,0.0,13.65,0.0,0.0,,0.0
2020-10-22 21:00:00+08:00,6.356886,160.70985,16.8,1006.6504,83.02188,0.0,0.0,0.0,13.9,0.0,0.0,,0.0
2020-10-22 22:00:00+08:00,5.6797886,153.88615,16.6,1006.54553,84.08286,0.0,0.0,0.0,13.9,0.0,0.0,,0.0
2020-10-22 23:00:00+08:00,4.382921,145.22209,16.0,1005.933,83.196915,0.0,0.0,0.0,13.15,0.0,0.0,,0.0
2020-10-23 00:00:00+08:00,3.7013512,141.58191,15.5,1005.4226,79.40042,0.0,0.0,0.0,11.95,0.0,0.0,,0.0
2020-10-23 01:00:00+08:00,3.3941126,135.0001,15.1,1004.81586,74.497406,0.0,0.0,0.0,10.6,0.0,0.0,,0.0
2020-10-23 02:00:00+08:00,3.1241,129.80553,14.95,1004.41486,67.80069,0.0,0.0,0.0,9.05,0.0,0.0,,0.0
2020-10-23 03:00:00+08:00,3.0610456,128.36752,15.1,1004.32,57.819523,0.0,0.0,0.0,6.85,0.0,0.0,,0.0
2020-10-23 04:00:00+08:00,3.0805843,125.753975,15.2,1004.3229,48.992176,0.0,0.0,0.0,4.55,0.0,0.0,,0.0
2020-10-23 05:00:00+08:00,2.9681644,122.61923,15.1,1004.71674,47.778885,0.0,0.0,0.0,4.1,0.0,0.0,,0.0
2020-10-23 06:00:00+08:00,3.001666,119.98155,15.35,1005.12067,48.184643,5.0,34.435158,3.0,4.45,0.0,0.0,,1.0
2020-10-23 07:00:00+08:00,3.8948684,119.197395,18.2,1005.79834,42.518967,140.0,511.59537,46.0,5.25,0.0,0.0,,1.0
2020-10-23 08:00:00+08:00,5.6008925,88.977,21.6,1005.20026,36.53046,374.0,746.1891,74.0,6.1,0.0,0.0,,1.0
2020-10-23 09:00:00+08:00,5.6435804,82.875084,24.8,1005.2893,30.211123,604.0,860.89197,88.0,6.15,0.0,0.0,,1.0
2020-10-23 10:00:00+08:00,4.472136,79.69521,27.3,1005.35706,26.510506,800.0,922.2041,97.0,6.4,0.0,0.0,,1.0
2020-10-23 11:00:00+08:00,1.8439089,139.39879,28.1,1004.88257,22.644705,943.0,955.9778,102.0,4.8,0.0,0.0,,1.0
2020-10-23 12:00:00+08:00,4.031129,203.38524,27.9,1004.3811,24.814186,1020.0,965.39154,109.0,5.95,0.0,0.0,,1.0
2020-10-23 13:00:00+08:00,7.6967525,204.56715,26.35,1004.1412,37.5036,1017.0,942.3497,122.0,10.7,0.0,0.0,,1.0
2020-10-23 14:00:00+08:00,7.8447437,197.04912,25.65,1003.626,37.431267,958.0,950.3003,105.0,10.05,0.0,0.0,,1.0
2020-10-23 15:00:00+08:00,7.5802374,188.34381,25.35,1003.3202,38.35984,828.0,923.1174,98.0,10.15,0.0,0.0,,1.0
2020-10-23 16:00:00+08:00,8.023092,190.04929,24.35,1003.09454,41.12916,648.0,884.3717,85.0,10.3,0.0,0.0,,1.0
2020-10-23 17:00:00+08:00,7.605919,182.26045,22.95,1003.552,46.26296,419.0,767.55896,77.0,10.8,0.0,0.0,,1.0
2020-10-23 18:00:00+08:00,7.1449285,173.57135,20.7,1004.2825,67.41984,184.0,563.49036,54.0,14.45,0.0,0.0,,1.0
2020-10-23 19:00:00+08:00,7.1589108,167.90526,19.6,1004.54913,69.19038,17.0,97.61713,9.0,13.8,0.0,0.0,,0.0
2020-10-23 20:00:00+08:00,5.8940644,165.2564,19.35,1005.2361,65.409355,0.0,0.0,0.0,12.7,0.0,0.0,,0.0
2020-10-23 21:00:00+08:00,6.2641835,163.30067,18.95,1005.42303,68.166145,0.0,0.0,0.0,12.95,0.0,0.0,,0.0
2020-10-23 22:00:00+08:00,6.140033,163.92636,18.7,1005.4158,70.60862,0.0,0.0,0.0,13.25,0.0,0.0,,0.0
2020-10-23 23:00:00+08:00,5.531727,167.4712,18.35,1005.00903,76.02597,0.0,0.0,0.0,14.05,0.0,0.0,,0.0
2020-10-24 00:00:00+08:00,4.6840153,163.8865,17.95,1004.601,79.2318,0.0,0.0,0.0,14.3,0.0,0.0,,0.0
2020-10-24 01:00:00+08:00,3.535534,151.2603,17.3,1004.08655,80.17391,0.0,0.0,0.0,13.85,0.0,0.0,,0.0
2020-10-24 02:00:00+08:00,2.408319,138.36655,16.35,1003.6624,78.74392,0.0,0.0,0.0,12.65,0.0,0.0,,0.0
2020-10-24 03:00:00+08:00,2.1260293,131.18582,15.35,1003.5341,75.53673,0.0,0.0,0.0,11.05,0.0,0.0,,0.0
2020-10-24 04:00:00+08:00,2.1931713,133.1524,15.2,1003.9263,66.271194,0.0,0.0,0.0,8.95,0.0,0.0,,0.0
2020-10-24 05:00:00+08:00,2.3345237,133.26433,15.3,1004.2266,54.210617,0.0,0.0,0.0,6.1,0.0,0.0,,0.0
2020-10-24 06:00:00+08:00,2.3430748,129.80553,15.9,1004.6409,45.391117,6.0,33.493717,4.0,4.1,0.0,0.0,,1.0
2020-10-24 07:00:00+08:00,3.3286633,122.73522,19.65,1005.1455,34.72796,143.0,518.9209,46.0,3.65,0.0,0.0,,1.0
2020-10-24 08:00:00+08:00,3.640055,110.924576,22.85,1005.0369,28.741156,376.0,748.2825,73.0,3.75,0.0,0.0,,1.0
2020-10-24 09:00:00+08:00,3.7215588,96.17008,26.4,1004.936,23.65641,605.0,858.8687,88.0,4.0,0.0,0.0,,1.0
2020-10-24 10:00:00+08:00,2.8160255,96.11541,28.65,1004.59973,21.627934,802.0,920.75574,98.0,4.6,0.0,0.0,,1.0
2020-10-24 11:00:00+08:00,1.7029386,139.76372,29.85,1003.83795,21.187508,945.0,954.90845,103.0,5.3,0.0,0.0,,1.0
2020-10-24 12:00:00+08:00,4.68188,199.9832,28.9,1003.11835,32.201237,1024.0,970.9229,106.0,10.65,0.0,0.0,,1.0
2020-10-24 13:00:00+08:00,6.5520988,195.94547,27.95,1002.498,38.580456,1029.0,970.09186,106.0,12.55,0.0,0.0,,1.0
2020-10-24 14:00:00+08:00,8.246211,194.03627,27.15,1001.88116,38.99395,963.0,956.34186,103.0,12.0,0.0,0.0,,1.0
2020-10-24 15:00:00+08:00,8.062258,187.12492,26.3,1001.3622,39.27249,831.0,924.9505,98.0,11.35,0.0,0.0,,1.0
2020-10-24 16:00:00+08:00,7.300685,180.7848,25.7,1001.3462,43.46539,644.0,869.37006,89.0,12.35,0.0,0.0,,1.0
2020-10-24 17:00:00+08:00,7.0114193,176.72958,24.95,1001.42487,49.800095,421.0,770.8992,76.0,13.75,0.0,0.0,,1.0
2020-10-24 18:00:00+08:00,6.987131,170.94218,23.2,1001.5752,53.024235,186.0,571.0507,53.0,13.1,0.0,0.0,,1.0
2020-10-24 19:00:00+08:00,6.5520988,164.05453,21.9,1001.93585,52.514297,18.0,96.28806,10.0,11.75,0.0,0.0,,0.0
2020-10-24 20:00:00+08:00,5.8821764,162.18102,21.35,1002.81305,55.760834,0.0,0.0,0.0,12.15,0.0,0.0,,0.0
2020-10-24 21:00:00+08:00,5.1546097,161.91646,21.0,1002.9025,58.296307,0.0,0.0,0.0,12.5,0.0,0.0,,0.0
2020-10-24 22:00:00+08:00,4.4944406,159.14546,20.75,1002.598,57.664032,0.0,0.0,0.0,12.1,0.0,0.0,,0.0
2020-10-24 23:00:00+08:00,3.2649658,152.6502,20.1,1002.1828,55.81531,0.0,0.0,0.0,11.0,0.0,0.0,,0.0
2020-10-25 00:00:00+08:00,2.2472205,147.72438,18.8,1001.5509,55.85965,0.0,0.0,0.0,9.8,0.0,0.0,,0.0
2020-10-25 01:00:00+08:00,2.6172504,136.54811,17.3,1000.81396,55.103226,0.0,0.0,0.0,8.2,0.0,0.0,,0.0
2020-10-25 02:00:00+08:00,3.0413814,133.66785,17.0,1000.111,46.988503,0.0,0.0,0.0,5.6,0.0,0.0,,0.0
2020-10-25 03:00:00+08:00,3.04795,138.99101,17.05,1000.0134,40.732834,0.0,0.0,0.0,3.6,0.0,0.0,,0.0
2020-10-25 04:00:00+08:00,3.6687872,107.44727,17.05,1000.11255,39.043682,0.0,0.0,0.0,3.0,0.0,0.0,,0.0
2020-10-25 05:00:00+08:00,3.3241541,74.2913,20.6,1000.5108,30.403614,0.0,0.0,0.0,2.6,0.0,0.0,,0.0
2020-10-25 06:00:00+08:00,4.651881,64.5367,21.95,1001.0445,28.488949,7.0,32.617737,5.0,2.85,0.0,0.0,,1.0
2020-10-25 07:00:00+08:00,6.2177167,62.198643,24.55,1001.7115,25.945063,144.0,515.63324,46.0,3.75,0.0,0.0,,1.0
2020-10-25 08:00:00+08:00,6.5604877,52.431335,27.5,1001.8905,23.127092,375.0,738.1956,74.0,4.6,0.0,0.0,,1.0
2020-10-25 09:00:00+08:00,7.106335,39.289394,30.45,1001.87,20.7564,602.0,850.3335,88.0,5.5,0.0,0.0,,1.0
2020-10-25 10:00:00+08:00,5.8137765,26.564985,32.6,1001.7277,19.34701,795.0,911.56274,96.0,6.25,0.0,0.0,,1.0
2020-10-25 11:00:00+08:00,4.3566046,9.246045,33.75,1000.9637,18.901249,936.0,943.72046,102.0,6.85,0.0,0.0,,1.0
2020-10-25 12:00:00+08:00,1.7029386,310.2363,33.15,1000.05536,20.858658,1013.0,958.5374,105.0,7.8,0.0,0.0,,1.0
2020-10-25 13:00:00+08:00,4.648656,251.1752,31.1,999.506,29.335762,1019.0,957.9076,106.0,11.15,0.0,0.0,,1.0
2020-10-25 14:00:00+08:00,5.7775426,246.54095,27.15,999.5997,33.24328,810.0,586.09357,282.0,9.6,0.0,0.0,,1.0
2020-10-25 15:00:00+08:00,3.9357338,242.78397,27.3,999.3061,34.30283,827.0,925.5364,92.0,10.2,0.0,0.0,,1.0
2020-10-25 16:00:00+08:00,4.6010866,227.6426,25.9,999.1693,42.11424,646.0,871.6433,88.0,12.05,0.0,0.0,,1.0
2020-10-25 17:00:00+08:00,2.8792362,200.32323,24.7,999.4342,43.331264,423.0,771.97784,76.0,11.4,0.0,0.0,,1.0
2020-10-25 18:00:00+08:00,3.753665,221.76021,23.4,999.9936,55.36711,185.0,561.42474,53.0,13.95,0.0,0.0,,1.0
2020-10-25 19:00:00+08:00,1.9416488,214.50858,21.15,1000.42706,66.43249,18.0,106.85984,9.0,14.65,0.0,0.0,,0.0
2020-10-25 20:00:00+08:00,1.8601075,233.74606,20.3,1001.79175,73.697426,0.0,0.0,0.0,15.45,0.0,0.0,,0.0
2020-10-25 21:00:00+08:00,1.9416488,214.50858,19.55,1002.06824,80.99358,0.0,0.0,0.0,16.2,0.0,0.0,,0.0
2020-10-25 22:00:00+08:00,1.9104972,222.87889,18.85,1001.8501,88.17279,0.0,0.0,0.0,16.85,0.0,0.0,,0.0
2020-10-25 23:00:00+08:00,1.5811387,214.69522,18.15,1001.6316,91.251175,0.0,0.0,0.0,16.7,0.0,0.0,,0.0
2020-10-26 00:00:00+08:00,2.3430748,230.19447,18.4,1001.24207,91.556786,0.0,0.0,0.0,17.0,0.0,0.0,,0.0
2020-10-26 01:00:00+08:00,2.5455844,224.9999,18.25,1000.9402,91.83815,0.0,0.0,0.0,16.9,0.0,0.0,,0.0
2020-10-26 02:00:00+08:00,3.2449963,213.6901,18.3,1001.04095,91.55057,0.0,0.0,0.0,16.9,0.0,0.0,,0.0
2020-10-26 03:00:00+08:00,3.49285,203.6294,18.25,1001.23773,91.54746,0.0,0.0,0.0,16.85,0.0,0.0,,0.0
2020-10-26 04:00:00+08:00,3.275668,192.33908,18.05,1001.8271,92.1181,0.0,0.0,0.0,16.75,0.0,0.0,,0.0
2020-10-26 05:00:00+08:00,3.0066593,183.814,17.85,1002.31726,92.399605,0.0,0.0,0.0,16.6,0.0,0.0,,0.0
2020-10-26 06:00:00+08:00,2.8017852,177.95464,17.9,1003.1122,92.40242,7.0,31.80042,5.0,16.65,0.0,0.0,,1.0
2020-10-26 07:00:00+08:00,4.204759,182.72626,19.75,1003.6606,83.36938,141.0,481.5419,48.0,16.85,0.0,0.0,,1.0
2020-10-26 08:00:00+08:00,5.096077,195.94547,21.05,1004.49054,73.35706,366.0,694.2585,81.0,16.1,0.0,0.0,,1.0
2020-10-26 09:00:00+08:00,5.9135437,198.74144,22.05,1005.213,65.770515,593.0,812.301,100.0,15.35,0.0,0.0,,1.0
2020-10-26 10:00:00+08:00,6.103278,198.13817,22.7,1005.3303,61.419342,790.0,890.79364,105.0,14.9,0.0,0.0,,1.0
2020-10-26 11:00:00+08:00,5.6044626,195.52417,23.55,1004.7589,55.225418,935.0,937.16046,105.0,14.05,0.0,0.0,,1.0
2020-10-26 12:00:00+08:00,5.3488317,200.80687,24.2,1003.7847,51.747547,1016.0,956.7863,108.0,13.65,0.0,0.0,,1.0
2020-10-26 13:00:00+08:00,6.35059,206.1615,23.55,1003.56866,54.868523,1026.0,961.51733,108.0,13.95,0.0,0.0,,1.0
2020-10-26 14:00:00+08:00,6.1741395,204.90474,23.45,1003.36755,50.549152,963.0,950.72394,105.0,12.6,0.0,0.0,,1.0
2020-10-26 15:00:00+08:00,7.3006845,203.40471,22.4,1003.43744,59.015247,837.0,924.88477,101.0,14.0,0.0,0.0,,1.0
2020-10-26 16:00:00+08:00,7.42159,194.03627,21.9,1003.4236,59.0878,650.0,867.6821,93.0,13.55,0.0,0.0,,1.0
2020-10-26 17:00:00+08:00,6.6910386,189.46225,21.25,1003.60364,63.92654,426.0,768.6092,79.0,14.15,0.0,0.0,,1.0
2020-10-26 18:00:00+08:00,6.8593006,187.53935,20.0,1004.06433,73.882545,190.0,564.58887,56.0,15.2,0.0,0.0,,1.0
2020-10-26 19:00:00+08:00,6.303174,178.18173,19.2,1004.4383,80.947685,19.0,105.42746,10.0,15.85,0.0,0.0,,0.0
2020-10-26 20:00:00+08:00,5.080354,169.79608,19.35,1005.33527,80.96737,0.0,0.0,0.0,16.0,0.0,0.0,,0.0
2020-10-26 21:00:00+08:00,4.6389656,172.56868,18.9,1005.5207,83.803406,0.0,0.0,0.0,16.1,0.0,0.0,,0.0
2020-10-26 22:00:00+08:00,4.704253,177.5634,18.45,1005.1114,86.470604,0.0,0.0,0.0,16.15,0.0,0.0,,0.0
2020-10-26 23:00:00+08:00,5.2086463,176.6982,18.25,1004.9071,87.84124,0.0,0.0,0.0,16.2,0.0,0.0,,0.0
2020-10-27 00:00:00+08:00,4.3566046,170.75397,18.0,1004.8009,89.80162,0.0,0.0,0.0,16.3,0.0,0.0,,0.0
2020-10-27 01:00:00+08:00,3.9293766,165.2564,17.9,1004.69885,89.79423,0.0,0.0,0.0,16.2,0.0,0.0,,0.0
2020-10-27 02:00:00+08:00,3.0870697,155.09526,17.4,1004.18854,92.37429,0.0,0.0,0.0,16.15,0.0,0.0,,0.0
2020-10-27 03:00:00+08:00,3.0610456,141.63248,17.0,1004.4744,93.53971,0.0,0.0,0.0,15.95,0.0,0.0,,0.0
2020-10-27 04:00:00+08:00,3.1400635,127.23492,16.7,1004.6642,94.12558,0.0,0.0,0.0,15.75,0.0,0.0,,0.0
2020-10-27 05:00:00+08:00,2.7784889,120.256355,16.4,1005.2504,93.21118,0.0,0.0,0.0,15.3,0.0,0.0,,0.0
2020-10-27 06:00:00+08:00,3.0528674,121.60746,16.55,1005.7507,88.83025,7.0,31.03954,5.0,14.7,0.0,0.0,,1.0
2020-10-27 07:00:00+08:00,3.4713109,131.49637,18.65,1006.3072,74.36961,134.0,412.97687,53.0,14.0,0.0,0.0,,1.0
2020-10-27 08:00:00+08:00,3.324154,158.83867,20.25,1006.65015,62.674194,362.0,667.9535,86.0,12.9,0.0,0.0,,1.0
2020-10-27 09:00:00+08:00,3.5510561,170.27249,22.25,1006.3096,51.917007,595.0,809.12537,102.0,11.9,0.0,0.0,,1.0
2020-10-27 10:00:00+08:00,4.060788,189.92618,23.8,1006.055,46.03722,802.0,909.1215,101.0,11.5,0.0,0.0,,1.0
2020-10-27 11:00:00+08:00,5.7384667,202.5431,23.85,1005.85815,51.153374,946.0,947.59235,105.0,13.15,0.0,0.0,,1.0
2020-10-27 12:00:00+08:00,6.6850576,201.96062,23.15,1005.3427,55.845936,1023.0,961.40485,109.0,13.85,0.0,0.0,,1.0
2020-10-27 13:00:00+08:00,7.1309185,202.24907,22.95,1005.13904,55.977737,1027.0,959.9285,109.0,13.7,0.0,0.0,,1.0
2020-10-27 14:00:00+08:00,7.4330344,199.65392,22.6,1005.03,56.62321,962.0,945.7652,107.0,13.55,0.0,0.0,,1.0
2020-10-27 15:00:00+08:00,7.7491937,197.2659,22.05,1004.8162,58.93172,831.0,914.22473,102.0,13.65,0.0,0.0,,1.0
2020-10-27 16:00:00+08:00,7.787811,192.6086,21.3,1004.69617,61.69646,646.0,859.091,93.0,13.65,0.0,0.0,,1.0
2020-10-27 17:00:00+08:00,7.9630394,187.21417,20.5,1005.0702,65.65475,421.0,743.2122,84.0,13.85,0.0,0.0,,1.0
2020-10-27 18:00:00+08:00,7.7414465,185.93143,19.65,1005.54224,70.10372,189.0,555.14325,56.0,14.05,0.0,0.0,,1.0
2020-10-27 19:00:00+08:00,7.510659,183.05283,18.9,1006.21484,75.6244,20.0,104.02431,11.0,14.5,0.0,0.0,,0.0
2020-10-27 20:00:00+08:00,7.202777,178.40889,18.65,1007.1005,69.4559,0.0,0.0,0.0,12.95,0.0,0.0,,0.0
2020-10-27 21:00:00+08:00,7.0028567,178.36346,18.15,1007.4827,75.012856,0.0,0.0,0.0,13.65,0.0,0.0,,0.0
2020-10-27 22:00:00+08:00,6.328507,174.55975,17.9,1007.5748,77.19732,0.0,0.0,0.0,13.85,0.0,0.0,,0.0
2020-10-27 23:00:00+08:00,6.4938436,170.24765,18.0,1007.6769,75.96961,0.0,0.0,0.0,13.7,0.0,0.0,,0.0
2020-10-28 00:00:00+08:00,6.315061,169.04597,18.2,1007.48425,74.53504,0.0,0.0,0.0,13.6,0.0,0.0,,0.0
2020-10-28 01:00:00+08:00,6.551336,167.66092,18.3,1007.0904,72.636055,0.0,0.0,0.0,13.3,0.0,0.0,,0.0
2020-10-28 02:00:00+08:00,5.6302757,160.27763,17.75,1006.8762,75.92924,0.0,0.0,0.0,13.45,0.0,0.0,,0.0
2020-10-28 03:00:00+08:00,5.0477715,146.3099,17.4,1007.06445,77.623924,0.0,0.0,0.0,13.45,0.0,0.0,,0.0
2020-10-28 04:00:00+08:00,4.4102154,122.969406,16.8,1007.2454,77.53237,0.0,0.0,0.0,12.85,0.0,0.0,,0.0
2020-10-28 05:00:00+08:00,4.6690474,133.26433,16.4,1007.6304,77.47104,0.0,0.0,0.0,12.45,0.0,0.0,,0.0
2020-10-28 06:00:00+08:00,5.375872,133.49263,16.75,1008.533,77.524704,7.0,30.32879,5.0,12.8,0.0,0.0,,1.0
2020-10-28 07:00:00+08:00,5.869412,135.6902,18.05,1009.4633,71.41428,125.0,331.53036,59.0,12.8,0.0,0.0,,1.0
2020-10-28 08:00:00+08:00,5.456189,138.7154,20.15,1010.01935,58.281834,329.0,512.2368,116.0,11.7,0.0,0.0,,1.0
2020-10-28 09:00:00+08:00,6.397656,155.03725,22.1,1009.7769,47.751102,568.0,706.3332,136.0,10.5,0.0,0.0,,1.0
2020-10-28 10:00:00+08:00,6.1611686,166.86597,23.95,1009.2334,42.128242,820.0,935.1925,97.0,10.3,0.0,0.0,,1.0
2020-10-28 11:00:00+08:00,6.61211,183.46815,24.9,1008.6643,41.283466,959.0,959.1716,106.0,10.85,0.0,0.0,,1.0
2020-10-28 12:00:00+08:00,8.0062475,189.3446,24.65,1007.6657,47.967823,1035.0,971.3108,110.0,12.9,0.0,0.0,,1.0
2020-10-28 13:00:00+08:00,8.614523,189.3529,24.2,1007.2563,52.42426,1041.0,971.9592,110.0,13.85,0.0,0.0,,1.0
2020-10-28 14:00:00+08:00,8.910667,189.0394,23.45,1006.83905,55.02158,974.0,956.3151,108.0,13.9,0.0,0.0,,1.0
2020-10-28 15:00:00+08:00,9.035485,185.07951,23.35,1006.2411,56.99176,840.0,923.6536,102.0,14.35,0.0,0.0,,1.0
2020-10-28 16:00:00+08:00,9.113727,183.1449,22.35,1006.21326,62.53734,656.0,870.6974,94.0,14.85,0.0,0.0,,1.0
2020-10-28 17:00:00+08:00,8.805112,178.04753,21.5,1006.5863,67.79976,431.0,770.7288,80.0,15.3,0.0,0.0,,1.0
2020-10-28 18:00:00+08:00,8.537564,174.62338,20.05,1006.7436,77.03221,195.0,570.65924,57.0,15.9,0.0,0.0,,1.0
2020-10-28 19:00:00+08:00,7.990619,171.36295,19.15,1007.31305,81.20024,21.0,114.05725,11.0,15.85,0.0,0.0,,0.0
2020-10-28 20:00:00+08:00,7.218033,169.6242,18.6,1008.18976,83.23513,0.0,0.0,0.0,15.7,0.0,0.0,,0.0
2020-10-28 21:00:00+08:00,6.963476,167.56046,18.4,1008.77924,82.41514,0.0,0.0,0.0,15.35,0.0,0.0,,0.0
2020-10-28 22:00:00+08:00,6.6483083,164.2913,18.1,1008.67145,83.17628,0.0,0.0,0.0,15.2,0.0,0.0,,0.0
2020-10-28 23:00:00+08:00,6.3906183,159.86362,17.75,1008.56213,83.403015,0.0,0.0,0.0,14.9,0.0,0.0,,0.0
2020-10-29 00:00:00+08:00,5.412947,154.85526,17.25,1008.1509,81.74219,0.0,0.0,0.0,14.1,0.0,0.0,,0.0
2020-10-29 01:00:00+08:00,4.6957426,153.43501,16.65,1007.4394,79.823685,0.0,0.0,0.0,13.15,0.0,0.0,,0.0
2020-10-29 02:00:00+08:00,3.9115214,147.52882,16.1,1007.0266,78.449356,0.0,0.0,0.0,12.35,0.0,0.0,,0.0
2020-10-29 03:00:00+08:00,3.5608988,141.84273,15.75,1006.8182,76.35612,0.0,0.0,0.0,11.6,0.0,0.0,,0.0
2020-10-29 04:00:00+08:00,3.720215,143.74608,15.85,1006.5235,71.7131,0.0,0.0,0.0,10.75,0.0,0.0,,0.0
2020-10-29 05:00:00+08:00,3.2649655,139.9698,16.1,1006.62994,66.462845,0.0,0.0,0.0,9.85,0.0,0.0,,0.0
2020-10-29 06:00:00+08:00,3.1400635,142.76509,16.8,1006.94794,60.038578,9.0,44.49905,6.0,9.0,0.0,0.0,,1.0
2020-10-29 07:00:00+08:00,3.8275318,146.7251,20.15,1007.2423,44.87349,154.0,519.9434,49.0,7.8,0.0,0.0,,1.0
2020-10-29 08:00:00+08:00,5.0990195,115.55992,24.4,1006.5677,32.804546,382.0,721.85046,80.0,7.0,0.0,0.0,,1.0
2020-10-29 09:00:00+08:00,5.056679,114.53771,27.95,1006.46594,25.786608,570.0,739.59894,116.0,6.55,0.0,0.0,,1.0
2020-10-29 10:00:00+08:00,4.701064,113.838745,31.1,1006.0536,21.429844,803.0,904.44354,102.0,6.5,0.0,0.0,,1.0
2020-10-29 11:00:00+08:00,3.9962482,121.701385,33.4,1005.1214,19.47449,944.0,941.59326,105.0,7.0,0.0,0.0,,1.0
2020-10-29 12:00:00+08:00,3.49285,156.3706,34.7,1003.96466,18.934696,1018.0,955.0299,107.0,7.65,0.0,0.0,,1.0
2020-10-29 13:00:00+08:00,6.1,190.38881,33.15,1003.0317,29.027359,1003.0,913.1143,127.0,12.75,0.0,0.0,,1.0
2020-10-29 14:00:00+08:00,7.712976,193.49574,30.95,1002.3792,39.036144,856.0,769.5212,158.0,15.4,0.0,0.0,,1.0
2020-10-29 15:00:00+08:00,9.239589,189.972,28.0,1002.0032,45.248615,648.0,575.8284,187.0,15.05,0.0,0.0,,1.0
2020-10-29 16:00:00+08:00,8.720665,176.05489,26.65,1001.76874,44.44527,396.0,332.19592,181.0,13.55,0.0,0.0,,1.0
2020-10-29 17:00:00+08:00,5.3712196,155.82089,26.6,1002.8583,46.647675,193.0,109.315445,143.0,14.25,0.0,0.0,,1.0
2020-10-29 18:00:00+08:00,4.9335585,162.29948,26.45,1003.15173,47.06198,111.0,53.260292,98.0,14.25,0.0,0.0,,1.0
2020-10-29 19:00:00+08:00,5.5731497,170.70677,25.7,1003.3301,48.879215,11.0,22.512375,9.0,14.15,0.0,0.0,,0.0
2020-10-29 20:00:00+08:00,2.109502,264.55975,23.15,1004.7476,62.716328,0.0,0.0,0.0,15.65,0.0,0.0,,0.0
2020-10-29 21:00:00+08:00,1.746425,256.75946,22.2,1004.91986,71.03674,0.0,0.0,0.0,16.7,0.0,0.0,,0.0
2020-10-29 22:00:00+08:00,2.2561028,192.80426,21.7,1004.01294,71.62513,0.0,0.0,0.0,16.35,0.0,0.0,,0.0
2020-10-29 23:00:00+08:00,2.0248458,122.90524,21.4,1004.10394,66.69884,0.0,0.0,0.0,14.95,0.0,0.0,,0.0
2020-10-30 00:00:00+08:00,2.886174,104.03627,21.4,1003.9056,56.14116,0.0,0.0,0.0,12.3,0.0,0.0,,0.0
2020-10-30 01:00:00+08:00,2.828427,81.86999,24.35,1003.6897,42.099876,0.0,0.0,0.0,10.65,0.0,0.0,,0.0
2020-10-30 02:00:00+08:00,3.8999999,67.3801,24.7,1003.00507,42.19772,0.0,0.0,0.0,11.0,0.0,0.0,,0.0
2020-10-30 03:00:00+08:00,3.2015622,75.52967,23.75,1003.0782,45.41824,0.0,0.0,0.0,11.25,0.0,0.0,,0.0
2020-10-30 04:00:00+08:00,3.640055,69.075424,23.55,1002.77515,46.274048,0.0,0.0,0.0,11.35,0.0,0.0,,0.0
2020-10-30 05:00:00+08:00,3.8897302,72.03077,23.3,1002.9667,48.715183,0.0,0.0,0.0,11.9,0.0,0.0,,0.0
2020-10-30 06:00:00+08:00,4.1785164,68.96242,23.55,1003.2711,49.916904,10.0,58.09423,6.0,12.5,0.0,0.0,,1.0
2020-10-30 07:00:00+08:00,4.472136,63.435013,26.2,1003.9387,43.889565,152.0,503.08582,49.0,12.95,0.0,0.0,,1.0
2020-10-30 08:00:00+08:00,1.3416408,153.43501,27.15,1003.96423,44.294025,378.0,717.6158,76.0,13.95,0.0,0.0,,1.0
2020-10-30 09:00:00+08:00,1.0816654,213.6901,28.8,1004.00867,41.152733,598.0,819.7969,93.0,14.3,0.0,0.0,,1.0
2020-10-30 10:00:00+08:00,2.7018511,218.991,29.65,1004.0313,41.520367,790.0,888.0882,100.0,15.2,0.0,0.0,,1.0
2020-10-30 11:00:00+08:00,4.20119,231.76613,29.75,1003.5378,42.62666,930.0,923.0295,106.0,15.7,0.0,0.0,,1.0
2020-10-30 12:00:00+08:00,5.4341516,257.24246,28.7,1003.41064,44.00539,1019.0,958.7431,103.0,15.25,0.0,0.0,,1.0
2020-10-30 13:00:00+08:00,5.707013,281.113,28.35,1002.7071,43.20805,948.0,856.5723,125.0,14.65,0.0,0.0,,1.0
2020-10-30 14:00:00+08:00,5.4571056,256.21838,27.4,1002.384,48.54688,948.0,927.8776,105.0,15.6,0.0,0.0,,1.0
2020-10-30 15:00:00+08:00,4.545327,230.35587,26.15,1002.0528,55.340885,826.0,906.3124,99.0,16.5,0.0,0.0,,1.0
2020-10-30 16:00:00+08:00,4.5254836,224.9999,25.55,1001.9372,60.326786,642.0,845.98224,93.0,17.3,0.0,0.0,,1.0
2020-10-30 17:00:00+08:00,4.0459857,230.01317,24.05,1002.19366,69.3905,422.0,744.4932,80.0,18.1,0.0,0.0,,1.0
2020-10-30 18:00:00+08:00,3.1622775,235.30478,22.5,1002.34924,77.40525,193.0,552.0545,57.0,18.35,0.0,0.0,,1.0
2020-10-30 19:00:00+08:00,1.5811387,235.30478,21.25,1002.8102,83.280624,22.0,122.21033,11.0,18.3,0.0,0.0,,0.0
2020-10-30 20:00:00+08:00,1.3928387,201.03758,20.6,1003.2878,83.99495,0.0,0.0,0.0,17.8,0.0,0.0,,0.0
2020-10-30 21:00:00+08:00,1.2206556,235.0079,19.4,1003.3531,91.04402,0.0,0.0,0.0,17.9,0.0,0.0,,0.0
2020-10-30 22:00:00+08:00,1.17047,250.0168,19.15,1003.34607,93.348305,0.0,0.0,0.0,18.05,0.0,0.0,,0.0
2020-10-30 23:00:00+08:00,2.2561028,257.19574,19.25,1003.1506,94.82876,0.0,0.0,0.0,18.4,0.0,0.0,,0.0
2020-10-31 00:00:00+08:00,2.0124612,243.43501,18.95,1002.7453,95.41445,0.0,0.0,0.0,18.2,0.0,0.0,,0.0
2020-10-31 01:00:00+08:00,1.5652475,243.43501,18.4,1001.83716,95.095345,0.0,0.0,0.0,17.6,0.0,0.0,,0.0
2020-10-31 02:00:00+08:00,1.6552945,244.98314,17.7,1001.32117,95.37136,0.0,0.0,0.0,16.95,0.0,0.0,,0.0
2020-10-31 03:00:00+08:00,2.1540658,248.19853,16.9,1000.80237,95.95312,0.0,0.0,0.0,16.25,0.0,0.0,,0.0
2020-10-31 04:00:00+08:00,2.0396078,258.6901,16.8,1000.6012,95.64459,0.0,0.0,0.0,16.1,0.0,0.0,,0.0
2020-10-31 05:00:00+08:00,1.7262677,259.9921,17.5,1001.018,94.16059,0.0,0.0,0.0,16.55,0.0,0.0,,0.0
2020-10-31 06:00:00+08:00,2.0396078,258.6901,18.35,1001.63715,93.01427,10.0,42.70564,7.0,17.2,0.0,0.0,,1.0
2020-10-31 07:00:00+08:00,3.1320918,253.30067,20.0,1002.17993,83.92772,141.0,404.92154,57.0,17.2,0.0,0.0,,1.0
2020-10-31 08:00:00+08:00,3.420526,285.25516,21.05,1001.71356,78.16964,331.0,515.09143,113.0,17.1,0.0,0.0,,1.0
2020-10-31 09:00:00+08:00,3.8600519,286.55716,22.35,1001.45245,68.84218,536.0,579.2061,178.0,16.35,0.0,0.0,,1.0
2020-10-31 10:00:00+08:00,5.3037724,272.16104,22.95,1001.7667,66.59238,721.0,672.8617,197.0,16.4,0.0,0.0,,1.0
2020-10-31 11:00:00+08:00,6.412488,266.42374,22.9,1001.8643,67.43462,835.0,642.94946,260.0,16.55,0.0,0.0,,1.0
2020-10-31 12:00:00+08:00,6.053098,262.40546,22.7,1001.363,67.1799,856.0,564.3324,316.0,16.3,0.0,0.0,,1.0
2020-10-31 13:00:00+08:00,5.93043,264.19336,22.6,1000.666,64.6339,812.0,536.263,296.0,15.6,0.0,0.0,,1.0
2020-10-31 14:00:00+08:00,6.6483083,254.29129,22.25,999.9619,67.518074,768.0,520.90106,294.0,15.95,0.0,0.2,,1.0
2020-10-31 15:00:00+08:00,5.7974133,255.00487,21.4,999.6408,68.875755,489.0,206.54482,323.0,15.45,0.0,0.2,,1.0
2020-10-31 16:00:00+08:00,5.6753855,255.71887,20.95,999.23157,69.45376,359.0,149.07387,262.0,15.15,0.0,0.1,,1.0
2020-10-31 17:00:00+08:00,5.8940644,255.2564,20.4,999.6126,73.00932,274.0,208.08244,178.0,15.4,0.0,0.1,,1.0
2020-10-31 18:00:00+08:00,4.9365983,263.01904,19.95,999.9967,71.764786,108.0,136.74962,74.0,14.7,0.0,0.0,,1.0
2020-10-31 19:00:00+08:00,3.8209946,276.0089,19.45,999.98267,73.07698,16.0,10.967018,15.0,14.5,0.0,0.0,,0.0
2020-10-31 20:00:00+08:00,4.356604,301.86594,19.15,1000.1725,72.08397,0.0,0.0,0.0,14.0,0.0,0.0,,0.0
2020-10-31 21:00:00+08:00,4.360046,306.60718,18.9,1000.26447,74.894905,0.0,0.0,0.0,14.35,0.0,0.0,,0.0
2020-10-31 22:00:00+08:00,5.6859474,304.24908,19.3,999.7799,72.111206,0.0,0.0,0.0,14.15,0.0,0.0,,0.0
2020-10-31 23:00:00+08:00,6.268173,303.94363,19.0,998.978,75.1539,0.0,0.0,0.0,14.5,0.0,0.0,,0.0
2020-11-01 00:00:00+08:00,6.3411355,307.95428,18.6,998.17334,79.06914,0.0,0.0,0.0,14.9,0.0,0.0,,0.0
2020-11-01 01:00:00+08:00,6.046487,304.21576,18.4,997.57275,79.040535,0.0,0.0,0.0,14.7,0.0,0.0,,0.0
2020-11-01 02:00:00+08:00,6.4350605,302.94922,18.5,997.37726,77.28963,0.0,0.0,0.0,14.45,0.0,0.0,,0.0
2020-11-01 03:00:00+08:00,5.5865912,314.27487,18.25,996.8742,79.530594,0.0,0.0,0.0,14.65,0.0,0.0,,0.0
2020-11-01 04:00:00+08:00,4.9658837,334.98312,18.0,996.4705,78.728035,0.0,0.0,0.0,14.25,0.0,0.0,,0.0
2020-11-01 05:00:00+08:00,4.9729266,344.84586,17.55,996.3585,79.68997,0.0,0.0,0.0,14.0,0.0,0.0,,0.0
2020-11-01 06:00:00+08:00,5.8523498,343.11313,18.25,996.67584,71.91967,5.0,13.965886,4.0,13.1,0.0,0.0,,1.0
2020-11-01 07:00:00+08:00,5.3758717,341.56494,18.4,997.3744,70.09177,20.0,0.0,20.0,12.85,0.0,0.6,,1.0
2020-11-01 08:00:00+08:00,5.4120235,297.5119,17.6,997.64905,86.665794,63.0,7.050062,60.0,15.35,0.0,1.1,,1.0
2020-11-01 09:00:00+08:00,3.676955,224.9999,17.1,998.2296,91.18341,74.0,0.0,74.0,15.65,0.0,3.0,,1.0
2020-11-01 10:00:00+08:00,4.060788,232.0012,17.25,998.6307,89.745705,135.0,0.0,135.0,15.55,0.0,2.7,,1.0
2020-11-01 11:00:00+08:00,3.920459,232.25313,16.45,999.0045,90.26533,126.0,2.2325087,124.0,14.85,0.0,3.7,,1.0
2020-11-01 12:00:00+08:00,2.1540658,248.19853,17.1,998.9238,88.30582,181.0,5.2176113,176.0,15.15,0.0,2.4,,1.0
2020-11-01 13:00:00+08:00,3.206244,273.57626,17.1,998.5272,87.177345,196.0,0.0,196.0,14.95,0.0,2.1,,1.0
2020-11-01 14:00:00+08:00,2.418677,299.74478,17.2,997.93524,82.80132,211.0,30.72307,183.0,14.25,0.0,2.2,,1.0
2020-11-01 15:00:00+08:00,3.1144822,312.39737,16.85,998.0244,84.11104,130.0,11.176947,121.0,14.15,0.0,2.4,,1.0
2020-11-01 16:00:00+08:00,2.8319604,317.86246,16.9,997.62897,83.8448,94.0,1.5327768,93.0,14.15,0.0,2.5,,1.0
2020-11-01 17:00:00+08:00,3.3301651,311.3477,16.8,997.4278,83.56211,64.0,0.0,64.0,14.0,0.0,0.7,,1.0
2020-11-01 18:00:00+08:00,3.5805027,324.09018,16.8,997.52704,82.217316,43.0,0.0,43.0,13.75,0.0,0.1,,1.0
2020-11-01 19:00:00+08:00,3.1622777,341.56494,16.4,997.9121,83.515564,10.0,10.827169,9.0,13.6,0.0,0.0,,0.0
2020-11-01 20:00:00+08:00,4.920366,322.43134,15.8,998.58905,85.0953,0.0,0.0,0.0,13.3,0.0,0.0,,0.0
2020-11-01 21:00:00+08:00,4.464303,344.40714,15.15,998.7686,88.13885,0.0,0.0,0.0,13.2,0.0,0.3,,0.0
2020-11-01 22:00:00+08:00,4.7296934,346.55136,14.9,998.86017,89.86018,0.0,0.0,0.0,13.25,0.0,1.2,,0.0
2020-11-01 23:00:00+08:00,4.632494,346.2637,14.6,998.7523,91.01897,0.0,0.0,0.0,13.15,0.0,0.1,,0.0
2020-11-02 00:00:00+08:00,4.90408,339.71735,14.2,998.7407,90.102516,0.0,0.0,0.0,12.6,0.0,0.7,,0.0
2020-11-02 01:00:00+08:00,4.1773195,348.95908,14.05,998.4388,89.50202,0.0,0.0,0.0,12.35,0.0,0.2,,0.0
2020-11-02 02:00:00+08:00,4.669047,350.13425,14.05,998.2405,88.62413,0.0,0.0,0.0,12.2,0.0,0.2,,0.0
2020-11-02 03:00:00+08:00,5.3150725,348.05585,14.05,997.943,88.91592,0.0,0.0,0.0,12.25,0.0,0.0,,0.0
2020-11-02 04:00:00+08:00,4.9040794,343.41257,13.6,998.22736,91.551926,0.0,0.0,0.0,12.25,0.0,0.0,,0.0
2020-11-02 05:00:00+08:00,4.7759814,340.4268,13.9,998.6327,90.08051,0.0,0.0,0.0,12.3,0.0,0.1,,0.0
2020-11-02 06:00:00+08:00,4.1617303,324.78232,13.8,999.62146,92.167175,8.0,27.42995,6.0,12.55,0.0,0.4,,1.0
2020-11-02 07:00:00+08:00,4.648656,341.1752,15.0,1000.3508,88.703094,114.0,216.35378,68.0,13.15,0.0,0.1,,1.0
2020-11-02 08:00:00+08:00,6.621933,308.25446,16.5,1000.88995,80.85165,312.0,465.2316,113.0,13.2,0.0,0.1,,1.0
2020-11-02 09:00:00+08:00,7.1589108,294.77512,18.35,1001.63715,71.23704,558.0,717.03894,112.0,13.05,0.0,0.0,,1.0
2020-11-02 10:00:00+08:00,6.7720013,286.29413,18.95,1002.1503,65.10917,653.0,675.0512,125.0,12.25,0.0,0.1,,1.0
2020-11-02 11:00:00+08:00,7.4431176,276.17007,19.65,1002.76526,59.326538,785.0,693.1731,163.0,11.5,0.0,0.1,,1.0
2020-11-02 12:00:00+08:00,7.6164293,266.23602,19.9,1003.2684,58.607212,933.0,787.7903,177.0,11.55,0.0,0.2,,1.0
2020-11-02 13:00:00+08:00,7.7369246,255.78412,19.55,1003.75415,60.290707,831.0,696.44464,159.0,11.65,0.0,0.4,,1.0
2020-11-02 14:00:00+08:00,7.6896033,249.44386,19.5,1004.34796,62.504467,744.0,553.27765,239.0,12.15,0.0,0.8,,1.0
2020-11-02 15:00:00+08:00,7.529276,239.68887,19.35,1004.64105,62.264996,611.0,524.3325,188.0,11.95,0.0,0.4,,1.0
2020-11-02 16:00:00+08:00,7.1217976,231.84273,19.0,1005.3252,65.11997,454.0,489.1993,134.0,12.3,0.0,0.4,,1.0
2020-11-02 17:00:00+08:00,6.576473,224.38402,18.85,1006.1145,64.66067,326.0,500.7235,93.0,12.05,0.0,0.0,,1.0
2020-11-02 18:00:00+08:00,6.0605283,217.6263,18.15,1006.7885,67.78086,170.0,426.5286,62.0,12.1,0.0,0.0,,1.0
2020-11-02 19:00:00+08:00,5.0249376,211.15924,17.45,1007.46246,72.00864,23.0,106.90163,13.0,12.35,0.0,0.0,,0.0
2020-11-02 20:00:00+08:00,4.5793014,211.60745,17.25,1008.05176,73.645775,0.0,0.0,0.0,12.5,0.0,0.0,,0.0
2020-11-02 21:00:00+08:00,3.9115214,212.47118,17.0,1008.8378,75.312454,0.0,0.0,0.0,12.6,0.0,0.0,,0.0
2020-11-02 22:00:00+08:00,3.4,208.07239,16.9,1009.2316,75.54323,0.0,0.0,0.0,12.55,0.0,0.0,,0.0
2020-11-02 23:00:00+08:00,3.130495,206.56499,16.7,1009.72174,76.25739,0.0,0.0,0.0,12.5,0.0,0.0,,0.0
2020-11-03 00:00:00+08:00,2.7294688,208.44283,16.7,1009.9201,75.758606,0.0,0.0,0.0,12.4,0.0,0.0,,0.0
2020-11-03 01:00:00+08:00,2.7784889,210.25635,16.5,1009.9141,74.490105,0.0,0.0,0.0,11.95,0.0,0.0,,0.0
2020-11-03 02:00:00+08:00,2.2847319,203.19861,16.2,1009.7072,74.19345,0.0,0.0,0.0,11.6,0.0,0.0,,0.0
2020-11-03 03:00:00+08:00,1.6552945,205.01686,15.9,1009.8967,78.93706,0.0,0.0,0.0,12.25,0.0,0.0,,0.0
2020-11-03 04:00:00+08:00,2.996665,205.7099,16.45,1010.2103,80.58154,0.0,0.0,0.0,13.1,0.0,0.0,,0.0
2020-11-03 05:00:00+08:00,1.8027756,199.44012,15.7,1010.68427,88.47313,0.0,0.0,0.0,13.8,0.0,0.0,,0.0
2020-11-03 06:00:00+08:00,1.2083046,155.55606,15.9,1011.0866,89.354195,10.0,40.443504,7.0,14.15,0.0,0.0,,1.0
2020-11-03 07:00:00+08:00,1.8384776,112.38018,17.9,1012.03754,77.95217,129.0,325.48648,59.0,14.0,0.0,0.0,,1.0
2020-11-03 08:00:00+08:00,3.2202485,154.23073,19.45,1012.8754,69.16093,356.0,588.5526,103.0,13.65,0.0,0.0,,1.0
2020-11-03 09:00:00+08:00,4.876474,164.53873,21.0,1013.118,59.648354,593.0,766.2327,115.0,12.85,0.0,0.0,,1.0
2020-11-03 10:00:00+08:00,5.707889,183.01273,21.35,1013.1278,60.122063,666.0,575.4424,215.0,13.3,0.0,0.0,,1.0
2020-11-03 11:00:00+08:00,6.4381676,186.24182,20.85,1013.01465,65.51651,622.0,369.41296,290.0,14.15,0.0,0.0,,1.0
2020-11-03 12:00:00+08:00,6.61211,183.46815,21.5,1012.438,62.95483,820.0,495.34686,344.0,14.15,0.0,0.0,,1.0
2020-11-03 13:00:00+08:00,6.846897,186.70975,21.15,1012.3286,63.9046,748.0,401.5821,360.0,14.05,0.0,0.0,,1.0
2020-11-03 14:00:00+08:00,7.2339478,185.55287,21.25,1012.034,63.103287,674.0,346.7941,357.0,13.95,0.0,0.0,,1.0
2020-11-03 15:00:00+08:00,7.752419,186.66656,20.7,1011.6217,64.22174,616.0,413.24728,282.0,13.7,0.0,0.0,,1.0
2020-11-03 16:00:00+08:00,8.01561,183.57626,20.75,1011.1273,63.609463,653.0,843.1898,100.0,13.6,0.0,0.0,,1.0
2020-11-03 17:00:00+08:00,8.205485,182.0952,19.9,1011.3017,67.47504,428.0,738.26105,83.0,13.7,0.0,0.0,,1.0
2020-11-03 18:00:00+08:00,8.105554,177.87895,18.95,1011.77014,71.348785,202.0,551.8456,61.0,13.65,0.0,0.0,,1.0
2020-11-03 19:00:00+08:00,7.5538073,173.15732,18.2,1012.542,75.2653,25.0,95.00605,16.0,13.75,0.0,0.0,,0.0
2020-11-03 20:00:00+08:00,6.609841,169.54015,17.9,1013.6242,77.448204,0.0,0.0,0.0,13.9,0.0,0.0,,0.0
2020-11-03 21:00:00+08:00,6.9123073,165.76268,17.9,1013.9218,76.20083,0.0,0.0,0.0,13.65,0.0,0.0,,0.0
2020-11-03 22:00:00+08:00,6.9641943,158.96242,17.65,1013.9145,76.40917,0.0,0.0,0.0,13.45,0.0,0.0,,0.0
2020-11-03 23:00:00+08:00,6.400781,151.03244,17.25,1014.0019,76.595116,0.0,0.0,0.0,13.1,0.0,0.0,,0.0
2020-11-04 00:00:00+08:00,5.5,143.13002,16.6,1013.8839,74.752754,0.0,0.0,0.0,12.1,0.0,0.0,,0.0
2020-11-04 01:00:00+08:00,5.240229,138.09415,15.9,1013.4666,74.14166,0.0,0.0,0.0,11.3,0.0,0.0,,0.0
2020-11-04 02:00:00+08:00,5.0990195,138.17992,15.4,1013.15454,76.0475,0.0,0.0,0.0,11.2,0.0,0.0,,0.0
2020-11-04 03:00:00+08:00,4.6861496,140.19447,15.1,1013.0463,77.52656,0.0,0.0,0.0,11.2,0.0,0.0,,0.0
2020-11-04 04:00:00+08:00,4.3416586,141.54626,14.7,1013.0346,79.023415,0.0,0.0,0.0,11.1,0.0,0.0,,0.0
2020-11-04 05:00:00+08:00,3.8418746,141.34016,14.35,1013.3217,80.56199,0.0,0.0,0.0,11.05,0.0,0.0,,0.0
2020-11-04 06:00:00+08:00,3.828838,139.23648,14.45,1014.0187,80.30891,13.0,66.31921,8.0,11.1,0.0,0.0,,1.0
2020-11-04 07:00:00+08:00,4.031129,133.99501,16.3,1014.47003,71.55911,168.0,524.3426,54.0,11.15,0.0,0.0,,1.0
2020-11-04 08:00:00+08:00,4.5694637,113.198616,19.75,1014.3716,56.09907,399.0,740.9141,79.0,10.75,0.0,0.0,,1.0
2020-11-04 09:00:00+08:00,4.661545,112.714455,23.05,1014.1677,44.181557,627.0,852.0209,94.0,10.2,0.0,0.0,,1.0
2020-11-04 10:00:00+08:00,4.5177426,117.69938,25.3,1013.63495,36.711155,819.0,910.5418,104.0,9.45,0.0,0.0,,1.0
2020-11-04 11:00:00+08:00,3.905125,140.19447,26.4,1012.8715,33.032726,960.0,944.38776,110.0,8.85,0.0,0.0,,1.0
2020-11-04 12:00:00+08:00,4.6,180.0,26.5,1012.1801,36.074833,1036.0,960.31647,112.0,10.25,0.0,0.0,,1.0
2020-11-04 13:00:00+08:00,6.280127,189.16228,25.65,1011.3629,47.92427,1015.0,873.4638,170.0,13.8,0.0,0.0,,1.0
2020-11-04 14:00:00+08:00,7.3756356,192.5288,24.75,1010.74304,55.703312,859.0,630.32416,282.0,15.3,0.0,0.0,,1.0
2020-11-04 15:00:00+08:00,8.551023,190.78426,23.75,1009.8229,60.875416,714.0,566.87054,255.0,15.75,0.0,0.0,,1.0
2020-11-04 16:00:00+08:00,8.628442,184.65326,22.85,1009.4011,61.05955,591.0,626.56976,179.0,14.95,0.0,0.0,,1.0
2020-11-04 17:00:00+08:00,7.5166483,176.186,21.95,1009.3758,63.66815,352.0,404.85507,162.0,14.75,0.0,0.0,,1.0
2020-11-04 18:00:00+08:00,6.661081,172.23492,21.5,1009.4625,68.017654,172.0,318.0605,90.0,15.35,0.0,0.0,,1.0
2020-11-04 19:00:00+08:00,6.264982,171.74065,20.35,1009.5292,75.616806,28.0,145.9544,14.0,15.9,0.0,0.0,,0.0
2020-11-04 20:00:00+08:00,5.8821764,162.18102,19.9,1009.9132,76.76316,0.0,0.0,0.0,15.7,0.0,0.0,,0.0
2020-11-04 21:00:00+08:00,5.3310413,156.80139,19.55,1009.903,78.95161,0.0,0.0,0.0,15.8,0.0,0.0,,0.0
2020-11-04 22:00:00+08:00,4.7885275,151.29414,19.15,1009.49493,80.42506,0.0,0.0,0.0,15.7,0.0,0.0,,0.0
2020-11-04 23:00:00+08:00,3.8013155,144.63745,18.85,1008.9906,76.846306,0.0,0.0,0.0,14.7,0.0,0.0,,0.0
2020-11-05 00:00:00+08:00,4.110961,131.05472,19.45,1008.5118,58.304375,0.0,0.0,0.0,11.05,0.0,0.0,,0.0
2020-11-05 01:00:00+08:00,4.2720017,122.57404,20.3,1008.04,46.623245,0.0,0.0,0.0,8.5,0.0,0.0,,0.0
2020-11-05 02:00:00+08:00,4.2544093,119.57774,20.05,1007.53705,48.483257,0.0,0.0,0.0,8.85,0.0,0.0,,0.0
2020-11-05 03:00:00+08:00,4.1629314,114.102234,19.75,1007.0326,49.895283,0.0,0.0,0.0,9.0,0.0,0.0,,0.0
2020-11-05 04:00:00+08:00,4.0521603,105.75124,19.8,1007.03424,48.908485,0.0,0.0,0.0,8.75,0.0,0.0,,0.0
2020-11-05 05:00:00+08:00,4.3566046,99.24603,20.15,1007.044,46.110256,0.0,0.0,0.0,8.2,0.0,0.0,,0.0
2020-11-05 06:00:00+08:00,4.8507733,98.297066,20.45,1007.15173,44.80497,14.0,78.369125,8.0,8.05,0.0,0.0,,1.0
2020-11-05 07:00:00+08:00,5.178803,100.00792,22.3,1007.5011,42.08863,169.0,528.0693,53.0,8.8,0.0,0.0,,1.0
2020-11-05 08:00:00+08:00,4.7095647,86.347855,25.25,1007.28534,37.318275,399.0,737.6121,79.0,9.65,0.0,0.0,,1.0
2020-11-05 09:00:00+08:00,2.942788,99.78234,27.75,1007.2542,33.18885,625.0,848.1855,93.0,10.1,0.0,0.0,,1.0
2020-11-05 10:00:00+08:00,1.7804494,141.84273,29.4,1006.80237,31.597364,816.0,907.6273,102.0,10.8,0.0,0.0,,1.0
2020-11-05 11:00:00+08:00,3.757659,205.2011,29.4,1005.90955,39.365055,955.0,940.84827,107.0,14.15,0.0,0.0,,1.0
2020-11-05 12:00:00+08:00,6.449806,209.7448,27.85,1005.27277,48.821613,1031.0,954.98596,111.0,16.1,0.0,0.0,,1.0
2020-11-05 13:00:00+08:00,7.484651,202.79655,26.55,1004.94006,48.947227,1034.0,952.91815,111.0,14.95,0.0,0.0,,1.0
2020-11-05 14:00:00+08:00,6.6730804,199.24962,26.3,1004.7348,50.479374,962.0,923.9792,115.0,15.2,0.0,0.0,,1.0
2020-11-05 15:00:00+08:00,6.7911706,193.62701,25.75,1004.52155,54.71528,838.0,903.6359,105.0,15.95,0.0,0.0,,1.0
2020-11-05 16:00:00+08:00,6.846897,186.70975,24.7,1004.5921,58.61702,652.0,840.3517,98.0,16.05,0.0,0.0,,1.0
2020-11-05 17:00:00+08:00,6.747592,186.80896,23.75,1004.76434,62.649876,429.0,732.0275,84.0,16.2,0.0,0.0,,1.0
2020-11-05 18:00:00+08:00,6.1032777,178.12216,22.55,1004.7312,67.794304,207.0,568.96014,59.0,16.3,0.0,0.0,,1.0
2020-11-05 19:00:00+08:00,6.1,180.0,21.5,1005.19775,70.680756,29.0,144.16054,15.0,15.95,0.0,0.0,,0.0
2020-11-05 20:00:00+08:00,5.622277,174.89792,20.95,1006.3725,72.64034,0.0,0.0,0.0,15.85,0.0,0.0,,0.0
2020-11-05 21:00:00+08:00,5.308484,176.76036,20.95,1006.3725,70.577415,0.0,0.0,0.0,15.4,0.0,0.0,,0.0
2020-11-05 22:00:00+08:00,4.535416,165.96373,20.55,1006.06366,72.569176,0.0,0.0,0.0,15.45,0.0,0.0,,0.0
2020-11-05 23:00:00+08:00,2.34094,160.0168,19.6,1005.4417,77.45753,0.0,0.0,0.0,15.55,0.0,0.0,,0.0
2020-11-06 00:00:00+08:00,2.2135942,161.56496,19.05,1005.02924,79.89815,0.0,0.0,0.0,15.5,0.0,0.0,,0.0
2020-11-06 01:00:00+08:00,2.4698176,148.24057,19.4,1004.444,70.74104,0.0,0.0,0.0,13.95,0.0,0.0,,0.0
2020-11-06 02:00:00+08:00,4.5803933,143.88057,21.65,1003.9126,52.10339,0.0,0.0,0.0,11.4,0.0,0.0,,0.0
2020-11-06 03:00:00+08:00,5.0931325,136.5911,21.5,1003.7101,54.528255,0.0,0.0,0.0,11.95,0.0,0.0,,0.0
2020-11-06 04:00:00+08:00,6.185467,124.46088,21.65,1003.81335,54.030186,0.0,0.0,0.0,11.95,0.0,0.0,,0.0
2020-11-06 05:00:00+08:00,6.774216,121.10875,21.5,1004.1068,51.208115,0.0,0.0,0.0,11.0,0.0,0.0,,0.0
2020-11-06 06:00:00+08:00,7.648529,115.55992,21.35,1004.69745,50.324547,15.0,77.24402,9.0,10.6,0.0,0.0,,1.0
2020-11-06 07:00:00+08:00,7.879086,113.962494,22.4,1005.4211,51.785496,170.0,522.95,54.0,12.0,0.0,0.0,,1.0
2020-11-06 08:00:00+08:00,9.752948,105.46127,24.85,1005.4889,43.229797,399.0,732.2109,80.0,11.5,0.0,0.0,,1.0
2020-11-06 09:00:00+08:00,9.234717,94.96966,26.85,1005.4442,38.272453,622.0,839.7245,94.0,11.45,0.0,0.0,,1.0
2020-11-06 10:00:00+08:00,7.3552704,97.0283,28.85,1005.20026,34.85155,805.0,883.2451,109.0,11.8,0.0,0.0,,1.0
2020-11-06 11:00:00+08:00,5.346027,97.52373,30.35,1004.6449,32.818687,950.0,929.6354,111.0,12.2,0.0,0.0,,1.0
2020-11-06 12:00:00+08:00,3.6235344,152.02061,31.05,1004.0681,31.22173,1028.0,949.7244,112.0,12.05,0.0,0.0,,1.0
2020-11-06 13:00:00+08:00,7.2897186,206.91647,28.4,1003.7004,46.23683,1035.0,952.8211,111.0,15.75,0.0,0.0,,1.0
2020-11-06 14:00:00+08:00,8.077747,201.80147,25.9,1003.7322,56.523746,849.0,691.76355,214.0,16.6,0.0,0.0,,1.0
2020-11-06 15:00:00+08:00,8.004998,192.99461,25.35,1003.5186,58.584892,833.0,871.2668,125.0,16.65,0.0,0.0,,1.0
2020-11-06 16:00:00+08:00,8.515867,189.46225,24.1,1003.4847,68.10354,671.0,882.0749,88.0,17.85,0.0,0.0,,1.0
2020-11-06 17:00:00+08:00,7.8057675,182.20255,23.2,1003.5589,68.3561,438.0,750.0761,83.0,17.05,0.0,0.0,,1.0
2020-11-06 18:00:00+08:00,7.300685,180.7848,22.5,1003.837,69.09083,208.0,563.9392,60.0,16.55,0.0,0.0,,1.0
2020-11-06 19:00:00+08:00,6.5069194,177.35751,21.7,1004.1121,72.77313,30.0,152.58061,15.0,16.6,0.0,0.0,,0.0
2020-11-06 20:00:00+08:00,5.0358715,173.15732,21.15,1004.79095,74.07891,0.0,0.0,0.0,16.35,0.0,0.0,,0.0
2020-11-06 21:00:00+08:00,4.5122056,167.19574,20.95,1004.98395,76.68201,0.0,0.0,0.0,16.7,0.0,0.0,,0.0
2020-11-06 22:00:00+08:00,3.49285,166.75948,20.4,1004.869,79.57645,0.0,0.0,0.0,16.75,0.0,0.0,,0.0
2020-11-06 23:00:00+08:00,2.4166093,155.55606,19.95,1004.45966,80.78867,0.0,0.0,0.0,16.55,0.0,0.0,,0.0
2020-11-07 00:00:00+08:00,2.2472205,122.27562,19.85,1004.1593,73.38318,0.0,0.0,0.0,14.95,0.0,0.0,,0.0
2020-11-07 01:00:00+08:00,4.4553337,99.039406,21.35,1003.6065,55.39511,0.0,0.0,0.0,12.05,0.0,0.0,,0.0
2020-11-07 02:00:00+08:00,5.6008925,91.02301,20.75,1002.9947,59.394,0.0,0.0,0.0,12.55,0.0,0.0,,0.0
2020-11-07 03:00:00+08:00,5.707889,86.98728,20.2,1002.58234,60.04771,0.0,0.0,0.0,12.2,0.0,0.0,,0.0
2020-11-07 04:00:00+08:00,5.135173,83.29026,19.55,1002.86163,60.490067,0.0,0.0,0.0,11.7,0.0,0.0,,0.0
2020-11-07 05:00:00+08:00,4.060788,80.07382,18.85,1003.13934,60.928238,0.0,0.0,0.0,11.15,0.0,0.0,,0.0
2020-11-07 06:00:00+08:00,2.7658634,77.4712,18.6,1003.6278,61.072144,16.0,88.90313,9.0,10.95,0.0,0.0,,1.0
2020-11-07 07:00:00+08:00,1.5524175,75.068535,20.5,1004.27673,54.453136,176.0,544.98,54.0,11.0,0.0,0.0,,1.0
2020-11-07 08:00:00+08:00,0.5,216.86998,21.9,1004.31616,54.809654,408.0,752.1767,79.0,12.4,0.0,0.0,,1.0
2020-11-07 09:00:00+08:00,2.0808651,234.78232,23.4,1004.1594,53.422737,631.0,852.0571,94.0,13.4,0.0,0.0,,1.0
2020-11-07 10:00:00+08:00,3.1622775,235.30478,23.85,1004.2712,55.30049,822.0,910.9852,103.0,14.35,0.0,0.0,,1.0
2020-11-07 11:00:00+08:00,3.5608988,231.84273,24.4,1003.9888,52.1368,961.0,942.8718,109.0,13.95,0.0,0.0,,1.0
2020-11-07 12:00:00+08:00,3.8948684,228.12221,24.8,1003.5039,50.247902,1037.0,956.95917,113.0,13.75,0.0,0.0,,1.0
2020-11-07 13:00:00+08:00,4.2426405,224.9999,24.75,1003.20465,54.114754,1045.0,959.9762,113.0,14.85,0.0,0.0,,1.0
2020-11-07 14:00:00+08:00,4.3863425,223.1524,24.35,1003.09454,57.97426,987.0,956.2959,108.0,15.55,0.0,0.0,,1.0
2020-11-07 15:00:00+08:00,4.404543,219.47243,23.75,1002.979,61.855694,853.0,920.1062,104.0,16.0,0.0,0.0,,1.0
2020-11-07 16:00:00+08:00,4.632494,212.6609,23.15,1003.06146,64.95877,668.0,863.2282,96.0,16.2,0.0,0.0,,1.0
2020-11-07 17:00:00+08:00,4.924429,203.9625,22.3,1003.03784,71.96192,447.0,765.86755,83.0,17.0,0.0,0.0,,1.0
2020-11-07 18:00:00+08:00,5.2810984,198.77812,21.2,1003.5032,80.444305,214.0,577.881,61.0,17.7,0.0,0.0,,1.0
2020-11-07 19:00:00+08:00,4.876474,195.46127,20.2,1003.87164,86.910995,32.0,160.79265,16.0,17.95,0.0,0.0,,0.0
2020-11-07 20:00:00+08:00,4.7296934,193.44862,19.65,1004.5505,88.519066,0.0,0.0,0.0,17.7,0.0,0.0,,0.0
2020-11-07 21:00:00+08:00,4.7675986,189.65982,19.55,1004.7459,88.79024,0.0,0.0,0.0,17.65,0.0,0.0,,0.0
2020-11-07 22:00:00+08:00,4.6389656,187.43132,19.45,1004.44556,88.22368,0.0,0.0,0.0,17.45,0.0,0.0,,0.0
2020-11-07 23:00:00+08:00,4.318565,185.31445,19.3,1004.342,88.490135,0.0,0.0,0.0,17.35,0.0,0.0,,0.0
2020-11-08 00:00:00+08:00,3.7121422,184.63538,19.05,1004.0375,89.59564,0.0,0.0,0.0,17.3,0.0,0.0,,0.0
2020-11-08 01:00:00+08:00,3.622154,186.3401,18.95,1003.3404,90.441605,0.0,0.0,0.0,17.35,0.0,0.0,,0.0
2020-11-08 02:00:00+08:00,3.4132097,185.04236,19.15,1003.2469,88.19828,0.0,0.0,0.0,17.15,0.0,0.0,,0.0
2020-11-08 03:00:00+08:00,3.2015622,181.78987,19.35,1003.3518,86.283455,0.0,0.0,0.0,17.0,0.0,0.0,,0.0
2020-11-08 04:00:00+08:00,3.4058774,183.3664,19.45,1003.15625,85.47727,0.0,0.0,0.0,16.95,0.0,0.0,,0.0
2020-11-08 05:00:00+08:00,3.0016663,178.0909,19.3,1003.3503,85.46185,0.0,0.0,0.0,16.8,0.0,0.0,,0.0
2020-11-08 06:00:00+08:00,3.0,180.0,19.55,1003.8534,84.14358,9.0,0.0,9.0,16.8,0.0,0.0,,1.0
2020-11-08 07:00:00+08:00,3.905125,193.32454,20.2,1004.36755,80.31029,130.0,314.44427,59.0,16.7,0.0,0.0,,1.0
2020-11-08 08:00:00+08:00,4.204759,205.34613,21.1,1004.4922,74.781006,312.0,375.8336,147.0,16.45,0.0,0.1,,1.0
2020-11-08 09:00:00+08:00,4.5793014,211.60745,21.55,1004.5048,73.44374,450.0,332.48712,240.0,16.6,0.0,0.1,,1.0
2020-11-08 10:00:00+08:00,4.5343137,221.42357,22.05,1004.3203,71.4616,636.0,436.4756,291.0,16.65,0.0,0.1,,1.0
2020-11-08 11:00:00+08:00,4.4553337,225.90929,22.1,1004.12354,71.01823,692.0,379.14468,349.0,16.6,0.0,0.0,,1.0
2020-11-08 12:00:00+08:00,4.596738,225.8813,22.1,1003.8259,70.56822,766.0,483.15207,299.0,16.5,0.0,0.0,,1.0
2020-11-08 13:00:00+08:00,4.6669044,224.9999,22.15,1003.4304,69.4638,816.0,597.78516,235.0,16.3,0.0,0.0,,1.0
2020-11-08 14:00:00+08:00,4.8104053,226.68465,22.15,1003.0337,67.71383,865.0,683.4194,236.0,15.9,0.0,0.0,,1.0
2020-11-08 15:00:00+08:00,5.23259,224.9999,21.75,1002.52686,67.20088,800.0,761.5446,179.0,15.4,0.0,0.0,,1.0
2020-11-08 16:00:00+08:00,5.240229,228.09415,21.3,1002.6134,67.75943,625.0,724.0584,144.0,15.1,0.0,0.0,,1.0
2020-11-08 17:00:00+08:00,4.738143,225.85501,20.6,1002.69275,69.38577,420.0,632.76306,118.0,14.8,0.0,0.0,,1.0
2020-11-08 18:00:00+08:00,4.2426405,224.9999,19.8,1002.968,71.275536,201.0,460.52747,78.0,14.45,0.0,0.0,,1.0
2020-11-08 19:00:00+08:00,3.6069376,223.87679,19.0,1003.1434,73.4719,31.0,139.01694,17.0,14.15,0.0,0.0,,0.0
2020-11-08 20:00:00+08:00,3.6878178,220.60121,19.1,1003.5429,69.77058,0.0,0.0,0.0,13.45,0.0,0.0,,0.0
2020-11-08 21:00:00+08:00,3.2202482,216.15828,18.5,1003.52594,73.14627,0.0,0.0,0.0,13.6,0.0,0.0,,0.0
2020-11-08 22:00:00+08:00,2.7802877,217.6943,17.75,1003.1078,76.92371,0.0,0.0,0.0,13.65,0.0,0.0,,0.0
2020-11-08 23:00:00+08:00,2.4758837,223.36346,17.05,1002.7901,80.6623,0.0,0.0,0.0,13.7,0.0,0.0,,0.0
2020-11-09 00:00:00+08:00,2.280351,232.12495,16.7,1001.9867,81.93799,0.0,0.0,0.0,13.6,0.0,0.0,,0.0
2020-11-09 01:00:00+08:00,2.0248456,249.77505,16.45,1001.48364,82.71039,0.0,0.0,0.0,13.5,0.0,0.0,,0.0
2020-11-09 02:00:00+08:00,2.4020824,267.6141,16.65,1001.09265,80.87164,0.0,0.0,0.0,13.35,0.0,0.0,,0.0
2020-11-09 03:00:00+08:00,2.7658634,282.5288,17.25,1001.1099,76.09645,0.0,0.0,0.0,13.0,0.0,0.0,,0.0
2020-11-09 04:00:00+08:00,3.0463092,293.1986,17.75,1001.2235,73.01337,0.0,0.0,0.0,12.85,0.0,0.0,,0.0
2020-11-09 05:00:00+08:00,3.4985712,300.96368,18.05,1001.33124,71.882996,0.0,0.0,0.0,12.9,0.0,0.0,,0.0
2020-11-09 06:00:00+08:00,4.565085,298.8107,18.3,1001.636,79.02621,14.0,49.57291,10.0,14.6,0.0,0.0,,1.0
2020-11-09 07:00:00+08:00,7.05762,290.74615,19.4,1002.3613,73.77931,135.0,298.75073,67.0,14.6,0.0,0.0,,1.0
2020-11-09 08:00:00+08:00,7.2401657,302.59256,20.2,1002.48315,66.449356,237.0,226.99323,137.0,13.75,0.0,0.0,,1.0
2020-11-09 09:00:00+08:00,8.335466,300.25635,21.35,1002.11884,58.57222,452.0,431.36884,179.0,12.9,0.0,0.0,,1.0
2020-11-09 10:00:00+08:00,8.490582,302.00534,21.8,1001.8338,57.355473,523.0,322.17224,268.0,13.0,0.0,0.1,,1.0
2020-11-09 11:00:00+08:00,9.883825,297.08347,22.0,1001.34357,61.656475,764.0,631.59625,192.0,14.3,0.0,0.3,,1.0
2020-11-09 12:00:00+08:00,10.833743,293.9625,21.5,1000.933,66.7195,720.0,506.4476,230.0,15.05,0.0,0.2,,1.0
2020-11-09 13:00:00+08:00,9.560335,285.78082,19.85,1000.8865,80.007904,636.0,397.76202,249.0,16.3,0.0,0.6,,1.0
2020-11-09 14:00:00+08:00,9.226592,265.64902,18.7,1000.75464,82.45186,375.0,182.30237,207.0,15.65,0.0,0.4,,1.0
2020-11-09 15:00:00+08:00,10.530907,247.08714,17.55,1000.92035,82.31045,343.0,173.83946,201.0,14.5,0.0,1.4,,1.0
2020-11-09 16:00:00+08:00,9.213577,244.26935,17.3,1001.6073,73.41339,176.0,27.02745,158.0,12.5,0.0,0.6,,1.0
2020-11-09 17:00:00+08:00,8.683317,255.32356,17.75,1002.0169,61.076622,115.0,60.508858,86.0,10.15,0.0,0.1,,1.0
2020-11-09 18:00:00+08:00,8.860023,253.61038,17.3,1002.8965,61.79355,38.0,14.846962,34.0,9.9,0.0,0.1,,1.0
2020-11-09 19:00:00+08:00,8.956004,253.7909,16.75,1003.4755,60.636707,13.0,39.25056,9.0,9.1,0.0,0.1,,0.0
2020-11-09 20:00:00+08:00,8.5440035,253.68607,16.6,1004.06635,58.191628,0.0,0.0,0.0,8.35,0.0,0.0,,0.0
2020-11-09 21:00:00+08:00,8.475848,250.70985,16.6,1004.5622,55.298912,0.0,0.0,0.0,7.6,0.0,0.0,,0.0
2020-11-09 22:00:00+08:00,8.032434,251.11382,16.3,1004.6525,56.943535,0.0,0.0,0.0,7.75,0.0,0.0,,0.0
2020-11-09 23:00:00+08:00,7.7878113,245.73871,16.25,1004.4527,56.93095,0.0,0.0,0.0,7.7,0.0,0.0,,0.0
2020-11-10 00:00:00+08:00,7.169379,239.85869,15.65,1004.43536,64.60378,0.0,0.0,0.0,9.0,0.0,0.0,,0.0
2020-11-10 01:00:00+08:00,7.072482,236.53459,15.4,1004.3289,68.35086,0.0,0.0,0.0,9.6,0.0,0.1,,0.0
2020-11-10 02:00:00+08:00,7.1421285,224.4328,15.05,1004.41766,71.08618,0.0,0.0,0.0,9.85,0.0,0.2,,0.0
2020-11-10 03:00:00+08:00,7.5927596,220.19197,15.25,1004.72125,67.4076,0.0,0.0,0.0,9.25,0.0,0.1,,0.0
2020-11-10 04:00:00+08:00,7.545197,214.74324,14.9,1005.3057,69.87518,0.0,0.0,0.0,9.45,0.0,0.1,,0.0
2020-11-10 05:00:00+08:00,6.989278,213.91747,15.0,1006.00305,65.56016,0.0,0.0,0.0,8.6,0.0,0.1,,0.0
2020-11-10 06:00:00+08:00,6.9641943,212.09256,15.2,1007.0003,64.06888,15.0,73.542336,9.0,8.45,0.0,0.0,,1.0
2020-11-10 07:00:00+08:00,7.2201104,210.82759,16.65,1007.836,52.547203,145.0,405.5263,52.0,6.9,0.0,0.0,,1.0
2020-11-10 08:00:00+08:00,6.7007465,217.72505,18.05,1008.174,46.635,287.0,357.4968,129.0,6.45,0.0,0.0,,1.0
2020-11-10 09:00:00+08:00,6.7675695,214.15974,18.5,1008.48456,44.256504,439.0,416.3738,175.0,6.1,0.0,0.0,,1.0
2020-11-10 10:00:00+08:00,6.1032777,214.9921,18.65,1008.8856,44.298904,535.0,407.56854,212.0,6.25,0.0,0.0,,1.0
2020-11-10 11:00:00+08:00,5.660389,212.00534,18.9,1008.99176,46.871433,694.0,357.39786,370.0,7.3,0.0,0.1,,1.0
2020-11-10 12:00:00+08:00,5.5036354,204.70241,18.6,1008.3881,47.92206,545.0,156.95502,393.0,7.35,0.0,0.0,,1.0
2020-11-10 13:00:00+08:00,5.8600345,205.25313,19.7,1008.1223,45.053993,1035.0,890.2033,168.0,7.45,0.0,0.0,,1.0
2020-11-10 14:00:00+08:00,5.7384667,202.5431,18.9,1008.0992,46.39304,685.0,376.06854,338.0,7.15,0.0,0.0,,1.0
2020-11-10 15:00:00+08:00,5.60803,201.99118,19.0,1007.9037,44.857525,750.0,640.39716,226.0,6.75,0.0,0.0,,1.0
2020-11-10 16:00:00+08:00,5.1078367,203.05133,18.65,1008.1914,44.14647,576.0,531.6928,221.0,6.2,0.0,0.0,,1.0
2020-11-10 17:00:00+08:00,4.7169905,201.12479,18.15,1008.6727,45.082695,338.0,311.66568,188.0,6.05,0.0,0.0,,1.0
2020-11-10 18:00:00+08:00,4.560702,195.25517,17.65,1009.2535,46.36298,162.0,264.929,90.0,6.0,0.0,0.0,,1.0
2020-11-10 19:00:00+08:00,4.0447497,188.53069,17.1,1009.7332,50.20017,26.0,58.181347,20.0,6.65,0.0,0.0,,0.0
2020-11-10 20:00:00+08:00,3.214032,185.35573,16.7,1010.41595,53.467964,0.0,0.0,0.0,7.2,0.0,0.0,,0.0
2020-11-10 21:00:00+08:00,3.306055,176.53185,16.8,1010.7163,53.129696,0.0,0.0,0.0,7.2,0.0,0.0,,0.0
2020-11-10 22:00:00+08:00,3.0805843,166.86597,16.0,1010.4945,58.04328,0.0,0.0,0.0,7.75,0.0,0.0,,0.0
2020-11-10 23:00:00+08:00,2.657066,160.20103,15.15,1010.0731,64.71163,0.0,0.0,0.0,8.55,0.0,0.0,,0.0
2020-11-11 00:00:00+08:00,2.3259406,154.5367,14.5,1009.65717,69.09393,0.0,0.0,0.0,8.9,0.0,0.0,,0.0
2020-11-11 01:00:00+08:00,2.147091,152.24155,14.0,1009.2456,72.33498,0.0,0.0,0.0,9.1,0.0,0.0,,0.0
2020-11-11 02:00:00+08:00,1.9209373,141.34016,13.25,1008.7276,76.2063,0.0,0.0,0.0,9.15,0.0,0.0,,0.0
2020-11-11 03:00:00+08:00,2.1377556,100.784256,13.25,1008.4302,73.67777,0.0,0.0,0.0,8.65,0.0,0.0,,0.0
2020-11-11 04:00:00+08:00,2.9068885,86.05489,12.65,1008.80884,67.78419,0.0,0.0,0.0,6.85,0.0,0.0,,0.0
2020-11-11 05:00:00+08:00,2.5079873,94.57384,12.65,1009.50287,64.820656,0.0,0.0,0.0,6.2,0.0,0.0,,0.0
2020-11-11 06:00:00+08:00,3.5128336,85.101,13.1,1010.11145,64.47596,15.0,36.390667,12.0,6.55,0.0,0.0,,1.0
2020-11-11 07:00:00+08:00,3.5128336,85.101,15.0,1010.5645,59.808777,149.0,220.8148,98.0,7.25,0.0,0.0,,1.0
2020-11-11 08:00:00+08:00,2.8017852,92.045364,16.65,1010.9102,57.225407,366.0,469.20935,158.0,8.15,0.0,0.0,,1.0
2020-11-11 09:00:00+08:00,1.6492423,104.03627,17.8,1011.0427,52.493305,407.0,182.63527,291.0,7.95,0.0,0.0,,1.0
2020-11-11 10:00:00+08:00,1.2369317,165.96373,18.85,1010.57733,49.99015,574.0,328.9474,313.0,8.2,0.0,0.0,,1.0
2020-11-11 11:00:00+08:00,2.2203603,215.83774,19.7,1010.10583,46.45703,663.0,249.06119,437.0,7.9,0.0,0.0,,1.0
2020-11-11 12:00:00+08:00,4.2426405,224.9999,19.95,1009.81525,50.117565,793.0,349.7387,454.0,9.25,0.0,0.0,,1.0
2020-11-11 13:00:00+08:00,5.0931325,223.4089,19.25,1009.4978,56.160397,733.0,276.9518,463.0,10.3,0.0,0.0,,1.0
2020-11-11 14:00:00+08:00,5.060632,217.77574,19.05,1008.897,56.11008,557.0,129.8912,437.0,10.1,0.0,0.0,,1.0
2020-11-11 15:00:00+08:00,5.6035705,214.82455,18.9,1008.59503,60.13695,591.0,235.46927,398.0,11.0,0.0,0.0,,1.0
2020-11-11 16:00:00+08:00,5.491812,213.11136,18.5,1008.58374,64.5842,473.0,274.8808,289.0,11.7,0.0,0.0,,1.0
2020-11-11 17:00:00+08:00,5.27731,207.05052,18.25,1008.7748,65.821075,401.0,502.76895,158.0,11.75,0.0,0.0,,1.0
2020-11-11 18:00:00+08:00,4.808326,196.9276,17.6,1009.1527,69.478065,196.0,382.99707,91.0,11.95,0.0,0.0,,1.0
2020-11-11 19:00:00+08:00,3.8118236,184.5139,16.7,1009.42426,74.76964,36.0,172.48743,18.0,12.2,0.0,0.0,,0.0
2020-11-11 20:00:00+08:00,3.436568,171.6342,16.25,1010.20435,77.70275,0.0,0.0,0.0,12.35,0.0,0.0,,0.0
2020-11-11 21:00:00+08:00,2.7313,156.2505,15.7,1010.1885,79.95292,0.0,0.0,0.0,12.25,0.0,0.0,,0.0
2020-11-11 22:00:00+08:00,2.6925824,148.67137,15.3,1009.978,83.386566,0.0,0.0,0.0,12.5,0.0,0.0,,0.0
2020-11-11 23:00:00+08:00,2.3430748,129.80553,14.8,1009.46765,86.67785,0.0,0.0,0.0,12.6,0.0,0.0,,0.0
2020-11-12 00:00:00+08:00,1.9416488,124.50858,14.15,1008.7542,88.632484,0.0,0.0,0.0,12.3,0.0,0.0,,0.0
2020-11-12 01:00:00+08:00,1.6401219,127.568665,13.55,1008.4391,89.46318,0.0,0.0,0.0,11.85,0.0,0.0,,0.0
2020-11-12 02:00:00+08:00,1.5652475,116.56499,13.2,1008.032,89.43585,0.0,0.0,0.0,11.5,0.0,0.0,,0.0
2020-11-12 03:00:00+08:00,1.746425,103.24053,13.35,1008.0364,85.964745,0.0,0.0,0.0,11.05,0.0,0.0,,0.0
2020-11-12 04:00:00+08:00,1.8439089,102.5288,13.2,1008.32947,80.674034,0.0,0.0,0.0,9.95,0.0,0.0,,0.0
2020-11-12 05:00:00+08:00,2.158703,103.39252,13.55,1008.63745,74.480286,0.0,0.0,0.0,9.1,0.0,0.0,,0.0
2020-11-12 06:00:00+08:00,2.84605,108.43504,14.4,1009.0593,69.541794,15.0,60.06186,10.0,8.9,0.0,0.0,,1.0
2020-11-12 07:00:00+08:00,3.008322,105.42222,16.55,1009.3207,60.794014,169.0,442.99576,66.0,8.95,0.0,0.0,,1.0
2020-11-12 08:00:00+08:00,2.302173,87.5105,18.7,1009.1843,55.2752,405.0,695.08105,96.0,9.55,0.0,0.0,,1.0
2020-11-12 09:00:00+08:00,0.60827625,170.53775,20.05,1009.12384,52.90693,643.0,848.83246,103.0,10.15,0.0,0.0,,1.0
2020-11-12 10:00:00+08:00,2.3600848,233.61555,21.1,1008.9553,50.932312,835.0,910.2271,112.0,10.55,0.0,0.0,,1.0
2020-11-12 11:00:00+08:00,4.1617303,234.78232,21.35,1008.56555,52.893684,971.0,933.708,123.0,11.35,0.0,0.0,,1.0
2020-11-12 12:00:00+08:00,4.7169905,237.99466,21.15,1008.0639,53.0171,1044.0,950.4,122.0,11.2,0.0,0.0,,1.0
2020-11-12 13:00:00+08:00,4.750789,239.65683,21.2,1007.5696,53.205975,1050.0,948.93066,124.0,11.3,0.0,0.0,,1.0
2020-11-12 14:00:00+08:00,4.6647615,239.0363,20.95,1006.9675,57.52363,993.0,948.12604,116.0,12.25,0.0,0.0,,1.0
2020-11-12 15:00:00+08:00,4.924429,240.83249,20.65,1006.5623,59.370163,864.0,919.5688,109.0,12.45,0.0,0.0,,1.0
2020-11-12 16:00:00+08:00,4.6872168,236.3099,20.25,1006.65015,60.455418,681.0,865.7509,100.0,12.35,0.0,0.0,,1.0
2020-11-12 17:00:00+08:00,4.6861496,230.19447,19.8,1006.6375,60.548798,448.0,710.7838,103.0,11.95,0.0,0.0,,1.0
2020-11-12 18:00:00+08:00,4.313931,225.9391,19.25,1006.7208,60.820354,224.0,567.69135,67.0,11.5,0.0,0.0,,1.0
2020-11-12 19:00:00+08:00,2.8999999,223.60289,18.25,1006.69214,65.38802,39.0,189.39975,19.0,11.65,0.0,0.0,,0.0
2020-11-12 20:00:00+08:00,3.1400635,217.23491,17.65,1007.3692,71.33973,0.0,0.0,0.0,12.4,0.0,0.0,,0.0
2020-11-12 21:00:00+08:00,3.2649655,220.0302,17.4,1007.4612,72.71213,0.0,0.0,0.0,12.45,0.0,0.0,,0.0
2020-11-12 22:00:00+08:00,2.9732137,222.27362,17.05,1007.1535,73.369354,0.0,0.0,0.0,12.25,0.0,0.0,,0.0
2020-11-12 23:00:00+08:00,2.3345237,223.26433,16.55,1006.6431,76.98758,0.0,0.0,0.0,12.5,0.0,0.0,,0.0
2020-11-13 00:00:00+08:00,1.8384775,224.9999,15.65,1005.82367,83.42777,0.0,0.0,0.0,12.85,0.0,0.0,,0.0
2020-11-13 01:00:00+08:00,1.9104972,227.12111,15.6,1005.0288,84.79662,0.0,0.0,0.0,13.05,0.0,0.0,,0.0
2020-11-13 02:00:00+08:00,2.0615528,230.90614,15.3,1004.4249,86.44329,0.0,0.0,0.0,13.05,0.0,0.0,,0.0
2020-11-13 03:00:00+08:00,1.9209373,231.34016,15.7,1004.1394,84.80748,0.0,0.0,0.0,13.15,0.0,0.0,,0.0
2020-11-13 04:00:00+08:00,1.8439089,229.39879,15.95,1004.0475,84.00925,0.0,0.0,0.0,13.25,0.0,0.0,,0.0
2020-11-13 05:00:00+08:00,1.5264337,238.39255,17.05,1004.0793,78.07851,0.0,0.0,0.0,13.2,0.0,0.0,,0.0
2020-11-13 06:00:00+08:00,1.6492423,255.96373,18.3,1004.51196,73.11092,13.0,23.80572,11.0,13.4,0.0,0.0,,1.0
2020-11-13 07:00:00+08:00,2.0615528,284.03625,19.75,1004.75146,65.06857,102.0,59.83746,88.0,13.0,0.0,0.0,,1.0
2020-11-13 08:00:00+08:00,3.104835,284.93146,20.2,1004.7642,69.98264,338.0,435.2477,144.0,14.55,0.0,0.0,,1.0
2020-11-13 09:00:00+08:00,3.8832974,281.88864,21.0,1004.8861,67.04722,306.0,158.52763,205.0,14.65,0.0,0.2,,1.0
2020-11-13 10:00:00+08:00,4.669047,279.86575,21.45,1004.7995,66.06816,486.0,218.83858,312.0,14.85,0.0,0.1,,1.0
2020-11-13 11:00:00+08:00,5.0635953,279.09018,22.1,1004.32184,63.906494,702.0,299.2464,430.0,14.95,0.0,0.1,,1.0
2020-11-13 12:00:00+08:00,5.0447993,283.7608,22.75,1003.7447,60.644524,811.0,459.36832,365.0,14.75,0.0,0.0,,1.0
2020-11-13 13:00:00+08:00,5.5362444,286.79846,23.35,1003.06714,55.534424,970.0,769.9052,218.0,13.95,0.0,0.0,,1.0
2020-11-13 14:00:00+08:00,6.264982,278.25934,23.05,1002.3646,60.909492,918.0,745.05975,228.0,15.1,0.0,0.0,,1.0
2020-11-13 15:00:00+08:00,6.0827627,279.46225,21.7,1002.12854,68.93461,571.0,425.5671,221.0,15.75,0.0,0.0,,1.0
2020-11-13 16:00:00+08:00,6.4031243,284.47034,22.2,1001.64685,65.38156,644.0,789.22235,113.0,15.4,0.0,0.0,,1.0
2020-11-13 17:00:00+08:00,6.113101,285.17297,21.35,1001.5237,70.42708,398.0,564.15875,123.0,15.75,0.0,0.0,,1.0
2020-11-13 18:00:00+08:00,5.597321,288.75873,20.5,1001.49976,74.681114,165.0,333.35364,72.0,15.85,0.0,0.0,,1.0
2020-11-13 19:00:00+08:00,4.6238513,291.57138,19.8,1001.6787,77.98491,34.0,149.74554,18.0,15.85,0.0,0.0,,0.0
2020-11-13 20:00:00+08:00,4.1761227,286.6993,19.7,1001.9734,81.27142,0.0,0.0,0.0,16.4,0.0,0.0,,0.0
2020-11-13 21:00:00+08:00,4.588028,286.46008,19.15,1002.156,87.36467,0.0,0.0,0.0,17.0,0.0,0.1,,0.0
2020-11-13 22:00:00+08:00,5.2201533,286.6993,18.9,1001.85126,91.58767,0.0,0.0,0.0,17.5,0.0,0.7,,0.0
2020-11-13 23:00:00+08:00,5.5362444,286.79846,18.65,1001.2493,92.44431,0.0,0.0,0.0,17.4,0.0,0.8,,0.0
2020-11-14 00:00:00+08:00,5.3488317,290.80685,18.5,1000.4516,92.72857,0.0,0.0,0.0,17.3,0.0,0.4,,0.0
2020-11-14 01:00:00+08:00,5.8180757,294.36243,18.3,999.75165,94.79207,0.0,0.0,0.0,17.45,0.0,0.8,,0.0
2020-11-14 02:00:00+08:00,5.903389,296.13095,18.4,999.1595,95.39557,0.0,0.0,0.0,17.65,0.0,1.3,,0.0
2020-11-14 03:00:00+08:00,6.6887965,301.55133,18.55,998.668,93.31876,0.0,0.0,0.0,17.45,0.0,1.4,,0.0
2020-11-14 04:00:00+08:00,6.3780875,311.18582,18.8,998.67487,89.57676,0.0,0.0,0.0,17.05,0.0,0.3,,0.0
2020-11-14 05:00:00+08:00,7.964923,308.8845,18.45,998.66516,91.55983,0.0,0.0,0.0,17.05,0.0,0.7,,0.0
2020-11-14 06:00:00+08:00,7.5604234,307.47626,18.6,998.9667,92.441536,13.0,47.205463,9.0,17.35,0.0,1.1,,1.0
2020-11-14 07:00:00+08:00,7.4040527,286.47696,19.8,999.6952,84.9742,108.0,182.71497,65.0,17.2,0.0,0.2,,1.0
2020-11-14 08:00:00+08:00,6.6843095,231.07245,18.85,1000.75916,81.16122,254.0,281.99902,128.0,15.55,0.0,0.4,,1.0
2020-11-14 09:00:00+08:00,5.5036354,245.29759,20.1,1001.09186,74.85372,470.0,476.5026,166.0,15.5,0.0,0.1,,1.0
2020-11-14 10:00:00+08:00,5.9228373,258.31067,20.25,1001.1954,74.16271,651.0,593.08417,179.0,15.5,0.0,0.2,,1.0
2020-11-14 11:00:00+08:00,7.0859013,261.0695,20.65,1001.40497,70.068825,703.0,502.3973,246.0,15.0,0.0,0.3,,1.0
2020-11-14 12:00:00+08:00,7.4946647,251.3232,21.0,1001.21643,67.69875,868.0,691.61615,196.0,14.8,0.0,0.2,,1.0
2020-11-14 13:00:00+08:00,7.5166483,236.94417,20.55,1001.4023,70.04969,842.0,610.6644,245.0,14.9,0.0,0.6,,1.0
2020-11-14 14:00:00+08:00,7.247069,242.02061,20.8,1001.4091,63.208096,741.0,565.14044,217.0,13.55,0.0,0.0,,1.0
2020-11-14 15:00:00+08:00,7.7077885,247.0942,21.15,1001.518,56.263584,785.0,763.51294,156.0,12.1,0.0,0.0,,1.0
2020-11-14 16:00:00+08:00,6.9857,246.3706,20.9,1001.412,52.77659,627.0,631.54126,201.0,10.9,0.0,0.0,,1.0
2020-11-14 17:00:00+08:00,7.539231,248.19853,18.7,1001.9447,69.01307,389.0,561.75696,114.0,12.9,0.0,0.3,,1.0
2020-11-14 18:00:00+08:00,6.7542577,244.57317,18.5,1002.8317,69.882195,117.0,145.68796,76.0,12.9,0.0,0.2,,1.0
2020-11-14 19:00:00+08:00,6.264982,241.38963,18.6,1003.42944,65.03344,32.0,138.75159,17.0,11.9,0.0,0.0,,0.0
2020-11-14 20:00:00+08:00,6.6573267,237.26477,17.9,1004.50055,69.53689,0.0,0.0,0.0,12.25,0.0,0.0,,0.0
2020-11-14 21:00:00+08:00,6.2433968,238.09193,17.7,1005.08966,68.814415,0.0,0.0,0.0,11.9,0.0,0.0,,0.0
2020-11-14 22:00:00+08:00,6.360031,233.31018,17.15,1005.5697,72.667145,0.0,0.0,0.0,12.2,0.0,0.1,,0.0
2020-11-14 23:00:00+08:00,6.155485,226.97493,17.05,1005.7652,73.61082,0.0,0.0,0.0,12.3,0.0,0.1,,0.0
2020-11-15 00:00:00+08:00,6.22254,224.9999,17.3,1005.5741,68.96202,0.0,0.0,0.0,11.55,0.0,0.0,,0.0
2020-11-15 01:00:00+08:00,6.2482,219.80553,16.95,1005.46484,68.437004,0.0,0.0,0.0,11.1,0.0,0.0,,0.0
2020-11-15 02:00:00+08:00,5.5,216.86998,16.55,1005.35394,67.45182,0.0,0.0,0.0,10.5,0.0,0.0,,0.0
2020-11-15 03:00:00+08:00,5.162364,211.53474,16.55,1005.6515,62.875347,0.0,0.0,0.0,9.45,0.0,0.0,,0.0
2020-11-15 04:00:00+08:00,4.7885275,208.70586,16.65,1006.051,61.02295,0.0,0.0,0.0,9.1,0.0,0.0,,0.0
2020-11-15 05:00:00+08:00,4.606517,207.12122,16.65,1006.7452,60.408943,0.0,0.0,0.0,8.95,0.0,0.0,,0.0
2020-11-15 06:00:00+08:00,4.438468,202.52061,16.95,1007.84485,60.07445,14.0,46.83013,10.0,9.15,0.0,0.0,,1.0
2020-11-15 07:00:00+08:00,5.2886667,195.35019,17.6,1009.1527,54.2532,119.0,245.11333,61.0,8.25,0.0,0.0,,1.0
2020-11-15 08:00:00+08:00,4.4271884,198.43504,18.5,1010.0713,47.081913,286.0,357.2911,126.0,7.0,0.0,0.0,,1.0
2020-11-15 09:00:00+08:00,4.2059484,198.00426,19.1,1010.6834,45.505196,396.0,169.07356,288.0,7.05,0.0,0.0,,1.0
2020-11-15 10:00:00+08:00,4.68188,199.9832,19.8,1011.0013,44.92847,621.0,340.23587,350.0,7.5,0.0,0.0,,1.0
2020-11-15 11:00:00+08:00,5.239275,203.6294,20.35,1011.21515,43.425213,920.0,782.18353,208.0,7.5,0.0,0.0,,1.0
2020-11-15 12:00:00+08:00,4.924429,203.9625,20.5,1010.8225,44.06364,1027.0,835.1039,215.0,7.85,0.0,0.0,,1.0
2020-11-15 13:00:00+08:00,5.1429563,206.56499,20.6,1010.627,44.241863,1076.0,978.0528,119.0,8.0,0.0,0.0,,1.0
2020-11-15 14:00:00+08:00,5.0990195,205.55992,20.5,1010.4258,44.364407,1012.0,965.216,116.0,7.95,0.0,0.0,,1.0
2020-11-15 15:00:00+08:00,5.4424257,200.4329,20.25,1010.2205,44.90147,879.0,924.61365,116.0,7.9,0.0,0.0,,1.0
2020-11-15 16:00:00+08:00,5.4571056,193.78162,19.75,1010.107,46.31314,700.0,882.7835,103.0,7.9,0.0,0.0,,1.0
2020-11-15 17:00:00+08:00,5.6885853,190.1246,19.05,1010.0871,49.036053,479.0,797.34955,87.0,8.1,0.0,0.0,,1.0
2020-11-15 18:00:00+08:00,6.129437,185.6175,18.25,1010.65906,51.903446,242.0,619.99023,66.0,8.2,0.0,0.0,,1.0
2020-11-15 19:00:00+08:00,5.0,180.0,17.3,1011.32587,55.290474,44.0,219.43375,20.0,8.25,0.0,0.0,,0.0
2020-11-15 20:00:00+08:00,4.1231055,165.96373,16.9,1011.61163,59.058258,0.0,0.0,0.0,8.85,0.0,0.0,,0.0
2020-11-15 21:00:00+08:00,4.0521603,164.24876,16.45,1011.79694,62.85253,0.0,0.0,0.0,9.35,0.0,0.0,,0.0
2020-11-15 22:00:00+08:00,4.3965893,162.80138,16.3,1011.99084,64.09844,0.0,0.0,0.0,9.5,0.0,0.0,,0.0
2020-11-15 23:00:00+08:00,4.0706263,152.176,16.0,1011.982,65.77651,0.0,0.0,0.0,9.6,0.0,0.0,,0.0
2020-11-16 00:00:00+08:00,3.88973,136.04153,15.45,1011.5691,69.28369,0.0,0.0,0.0,9.85,0.0,0.0,,0.0
2020-11-16 01:00:00+08:00,3.4999998,126.86999,14.8,1011.3518,70.56329,0.0,0.0,0.0,9.5,0.0,0.0,,0.0
2020-11-16 02:00:00+08:00,4.472136,116.56499,14.4,1010.84424,66.09959,0.0,0.0,0.0,8.15,0.0,0.0,,0.0
2020-11-16 03:00:00+08:00,4.3965893,107.19863,14.2,1009.8467,64.50082,0.0,0.0,0.0,7.6,0.0,0.0,,0.0
2020-11-16 04:00:00+08:00,3.8078864,119.93143,13.55,1010.5214,66.14156,0.0,0.0,0.0,7.35,0.0,0.0,,0.0
2020-11-16 05:00:00+08:00,4.167733,120.256355,13.25,1010.9091,67.44678,0.0,0.0,0.0,7.35,0.0,0.0,,0.0
2020-11-16 06:00:00+08:00,4.838388,108.06056,13.65,1010.822,65.71281,22.0,104.59038,13.0,7.35,0.0,0.0,,1.0
2020-11-16 07:00:00+08:00,4.90408,110.28265,15.95,1011.1874,57.8335,193.0,546.6226,63.0,7.65,0.0,0.0,,1.0
2020-11-16 08:00:00+08:00,5.412947,115.14475,18.5,1011.75726,50.065475,429.0,755.4556,90.0,7.9,0.0,0.0,,1.0
2020-11-16 09:00:00+08:00,4.924429,113.962494,21.6,1011.44867,39.3984,663.0,883.51306,98.0,7.2,0.0,0.0,,1.0
2020-11-16 10:00:00+08:00,3.8626416,111.25058,24.5,1010.9349,31.508387,860.0,943.41095,108.0,6.5,0.0,0.0,,1.0
2020-11-16 11:00:00+08:00,2.4207437,128.2902,26.5,1009.9978,26.844954,1003.0,977.10657,113.0,5.9,0.0,0.0,,1.0
2020-11-16 12:00:00+08:00,3.3955853,193.62701,27.25,1009.1253,27.235851,1080.0,990.7611,116.0,6.75,0.0,0.0,,1.0
2020-11-16 13:00:00+08:00,6.5802736,196.78273,25.3,1008.67535,47.05719,1086.0,989.4851,117.0,13.2,0.0,0.0,,1.0
2020-11-16 14:00:00+08:00,7.495332,193.1092,24.55,1007.86115,47.00775,1018.0,973.78955,113.0,12.5,0.0,0.0,,1.0
2020-11-16 15:00:00+08:00,6.9584484,187.43132,24.05,1007.25226,43.582783,885.0,940.00726,108.0,10.9,0.0,0.0,,1.0
2020-11-16 16:00:00+08:00,6.5490456,187.0164,23.55,1006.7426,50.410206,701.0,887.90405,99.0,12.65,0.0,0.0,,1.0
2020-11-16 17:00:00+08:00,7.025667,184.899,22.15,1006.90186,58.3836,480.0,798.0096,86.0,13.6,0.0,0.0,,1.0
2020-11-16 18:00:00+08:00,6.3007936,179.09064,21.0,1006.8697,61.2273,243.0,621.6481,65.0,13.25,0.0,0.0,,1.0
2020-11-16 19:00:00+08:00,5.59017,169.6952,19.45,1006.9249,70.29307,46.0,225.95622,21.0,13.9,0.0,0.0,,0.0
2020-11-16 20:00:00+08:00,5.500909,178.95839,18.9,1008.00006,75.6244,0.0,0.0,0.0,14.5,0.0,0.0,,0.0
2020-11-16 21:00:00+08:00,5.4451814,172.61404,18.6,1008.18976,75.5755,0.0,0.0,0.0,14.2,0.0,0.0,,0.0
2020-11-16 22:00:00+08:00,5.531727,167.4712,18.2,1008.0793,76.49639,0.0,0.0,0.0,14.0,0.0,0.0,,0.0
2020-11-16 23:00:00+08:00,5.1923018,164.3577,17.85,1007.6724,78.70622,0.0,0.0,0.0,14.1,0.0,0.0,,0.0
2020-11-17 00:00:00+08:00,4.167733,149.74365,17.2,1006.7612,82.00106,0.0,0.0,0.0,14.1,0.0,0.0,,0.0
2020-11-17 01:00:00+08:00,3.623534,140.59937,16.55,1006.04816,83.26211,0.0,0.0,0.0,13.7,0.0,0.0,,0.0
2020-11-17 02:00:00+08:00,3.1064448,146.82147,16.05,1005.3395,78.18466,0.0,0.0,0.0,12.25,0.0,0.0,,0.0
2020-11-17 03:00:00+08:00,3.2202485,154.23073,15.95,1005.2375,73.66091,0.0,0.0,0.0,11.25,0.0,0.0,,0.0
2020-11-17 04:00:00+08:00,3.733631,159.62349,16.05,1005.73615,77.162834,0.0,0.0,0.0,12.05,0.0,0.0,,0.0
2020-11-17 05:00:00+08:00,3.8587563,148.78166,15.95,1005.535,82.64938,0.0,0.0,0.0,13.0,0.0,0.0,,0.0
2020-11-17 06:00:00+08:00,3.940812,144.29323,16.15,1006.0365,81.86827,18.0,34.62574,15.0,13.05,0.0,0.0,,1.0
2020-11-17 07:00:00+08:00,4.472136,153.43501,17.65,1006.57587,71.574234,163.0,288.78055,94.0,12.45,0.0,0.0,,1.0
2020-11-17 08:00:00+08:00,4.976947,157.5572,19.1,1006.41895,66.00183,382.0,513.81854,151.0,12.6,0.0,0.0,,1.0
2020-11-17 09:00:00+08:00,4.6389656,172.56868,20.75,1006.5651,57.854034,507.0,346.8019,285.0,12.15,0.0,0.0,,1.0
2020-11-17 10:00:00+08:00,5.5443664,187.2531,21.2,1006.3794,60.67756,662.0,394.91293,347.0,13.3,0.0,0.0,,1.0
2020-11-17 11:00:00+08:00,6.315061,190.95403,21.7,1005.8974,62.796097,855.0,520.091,381.0,14.3,0.0,0.0,,1.0
2020-11-17 12:00:00+08:00,6.841052,195.25517,21.85,1005.9018,62.626976,898.0,487.87817,423.0,14.4,0.0,0.0,,1.0
2020-11-17 13:00:00+08:00,6.5520988,195.94547,22.05,1005.60974,62.469933,925.0,530.5632,405.0,14.55,0.0,0.0,,1.0
2020-11-17 14:00:00+08:00,6.8308125,197.90454,21.75,1005.7007,63.829792,882.0,566.41656,355.0,14.6,0.0,0.0,,1.0
2020-11-17 15:00:00+08:00,6.356886,199.29015,21.75,1005.5023,63.010616,818.0,696.8931,241.0,14.4,0.0,0.0,,1.0
2020-11-17 16:00:00+08:00,5.724509,199.38461,21.2,1005.3876,64.33081,683.0,803.25916,137.0,14.2,0.0,0.0,,1.0
2020-11-17 17:00:00+08:00,5.7939625,201.25058,20.25,1005.7575,69.76671,427.0,550.58997,154.0,14.55,0.0,0.0,,1.0
2020-11-17 18:00:00+08:00,5.7567353,197.176,19.4,1005.93164,71.432236,216.0,387.81036,104.0,14.1,0.0,0.0,,1.0
2020-11-17 19:00:00+08:00,5.4571056,193.78162,18.8,1006.41034,73.67549,31.0,62.54901,24.0,14.0,0.0,0.0,,0.0
2020-11-17 20:00:00+08:00,5.021952,192.65256,18.7,1007.10175,74.61945,0.0,0.0,0.0,14.1,0.0,0.0,,0.0
2020-11-17 21:00:00+08:00,4.4011364,181.30193,18.75,1006.905,73.666794,0.0,0.0,0.0,13.95,0.0,0.0,,0.0
2020-11-17 22:00:00+08:00,4.604346,182.4895,19.0,1007.1103,71.12655,0.0,0.0,0.0,13.65,0.0,0.0,,0.0
2020-11-17 23:00:00+08:00,5.0039983,177.70944,19.15,1006.61884,69.780266,0.0,0.0,0.0,13.5,0.0,0.0,,0.0
2020-11-18 00:00:00+08:00,5.400926,178.93912,18.95,1006.514,71.348785,0.0,0.0,0.0,13.65,0.0,0.0,,0.0
2020-11-18 01:00:00+08:00,4.8259716,174.05324,18.8,1006.212,71.32092,0.0,0.0,0.0,13.5,0.0,0.0,,0.0
2020-11-18 02:00:00+08:00,4.7675986,170.34018,18.9,1005.719,70.41688,0.0,0.0,0.0,13.4,0.0,0.0,,0.0
2020-11-18 03:00:00+08:00,5.115662,175.51547,18.5,1005.90607,75.55918,0.0,0.0,0.0,14.1,0.0,0.0,,0.0
2020-11-18 04:00:00+08:00,4.707441,167.73524,18.45,1006.1031,75.06275,0.0,0.0,0.0,13.95,0.0,0.0,,0.0
2020-11-18 05:00:00+08:00,4.031129,156.61476,18.05,1006.5873,77.220436,0.0,0.0,0.0,14.0,0.0,0.0,,0.0
2020-11-18 06:00:00+08:00,3.5510561,147.65259,18.0,1007.2802,77.71494,20.0,80.28739,13.0,14.05,0.0,0.0,,1.0
2020-11-18 07:00:00+08:00,3.753665,138.23979,19.2,1008.1078,72.09304,158.0,341.72336,76.0,14.05,0.0,0.0,,1.0
2020-11-18 08:00:00+08:00,4.494441,147.72438,20.65,1008.3475,61.146362,354.0,499.63113,129.0,12.9,0.0,0.0,,1.0
2020-11-18 09:00:00+08:00,4.3462625,156.97447,22.05,1008.2876,54.668083,492.0,410.48557,229.0,12.5,0.0,0.0,,1.0
2020-11-18 10:00:00+08:00,3.9115217,175.60138,23.75,1008.03754,49.97002,831.0,890.848,120.0,12.7,0.0,0.0,,1.0
2020-11-18 11:00:00+08:00,4.4598203,199.65392,24.45,1007.5608,51.14405,977.0,946.4251,114.0,13.7,0.0,0.0,,1.0
2020-11-18 12:00:00+08:00,6.352952,208.1785,23.5,1007.3362,59.46712,1053.0,959.7844,118.0,15.15,0.0,0.0,,1.0
2020-11-18 13:00:00+08:00,6.203225,200.77234,23.35,1007.233,56.441364,1057.0,958.3475,117.0,14.2,0.0,0.0,,1.0
2020-11-18 14:00:00+08:00,6.545991,198.71184,23.4,1006.9366,56.820057,996.0,945.8429,115.0,14.35,0.0,0.0,,1.0
2020-11-18 15:00:00+08:00,6.7911706,193.62701,23.15,1006.33453,55.664932,872.0,918.8224,110.0,13.8,0.0,0.0,,1.0
2020-11-18 16:00:00+08:00,6.964194,195.83246,22.45,1006.31525,60.184666,692.0,868.72485,100.0,14.35,0.0,0.0,,1.0
2020-11-18 17:00:00+08:00,6.596969,194.03627,21.7,1006.69086,61.5879,475.0,779.216,87.0,14.0,0.0,0.0,,1.0
2020-11-18 18:00:00+08:00,6.449806,187.12492,20.95,1007.0668,69.00872,244.0,611.1224,66.0,15.05,0.0,0.0,,1.0
2020-11-18 19:00:00+08:00,5.223983,185.49223,19.9,1007.63214,77.751045,48.0,229.71455,22.0,15.9,0.0,0.0,,0.0
2020-11-18 20:00:00+08:00,4.7010636,178.78116,19.6,1008.21857,82.299385,0.0,0.0,0.0,16.5,0.0,0.0,,0.0
2020-11-18 21:00:00+08:00,4.604346,177.5105,19.4,1008.5102,84.39445,0.0,0.0,0.0,16.7,0.0,0.0,,0.0
2020-11-18 22:00:00+08:00,4.604346,177.5105,19.2,1008.50446,85.99563,0.0,0.0,0.0,16.8,0.0,0.0,,0.0
2020-11-18 23:00:00+08:00,4.9162993,175.33322,19.15,1008.3048,86.53798,0.0,0.0,0.0,16.85,0.0,0.0,,0.0
2020-11-19 00:00:00+08:00,5.115662,175.51547,19.3,1008.0115,85.46185,0.0,0.0,0.0,16.8,0.0,0.0,,0.0
2020-11-19 01:00:00+08:00,5.135173,173.29025,19.15,1007.7097,86.53798,0.0,0.0,0.0,16.85,0.0,0.0,,0.0
2020-11-19 02:00:00+08:00,4.6872168,168.92984,18.95,1007.3074,87.346535,0.0,0.0,0.0,16.8,0.0,0.0,,0.0
2020-11-19 03:00:00+08:00,4.049691,159.77505,18.75,1007.0043,88.7254,0.0,0.0,0.0,16.85,0.0,0.0,,0.0
2020-11-19 04:00:00+08:00,3.6715121,150.64235,18.25,1006.98975,92.12968,0.0,0.0,0.0,16.95,0.0,0.0,,0.0
2020-11-19 05:00:00+08:00,3.679674,132.79738,18.05,1007.2815,92.41082,0.0,0.0,0.0,16.8,0.0,0.0,,0.0
2020-11-19 06:00:00+08:00,3.4409301,125.537766,18.0,1008.07355,89.51606,18.0,68.4234,12.0,16.25,0.0,0.0,,1.0
2020-11-19 07:00:00+08:00,4.318565,137.81563,19.5,1008.4141,78.69231,154.0,356.99863,68.0,15.7,0.0,0.0,,1.0
2020-11-19 08:00:00+08:00,5.060632,142.22426,20.85,1008.4524,66.58478,358.0,527.7074,120.0,14.4,0.0,0.0,,1.0
2020-11-19 09:00:00+08:00,4.4418464,148.81508,22.25,1008.39246,58.788315,523.0,485.02838,212.0,13.8,0.0,0.0,,1.0
2020-11-19 10:00:00+08:00,3.6496572,170.53775,23.35,1007.7289,53.758945,666.0,472.1207,289.0,13.45,0.0,0.0,,1.0
2020-11-19 11:00:00+08:00,4.6572523,194.93147,24.1,1006.95624,52.739758,877.0,735.5244,206.0,13.85,0.0,0.0,,1.0
2020-11-19 12:00:00+08:00,6.109828,201.10492,23.65,1006.4477,57.991962,1045.0,908.9882,159.0,14.9,0.0,0.0,,1.0
2020-11-19 13:00:00+08:00,6.203225,200.77234,23.3,1005.94226,57.164078,1044.0,903.6354,157.0,14.35,0.0,0.0,,1.0
2020-11-19 14:00:00+08:00,6.484597,199.83221,22.5,1006.01904,59.80839,831.0,524.4199,342.0,14.3,0.0,0.0,,1.0
2020-11-19 15:00:00+08:00,6.360031,196.44046,22.55,1005.52466,58.10174,770.0,632.0169,245.0,13.9,0.0,0.0,,1.0
2020-11-19 16:00:00+08:00,5.9908266,194.5002,21.0,1005.382,65.12562,368.0,206.38748,227.0,14.2,0.0,0.0,,1.0
2020-11-19 17:00:00+08:00,6.4132676,190.78426,20.75,1005.8709,66.99578,329.0,373.9712,142.0,14.4,0.0,0.0,,1.0
2020-11-19 18:00:00+08:00,6.363961,188.13002,19.95,1006.4432,72.929924,74.0,51.067066,59.0,14.95,0.0,0.0,,1.0
2020-11-19 19:00:00+08:00,6.000833,180.95482,19.15,1006.9163,78.138466,47.0,200.95378,24.0,15.25,0.0,0.0,,0.0
2020-11-19 20:00:00+08:00,5.3600373,171.41646,18.8,1007.00543,79.86366,0.0,0.0,0.0,15.25,0.0,0.0,,0.0
2020-11-19 21:00:00+08:00,5.3935146,169.31514,18.55,1006.99854,81.906746,0.0,0.0,0.0,15.4,0.0,0.0,,0.0
2020-11-19 22:00:00+08:00,5.707013,168.887,18.4,1006.99414,84.01492,0.0,0.0,0.0,15.65,0.0,0.0,,0.0
2020-11-19 23:00:00+08:00,5.249762,162.25523,18.15,1006.7885,85.8907,0.0,0.0,0.0,15.75,0.0,0.0,,0.0
2020-11-20 00:00:00+08:00,4.651881,154.5367,17.8,1006.3817,87.52136,0.0,0.0,0.0,15.7,0.0,0.0,,0.0
2020-11-20 01:00:00+08:00,3.7215588,149.30035,17.4,1006.07275,89.470184,0.0,0.0,0.0,15.65,0.0,0.0,,0.0
2020-11-20 02:00:00+08:00,3.6400552,142.81522,17.05,1005.66595,90.88866,0.0,0.0,0.0,15.55,0.0,0.0,,0.0
2020-11-20 03:00:00+08:00,3.623534,140.59937,16.7,1005.9534,91.1574,0.0,0.0,0.0,15.25,0.0,0.0,,0.0
2020-11-20 04:00:00+08:00,3.623534,140.59937,16.45,1006.24365,89.68557,0.0,0.0,0.0,14.75,0.0,0.0,,0.0
2020-11-20 05:00:00+08:00,3.405877,139.76372,16.2,1006.43475,88.515045,0.0,0.0,0.0,14.3,0.0,0.0,,0.0
2020-11-20 06:00:00+08:00,3.7013512,141.58191,16.8,1007.14624,84.37824,22.0,102.10073,13.0,14.15,0.0,0.0,,1.0
2020-11-20 07:00:00+08:00,4.429447,151.69934,18.7,1007.5976,75.83663,180.0,492.2507,61.0,14.35,0.0,0.0,,1.0
2020-11-20 08:00:00+08:00,4.9335585,162.29948,20.5,1008.1447,66.29674,409.0,710.804,88.0,14.0,0.0,0.0,,1.0
2020-11-20 09:00:00+08:00,5.5443664,172.7469,22.3,1007.69946,57.29093,633.0,827.58984,102.0,13.45,0.0,0.0,,1.0
2020-11-20 10:00:00+08:00,5.9413805,186.76608,23.3,1007.2316,53.74619,827.0,898.7687,109.0,13.4,0.0,0.0,,1.0
2020-11-20 11:00:00+08:00,6.306346,194.69736,23.55,1007.2385,55.764587,967.0,934.6465,114.0,14.2,0.0,0.0,,1.0
2020-11-20 12:00:00+08:00,6.1684685,196.96623,23.55,1006.8418,57.967865,1042.0,948.52014,117.0,14.8,0.0,0.0,,1.0
2020-11-20 13:00:00+08:00,6.462198,201.80147,23.4,1006.7382,59.634968,1050.0,948.79626,118.0,15.1,0.0,0.0,,1.0
2020-11-20 14:00:00+08:00,6.462198,201.80147,23.45,1006.4423,59.264503,990.0,936.3072,116.0,15.05,0.0,0.0,,1.0
2020-11-20 15:00:00+08:00,6.8949256,199.48622,23.0,1006.1321,63.08568,867.0,909.84064,110.0,15.6,0.0,0.0,,1.0
2020-11-20 16:00:00+08:00,6.9892774,199.21277,22.35,1006.0149,65.8336,690.0,859.98395,101.0,15.65,0.0,0.0,,1.0
2020-11-20 17:00:00+08:00,6.8963757,196.85847,21.85,1006.19934,68.743996,474.0,770.70746,87.0,15.85,0.0,0.0,,1.0
2020-11-20 18:00:00+08:00,7.3979726,193.28488,21.2,1006.67694,71.99215,242.0,587.4603,68.0,15.95,0.0,0.0,,1.0
2020-11-20 19:00:00+08:00,6.596969,194.03627,20.5,1007.0538,81.63202,39.0,120.98033,25.0,17.25,0.0,0.0,,0.0
2020-11-20 20:00:00+08:00,6.303174,178.18173,19.85,1007.928,83.64555,0.0,0.0,0.0,17.0,0.0,0.0,,0.0
2020-11-20 21:00:00+08:00,6.428064,174.64427,19.45,1008.5118,86.29319,0.0,0.0,0.0,17.1,0.0,0.0,,0.0
2020-11-20 22:00:00+08:00,6.1814237,170.69014,19.2,1008.50446,83.30537,0.0,0.0,0.0,16.3,0.0,0.0,,0.0
2020-11-20 23:00:00+08:00,5.9228373,168.31065,18.8,1008.1955,81.154724,0.0,0.0,0.0,15.5,0.0,0.0,,0.0
2020-11-21 00:00:00+08:00,5.4571056,166.21838,18.55,1007.99023,79.82911,0.0,0.0,0.0,15.0,0.0,0.0,,0.0
2020-11-21 01:00:00+08:00,5.6320515,163.49556,18.4,1007.6883,76.528015,0.0,0.0,0.0,14.2,0.0,0.0,,0.0
2020-11-21 02:00:00+08:00,5.3310413,156.80139,17.6,1007.56604,76.40121,0.0,0.0,0.0,13.4,0.0,0.0,,0.0
2020-11-21 03:00:00+08:00,4.9396353,148.24057,17.25,1007.4568,77.09665,0.0,0.0,0.0,13.2,0.0,0.0,,0.0
2020-11-21 04:00:00+08:00,5.0477715,146.3099,17.1,1007.65063,76.82199,0.0,0.0,0.0,13.0,0.0,0.0,,0.0
2020-11-21 05:00:00+08:00,4.8104053,136.68465,16.5,1007.8316,76.47604,0.0,0.0,0.0,12.35,0.0,0.0,,0.0
2020-11-21 06:00:00+08:00,5.3413477,141.84273,16.9,1008.5375,73.34288,23.0,112.91631,13.0,12.1,0.0,0.0,,1.0
2020-11-21 07:00:00+08:00,6.185467,145.53912,18.35,1009.37256,66.27779,190.0,519.5703,64.0,11.95,0.0,0.0,,1.0
2020-11-21 08:00:00+08:00,6.488451,151.46011,20.0,1009.3207,59.410282,410.0,685.66705,100.0,11.85,0.0,0.0,,1.0
2020-11-21 09:00:00+08:00,6.726812,168.85715,21.7,1009.4679,52.984524,652.0,850.5045,106.0,11.7,0.0,0.0,,1.0
2020-11-21 10:00:00+08:00,7.202777,178.40889,22.65,1009.29614,50.50344,832.0,883.4336,126.0,11.85,0.0,0.0,,1.0
2020-11-21 11:00:00+08:00,7.610519,183.01273,23.1,1008.9121,50.456543,983.0,938.7007,126.0,12.25,0.0,0.0,,1.0
2020-11-21 12:00:00+08:00,8.039901,185.7105,23.25,1008.7179,52.348785,1058.0,940.90393,140.0,12.95,0.0,0.0,,1.0
2020-11-21 13:00:00+08:00,8.122192,184.23631,23.35,1008.6216,52.37474,1056.0,896.259,175.0,13.05,0.0,0.0,,1.0
2020-11-21 14:00:00+08:00,7.641989,186.00891,23.55,1008.1312,52.255898,1009.0,942.82086,128.0,13.2,0.0,0.0,,1.0
2020-11-21 15:00:00+08:00,7.940403,185.7823,22.95,1007.9162,56.15989,877.0,881.99255,142.0,13.75,0.0,0.0,,1.0
2020-11-21 16:00:00+08:00,8.21523,183.48926,22.35,1007.89935,57.116932,696.0,828.71655,127.0,13.45,0.0,0.0,,1.0
2020-11-21 17:00:00+08:00,8.100618,180.7073,21.55,1008.1745,60.95679,485.0,763.5464,100.0,13.7,0.0,0.0,,1.0
2020-11-21 18:00:00+08:00,8.202438,178.60284,20.3,1008.43665,69.77637,256.0,629.52057,68.0,14.6,0.0,0.0,,1.0
2020-11-21 19:00:00+08:00,7.4545293,173.06575,19.2,1009.0995,75.18691,54.0,256.4467,24.0,14.7,0.0,0.0,,0.0
2020-11-21 20:00:00+08:00,7.648529,168.69011,18.7,1010.0769,75.591805,0.0,0.0,0.0,14.3,0.0,0.0,,0.0
2020-11-21 21:00:00+08:00,7.81025,166.67546,18.45,1010.3675,77.53204,0.0,0.0,0.0,14.45,0.0,0.0,,0.0
2020-11-21 22:00:00+08:00,7.884795,164.55362,18.3,1010.3631,80.31025,0.0,0.0,0.0,14.85,0.0,0.0,,0.0
2020-11-21 23:00:00+08:00,7.467262,159.62349,17.95,1010.0554,82.359795,0.0,0.0,0.0,14.9,0.0,0.0,,0.0
2020-11-22 00:00:00+08:00,7.1309185,157.75093,17.55,1009.84564,83.11122,0.0,0.0,0.0,14.65,0.0,0.0,,0.0
2020-11-22 01:00:00+08:00,6.844706,154.93257,17.05,1009.53357,83.86194,0.0,0.0,0.0,14.3,0.0,0.0,,0.0
2020-11-22 02:00:00+08:00,6.71193,151.5259,16.7,1009.42426,83.009895,0.0,0.0,0.0,13.8,0.0,0.0,,0.0
2020-11-22 03:00:00+08:00,6.3631754,149.80847,16.35,1009.51324,81.627,0.0,0.0,0.0,13.2,0.0,0.0,,0.0
2020-11-22 04:00:00+08:00,5.8830266,148.20113,16.0,1009.80035,81.04977,0.0,0.0,0.0,12.75,0.0,0.0,,0.0
2020-11-22 05:00:00+08:00,5.5470715,146.0234,15.6,1010.18536,81.79813,0.0,0.0,0.0,12.5,0.0,0.0,,0.0
2020-11-22 06:00:00+08:00,5.5,143.13002,15.9,1010.7891,80.77145,24.0,123.69223,13.0,12.6,0.0,0.0,,1.0
2020-11-22 07:00:00+08:00,5.3037724,134.23619,17.6,1010.8386,72.272736,195.0,551.02893,61.0,12.55,0.0,0.0,,1.0
2020-11-22 08:00:00+08:00,4.743417,145.30478,19.85,1010.80414,60.560524,426.0,753.5136,85.0,12.0,0.0,0.0,,1.0
2020-11-22 09:00:00+08:00,3.9217343,160.64091,22.45,1010.38184,50.45035,649.0,851.6931,102.0,11.65,0.0,0.0,,1.0
2020-11-22 10:00:00+08:00,4.3011627,178.66782,24.7,1010.04755,44.34503,844.0,920.7162,108.0,11.75,0.0,0.0,,1.0
2020-11-22 11:00:00+08:00,5.6293874,192.308,25.6,1009.37787,46.680065,984.0,952.6585,114.0,13.35,0.0,0.0,,1.0
2020-11-22 12:00:00+08:00,6.8963757,196.85847,25.0,1008.3695,55.40901,1060.0,966.1165,117.0,15.45,0.0,0.0,,1.0
2020-11-22 13:00:00+08:00,7.6655073,195.12405,24.9,1007.5732,53.116364,1068.0,965.81604,118.0,14.7,0.0,0.0,,1.0
2020-11-22 14:00:00+08:00,7.7278714,190.43742,25.15,1007.0841,49.050407,1004.0,950.4105,115.0,13.7,0.0,0.0,,1.0
2020-11-22 15:00:00+08:00,7.723341,184.45552,25.45,1006.4972,49.28973,879.0,922.539,109.0,14.05,0.0,0.0,,1.0
2020-11-22 16:00:00+08:00,7.930952,185.06352,25.05,1005.9902,55.067284,703.0,876.0709,100.0,15.4,0.0,0.0,,1.0
2020-11-22 17:00:00+08:00,8.4,180.0,23.75,1005.9546,61.265877,486.0,786.08527,88.0,15.85,0.0,0.0,,1.0
2020-11-22 18:00:00+08:00,7.8771825,171.97285,22.65,1006.0231,64.026596,254.0,621.1032,67.0,15.5,0.0,0.0,,1.0
2020-11-22 19:00:00+08:00,7.6118326,170.1665,21.7,1006.29407,68.057724,55.0,262.18018,24.0,15.55,0.0,0.0,,0.0
2020-11-22 20:00:00+08:00,7.472616,164.47583,21.0,1006.9689,72.18639,0.0,0.0,0.0,15.8,0.0,0.0,,0.0
2020-11-22 21:00:00+08:00,6.7779055,158.3555,20.9,1007.16437,74.0364,0.0,0.0,0.0,16.1,0.0,0.0,,0.0
2020-11-22 22:00:00+08:00,5.5226803,148.32457,20.95,1007.2651,70.12605,0.0,0.0,0.0,15.3,0.0,0.0,,0.0
2020-11-22 23:00:00+08:00,4.5,143.13002,20.9,1007.2635,61.80596,0.0,0.0,0.0,13.3,0.0,0.0,,0.0
2020-11-23 00:00:00+08:00,4.263801,140.7106,21.7,1007.18677,44.101337,0.0,0.0,0.0,8.95,0.0,0.0,,0.0
2020-11-23 01:00:00+08:00,4.3863425,133.1524,22.6,1006.7162,28.873835,0.0,0.0,0.0,3.6,0.0,0.0,,0.0
2020-11-23 02:00:00+08:00,4.404543,129.47243,22.85,1006.5247,24.32395,0.0,0.0,0.0,1.4,0.0,0.0,,0.0
2020-11-23 03:00:00+08:00,4.172529,134.02907,22.35,1006.4116,24.451363,0.0,0.0,0.0,1.05,0.0,0.0,,0.0
2020-11-23 04:00:00+08:00,4.2720017,122.57404,22.1,1006.30554,24.121397,0.0,0.0,0.0,0.65,0.0,0.0,,0.0
2020-11-23 05:00:00+08:00,4.5188494,114.86367,22.35,1006.0149,23.416521,0.0,0.0,0.0,0.45,0.0,0.0,,0.0
2020-11-23 06:00:00+08:00,4.7169905,111.124794,23.25,1006.2382,23.572714,24.0,123.24445,13.0,1.3,0.0,0.0,,1.0
2020-11-23 07:00:00+08:00,5.440588,107.10281,26.15,1006.41724,22.533365,195.0,562.0134,58.0,3.1,0.0,0.0,,1.0
2020-11-23 08:00:00+08:00,6.412488,93.57626,29.25,1006.1039,21.331255,426.0,757.3455,83.0,4.9,0.0,0.0,,1.0
2020-11-23 09:00:00+08:00,7.244308,83.659904,32.8,1005.70123,20.004492,648.0,857.644,97.0,6.9,0.0,0.0,,1.0
2020-11-23 10:00:00+08:00,6.873136,81.6342,35.5,1005.0764,18.932676,838.0,914.27435,107.0,8.3,0.0,0.0,,1.0
2020-11-23 11:00:00+08:00,5.408327,86.82024,37.15,1004.32465,18.94194,977.0,945.85925,113.0,9.65,0.0,0.0,,1.0
2020-11-23 12:00:00+08:00,3.4,118.072395,36.95,1003.32733,19.934568,1053.0,960.6229,115.0,10.25,0.0,0.0,,1.0
2020-11-23 13:00:00+08:00,5.5226803,185.19434,35.15,1002.4877,27.178856,1062.0,961.1428,116.0,13.45,0.0,0.0,,1.0
2020-11-23 14:00:00+08:00,6.946222,186.61336,33.9,1001.66187,32.521545,1002.0,948.39343,114.0,15.15,0.0,0.0,,1.0
2020-11-23 15:00:00+08:00,8.782369,187.85323,32.05,1001.2172,34.606804,877.0,919.91034,108.0,14.5,0.0,0.0,,1.0
2020-11-23 16:00:00+08:00,9.304837,178.15244,30.5,1000.97833,33.294357,699.0,869.58466,99.0,12.55,0.0,0.0,,1.0
2020-11-23 17:00:00+08:00,7.9831076,167.70474,29.65,1000.95605,36.12277,484.0,780.92126,87.0,13.05,0.0,0.0,,1.0
2020-11-23 18:00:00+08:00,7.4148498,169.90256,28.8,1001.13184,41.286022,254.0,619.44196,66.0,14.35,0.0,0.0,,1.0
2020-11-23 19:00:00+08:00,8.134495,159.11412,27.0,1001.2822,37.936516,56.0,259.44455,25.0,11.45,0.0,0.0,,0.0
2020-11-23 20:00:00+08:00,6.8,151.92761,26.8,1001.1773,37.880375,0.0,0.0,0.0,11.25,0.0,0.0,,0.0
2020-11-23 21:00:00+08:00,5.916925,149.53453,26.85,1001.17883,37.395466,0.0,0.0,0.0,11.1,0.0,0.0,,0.0
2020-11-23 22:00:00+08:00,5.161395,144.46223,26.7,1000.9764,36.494034,0.0,0.0,0.0,10.6,0.0,0.0,,0.0
2020-11-23 23:00:00+08:00,4.110961,138.94528,26.4,1000.3731,33.70777,0.0,0.0,0.0,9.15,0.0,0.0,,0.0
2020-11-24 00:00:00+08:00,2.3345237,133.26433,25.1,999.74286,32.44446,0.0,0.0,0.0,7.45,0.0,0.0,,0.0
2020-11-24 01:00:00+08:00,2.7202942,143.97253,23.0,999.1891,37.310455,0.0,0.0,0.0,7.65,0.0,0.0,,0.0
2020-11-24 02:00:00+08:00,2.0223749,171.46931,23.1,998.9936,39.02457,0.0,0.0,0.0,8.4,0.0,0.0,,0.0
2020-11-24 03:00:00+08:00,1.9026297,176.98727,22.3,998.773,45.93044,0.0,0.0,0.0,10.1,0.0,0.0,,0.0
2020-11-24 04:00:00+08:00,1.8384776,157.61983,23.05,998.794,44.329327,0.0,0.0,0.0,10.25,0.0,0.0,,0.0
2020-11-24 05:00:00+08:00,2.4413111,124.992096,22.8,998.88617,40.554928,0.0,0.0,0.0,8.7,0.0,0.0,,0.0
2020-11-24 06:00:00+08:00,2.4698176,121.75944,23.9,999.2139,43.25233,24.0,122.86003,13.0,10.65,0.0,0.0,,1.0
2020-11-24 07:00:00+08:00,1.2369317,165.96373,28.55,999.63727,29.224834,182.0,495.3675,61.0,8.9,0.0,0.0,,1.0
2020-11-24 08:00:00+08:00,1.5297059,258.6901,30.65,999.6928,33.335926,385.0,620.07764,104.0,12.7,0.0,0.0,,1.0
2020-11-24 09:00:00+08:00,3.1400635,232.76509,30.95,999.7998,37.680374,620.0,788.9881,113.0,14.85,0.0,0.0,,1.0
2020-11-24 10:00:00+08:00,4.3931766,221.30852,30.95,999.6014,35.321114,790.0,822.86536,132.0,13.85,0.0,0.0,,1.0
2020-11-24 11:00:00+08:00,3.905125,219.80553,31.2,999.31,32.94606,912.0,849.36084,136.0,13.0,0.0,0.0,,1.0
2020-11-24 12:00:00+08:00,4.263801,219.2894,30.85,999.1025,37.41066,936.0,769.8689,184.0,14.65,0.0,0.0,,1.0
2020-11-24 13:00:00+08:00,5.2009616,217.97166,28.5,999.1397,51.3746,956.0,765.60834,202.0,17.5,0.0,0.0,,1.0
2020-11-24 14:00:00+08:00,5.8309517,202.1664,27.15,999.10364,59.00933,939.0,829.03485,162.0,18.45,0.0,0.0,,1.0
2020-11-24 15:00:00+08:00,6.8007355,197.10281,25.85,999.16797,62.71921,815.0,824.1437,125.0,18.2,0.0,0.0,,1.0
2020-11-24 16:00:00+08:00,7.81025,193.32454,24.35,999.72217,66.04182,638.0,751.81976,118.0,17.6,0.0,0.0,,1.0
2020-11-24 17:00:00+08:00,8.050466,186.41869,23.6,1000.2968,64.02874,453.0,695.4963,98.0,16.4,0.0,0.0,,1.0
2020-11-24 18:00:00+08:00,7.6164293,183.76396,22.5,1000.8615,65.86511,242.0,565.54144,69.0,15.8,0.0,0.0,,1.0
2020-11-24 19:00:00+08:00,6.9115844,183.31772,21.25,1001.32245,73.39177,56.0,256.78503,25.0,16.3,0.0,0.0,,0.0
2020-11-24 20:00:00+08:00,6.7007456,180.85507,20.8,1002.0042,74.49322,0.0,0.0,0.0,16.1,0.0,0.0,,0.0
2020-11-24 21:00:00+08:00,6.6030297,178.26433,20.45,1002.39124,79.33127,0.0,0.0,0.0,16.75,0.0,0.0,,0.0
2020-11-24 22:00:00+08:00,6.618912,175.66777,20.15,1002.87854,82.88978,0.0,0.0,0.0,17.15,0.0,0.0,,0.0
2020-11-24 23:00:00+08:00,6.760177,172.34944,19.85,1003.0684,84.44367,0.0,0.0,0.0,17.15,0.0,0.0,,0.0
2020-11-25 00:00:00+08:00,6.987131,170.94218,19.5,1002.7611,86.57146,0.0,0.0,0.0,17.2,0.0,0.0,,0.0
2020-11-25 01:00:00+08:00,7.0830784,166.94475,19.55,1002.26654,83.61124,0.0,0.0,0.0,16.7,0.0,0.0,,0.0
2020-11-25 02:00:00+08:00,6.670832,167.00539,19.5,1002.0669,80.987015,0.0,0.0,0.0,16.15,0.0,0.0,,0.0
2020-11-25 03:00:00+08:00,6.768308,167.19574,19.55,1001.8699,78.95161,0.0,0.0,0.0,15.8,0.0,0.0,,0.0
2020-11-25 04:00:00+08:00,6.041523,167.57407,19.25,1001.8613,79.161766,0.0,0.0,0.0,15.55,0.0,0.0,,0.0
2020-11-25 05:00:00+08:00,5.096077,164.05453,19.1,1002.55115,78.88703,0.0,0.0,0.0,15.35,0.0,0.0,,0.0
2020-11-25 06:00:00+08:00,5.4571056,166.21838,19.6,1003.2598,76.470726,24.0,111.400566,14.0,15.35,0.0,0.0,,1.0
2020-11-25 07:00:00+08:00,6.5115285,169.3804,20.8,1003.78937,70.09745,179.0,457.75848,67.0,15.15,0.0,0.0,,1.0
2020-11-25 08:00:00+08:00,6.873136,171.6342,21.75,1003.71704,68.06774,402.0,663.9317,101.0,15.6,0.0,0.0,,1.0
2020-11-25 09:00:00+08:00,7.2339478,174.44713,22.85,1003.6484,63.052414,522.0,404.56683,262.0,15.45,0.0,0.0,,1.0
2020-11-25 10:00:00+08:00,7.605919,177.73955,23.85,1003.1801,59.358967,805.0,820.3176,149.0,15.45,0.0,0.0,,1.0
2020-11-25 11:00:00+08:00,7.602631,181.5074,24.7,1002.9059,56.591217,977.0,936.795,121.0,15.5,0.0,0.0,,1.0
2020-11-25 12:00:00+08:00,7.665507,187.49576,25.05,1002.5185,55.95645,1060.0,963.06116,119.0,15.65,0.0,0.0,,1.0
2020-11-25 13:00:00+08:00,7.9429216,190.88548,24.8,1001.9168,57.528458,1071.0,967.11725,118.0,15.85,0.0,0.0,,1.0
2020-11-25 14:00:00+08:00,7.962412,191.59215,24.4,1001.70746,59.29877,1012.0,955.094,116.0,15.95,0.0,0.0,,1.0
2020-11-25 15:00:00+08:00,7.808969,189.58287,24.0,1001.5972,60.35185,890.0,930.2349,110.0,15.85,0.0,0.0,,1.0
2020-11-25 16:00:00+08:00,8.0062475,189.3446,23.05,1001.472,65.352806,713.0,882.7222,101.0,16.2,0.0,0.0,,1.0
2020-11-25 17:00:00+08:00,7.764663,187.3995,22.1,1001.54474,69.45414,497.0,796.1562,89.0,16.25,0.0,0.0,,1.0
2020-11-25 18:00:00+08:00,7.6164293,183.76396,21.0,1002.0099,75.241714,264.0,632.5369,69.0,16.45,0.0,0.0,,1.0
2020-11-25 19:00:00+08:00,6.8007355,180.8425,19.85,1002.27496,80.5189,61.0,278.8047,27.0,16.4,0.0,0.0,,1.0
2020-11-25 20:00:00+08:00,6.0033326,178.0909,19.35,1002.7567,83.85441,0.0,0.0,0.0,16.55,0.0,0.0,,0.0
2020-11-25 21:00:00+08:00,5.714018,175.9859,19.1,1003.24536,84.361465,0.0,0.0,0.0,16.4,0.0,0.0,,0.0
2020-11-25 22:00:00+08:00,5.508176,176.87793,18.95,1003.63794,84.34495,0.0,0.0,0.0,16.25,0.0,0.0,,0.0
2020-11-25 23:00:00+08:00,5.508176,176.87793,18.7,1003.4323,85.12817,0.0,0.0,0.0,16.15,0.0,0.0,,0.0
2020-11-26 00:00:00+08:00,5.234501,173.41815,18.55,1002.93243,84.570564,0.0,0.0,0.0,15.9,0.0,0.0,,0.0
2020-11-26 01:00:00+08:00,4.7675986,170.34018,18.2,1002.32733,86.17069,0.0,0.0,0.0,15.85,0.0,0.0,,0.0
2020-11-26 02:00:00+08:00,4.3931766,168.17854,17.95,1002.0226,87.2555,0.0,0.0,0.0,15.8,0.0,0.0,,0.0
2020-11-26 03:00:00+08:00,4.002499,167.00539,17.75,1001.62024,87.797356,0.0,0.0,0.0,15.7,0.0,0.0,,0.0
2020-11-26 04:00:00+08:00,3.981206,168.40785,17.6,1001.8142,88.34808,0.0,0.0,0.0,15.65,0.0,0.0,,0.0
2020-11-26 05:00:00+08:00,3.905125,166.67546,17.5,1002.1088,88.90714,0.0,0.0,0.0,15.65,0.0,0.0,,0.0
2020-11-26 06:00:00+08:00,3.956008,163.85559,18.15,1002.7225,85.616394,24.0,122.284164,13.0,15.7,0.0,0.0,,1.0
2020-11-26 07:00:00+08:00,5.0635953,170.9098,19.85,1003.16754,75.77826,192.0,514.3087,66.0,15.45,0.0,0.0,,1.0
2020-11-26 08:00:00+08:00,4.9010205,181.16911,21.1,1003.5004,71.286964,424.0,721.1039,97.0,15.7,0.0,0.0,,1.0
2020-11-26 09:00:00+08:00,5.7428217,187.00117,22.3,1003.53375,65.40281,642.0,801.3554,127.0,15.5,0.0,0.0,,1.0
2020-11-26 10:00:00+08:00,5.9439044,192.63336,23.1,1003.4569,62.304764,823.0,831.58417,158.0,15.5,0.0,0.0,,1.0
2020-11-26 11:00:00+08:00,6.360031,196.44046,23.5,1003.07117,60.42921,990.0,956.4106,116.0,15.4,0.0,0.0,,1.0
2020-11-26 12:00:00+08:00,6.8963757,196.85847,23.45,1002.9708,59.838604,1071.0,975.0756,118.0,15.2,0.0,0.0,,1.0
2020-11-26 13:00:00+08:00,7.6243033,196.7713,23.2,1002.76544,60.35954,1082.0,974.70404,121.0,15.1,0.0,0.0,,1.0
2020-11-26 14:00:00+08:00,8.296988,195.37631,22.85,1002.5573,60.084057,1016.0,944.62244,129.0,14.7,0.0,0.0,,1.0
2020-11-26 15:00:00+08:00,8.367796,194.5345,22.35,1002.54346,60.161274,895.0,924.0898,119.0,14.25,0.0,0.0,,1.0
2020-11-26 16:00:00+08:00,8.374366,191.71245,21.7,1002.7236,62.796097,714.0,867.6912,111.0,14.3,0.0,0.0,,1.0
2020-11-26 17:00:00+08:00,8.318653,189.68872,20.85,1002.8984,65.51651,493.0,756.1061,104.0,14.15,0.0,0.0,,1.0
2020-11-26 18:00:00+08:00,8.372574,187.54933,19.8,1003.66223,70.13245,266.0,621.3024,73.0,14.2,0.0,0.0,,1.0
2020-11-26 19:00:00+08:00,7.7317524,185.19434,18.95,1004.33215,72.98861,61.0,259.8223,29.0,14.0,0.0,0.0,,1.0
2020-11-26 20:00:00+08:00,7.6164293,183.76396,18.6,1005.3138,71.51636,0.0,0.0,0.0,13.35,0.0,0.0,,0.0
2020-11-26 21:00:00+08:00,6.8066144,177.47394,18.65,1005.613,70.13987,0.0,0.0,0.0,13.1,0.0,0.0,,0.0
2020-11-26 22:00:00+08:00,6.600757,179.13197,18.5,1005.90607,71.0329,0.0,0.0,0.0,13.15,0.0,0.0,,0.0
2020-11-26 23:00:00+08:00,6.3,180.0,18.05,1005.5956,72.59115,0.0,0.0,0.0,13.05,0.0,0.0,,0.0
2020-11-27 00:00:00+08:00,6.412488,176.42374,18.3,1005.2061,69.84345,0.0,0.0,0.0,12.7,0.0,0.0,,0.0
2020-11-27 01:00:00+08:00,6.9007244,179.16971,17.95,1004.5019,73.2878,0.0,0.0,0.0,13.1,0.0,0.0,,0.0
2020-11-27 02:00:00+08:00,7.2,180.0,17.95,1004.3035,71.86461,0.0,0.0,0.0,12.8,0.0,0.0,,0.0
2020-11-27 03:00:00+08:00,6.519202,175.60138,17.85,1004.499,71.14344,0.0,0.0,0.0,12.55,0.0,0.0,,0.0
2020-11-27 04:00:00+08:00,6.328507,174.55975,17.75,1004.7937,70.427574,0.0,0.0,0.0,12.3,0.0,0.0,,0.0
2020-11-27 05:00:00+08:00,6.3788714,170.98076,18.0,1005.1976,67.7502,0.0,0.0,0.0,11.95,0.0,0.0,,0.0
2020-11-27 06:00:00+08:00,6.905071,169.99208,18.1,1006.19214,64.2833,14.0,11.099147,13.0,11.25,0.0,0.0,,1.0
2020-11-27 07:00:00+08:00,6.841052,164.74483,18.8,1007.00543,60.513714,126.0,159.04211,87.0,11.0,0.0,0.0,,1.0
2020-11-27 08:00:00+08:00,5.7775426,156.54095,19.6,1007.5244,57.955395,278.0,119.07277,224.0,11.1,0.0,0.0,,1.0
2020-11-27 09:00:00+08:00,5.239275,156.3706,20.4,1007.64594,53.70868,432.0,219.42351,291.0,10.7,0.0,0.0,,1.0
2020-11-27 10:00:00+08:00,5.1623635,171.08516,21.3,1007.57245,50.985413,631.0,321.40662,374.0,10.75,0.0,0.0,,1.0
2020-11-27 11:00:00+08:00,5.830952,185.90605,22.5,1007.5068,47.542923,898.0,699.22595,259.0,10.8,0.0,0.0,,1.0
2020-11-27 12:00:00+08:00,6.8249536,190.9806,22.75,1007.2162,47.453247,1043.0,896.07935,167.0,11.0,0.0,0.0,,1.0
2020-11-27 13:00:00+08:00,7.324616,194.226,22.7,1006.71893,47.282364,1062.0,921.48566,153.0,10.9,0.0,0.0,,1.0
2020-11-27 14:00:00+08:00,7.955501,194.56032,22.3,1006.5093,48.60655,1013.0,933.1275,136.0,10.95,0.0,0.0,,1.0
2020-11-27 15:00:00+08:00,7.9075913,193.15755,22.05,1006.30396,47.420193,905.0,948.89984,107.0,10.35,0.0,0.0,,1.0
2020-11-27 16:00:00+08:00,8.395236,192.38075,21.55,1006.1909,52.24987,706.0,865.6749,103.0,11.35,0.0,0.0,,1.0
2020-11-27 17:00:00+08:00,8.551023,190.78426,20.45,1006.35834,58.162796,476.0,675.7389,127.0,11.95,0.0,0.0,,1.0
2020-11-27 18:00:00+08:00,8.5,188.79733,19.85,1006.8371,58.20882,227.0,428.16312,93.0,11.4,0.0,0.0,,1.0
2020-11-27 19:00:00+08:00,8.558621,186.70975,19.05,1007.40936,62.815273,57.0,217.11467,30.0,11.8,0.0,0.0,,1.0
2020-11-27 20:00:00+08:00,7.800641,180.7345,18.85,1008.09796,57.57888,0.0,0.0,0.0,10.3,0.0,0.0,,0.0
2020-11-27 21:00:00+08:00,7.1,180.0,18.8,1008.49304,57.566544,0.0,0.0,0.0,10.25,0.0,0.0,,0.0
2020-11-27 22:00:00+08:00,7.3171034,176.08183,18.1,1008.86975,72.12747,0.0,0.0,0.0,13.0,0.0,0.0,,0.0
2020-11-27 23:00:00+08:00,7.4431176,173.82993,18.2,1008.8726,67.125084,0.0,0.0,0.0,12.0,0.0,0.0,,0.0
2020-11-28 00:00:00+08:00,6.888396,166.56895,17.7,1008.6597,68.814415,0.0,0.0,0.0,11.9,0.0,0.0,,0.0
2020-11-28 01:00:00+08:00,6.7911706,166.37299,17.5,1008.059,69.68774,0.0,0.0,0.0,11.9,0.0,0.0,,0.0
2020-11-28 02:00:00+08:00,6.3788714,166.39944,17.45,1007.56165,63.713787,0.0,0.0,0.0,10.5,0.0,0.0,,0.0
2020-11-28 03:00:00+08:00,5.9464273,160.34608,17.15,1007.3547,65.150024,0.0,0.0,0.0,10.55,0.0,0.0,,0.0
2020-11-28 04:00:00+08:00,5.3712196,155.82089,16.75,1007.44226,67.94356,0.0,0.0,0.0,10.8,0.0,0.0,,0.0
2020-11-28 05:00:00+08:00,4.8826222,145.0079,16.35,1007.82745,71.56842,0.0,0.0,0.0,11.2,0.0,0.0,,0.0
2020-11-28 06:00:00+08:00,5.1623635,135.78474,16.3,1008.4209,69.22142,20.0,44.349033,16.0,10.65,0.0,0.0,,1.0
2020-11-28 07:00:00+08:00,5.879626,138.44748,17.15,1008.8422,57.15664,128.0,158.95172,89.0,8.6,0.0,0.0,,1.0
2020-11-28 08:00:00+08:00,7.0213957,144.2725,18.35,1009.2734,48.678356,410.0,681.43146,101.0,7.35,0.0,0.0,,1.0
2020-11-28 09:00:00+08:00,6.931811,153.43501,19.85,1008.91974,38.76245,645.0,807.8375,126.0,5.4,0.0,0.0,,1.0
2020-11-28 10:00:00+08:00,6.332456,158.70258,21.5,1008.56995,34.413666,874.0,961.86847,105.0,5.15,0.0,0.0,,1.0
2020-11-28 11:00:00+08:00,5.8240876,164.05453,23.15,1007.8223,30.166523,1007.0,974.9874,116.0,4.7,0.0,0.0,,1.0
2020-11-28 12:00:00+08:00,6.2,180.0,24.25,1007.1587,28.135067,1088.0,988.96576,121.0,4.65,0.0,0.0,,1.0
2020-11-28 13:00:00+08:00,8.417244,193.04564,22.85,1006.42554,39.88888,1101.0,993.9871,120.0,8.5,0.0,0.0,,1.0
2020-11-28 14:00:00+08:00,9.338094,189.86574,21.7,1005.79816,42.204563,1041.0,980.14307,119.0,8.3,0.0,0.0,,1.0
2020-11-28 15:00:00+08:00,9.027181,184.4473,21.6,1005.59705,42.89724,914.0,951.0995,113.0,8.45,0.0,0.0,,1.0
2020-11-28 16:00:00+08:00,9.019978,183.814,21.4,1005.09576,47.24234,733.0,900.9338,104.0,9.7,0.0,0.0,,1.0
2020-11-28 17:00:00+08:00,8.70919,177.36761,20.45,1004.9698,51.443047,502.0,754.1844,111.0,10.1,0.0,0.0,,1.0
2020-11-28 18:00:00+08:00,8.414867,176.59363,19.55,1005.04346,58.32873,269.0,589.9882,83.0,11.15,0.0,0.0,,1.0
2020-11-28 19:00:00+08:00,7.7103825,170.29341,18.6,1005.4129,65.67917,65.0,254.90146,33.0,12.05,0.0,0.0,,1.0
2020-11-28 20:00:00+08:00,6.9375787,164.96213,18.05,1005.2981,72.59115,0.0,0.0,0.0,13.05,0.0,0.0,,0.0
2020-11-28 21:00:00+08:00,6.456005,163.81073,18.0,1005.5943,74.50117,0.0,0.0,0.0,13.4,0.0,0.0,,0.0
2020-11-28 22:00:00+08:00,6.2641835,163.30067,17.8,1005.4892,76.43301,0.0,0.0,0.0,13.6,0.0,0.0,,0.0
2020-11-28 23:00:00+08:00,6.109828,158.89508,17.45,1005.0824,77.12768,0.0,0.0,0.0,13.4,0.0,0.0,,0.0
2020-11-29 00:00:00+08:00,5.500909,152.96922,16.85,1004.272,75.7831,0.0,0.0,0.0,12.55,0.0,0.0,,0.0
2020-11-29 01:00:00+08:00,4.3011627,144.46223,16.05,1003.6536,73.67847,0.0,0.0,0.0,11.35,0.0,0.0,,0.0
2020-11-29 02:00:00+08:00,3.11127,135.0001,15.15,1002.7351,72.06257,0.0,0.0,0.0,10.15,0.0,0.0,,0.0
2020-11-29 03:00:00+08:00,2.9206164,141.95291,14.4,1002.4156,72.40847,0.0,0.0,0.0,9.5,0.0,0.0,,0.0
2020-11-29 04:00:00+08:00,2.8319604,137.86247,14.0,1002.1061,72.091644,0.0,0.0,0.0,9.05,0.0,0.0,,0.0
2020-11-29 05:00:00+08:00,2.408319,138.36655,13.55,1002.09296,72.49663,0.0,0.0,0.0,8.7,0.0,0.0,,0.0
2020-11-29 06:00:00+08:00,2.4839485,139.89915,14.4,1002.6139,69.307495,26.0,144.05382,13.0,8.85,0.0,0.0,,1.0
2020-11-29 07:00:00+08:00,2.9154758,149.03632,17.05,1003.18677,54.480103,204.0,582.707,61.0,7.8,0.0,0.0,,1.0
2020-11-29 08:00:00+08:00,3.0364454,162.75845,20.0,1002.77496,45.446297,439.0,780.8846,85.0,7.85,0.0,0.0,,1.0
2020-11-29 09:00:00+08:00,3.9623227,190.17545,22.4,1002.74316,41.13231,665.0,879.71606,100.0,8.55,0.0,0.0,,1.0
2020-11-29 10:00:00+08:00,4.924429,192.90741,23.5,1002.4761,45.65125,857.0,935.8108,109.0,11.1,0.0,0.0,,1.0
2020-11-29 11:00:00+08:00,6.514599,197.87878,23.65,1002.4802,51.100883,998.0,966.29034,115.0,12.95,0.0,0.0,,1.0
2020-11-29 12:00:00+08:00,7.212489,196.9276,23.9,1002.2887,51.837963,1075.0,976.5293,120.0,13.4,0.0,0.0,,1.0
2020-11-29 13:00:00+08:00,8.6977005,199.47667,23.25,1002.07245,60.5654,1087.0,979.3476,120.0,15.2,0.0,0.0,,1.0
2020-11-29 14:00:00+08:00,9.550917,197.6762,22.75,1001.9594,63.030212,1003.0,909.1999,147.0,15.35,0.0,0.0,,1.0
2020-11-29 15:00:00+08:00,9.264988,193.73628,22.15,1001.54596,62.49241,826.0,783.757,165.0,14.65,0.0,0.0,,1.0
2020-11-29 16:00:00+08:00,8.374366,191.71245,21.55,1001.52936,61.7536,683.0,778.857,138.0,13.9,0.0,0.0,,1.0
2020-11-29 17:00:00+08:00,7.81025,193.32454,20.6,1001.701,66.10315,491.0,739.83435,106.0,14.05,0.0,0.0,,1.0
2020-11-29 18:00:00+08:00,7.0604534,195.61105,19.65,1002.1702,69.425125,262.0,579.4786,78.0,13.9,0.0,0.0,,1.0
2020-11-29 19:00:00+08:00,6.6219335,194.87573,18.6,1002.7352,73.40199,68.0,299.9095,30.0,13.75,0.0,0.0,,1.0
2020-11-29 20:00:00+08:00,6.8622155,198.69908,18.3,1003.81775,67.367065,0.0,0.0,0.0,12.15,0.0,0.0,,0.0
2020-11-29 21:00:00+08:00,6.8007355,197.10281,18.4,1004.2173,64.349365,0.0,0.0,0.0,11.55,0.0,0.0,,0.0
2020-11-29 22:00:00+08:00,6.8963757,196.85847,18.3,1004.61115,62.230793,0.0,0.0,0.0,10.95,0.0,0.0,,0.0
2020-11-29 23:00:00+08:00,6.7720013,196.29411,18.25,1004.51044,63.05079,0.0,0.0,0.0,11.1,0.0,0.0,,0.0
2020-11-30 00:00:00+08:00,7.8714676,207.21602,17.8,1004.4975,65.290924,0.0,0.0,0.0,11.2,0.0,0.0,,0.0
2020-11-30 01:00:00+08:00,6.35059,206.1615,18.0,1004.30505,58.731644,0.0,0.0,0.0,9.8,0.0,0.0,,0.0
2020-11-30 02:00:00+08:00,6.574192,206.17523,18.05,1003.90967,59.336636,0.0,0.0,0.0,10.0,0.0,0.0,,0.0
2020-11-30 03:00:00+08:00,6.983552,209.1342,18.4,1004.019,58.43706,0.0,0.0,0.0,10.1,0.0,0.0,,0.0
2020-11-30 04:00:00+08:00,6.795587,212.98853,18.4,1004.31647,59.818478,0.0,0.0,0.0,10.45,0.0,0.0,,0.0
2020-11-30 05:00:00+08:00,7.1281133,214.13599,18.25,1004.9071,66.69478,0.0,0.0,0.0,11.95,0.0,0.0,,0.0
2020-11-30 06:00:00+08:00,6.5802736,216.34755,18.3,1005.60284,67.367065,20.0,88.648026,12.0,12.15,0.0,0.0,,1.0
2020-11-30 07:00:00+08:00,7.4330344,213.4763,19.35,1006.4262,58.863033,192.0,521.6894,64.0,11.1,0.0,0.0,,1.0
2020-11-30 08:00:00+08:00,7.6844,214.93102,20.35,1007.04974,53.69575,289.0,297.9368,154.0,10.65,0.0,0.1,,1.0
2020-11-30 09:00:00+08:00,8.273452,206.56499,19.6,1007.8219,65.249245,465.0,406.55984,204.0,12.9,0.0,0.0,,1.0
2020-11-30 10:00:00+08:00,8.637709,200.32323,20.4,1008.3402,54.06707,507.0,446.77237,150.0,10.8,0.0,0.1,,1.0
2020-11-30 11:00:00+08:00,9.392017,198.62796,20.25,1008.63367,51.562325,649.0,363.3568,317.0,9.95,0.0,0.0,,1.0
2020-11-30 12:00:00+08:00,9.300537,196.87634,19.75,1008.7185,49.22636,645.0,236.17625,414.0,8.8,0.0,0.0,,1.0
2020-11-30 13:00:00+08:00,9.276314,191.18877,20.7,1008.5472,42.208897,1040.0,870.5948,180.0,7.4,0.0,0.0,,1.0
2020-11-30 14:00:00+08:00,9.602604,188.38316,20.85,1007.9565,40.831814,988.0,851.1195,186.0,7.05,0.0,0.0,,1.0
2020-11-30 15:00:00+08:00,9.633276,184.76355,20.5,1007.6488,41.294945,911.0,923.5494,131.0,6.9,0.0,0.0,,1.0
2020-11-30 16:00:00+08:00,9.802041,181.16911,19.5,1007.52155,46.877865,733.0,878.3285,117.0,7.85,0.0,0.0,,1.0
2020-11-30 17:00:00+08:00,9.60833,177.6141,18.75,1007.6984,47.963364,507.0,756.20404,112.0,7.5,0.0,0.0,,1.0
2020-11-30 18:00:00+08:00,9.093405,171.78088,17.85,1008.36664,50.231476,270.0,578.47687,85.0,7.35,0.0,0.0,,1.0
2020-11-30 19:00:00+08:00,8.178631,168.00313,16.9,1009.43,53.887104,69.0,289.3405,32.0,7.5,0.0,0.0,,1.0
2020-11-30 20:00:00+08:00,7.569016,164.67844,16.0,1010.1971,56.288273,0.0,0.0,0.0,7.3,0.0,0.0,,0.0
2020-11-30 21:00:00+08:00,7.5286117,163.0091,15.75,1010.8839,55.840782,0.0,0.0,0.0,6.95,0.0,0.0,,0.0
2020-11-30 22:00:00+08:00,7.3006845,156.59529,15.45,1011.4699,54.437103,0.0,0.0,0.0,6.3,0.0,0.0,,0.0
2020-11-30 23:00:00+08:00,6.9641943,147.90744,14.95,1011.7528,50.486134,0.0,0.0,0.0,4.75,0.0,0.0,,0.0
2020-12-01 00:00:00+08:00,6.940461,143.79045,14.3,1011.83264,48.742573,0.0,0.0,0.0,3.65,0.0,0.0,,0.0
2020-12-01 01:00:00+08:00,6.519202,138.73149,13.8,1011.7189,50.17101,0.0,0.0,0.0,3.6,0.0,0.0,,0.0
2020-12-01 02:00:00+08:00,5.9396963,135.0001,13.5,1011.61053,51.702023,0.0,0.0,0.0,3.75,0.0,0.0,,0.0
2020-12-01 03:00:00+08:00,5.731492,132.8789,13.1,1011.7971,53.067913,0.0,0.0,0.0,3.75,0.0,0.0,,0.0
2020-12-01 04:00:00+08:00,5.3263493,129.6678,12.7,1012.2808,54.283077,0.0,0.0,0.0,3.7,0.0,0.0,,0.0
2020-12-01 05:00:00+08:00,5.0249376,132.58046,12.3,1012.7645,55.922615,0.0,0.0,0.0,3.75,0.0,0.0,,0.0
2020-12-01 06:00:00+08:00,5.23259,135.0001,12.65,1013.36993,54.653053,27.0,144.13945,14.0,3.75,0.0,0.0,,1.0
2020-12-01 07:00:00+08:00,5.731492,132.8789,14.4,1013.7199,45.768356,208.0,595.4341,62.0,2.85,0.0,0.0,,1.0
2020-12-01 08:00:00+08:00,6.1846585,129.09386,16.85,1013.6929,40.81867,447.0,797.25464,86.0,3.45,0.0,0.0,,1.0
2020-12-01 09:00:00+08:00,5.8523498,123.14701,19.2,1013.4632,32.923954,676.0,894.6284,102.0,2.5,0.0,0.0,,1.0
2020-12-01 10:00:00+08:00,5.1971145,120.01828,21.55,1013.0344,26.139406,872.0,952.7329,111.0,1.3,0.0,0.0,,1.0
2020-12-01 11:00:00+08:00,4.6872168,123.690094,23.7,1012.2021,20.963943,1019.0,987.3566,117.0,0.05,0.0,0.0,,1.0
2020-12-01 12:00:00+08:00,4.244997,133.09087,25.5,1010.8629,17.43916,1103.0,1003.9046,121.0,-1.0,0.0,0.0,,1.0
2020-12-01 13:00:00+08:00,4.2720017,159.44388,26.55,1009.6022,15.341136,1117.0,1007.8396,121.0,-1.9,0.0,0.0,,1.0
2020-12-01 14:00:00+08:00,6.5276337,185.2738,25.85,1008.5913,21.904057,1061.0,999.907,118.0,2.45,0.0,0.0,,1.0
2020-12-01 15:00:00+08:00,7.9762144,187.92683,24.35,1007.8556,36.073586,935.0,971.8949,113.0,8.35,0.0,0.0,,1.0
2020-12-01 16:00:00+08:00,9.861542,186.40425,21.9,1007.49,47.85601,750.0,919.00104,104.0,10.35,0.0,0.0,,1.0
2020-12-01 17:00:00+08:00,9.602083,178.80653,20.85,1007.4606,48.53781,526.0,829.6403,91.0,9.6,0.0,0.0,,1.0
2020-12-01 18:00:00+08:00,8.746428,174.09395,20.5,1007.748,55.18024,286.0,664.3888,72.0,11.2,0.0,0.0,,1.0
2020-12-01 19:00:00+08:00,8.697701,171.40417,18.85,1008.4947,61.333363,75.0,340.93323,31.0,11.25,0.0,0.0,,1.0
2020-12-01 20:00:00+08:00,7.692204,164.15686,18.25,1009.17145,67.35674,0.0,0.0,0.0,12.1,0.0,0.0,,0.0
2020-12-01 21:00:00+08:00,7.088018,163.61038,18.2,1009.4677,70.51351,0.0,0.0,0.0,12.75,0.0,0.0,,0.0
2020-12-01 22:00:00+08:00,6.926038,162.3498,18.1,1009.7623,72.83746,0.0,0.0,0.0,13.15,0.0,0.0,,0.0
2020-12-01 23:00:00+08:00,6.5551505,158.52315,17.75,1009.55383,74.21611,0.0,0.0,0.0,13.1,0.0,0.0,,0.0
2020-12-02 00:00:00+08:00,5.5946403,151.14444,17.1,1009.039,73.13745,0.0,0.0,0.0,12.25,0.0,0.0,,0.0
2020-12-02 01:00:00+08:00,4.318565,137.81563,16.15,1008.3173,67.36885,0.0,0.0,0.0,10.1,0.0,0.0,,0.0
2020-12-02 02:00:00+08:00,3.538361,132.70937,15.6,1007.80536,55.420586,0.0,0.0,0.0,6.7,0.0,0.0,,0.0
2020-12-02 03:00:00+08:00,3.2015622,141.34016,15.5,1007.70337,45.437103,0.0,0.0,0.0,3.75,0.0,0.0,,0.0
2020-12-02 04:00:00+08:00,3.2015622,141.34016,15.2,1007.5953,40.052418,0.0,0.0,0.0,1.7,0.0,0.0,,0.0
2020-12-02 05:00:00+08:00,3.0413814,136.33215,14.8,1007.6828,35.06355,0.0,0.0,0.0,-0.5,0.0,0.0,,0.0
2020-12-02 06:00:00+08:00,3.1622775,124.69522,15.65,1007.7078,29.093695,27.0,144.3102,14.0,-2.3,0.0,0.0,,1.0
2020-12-02 07:00:00+08:00,3.1241,129.80553,19.1,1007.8074,21.642233,207.0,596.06775,61.0,-3.35,0.0,0.0,,1.0
2020-12-02 08:00:00+08:00,2.3600848,143.61555,22.85,1007.4174,23.297384,446.0,797.9697,85.0,0.8,0.0,0.0,,1.0
2020-12-02 09:00:00+08:00,3.1144822,174.47255,25.7,1007.49615,21.47922,675.0,895.24854,101.0,2.05,0.0,0.0,,1.0
2020-12-02 10:00:00+08:00,5.0447993,193.7608,26.9,1007.0327,26.129684,870.0,951.9269,110.0,5.85,0.0,0.0,,1.0
2020-12-02 11:00:00+08:00,7.5960517,196.04907,25.6,1006.79895,39.075787,1014.0,983.1938,116.0,10.65,0.0,0.0,,1.0
2020-12-02 12:00:00+08:00,7.766595,191.88864,25.75,1006.4062,35.623123,1091.0,993.6148,119.0,9.4,0.0,0.0,,1.0
2020-12-02 13:00:00+08:00,7.746612,191.16484,26.05,1005.8193,35.113594,1102.0,993.2656,120.0,9.45,0.0,0.0,,1.0
2020-12-02 14:00:00+08:00,7.990619,188.63705,26.0,1005.6197,39.31845,1047.0,984.2319,118.0,11.1,0.0,0.0,,1.0
2020-12-02 15:00:00+08:00,8.421401,184.08554,25.55,1005.2106,40.515514,922.0,957.52014,111.0,11.15,0.0,0.0,,1.0
2020-12-02 16:00:00+08:00,8.2,180.0,24.95,1004.69824,45.448204,744.0,908.3757,104.0,12.35,0.0,0.0,,1.0
2020-12-02 17:00:00+08:00,8.202438,178.60284,23.5,1004.55896,54.855927,526.0,824.6009,92.0,13.9,0.0,0.0,,1.0
2020-12-02 18:00:00+08:00,8.030566,174.99945,22.05,1005.0146,62.06778,289.0,668.91235,72.0,14.45,0.0,0.0,,1.0
2020-12-02 19:00:00+08:00,7.48131,171.54506,20.4,1005.46405,73.00932,76.0,345.50754,31.0,15.4,0.0,0.0,,1.0
2020-12-02 20:00:00+08:00,7.8339005,165.96373,19.55,1005.93604,73.330795,0.0,0.0,0.0,14.65,0.0,0.0,,0.0
2020-12-02 21:00:00+08:00,7.569016,164.67844,19.2,1005.9259,75.67312,0.0,0.0,0.0,14.8,0.0,0.0,,0.0
2020-12-02 22:00:00+08:00,6.8622155,161.30092,18.85,1006.0154,76.59889,0.0,0.0,0.0,14.65,0.0,0.0,,0.0
2020-12-02 23:00:00+08:00,6.3906183,159.86362,18.6,1005.9088,73.40199,0.0,0.0,0.0,13.75,0.0,0.0,,0.0
2020-12-03 00:00:00+08:00,6.0166435,158.5522,18.15,1005.49927,72.1366,0.0,0.0,0.0,13.05,0.0,0.0,,0.0
2020-12-03 01:00:00+08:00,5.280152,155.37645,17.6,1005.0868,71.330376,0.0,0.0,0.0,12.35,0.0,0.0,,0.0
2020-12-03 02:00:00+08:00,4.565085,151.1893,17.05,1004.8726,70.29321,0.0,0.0,0.0,11.6,0.0,0.0,,0.0
2020-12-03 03:00:00+08:00,4.472136,153.43501,16.5,1004.65826,71.123856,0.0,0.0,0.0,11.25,0.0,0.0,,0.0
2020-12-03 04:00:00+08:00,4.2544093,150.42226,16.1,1004.5475,72.23726,0.0,0.0,0.0,11.1,0.0,0.0,,0.0
2020-12-03 05:00:00+08:00,3.6891732,147.17146,15.55,1004.5317,73.10298,0.0,0.0,0.0,10.75,0.0,0.0,,0.0
2020-12-03 06:00:00+08:00,3.8587563,148.78166,15.95,1004.54333,69.6147,26.0,133.44176,14.0,10.4,0.0,0.0,,1.0
2020-12-03 07:00:00+08:00,4.1146083,154.05775,18.25,1004.51044,57.23817,201.0,576.50323,60.0,9.65,0.0,0.0,,1.0
2020-12-03 08:00:00+08:00,4.401136,158.68202,20.5,1004.27673,52.322235,435.0,774.50146,85.0,10.4,0.0,0.0,,1.0
2020-12-03 09:00:00+08:00,4.2296567,173.21112,23.3,1004.25604,45.2942,661.0,877.2448,99.0,10.8,0.0,0.0,,1.0
2020-12-03 10:00:00+08:00,4.7675986,189.65982,24.9,1004.1015,45.583984,855.0,933.6486,110.0,12.35,0.0,0.0,,1.0
2020-12-03 11:00:00+08:00,5.920304,195.67958,24.95,1004.00385,52.11046,996.0,963.74603,116.0,14.45,0.0,0.0,,1.0
2020-12-03 12:00:00+08:00,6.5253353,195.10115,24.95,1003.7063,53.30061,1074.0,975.1793,120.0,14.8,0.0,0.0,,1.0
2020-12-03 13:00:00+08:00,6.6219335,194.87573,25.2,1003.31616,51.33992,1085.0,975.6866,120.0,14.45,0.0,0.0,,1.0
2020-12-03 14:00:00+08:00,6.718631,194.6568,24.95,1003.01196,52.448093,1032.0,968.5881,117.0,14.55,0.0,0.0,,1.0
2020-12-03 15:00:00+08:00,6.9375787,195.03787,24.25,1002.89355,57.579742,914.0,944.3612,113.0,15.35,0.0,0.0,,1.0
2020-12-03 16:00:00+08:00,7.106335,193.84071,23.35,1002.6704,64.17866,738.0,897.7882,104.0,16.2,0.0,0.0,,1.0
2020-12-03 17:00:00+08:00,7.1589108,192.09474,22.25,1002.9374,70.82085,522.0,813.9066,92.0,16.7,0.0,0.0,,1.0
2020-12-03 18:00:00+08:00,6.726812,191.14285,20.95,1003.59546,77.90773,288.0,658.0551,73.0,16.95,0.0,0.0,,1.0
2020-12-03 19:00:00+08:00,6.562012,187.88304,19.75,1004.15643,83.89959,78.0,342.3815,33.0,16.95,0.0,0.0,,1.0
2020-12-03 20:00:00+08:00,6.5490456,187.0164,19.2,1004.63666,87.09293,0.0,0.0,0.0,17.0,0.0,0.0,,0.0
2020-12-03 21:00:00+08:00,6.5490456,187.0164,19.0,1005.12683,85.97574,0.0,0.0,0.0,16.6,0.0,0.0,,0.0
2020-12-03 22:00:00+08:00,6.449806,187.12492,18.75,1005.71497,85.13343,0.0,0.0,0.0,16.2,0.0,0.0,,0.0
2020-12-03 23:00:00+08:00,6.312686,183.63287,18.55,1006.00684,83.49603,0.0,0.0,0.0,15.7,0.0,0.0,,0.0
2020-12-04 00:00:00+08:00,5.8034477,181.97488,18.25,1005.7996,83.99802,0.0,0.0,0.0,15.5,0.0,0.0,,0.0
2020-12-04 01:00:00+08:00,5.7035074,182.0095,18.1,1005.5971,83.981094,0.0,0.0,0.0,15.35,0.0,0.0,,0.0
2020-12-04 02:00:00+08:00,6.1008196,179.06084,18.15,1005.4001,81.59341,0.0,0.0,0.0,14.95,0.0,0.0,,0.0
2020-12-04 03:00:00+08:00,6.512296,176.47862,18.25,1005.6013,78.00453,0.0,0.0,0.0,14.35,0.0,0.0,,0.0
2020-12-04 04:00:00+08:00,6.5276337,174.7262,18.35,1005.80237,73.83699,0.0,0.0,0.0,13.6,0.0,0.0,,0.0
2020-12-04 05:00:00+08:00,6.400781,179.10484,18.3,1006.3962,73.34938,0.0,0.0,0.0,13.45,0.0,0.0,,0.0
2020-12-04 06:00:00+08:00,7.6,180.0,18.75,1007.1034,69.02296,16.0,22.291399,14.0,12.95,0.0,0.0,,1.0
2020-12-04 07:00:00+08:00,7.6164293,176.23604,19.0,1007.8045,65.76454,128.0,110.60041,101.0,12.45,0.0,0.0,,1.0
2020-12-04 08:00:00+08:00,6.5276337,174.7262,20.45,1008.0444,61.904984,339.0,330.14044,190.0,12.9,0.0,0.0,,1.0
2020-12-04 09:00:00+08:00,6.4070277,182.68372,21.6,1008.1757,55.640503,528.0,396.84464,274.0,12.35,0.0,0.0,,1.0
2020-12-04 10:00:00+08:00,6.661081,187.76508,22.1,1008.19,52.913662,760.0,583.10864,295.0,12.05,0.0,0.0,,1.0
2020-12-04 11:00:00+08:00,6.7896976,189.32352,22.55,1008.0043,51.48488,968.0,857.78723,185.0,12.05,0.0,0.0,,1.0
2020-12-04 12:00:00+08:00,6.865857,192.61932,22.85,1007.71497,50.059387,1059.0,906.6865,172.0,11.9,0.0,0.0,,1.0
2020-12-04 13:00:00+08:00,7.5927596,192.93806,22.95,1007.32104,50.582916,1081.0,939.94525,151.0,12.15,0.0,0.0,,1.0
2020-12-04 14:00:00+08:00,8.178631,191.99687,22.75,1007.117,52.047684,1022.0,911.72705,160.0,12.4,0.0,0.0,,1.0
2020-12-04 15:00:00+08:00,8.256513,191.1738,22.25,1006.8055,53.82926,900.0,875.9063,156.0,12.45,0.0,0.0,,1.0
2020-12-04 16:00:00+08:00,8.3600235,186.8699,21.9,1006.49817,52.68781,734.0,863.2258,123.0,11.8,0.0,0.0,,1.0
2020-12-04 17:00:00+08:00,8.628442,184.65326,21.35,1006.5819,55.760834,528.0,820.2572,93.0,12.15,0.0,0.0,,1.0
2020-12-04 18:00:00+08:00,8.20975,182.79265,20.5,1007.0538,59.52954,293.0,665.58575,74.0,12.35,0.0,0.0,,1.0
2020-12-04 19:00:00+08:00,7.1028166,178.38649,19.45,1007.7183,64.79125,77.0,316.69333,35.0,12.65,0.0,0.0,,1.0
2020-12-04 20:00:00+08:00,6.6753273,171.38443,18.65,1008.68726,66.34108,0.0,0.0,0.0,12.25,0.0,0.0,,0.0
2020-12-04 21:00:00+08:00,6.4132676,169.21574,18.7,1008.6885,66.3516,0.0,0.0,0.0,12.3,0.0,0.0,,0.0
2020-12-04 22:00:00+08:00,6.806614,169.8458,18.6,1008.98315,69.90154,0.0,0.0,0.0,13.0,0.0,0.0,,0.0
2020-12-04 23:00:00+08:00,6.9375787,164.96213,18.35,1009.0751,69.1701,0.0,0.0,0.0,12.6,0.0,0.0,,0.0
2020-12-05 00:00:00+08:00,6.5253353,164.89885,18.05,1009.1657,73.06664,0.0,0.0,0.0,13.15,0.0,0.0,,0.0
2020-12-05 01:00:00+08:00,5.9464273,160.34608,17.7,1009.1556,68.587975,0.0,0.0,0.0,11.85,0.0,0.0,,0.0
2020-12-05 02:00:00+08:00,5.333854,149.589,17.15,1009.1397,69.84967,0.0,0.0,0.0,11.6,0.0,0.0,,0.0
2020-12-05 03:00:00+08:00,5.185557,140.4774,16.65,1009.1252,70.44905,0.0,0.0,0.0,11.25,0.0,0.0,,0.0
2020-12-05 04:00:00+08:00,5.249762,139.63554,16.4,1009.6137,70.86963,0.0,0.0,0.0,11.1,0.0,0.0,,0.0
2020-12-05 05:00:00+08:00,5.375872,133.49263,15.85,1009.99426,69.595,0.0,0.0,0.0,10.3,0.0,0.0,,0.0
2020-12-05 06:00:00+08:00,5.869412,135.6902,16.2,1010.40137,65.59937,25.0,122.94913,14.0,9.75,0.0,0.0,,1.0
2020-12-05 07:00:00+08:00,6.529931,139.9698,18.0,1010.652,59.126343,195.0,521.4006,68.0,9.9,0.0,0.0,,1.0
2020-12-05 08:00:00+08:00,7.306162,149.5743,19.3,1010.9867,50.62219,411.0,676.78375,106.0,8.8,0.0,0.0,,1.0
2020-12-05 09:00:00+08:00,6.539113,156.57129,20.95,1010.7363,45.09697,660.0,863.32825,108.0,8.6,0.0,0.0,,1.0
2020-12-05 10:00:00+08:00,6.140033,163.92636,22.7,1010.19037,40.11722,864.0,949.9299,107.0,8.45,0.0,0.0,,1.0
2020-12-05 11:00:00+08:00,6.6272163,174.80566,24.0,1009.5322,35.974167,1006.0,974.26605,117.0,8.0,0.0,0.0,,1.0
2020-12-05 12:00:00+08:00,8.130191,184.93913,23.8,1008.9314,39.75481,1091.0,991.55164,121.0,9.3,0.0,0.0,,1.0
2020-12-05 13:00:00+08:00,8.868484,187.12492,23.45,1008.32684,45.78911,1105.0,994.1656,121.0,11.1,0.0,0.0,,1.0
2020-12-05 14:00:00+08:00,9.1268835,184.39862,23.1,1007.9202,48.181614,1049.0,982.8428,119.0,11.55,0.0,0.0,,1.0
2020-12-05 15:00:00+08:00,9.3085985,182.46277,22.75,1007.51373,52.218777,923.0,951.0737,114.0,12.45,0.0,0.0,,1.0
2020-12-05 16:00:00+08:00,9.802041,181.16911,21.75,1007.3868,56.044426,747.0,903.5279,106.0,12.6,0.0,0.0,,1.0
2020-12-05 17:00:00+08:00,9.413288,176.95529,21.15,1007.27045,57.57263,530.0,820.92444,93.0,12.45,0.0,0.0,,1.0
2020-12-05 18:00:00+08:00,9.079648,172.40544,19.9,1007.33466,62.800648,296.0,670.0023,74.0,12.6,0.0,0.0,,1.0
2020-12-05 19:00:00+08:00,7.9246454,169.82455,18.85,1007.8005,68.593056,82.0,358.7282,34.0,12.95,0.0,0.0,,1.0
2020-12-05 20:00:00+08:00,7.543209,165.41104,18.2,1008.0793,73.3318,0.0,0.0,0.0,13.35,0.0,0.0,,0.0
2020-12-05 21:00:00+08:00,7.569016,164.67844,18.05,1008.47156,74.9962,0.0,0.0,0.0,13.55,0.0,0.0,,0.0
2020-12-05 22:00:00+08:00,7.4330344,162.78384,17.85,1008.4659,76.689766,0.0,0.0,0.0,13.7,0.0,0.0,,0.0
2020-12-05 23:00:00+08:00,7.3389373,160.08351,17.45,1008.1566,78.13826,0.0,0.0,0.0,13.6,0.0,0.0,,0.0
2020-12-06 00:00:00+08:00,6.664083,154.20403,16.85,1007.6436,76.7827,0.0,0.0,0.0,12.75,0.0,0.0,,0.0
2020-12-06 01:00:00+08:00,5.916925,149.53453,16.2,1007.3272,73.70473,0.0,0.0,0.0,11.5,0.0,0.0,,0.0
2020-12-06 02:00:00+08:00,5.161395,144.46223,15.6,1007.3096,73.844185,0.0,0.0,0.0,10.95,0.0,0.0,,0.0
2020-12-06 03:00:00+08:00,4.9406476,144.0578,15.15,1007.3958,75.503624,0.0,0.0,0.0,10.85,0.0,0.0,,0.0
2020-12-06 04:00:00+08:00,4.9648767,145.66972,14.75,1007.3837,78.508255,0.0,0.0,0.0,11.05,0.0,0.0,,0.0
2020-12-06 05:00:00+08:00,4.8826222,145.0079,14.5,1007.67395,80.049934,0.0,0.0,0.0,11.1,0.0,0.0,,0.0
2020-12-06 06:00:00+08:00,4.7801676,142.65057,14.95,1007.9847,77.760925,26.0,134.57169,14.0,11.1,0.0,0.0,,1.0
2020-12-06 07:00:00+08:00,4.8826222,145.0079,17.1,1008.5432,66.45288,201.0,576.2781,61.0,10.8,0.0,0.0,,1.0
2020-12-06 08:00:00+08:00,4.9648767,145.66972,19.9,1008.6239,55.395287,435.0,777.9135,85.0,10.7,0.0,0.0,,1.0
2020-12-06 09:00:00+08:00,4.652956,151.78275,23.6,1008.4301,39.69823,665.0,886.23285,99.0,9.1,0.0,0.0,,1.0
2020-12-06 10:00:00+08:00,5.021952,167.34744,26.5,1007.9147,30.271215,861.0,941.85767,111.0,7.65,0.0,0.0,,1.0
2020-12-06 11:00:00+08:00,6.760177,187.65056,26.8,1007.5258,36.159298,1008.0,976.8546,117.0,10.55,0.0,0.0,,1.0
2020-12-06 12:00:00+08:00,8.041144,190.75092,25.75,1006.90216,49.051006,1091.0,992.62463,120.0,14.25,0.0,0.0,,1.0
2020-12-06 13:00:00+08:00,9.093405,188.21912,25.95,1006.3124,42.545776,1104.0,993.8261,120.0,12.25,0.0,0.0,,1.0
2020-12-06 14:00:00+08:00,9.3085985,182.46277,25.75,1005.9102,41.934048,1045.0,978.8784,118.0,11.85,0.0,0.0,,1.0
2020-12-06 15:00:00+08:00,9.600521,179.4032,25.6,1005.6086,46.832367,926.0,954.42145,113.0,13.4,0.0,0.0,,1.0
2020-12-06 16:00:00+08:00,9.904544,178.26433,24.05,1005.1693,54.994152,752.0,909.8971,105.0,14.45,0.0,0.0,,1.0
2020-12-06 17:00:00+08:00,9.563472,173.39526,22.85,1005.23535,56.869152,534.0,825.3365,93.0,13.85,0.0,0.0,,1.0
2020-12-06 18:00:00+08:00,9.066973,173.03185,21.7,1005.4015,62.39107,299.0,674.3774,74.0,14.2,0.0,0.0,,1.0
2020-12-06 19:00:00+08:00,8.472308,168.42484,20.3,1005.56055,68.43695,85.0,370.40912,35.0,14.3,0.0,0.0,,1.0
2020-12-06 20:00:00+08:00,7.6400266,165.59995,19.4,1006.0308,74.49654,0.0,0.0,0.0,14.75,0.0,0.0,,0.0
2020-12-06 21:00:00+08:00,7.242237,162.31552,19.1,1006.31976,77.13298,0.0,0.0,0.0,15.0,0.0,0.0,,0.0
2020-12-06 22:00:00+08:00,6.6850576,158.03938,18.85,1006.6104,78.59796,0.0,0.0,0.0,15.05,0.0,0.0,,0.0
2020-12-06 23:00:00+08:00,5.9506307,155.15764,18.6,1006.2063,77.805435,0.0,0.0,0.0,14.65,0.0,0.0,,0.0
2020-12-07 00:00:00+08:00,5.147815,150.9455,18.3,1005.60284,74.06887,0.0,0.0,0.0,13.6,0.0,0.0,,0.0
2020-12-07 01:00:00+08:00,4.3266616,146.3099,18.2,1005.3025,67.56842,0.0,0.0,0.0,12.1,0.0,0.0,,0.0
2020-12-07 02:00:00+08:00,4.022437,145.1246,18.3,1004.8095,58.217537,0.0,0.0,0.0,9.95,0.0,0.0,,0.0
2020-12-07 03:00:00+08:00,3.6878178,139.39879,18.7,1004.72156,44.313023,0.0,0.0,0.0,6.3,0.0,0.0,,0.0
2020-12-07 04:00:00+08:00,3.6069376,136.12321,19.05,1004.7316,32.415817,0.0,0.0,0.0,2.15,0.0,0.0,,0.0
2020-12-07 05:00:00+08:00,3.623534,129.40063,19.3,1005.03625,27.743862,0.0,0.0,0.0,0.2,0.0,0.0,,0.0
2020-12-07 06:00:00+08:00,4.140048,127.14677,20.5,1005.2685,26.607277,26.0,135.08897,14.0,0.65,0.0,0.0,,1.0
2020-12-07 07:00:00+08:00,4.7201695,126.384445,23.75,1005.55786,22.954842,201.0,582.11993,60.0,1.35,0.0,0.0,,1.0
2020-12-07 08:00:00+08:00,6.3245554,108.43504,27.25,1005.35583,19.955185,436.0,779.322,86.0,2.3,0.0,0.0,,1.0
2020-12-07 09:00:00+08:00,6.6370173,96.0541,30.95,1004.9585,16.283339,663.0,882.6272,100.0,2.45,0.0,0.0,,1.0
2020-12-07 10:00:00+08:00,6.5069194,92.642494,33.95,1004.24304,13.894172,860.0,942.62933,110.0,2.6,0.0,0.0,,1.0
2020-12-07 11:00:00+08:00,6.0074954,92.86235,36.1,1003.504,12.377812,1005.0,975.0986,116.0,2.65,0.0,0.0,,1.0
2020-12-07 12:00:00+08:00,4.785394,100.84026,37.05,1002.8338,11.666923,1088.0,989.6349,120.0,2.55,0.0,0.0,,1.0
2020-12-07 13:00:00+08:00,3.3241541,133.7812,37.3,1001.8479,11.386854,1103.0,991.48444,121.0,2.4,0.0,0.0,,1.0
2020-12-07 14:00:00+08:00,6.4031243,181.78987,35.05,1001.1953,21.764383,1047.0,980.207,118.0,10.0,0.0,0.0,,1.0
2020-12-07 15:00:00+08:00,8.122192,184.23631,33.5,1000.5605,29.504427,924.0,951.9062,112.0,13.3,0.0,0.0,,1.0
2020-12-07 16:00:00+08:00,9.9,180.0,31.6,1000.1143,31.065783,747.0,902.2147,104.0,12.45,0.0,0.0,,1.0
2020-12-07 17:00:00+08:00,9.57549,172.80086,29.85,999.969,30.280676,532.0,820.4083,92.0,10.55,0.0,0.0,,1.0
2020-12-07 18:00:00+08:00,8.393451,164.8047,28.5,999.9333,36.15728,298.0,669.79535,73.0,12.05,0.0,0.0,,1.0
2020-12-07 19:00:00+08:00,8.104321,164.24876,26.55,1000.1787,45.293003,86.0,374.5649,35.0,13.75,0.0,0.0,,1.0
2020-12-07 20:00:00+08:00,6.9462223,157.1263,25.15,1000.93427,47.63432,0.0,0.0,0.0,13.25,0.0,0.0,,0.0
2020-12-07 21:00:00+08:00,5.6824293,151.63104,24.6,1001.21686,49.545677,0.0,0.0,0.0,13.35,0.0,0.0,,0.0
2020-12-07 22:00:00+08:00,3.7802117,142.52374,24.25,1001.4057,46.926224,0.0,0.0,0.0,12.2,0.0,0.0,,0.0
2020-12-07 23:00:00+08:00,3.4132097,121.82741,25.1,1000.9331,33.79773,0.0,0.0,0.0,8.05,0.0,0.0,,0.0
2020-12-08 00:00:00+08:00,3.733631,97.69597,27.15,1000.294,16.709484,0.0,0.0,0.0,-0.25,0.0,0.0,,0.0
2020-12-08 01:00:00+08:00,4.8093657,86.423744,28.1,999.8235,16.272034,0.0,0.0,0.0,0.15,0.0,0.0,,0.0
2020-12-08 02:00:00+08:00,7.180529,77.125,29.3,999.55774,16.31311,0.0,0.0,0.0,1.15,0.0,0.0,,0.0
2020-12-08 03:00:00+08:00,8.507056,72.203926,29.55,999.1676,16.72602,0.0,0.0,0.0,1.7,0.0,0.0,,0.0
2020-12-08 04:00:00+08:00,8.348653,71.13091,29.45,998.9667,16.943445,0.0,0.0,0.0,1.8,0.0,0.0,,0.0
2020-12-08 05:00:00+08:00,9.352005,65.35326,29.4,998.8662,17.05321,0.0,0.0,0.0,1.85,0.0,0.0,,0.0
2020-12-08 06:00:00+08:00,9.004999,60.018444,29.55,999.2668,17.33366,24.0,124.3648,13.0,2.2,0.0,0.0,,1.0
2020-12-08 07:00:00+08:00,6.3702435,47.544853,31.3,1000.1065,17.560083,192.0,550.912,59.0,3.8,0.0,0.0,,1.0
2020-12-08 08:00:00+08:00,1.5,90.0,30.95,1000.49426,22.599697,399.0,687.1551,91.0,7.15,0.0,0.0,,1.0
2020-12-08 09:00:00+08:00,4.0249224,333.43503,34.0,1000.0772,19.156801,594.0,729.96155,129.0,7.25,0.0,0.0,,1.0
2020-12-08 10:00:00+08:00,4.4944406,290.85452,33.45,999.8647,23.009241,766.0,754.76556,166.0,9.5,0.0,0.0,,1.0
2020-12-08 11:00:00+08:00,5.1478148,262.18478,30.55,999.68994,33.7474,899.0,798.89417,171.0,12.8,0.0,0.0,,1.0
2020-12-08 12:00:00+08:00,6.0827627,279.46225,31.5,999.2186,39.313145,1015.0,888.5145,146.0,16.0,0.0,0.0,,1.0
2020-12-08 13:00:00+08:00,7.9699435,287.52567,30.9,999.00464,40.550194,1063.0,936.67523,135.0,15.95,0.0,0.0,,1.0
2020-12-08 14:00:00+08:00,7.4999995,286.26028,30.3,998.9889,41.300877,995.0,920.3968,122.0,15.7,0.0,0.0,,1.0
2020-12-08 15:00:00+08:00,7.2993145,279.46225,28.4,998.83966,44.922745,842.0,808.9285,151.0,15.3,0.0,0.0,,1.0
2020-12-08 16:00:00+08:00,6.512296,273.52136,27.1,998.6064,51.17566,656.0,669.1849,178.0,16.15,0.0,0.0,,1.0
2020-12-08 17:00:00+08:00,5.115662,265.51547,25.7,998.9656,59.79214,525.0,804.3926,92.0,17.3,0.0,0.0,,1.0
2020-12-08 18:00:00+08:00,3.1780498,245.85446,24.05,999.714,70.26705,295.0,656.4441,73.0,18.3,0.0,0.0,,1.0
2020-12-08 19:00:00+08:00,2.1954498,239.9315,22.7,1000.272,79.39571,85.0,364.1156,35.0,18.95,0.0,0.0,,1.0
2020-12-08 20:00:00+08:00,0.6324555,288.43503,21.45,1000.8323,82.00855,0.0,0.0,0.0,18.25,0.0,0.0,,0.0
2020-12-08 21:00:00+08:00,1.4422206,303.6901,21.05,1001.11847,85.10563,0.0,0.0,0.0,18.45,0.0,0.0,,0.0
2020-12-08 22:00:00+08:00,1.264911,288.43503,20.1,1001.29016,92.23581,0.0,0.0,0.0,18.8,0.0,0.0,,0.0
2020-12-08 23:00:00+08:00,2.280351,254.74483,20.0,1000.9898,93.68179,0.0,0.0,0.0,18.95,0.0,0.0,,0.0
2020-12-09 00:00:00+08:00,1.7029386,220.23628,19.55,1000.8781,93.95443,0.0,0.0,0.0,18.55,0.0,0.0,,0.0
2020-12-09 01:00:00+08:00,1.9416487,191.88864,19.3,1000.57336,93.35569,0.0,0.0,0.0,18.2,0.0,0.0,,0.0
2020-12-09 02:00:00+08:00,2.8160257,196.50444,19.2,1000.27295,93.05796,0.0,0.0,0.0,18.05,0.0,0.0,,0.0
2020-12-09 03:00:00+08:00,3.0066593,183.814,19.1,1000.07184,92.76065,0.0,0.0,0.0,17.9,0.0,0.0,,0.0
2020-12-09 04:00:00+08:00,2.8160255,173.8846,19.05,999.8722,93.050285,0.0,0.0,0.0,17.9,0.0,0.0,,0.0
2020-12-09 05:00:00+08:00,3.206244,176.42374,18.9,999.8678,93.92526,0.0,0.0,0.0,17.9,0.0,0.0,,0.0
2020-12-09 06:00:00+08:00,4.20119,178.63611,19.6,1000.08624,89.919395,20.0,79.51992,13.0,17.9,0.0,0.0,,1.0
2020-12-09 07:00:00+08:00,5.508176,183.12207,21.0,1000.42303,80.41761,164.0,386.62997,71.0,17.5,0.0,0.0,,1.0
2020-12-09 08:00:00+08:00,6.4031243,194.47034,21.55,1000.4384,81.25278,370.0,529.8742,133.0,18.2,0.0,0.0,,1.0
2020-12-09 09:00:00+08:00,6.551336,192.33908,22.75,1000.67004,73.18777,513.0,479.47092,208.0,17.7,0.0,0.0,,1.0
2020-12-09 10:00:00+08:00,6.628725,191.30989,23.35,1000.48834,68.81948,678.0,538.9023,250.0,17.3,0.0,0.0,,1.0
2020-12-09 11:00:00+08:00,5.7218876,185.01303,24.6,1000.91925,62.04723,861.0,613.7572,302.0,16.85,0.0,0.0,,1.0
2020-12-09 12:00:00+08:00,5.9135437,198.74144,25.45,999.8514,59.545097,901.0,631.959,283.0,17.0,0.0,0.0,,1.0
2020-12-09 13:00:00+08:00,7.1309185,202.24907,24.65,999.2346,64.45884,1000.0,834.4896,173.0,17.5,0.0,0.0,,1.0
2020-12-09 14:00:00+08:00,6.76757,198.9705,24.2,998.8253,64.15868,1011.0,934.43585,124.0,17.0,0.0,0.0,,1.0
2020-12-09 15:00:00+08:00,6.5802736,196.78273,23.7,998.41504,65.28264,905.0,932.9023,107.0,16.8,0.0,0.0,,1.0
2020-12-09 16:00:00+08:00,6.718631,194.6568,23.1,998.0017,67.04796,734.0,880.01227,104.0,16.65,0.0,0.0,,1.0
2020-12-09 17:00:00+08:00,7.180529,192.875,21.85,997.5705,71.8806,522.0,792.22156,94.0,16.55,0.0,0.0,,1.0
2020-12-09 18:00:00+08:00,6.8883963,189.18877,20.9,997.7424,76.43107,293.0,634.5073,77.0,16.6,0.0,0.0,,1.0
2020-12-09 19:00:00+08:00,6.4381676,186.24182,20.1,998.01733,80.55226,85.0,353.87738,36.0,16.65,0.0,0.0,,1.0
2020-12-09 20:00:00+08:00,6.802941,181.68465,19.45,998.0984,82.28096,1.0,0.0,1.0,16.35,0.0,0.0,,0.0
2020-12-09 21:00:00+08:00,6.1073728,177.18451,19.55,998.2995,81.51126,0.0,0.0,0.0,16.3,0.0,0.0,,0.0
2020-12-09 22:00:00+08:00,5.1971145,168.90631,19.45,998.0984,82.80627,0.0,0.0,0.0,16.45,0.0,0.0,,0.0
2020-12-09 23:00:00+08:00,4.3416586,165.32356,19.45,997.6025,83.599754,0.0,0.0,0.0,16.6,0.0,0.0,,0.0
2020-12-10 00:00:00+08:00,3.9319208,172.69434,19.35,996.90546,86.01054,0.0,0.0,0.0,16.95,0.0,0.0,,0.0
2020-12-10 01:00:00+08:00,3.4525354,169.99208,19.25,996.50586,87.6506,0.0,0.0,0.0,17.15,0.0,0.0,,0.0
2020-12-10 02:00:00+08:00,2.5079873,156.50142,19.1,996.30316,89.03492,0.0,0.0,0.0,17.25,0.0,0.0,,0.0
2020-12-10 03:00:00+08:00,1.9313208,158.74942,18.75,996.0952,91.86807,0.0,0.0,0.0,17.4,0.0,0.0,,0.0
2020-12-10 04:00:00+08:00,2.4020824,92.385895,19.05,997.3928,90.16347,0.0,0.0,0.0,17.4,0.0,0.0,,0.0
2020-12-10 05:00:00+08:00,1.6155494,201.80147,19.0,996.7962,89.59187,0.0,0.0,0.0,17.25,0.0,0.0,,0.0
2020-12-10 06:00:00+08:00,2.1540658,201.80147,19.5,997.10815,88.786194,22.0,91.35492,14.0,17.6,0.0,0.0,,1.0
2020-12-10 07:00:00+08:00,3.0016663,181.9091,21.1,997.2521,81.707695,163.0,363.12122,76.0,17.85,0.0,0.0,,1.0
2020-12-10 08:00:00+08:00,0.8,360.0,23.45,997.218,68.839005,271.0,244.25043,162.0,17.4,0.0,0.0,,1.0
2020-12-10 09:00:00+08:00,1.9646883,255.2564,25.3,997.2684,63.590744,590.0,733.6705,124.0,17.9,0.0,0.0,,1.0
2020-12-10 10:00:00+08:00,2.209072,264.80566,27.3,996.92535,58.85994,758.0,777.64105,141.0,18.55,0.0,0.0,,1.0
2020-12-10 11:00:00+08:00,2.5961509,254.3577,27.1,997.11847,61.253006,503.0,269.14893,258.0,19.0,0.0,0.0,,1.0
2020-12-10 12:00:00+08:00,1.264911,251.56496,26.8,997.1103,63.5188,591.0,278.18585,319.0,19.3,0.0,0.0,,1.0
2020-12-10 13:00:00+08:00,2.5553863,210.57915,28.45,996.1624,57.318928,598.0,313.7312,287.0,19.2,0.0,0.0,,1.0
2020-12-10 14:00:00+08:00,0.781025,320.1945,29.65,996.988,51.831306,870.0,676.87555,227.0,18.7,0.0,0.0,,1.0
2020-12-10 15:00:00+08:00,2.404163,253.0724,26.5,997.2017,65.054535,432.0,182.12396,276.0,19.4,0.0,0.0,,1.0
2020-12-10 16:00:00+08:00,2.147091,207.75845,26.9,997.0139,64.53518,434.0,344.26108,187.0,19.65,0.0,0.0,,1.0
2020-12-10 17:00:00+08:00,2.7073975,175.76369,26.05,997.28864,69.12648,210.0,95.907745,158.0,19.95,0.0,0.1,,1.0
2020-12-10 18:00:00+08:00,3.2557642,169.3804,25.4,997.46954,73.18881,90.0,84.640236,61.0,20.25,0.0,0.2,,1.0
2020-12-10 19:00:00+08:00,2.3259406,154.5367,24.9,997.45575,70.86609,63.0,171.92387,39.0,19.25,0.0,0.0,,1.0
2020-12-10 20:00:00+08:00,1.9104972,137.12111,25.7,997.97363,53.32047,1.0,0.0,1.0,15.5,0.0,0.0,,0.0
2020-12-10 21:00:00+08:00,0.53851646,201.80147,24.15,997.733,61.357132,0.0,0.0,0.0,16.25,0.0,0.0,,0.0
2020-12-10 22:00:00+08:00,0.781025,230.19447,22.85,997.5981,74.59932,0.0,0.0,0.0,18.1,0.0,0.0,,0.0
2020-12-10 23:00:00+08:00,2.0,216.86998,21.75,997.5678,90.07456,0.0,0.0,0.0,20.05,0.0,0.0,,0.0
2020-12-11 00:00:00+08:00,1.2369317,194.03627,20.6,997.6347,96.66033,0.0,0.0,0.0,20.05,0.0,0.0,,0.0
2020-12-11 01:00:00+08:00,1.4422206,146.3099,20.3,997.2296,94.57443,0.0,0.0,0.0,19.4,0.0,0.0,,0.0
2020-12-11 02:00:00+08:00,1.8973665,161.56496,20.6,996.6429,90.5554,0.0,0.0,0.0,19.0,0.0,0.0,,0.0
2020-12-11 03:00:00+08:00,0.98488575,203.9625,21.75,996.4768,84.913445,0.0,0.0,0.0,19.1,0.0,0.0,,0.0
2020-12-11 04:00:00+08:00,1.3038405,302.47116,20.1,996.8272,91.37494,0.0,0.0,0.0,18.65,0.0,0.0,,0.0
2020-12-11 05:00:00+08:00,1.6155494,338.19852,18.85,997.1889,95.11176,0.0,0.0,0.0,18.05,0.0,0.0,,0.0
2020-12-11 06:00:00+08:00,1.118034,349.69522,20.65,997.43787,89.995674,22.0,114.84158,12.0,18.95,0.0,0.0,,1.0
2020-12-11 07:00:00+08:00,1.1401755,344.7448,23.15,997.9038,76.06417,183.0,519.7653,59.0,18.7,0.0,0.0,,1.0
2020-12-11 08:00:00+08:00,2.0124612,243.43501,22.95,998.09686,80.92688,404.0,718.78986,84.0,19.5,0.0,0.0,,1.0
2020-12-11 09:00:00+08:00,1.8867962,237.99466,24.9,998.3485,70.20692,615.0,797.9059,109.0,19.1,0.0,0.0,,1.0
2020-12-11 10:00:00+08:00,2.6000001,247.3801,26.65,997.99927,62.50401,806.0,869.28534,117.0,18.9,0.0,0.0,,1.0
2020-12-11 11:00:00+08:00,3.7696154,248.19853,27.65,997.62915,59.310974,955.0,921.1414,117.0,19.0,0.0,0.0,,1.0
2020-12-11 12:00:00+08:00,4.8332186,245.55606,27.85,997.03925,55.934902,1041.0,943.1325,119.0,18.25,0.0,0.0,,1.0
2020-12-11 13:00:00+08:00,5.2478566,239.0363,27.85,996.5433,54.375057,1054.0,942.9713,119.0,17.8,0.0,0.0,,1.0
2020-12-11 14:00:00+08:00,5.3535037,237.20047,27.5,995.93866,57.99267,1002.0,931.9892,116.0,18.5,0.0,0.0,,1.0
2020-12-11 15:00:00+08:00,5.021952,234.7275,26.9,995.32764,61.399315,861.0,853.4383,129.0,18.85,0.0,0.0,,1.0
2020-12-11 16:00:00+08:00,4.6010866,227.6426,26.05,994.908,67.014694,685.0,781.6002,123.0,19.45,0.0,0.0,,1.0
2020-12-11 17:00:00+08:00,4.3266616,213.6901,25.2,995.28174,71.80721,517.0,768.24915,99.0,19.75,0.0,0.0,,1.0
2020-12-11 18:00:00+08:00,4.167733,210.25635,24.05,995.74646,77.15712,294.0,640.9614,73.0,19.8,0.0,0.0,,1.0
2020-12-11 19:00:00+08:00,3.5341196,205.1148,22.85,996.3087,84.7663,88.0,362.45123,37.0,20.15,0.0,0.0,,1.0
2020-12-11 20:00:00+08:00,3.0083218,201.4478,22.3,996.6902,85.235374,1.0,0.0,1.0,19.7,0.0,0.0,,0.0
2020-12-11 21:00:00+08:00,2.236068,206.56499,22.05,996.68335,87.351814,0.0,0.0,0.0,19.85,0.0,0.0,,0.0
2020-12-11 22:00:00+08:00,1.9849433,229.08571,21.75,996.9727,90.07456,0.0,0.0,0.0,20.05,0.0,0.0,,0.0
2020-12-11 23:00:00+08:00,2.2203603,234.16226,21.4,996.8637,93.16924,0.0,0.0,0.0,20.25,0.0,0.0,,0.0
2020-12-12 00:00:00+08:00,1.8601075,233.74606,21.05,996.1595,94.60441,0.0,0.0,0.0,20.15,0.0,0.0,,0.0
2020-12-12 01:00:00+08:00,1.8439089,229.39879,20.8,995.3592,95.18213,0.0,0.0,0.0,20.0,0.0,0.0,,0.0
2020-12-12 02:00:00+08:00,1.9416488,214.50858,19.8,994.93475,96.941605,0.0,0.0,0.0,19.3,0.0,0.0,,0.0
2020-12-12 03:00:00+08:00,1.7029387,266.6336,19.7,994.33685,96.337135,0.0,0.0,0.0,19.1,0.0,0.0,,0.0
2020-12-12 04:00:00+08:00,1.6643317,302.7352,19.4,994.229,96.9324,0.0,0.0,0.0,18.9,0.0,0.0,,0.0
2020-12-12 05:00:00+08:00,1.9849433,319.0857,19.0,994.4161,97.22704,0.0,0.0,0.0,18.55,0.0,0.0,,0.0
2020-12-12 06:00:00+08:00,1.8384775,315.0001,20.75,994.96124,94.00775,22.0,115.542274,12.0,19.75,0.0,0.0,,1.0
2020-12-12 07:00:00+08:00,2.385372,303.02386,22.55,995.4079,83.68979,183.0,522.14215,59.0,19.65,0.0,0.0,,1.0
2020-12-12 08:00:00+08:00,2.641969,299.4758,24.0,995.4476,76.43466,406.0,722.8645,85.0,19.6,0.0,0.0,,1.0
2020-12-12 09:00:00+08:00,3.794733,288.43503,25.3,995.5821,71.16007,628.0,833.97345,100.0,19.7,0.0,0.0,,1.0
2020-12-12 10:00:00+08:00,4.9819674,280.40765,25.5,995.7858,70.97626,819.0,895.48364,110.0,19.85,0.0,0.0,,1.0
2020-12-12 11:00:00+08:00,5.1009803,271.1233,25.75,995.6934,69.93101,957.0,919.51135,121.0,19.85,0.0,0.0,,1.0
2020-12-12 12:00:00+08:00,5.346027,262.47626,25.95,995.20276,68.46738,1040.0,920.8076,140.0,19.7,0.0,0.0,,1.0
2020-12-12 13:00:00+08:00,5.502726,250.9064,25.95,994.806,68.25522,1039.0,862.0851,184.0,19.65,0.0,0.0,,1.0
2020-12-12 14:00:00+08:00,5.6797886,243.88614,25.5,994.5955,70.31906,960.0,762.0835,235.0,19.7,0.0,0.0,,1.0
2020-12-12 15:00:00+08:00,5.6797886,243.88614,25.15,994.3877,71.35396,857.0,809.23596,162.0,19.6,0.0,0.0,,1.0
2020-12-12 16:00:00+08:00,5.5461698,244.35904,24.45,994.0711,73.938835,649.0,617.56537,204.0,19.5,0.0,0.0,,1.0
2020-12-12 17:00:00+08:00,5.9506307,245.15764,23.45,994.4408,78.518196,422.0,443.2486,180.0,19.5,0.0,0.0,,1.0
2020-12-12 18:00:00+08:00,5.99333,244.2901,22.4,995.20526,82.89606,148.0,72.06241,123.0,19.35,0.0,0.0,,1.0
2020-12-12 19:00:00+08:00,5.818075,241.23244,21.65,995.68054,86.50499,32.0,0.0,32.0,19.3,0.0,0.1,,1.0
2020-12-12 20:00:00+08:00,5.269725,236.61147,21.05,996.25867,88.63371,1.0,0.0,1.0,19.1,0.0,0.1,,0.0
2020-12-12 21:00:00+08:00,4.9406476,234.0578,20.85,996.5509,85.084694,0.0,0.0,0.0,18.25,0.0,0.1,,0.0
2020-12-12 22:00:00+08:00,4.604346,235.6196,20.65,996.5452,86.13873,0.0,0.0,0.0,18.25,0.0,0.0,,0.0
2020-12-12 23:00:00+08:00,4.62277,231.14662,20.2,996.235,89.121506,0.0,0.0,0.0,18.35,0.0,0.0,,0.0
2020-12-13 00:00:00+08:00,4.404543,219.47243,20.25,995.939,87.18918,0.0,0.0,0.0,18.05,0.0,0.1,,0.0
2020-12-13 01:00:00+08:00,4.596738,225.8813,20.1,995.73627,86.62858,0.0,0.0,0.0,17.8,0.0,0.1,,0.0
2020-12-13 02:00:00+08:00,4.6010866,227.6426,19.95,995.8313,86.34174,0.0,0.0,0.0,17.6,0.0,0.1,,0.0
2020-12-13 03:00:00+08:00,5.140039,232.90707,19.8,996.22406,83.37518,0.0,0.0,0.0,16.9,0.0,0.1,,0.0
2020-12-13 04:00:00+08:00,5.4405885,233.97253,19.45,996.41235,82.54323,0.0,0.0,0.0,16.4,0.0,0.0,,0.0
2020-12-13 05:00:00+08:00,4.90408,230.7928,19.4,996.7084,80.202095,0.0,0.0,0.0,15.9,0.0,0.0,,0.0
2020-12-13 06:00:00+08:00,5.1662364,227.35333,19.4,997.60095,78.42629,12.0,23.259113,10.0,15.55,0.0,0.0,,1.0
2020-12-13 07:00:00+08:00,5.249762,229.63554,19.9,998.3095,73.15617,86.0,80.39464,67.0,14.95,0.0,0.1,,1.0
2020-12-13 08:00:00+08:00,5.544367,230.85602,20.4,999.1167,70.24698,278.0,334.16904,130.0,14.8,0.0,0.1,,1.0
2020-12-13 09:00:00+08:00,5.220153,233.56905,21.7,999.4506,59.81394,427.0,333.84714,216.0,13.55,0.0,0.0,,1.0
2020-12-13 10:00:00+08:00,5.269725,236.61147,22.2,999.7623,57.64068,658.0,447.61148,304.0,13.45,0.0,0.0,,1.0
2020-12-13 11:00:00+08:00,5.500909,242.96922,22.35,1000.0639,57.677193,782.0,425.9338,395.0,13.6,0.0,0.0,,1.0
2020-12-13 12:00:00+08:00,6.3560996,245.85446,22.6,1000.2692,54.095497,954.0,684.6145,285.0,12.85,0.0,0.0,,1.0
2020-12-13 13:00:00+08:00,6.4140472,239.03632,22.5,1000.4648,51.30249,926.0,673.388,258.0,11.95,0.0,0.0,,1.0
2020-12-13 14:00:00+08:00,6.2625875,231.48305,23.45,1000.59033,45.035416,899.0,592.4333,335.0,10.85,0.0,0.0,,1.0
2020-12-13 15:00:00+08:00,7.0007143,224.42136,22.85,1000.67285,52.588383,890.0,838.4298,169.0,12.65,0.0,0.0,,1.0
2020-12-13 16:00:00+08:00,6.3890533,219.92033,22.2,1000.5558,53.464165,528.0,308.8312,305.0,12.3,0.0,0.0,,1.0
2020-12-13 17:00:00+08:00,7.547185,212.00534,20.1,1001.29016,72.72226,365.0,328.58282,185.0,15.05,0.0,0.3,,1.0
2020-12-13 18:00:00+08:00,6.841052,195.25517,20.25,1002.088,64.75316,210.0,363.895,83.0,13.4,0.0,0.0,,1.0
2020-12-13 19:00:00+08:00,7.1847057,188.80672,19.75,1002.9663,65.49497,45.0,34.998123,40.0,13.1,0.0,0.0,,1.0
2020-12-13 20:00:00+08:00,6.4031243,178.21013,19.45,1003.65216,62.08308,1.0,0.0,1.0,12.0,0.0,0.0,,0.0
2020-12-13 21:00:00+08:00,5.5326304,173.77426,18.95,1004.2329,62.79264,0.0,0.0,0.0,11.7,0.0,0.0,,0.0
2020-12-13 22:00:00+08:00,5.178803,169.99208,18.6,1004.61957,63.969646,0.0,0.0,0.0,11.65,0.0,0.0,,0.0
2020-12-13 23:00:00+08:00,4.6572523,165.06853,18.55,1004.7175,61.876453,0.0,0.0,0.0,11.1,0.0,0.0,,0.0
2020-12-14 00:00:00+08:00,4.0521603,164.24876,18.55,1004.2217,58.278736,0.0,0.0,0.0,10.2,0.0,0.0,,0.0
2020-12-14 01:00:00+08:00,4.8052053,167.98854,18.55,1003.825,55.983963,0.0,0.0,0.0,9.6,0.0,0.0,,0.0
2020-12-14 02:00:00+08:00,5.217279,167.82855,18.3,1003.81775,57.829056,0.0,0.0,0.0,9.85,0.0,0.0,,0.0
2020-12-14 03:00:00+08:00,4.9040794,163.41258,17.85,1004.0032,55.43112,0.0,0.0,0.0,8.8,0.0,0.0,,0.0
2020-12-14 04:00:00+08:00,3.6124785,138.36655,17.05,1004.67426,60.9121,0.0,0.0,0.0,9.45,0.0,0.0,,0.0
2020-12-14 05:00:00+08:00,3.8897302,107.96923,15.75,1005.1323,69.575294,0.0,0.0,0.0,10.2,0.0,0.0,,0.0
2020-12-14 06:00:00+08:00,4.6957426,116.56499,16.2,1006.038,61.537384,22.0,105.39011,13.0,8.8,0.0,0.0,,1.0
2020-12-14 07:00:00+08:00,5.1,118.072395,18.1,1006.58887,51.86357,177.0,476.33896,65.0,8.05,0.0,0.0,,1.0
2020-12-14 08:00:00+08:00,5.9548297,130.91429,19.9,1007.0371,46.19755,413.0,720.00397,95.0,8.0,0.0,0.0,,1.0
2020-12-14 09:00:00+08:00,6.0,143.13002,21.65,1007.2847,37.69493,657.0,882.86505,100.0,6.6,0.0,0.0,,1.0
2020-12-14 10:00:00+08:00,5.769748,154.32323,23.15,1007.0289,31.672556,848.0,916.51447,124.0,5.4,0.0,0.0,,1.0
2020-12-14 11:00:00+08:00,5.3150725,168.05585,24.35,1006.7645,29.773989,997.0,966.9792,119.0,5.55,0.0,0.0,,1.0
2020-12-14 12:00:00+08:00,6.562012,187.88304,24.75,1006.18036,32.567825,1086.0,983.6602,125.0,7.2,0.0,0.0,,1.0
2020-12-14 13:00:00+08:00,9.339165,192.99461,23.6,1005.95044,44.33431,1105.0,988.7133,124.0,10.75,0.0,0.0,,1.0
2020-12-14 14:00:00+08:00,9.946356,189.84106,22.7,1005.9255,49.52653,1050.0,974.12213,122.0,11.6,0.0,0.0,,1.0
2020-12-14 15:00:00+08:00,9.343447,185.52745,22.85,1005.83044,47.16649,928.0,943.06464,116.0,11.0,0.0,0.0,,1.0
2020-12-14 16:00:00+08:00,9.832599,184.66678,22.2,1005.5149,50.051514,758.0,898.3466,108.0,11.3,0.0,0.0,,1.0
2020-12-14 17:00:00+08:00,9.600521,179.4032,21.4,1005.5917,52.90668,545.0,816.95166,96.0,11.4,0.0,0.0,,1.0
2020-12-14 18:00:00+08:00,9.60833,177.6141,20.1,1006.14984,61.219368,314.0,678.0064,76.0,12.4,0.0,0.0,,1.0
2020-12-14 19:00:00+08:00,8.782369,172.14677,19.45,1006.82574,64.57929,98.0,403.04532,40.0,12.6,0.0,0.0,,1.0
2020-12-14 20:00:00+08:00,8.395236,167.61925,18.8,1007.20374,69.03285,1.0,0.0,1.0,13.0,0.0,0.0,,0.0
2020-12-14 21:00:00+08:00,8.2,167.31963,18.5,1007.592,70.34049,0.0,0.0,0.0,13.0,0.0,0.0,,0.0
2020-12-14 22:00:00+08:00,8.464632,165.63538,18.35,1007.88495,70.54209,0.0,0.0,0.0,12.9,0.0,0.0,,0.0
2020-12-14 23:00:00+08:00,8.065358,160.44165,18.15,1007.681,68.90403,0.0,0.0,0.0,12.35,0.0,0.0,,0.0
2020-12-15 00:00:00+08:00,7.1175838,155.95578,17.75,1007.27295,67.92278,0.0,0.0,0.0,11.75,0.0,0.0,,0.0
2020-12-15 01:00:00+08:00,6.400781,151.03244,17.1,1006.8573,66.232315,0.0,0.0,0.0,10.75,0.0,0.0,,0.0
2020-12-15 02:00:00+08:00,5.9682493,148.70702,16.5,1006.4433,64.358345,0.0,0.0,0.0,9.75,0.0,0.0,,0.0
2020-12-15 03:00:00+08:00,5.5217752,144.58286,15.95,1006.2291,64.02034,0.0,0.0,0.0,9.15,0.0,0.0,,0.0
2020-12-15 04:00:00+08:00,5.080354,143.8067,15.45,1006.11505,64.99684,0.0,0.0,0.0,8.9,0.0,0.0,,0.0
2020-12-15 05:00:00+08:00,4.4687805,139.53786,15.0,1006.2014,66.228386,0.0,0.0,0.0,8.75,0.0,0.0,,0.0
2020-12-15 06:00:00+08:00,4.3863425,136.8476,15.4,1006.80804,63.2517,23.0,117.95595,13.0,8.45,0.0,0.0,,1.0
2020-12-15 07:00:00+08:00,4.596738,135.88132,17.9,1006.8806,51.10941,191.0,564.43335,59.0,7.65,0.0,0.0,,1.0
2020-12-15 08:00:00+08:00,3.8078864,119.93143,21.3,1006.4814,41.52228,426.0,769.76385,87.0,7.7,0.0,0.0,,1.0
2020-12-15 09:00:00+08:00,3.7013512,141.58191,24.7,1006.3775,32.331604,651.0,873.3753,101.0,7.05,0.0,0.0,,1.0
2020-12-15 10:00:00+08:00,3.956008,163.85559,27.35,1005.85455,26.161211,848.0,934.08453,111.0,6.25,0.0,0.0,,1.0
2020-12-15 11:00:00+08:00,5.6089215,191.30989,28.25,1005.4818,27.228752,997.0,969.85443,117.0,7.6,0.0,0.0,,1.0
2020-12-15 12:00:00+08:00,7.2732387,198.43504,27.65,1004.8706,35.919205,1085.0,986.9794,121.0,11.2,0.0,0.0,,1.0
2020-12-15 13:00:00+08:00,8.352245,196.69933,27.15,1004.16266,37.72844,1103.0,988.5317,122.0,11.5,0.0,0.0,,1.0
2020-12-15 14:00:00+08:00,8.492938,192.2361,26.65,1003.7526,38.34308,1050.0,975.5802,120.0,11.3,0.0,0.0,,1.0
2020-12-15 15:00:00+08:00,8.515867,189.46225,25.95,1003.3366,44.253033,934.0,950.0305,115.0,12.85,0.0,0.0,,1.0
2020-12-15 16:00:00+08:00,8.856636,186.48297,24.7,1003.3027,50.713356,761.0,903.46045,106.0,13.8,0.0,0.0,,1.0
2020-12-15 17:00:00+08:00,8.714355,183.28917,23.85,1003.2793,56.0197,547.0,819.7982,95.0,14.55,0.0,0.0,,1.0
2020-12-15 18:00:00+08:00,8.4,180.0,22.4,1003.6358,63.76697,314.0,677.0538,75.0,15.2,0.0,0.0,,1.0
2020-12-15 19:00:00+08:00,7.7006493,179.25595,21.25,1003.9012,71.54285,99.0,407.13785,40.0,15.9,0.0,0.0,,1.0
2020-12-15 20:00:00+08:00,7.3171034,176.08183,20.55,1004.47675,74.451225,1.0,0.0,1.0,15.85,0.0,0.0,,0.0
2020-12-15 21:00:00+08:00,7.324616,175.3014,20.4,1004.4723,75.14333,0.0,0.0,0.0,15.85,0.0,0.0,,0.0
2020-12-15 22:00:00+08:00,7.2339478,174.44713,20.3,1004.6679,76.825325,0.0,0.0,0.0,16.1,0.0,0.0,,0.0
2020-12-15 23:00:00+08:00,7.2835426,171.31372,20.15,1004.4654,79.03723,0.0,0.0,0.0,16.4,0.0,0.0,,0.0
2020-12-16 00:00:00+08:00,7.334848,168.9965,19.85,1003.96094,81.032776,0.0,0.0,0.0,16.5,0.0,0.0,,0.0
2020-12-16 01:00:00+08:00,7.106335,166.15929,19.55,1003.45667,82.81823,0.0,0.0,0.0,16.55,0.0,0.0,,0.0
2020-12-16 02:00:00+08:00,6.360031,163.55954,19.25,1003.05145,83.31122,0.0,0.0,0.0,16.35,0.0,0.0,,0.0
2020-12-16 03:00:00+08:00,5.8523498,163.11313,19.0,1002.8458,83.548004,0.0,0.0,0.0,16.15,0.0,0.0,,0.0
2020-12-16 04:00:00+08:00,5.508176,164.19742,18.8,1002.74097,84.05984,0.0,0.0,0.0,16.05,0.0,0.0,,0.0
2020-12-16 05:00:00+08:00,5.2810984,161.22188,18.7,1002.7381,84.857155,0.0,0.0,0.0,16.1,0.0,0.0,,0.0
2020-12-16 06:00:00+08:00,5.249762,162.25523,19.25,1002.9522,81.99445,21.0,106.97779,12.0,16.1,0.0,0.0,,1.0
2020-12-16 07:00:00+08:00,5.6089215,168.69011,21.2,1003.2056,72.22236,181.0,524.6222,59.0,16.0,0.0,0.0,,1.0
2020-12-16 08:00:00+08:00,5.7008767,178.99493,22.6,1003.34393,61.992382,406.0,731.0669,85.0,14.95,0.0,0.0,,1.0
2020-12-16 09:00:00+08:00,5.9413805,186.76608,24.0,1003.4818,54.804165,633.0,846.393,101.0,14.35,0.0,0.0,,1.0
2020-12-16 10:00:00+08:00,6.139218,192.22511,25.0,1003.31085,48.851215,827.0,908.5791,111.0,13.5,0.0,0.0,,1.0
2020-12-16 11:00:00+08:00,6.942622,191.6336,25.35,1002.8243,45.70706,976.0,946.28345,118.0,12.8,0.0,0.0,,1.0
2020-12-16 12:00:00+08:00,7.766595,191.88864,25.25,1002.62335,47.97272,1067.0,968.81055,121.0,13.45,0.0,0.0,,1.0
2020-12-16 13:00:00+08:00,8.492938,192.2361,24.75,1002.5103,52.396523,1090.0,975.2701,122.0,14.35,0.0,0.0,,1.0
2020-12-16 14:00:00+08:00,9.198369,191.92072,24.2,1002.2969,56.65041,1044.0,967.62384,121.0,15.05,0.0,0.0,,1.0
2020-12-16 15:00:00+08:00,9.617692,188.97255,23.6,1002.2805,60.646374,930.0,943.1087,116.0,15.55,0.0,0.0,,1.0
2020-12-16 16:00:00+08:00,9.364828,186.74548,22.95,1002.0643,64.09187,760.0,897.58966,108.0,15.8,0.0,0.0,,1.0
2020-12-16 17:00:00+08:00,8.827797,184.54796,22.25,1001.94556,68.16758,548.0,819.08453,95.0,16.1,0.0,0.0,,1.0
2020-12-16 18:00:00+08:00,8.514693,183.3664,21.35,1002.21796,72.94323,317.0,676.2293,77.0,16.3,0.0,0.0,,1.0
2020-12-16 19:00:00+08:00,7.7,180.0,20.4,1002.5879,77.08605,102.0,411.26456,42.0,16.25,0.0,0.0,,1.0
2020-12-16 20:00:00+08:00,7.3109508,176.86371,19.7,1002.86597,78.721214,2.0,0.0,2.0,15.9,0.0,0.0,,0.0
2020-12-16 21:00:00+08:00,7.1449285,173.57135,19.55,1003.1591,79.966866,0.0,0.0,0.0,16.0,0.0,0.0,,0.0
2020-12-16 22:00:00+08:00,7.368175,172.1999,19.45,1003.4538,80.72254,0.0,0.0,0.0,16.05,0.0,0.0,,0.0
2020-12-16 23:00:00+08:00,7.595393,170.9098,19.35,1003.25256,82.00693,0.0,0.0,0.0,16.2,0.0,0.0,,0.0
2020-12-17 00:00:00+08:00,7.962412,168.40785,19.25,1002.6547,83.31122,0.0,0.0,0.0,16.35,0.0,0.0,,0.0
2020-12-17 01:00:00+08:00,7.8447433,168.9766,19.3,1002.061,83.31704,0.0,0.0,0.0,16.4,0.0,0.0,,0.0
2020-12-17 02:00:00+08:00,7.8447433,168.9766,19.3,1001.5651,83.052315,0.0,0.0,0.0,16.35,0.0,0.0,,0.0
2020-12-17 03:00:00+08:00,7.531268,169.28693,19.2,1001.2647,83.837425,0.0,0.0,0.0,16.4,0.0,0.0,,0.0
2020-12-17 04:00:00+08:00,6.8249536,169.0194,19.25,1001.06793,83.04637,0.0,0.0,0.0,16.3,0.0,0.0,,0.0
2020-12-17 05:00:00+08:00,5.772348,165.96373,19.1,1001.4602,84.899864,0.0,0.0,0.0,16.5,0.0,0.0,,0.0
2020-12-17 06:00:00+08:00,4.7127485,162.71841,19.25,1002.1588,87.37368,20.0,95.85601,12.0,17.1,0.0,0.0,,1.0
2020-12-17 07:00:00+08:00,4.2720017,159.44388,20.8,1002.5993,77.63873,181.0,523.3922,60.0,16.75,0.0,0.0,,1.0
2020-12-17 08:00:00+08:00,2.7313,156.2505,22.75,1002.1578,60.44935,409.0,737.88605,86.0,14.7,0.0,0.0,,1.0
2020-12-17 09:00:00+08:00,2.9614186,168.31065,25.4,1002.2308,48.169376,636.0,854.412,100.0,13.65,0.0,0.0,,1.0
2020-12-17 10:00:00+08:00,4.3566046,189.24603,27.35,1001.6883,43.072823,832.0,916.06903,111.0,13.7,0.0,0.0,,1.0
2020-12-17 11:00:00+08:00,6.4257298,200.97357,27.1,1001.38385,50.365566,981.0,952.49524,118.0,15.9,0.0,0.0,,1.0
2020-12-17 12:00:00+08:00,7.8434687,199.35909,27.0,1000.8854,48.59639,1069.0,970.11096,122.0,15.25,0.0,0.0,,1.0
2020-12-17 13:00:00+08:00,8.319857,193.2011,27.25,1000.49524,45.630703,1088.0,973.1111,122.0,14.5,0.0,0.0,,1.0
2020-12-17 14:00:00+08:00,8.845902,190.42065,27.0,1000.3894,49.699352,1040.0,963.89197,120.0,15.6,0.0,0.0,,1.0
2020-12-17 15:00:00+08:00,9.390421,187.95743,26.35,1000.27264,53.145416,927.0,939.70935,115.0,16.05,0.0,0.0,,1.0
2020-12-17 16:00:00+08:00,9.008884,182.54475,25.2,1000.142,56.713478,756.0,893.16693,106.0,16.0,0.0,0.0,,1.0
2020-12-17 17:00:00+08:00,8.805112,181.95247,24.45,999.9232,59.310535,547.0,816.6527,94.0,16.0,0.0,0.0,,1.0
2020-12-17 18:00:00+08:00,8.705171,178.02512,23.35,1000.1908,62.16174,317.0,675.5422,76.0,15.7,0.0,0.0,,1.0
2020-12-17 19:00:00+08:00,8.039901,174.2895,22.35,1000.26227,66.46838,102.0,413.91904,41.0,15.8,0.0,0.0,,1.0
2020-12-17 20:00:00+08:00,8.417244,170.42584,21.65,1000.63965,68.04774,2.0,0.0,2.0,15.5,0.0,0.0,,0.0
2020-12-17 21:00:00+08:00,8.472308,168.42484,21.5,1000.7346,69.33796,0.0,0.0,0.0,15.65,0.0,0.0,,0.0
2020-12-17 22:00:00+08:00,8.004998,167.00539,21.35,1000.7303,70.202156,0.0,0.0,0.0,15.7,0.0,0.0,,0.0
2020-12-17 23:00:00+08:00,7.4632435,162.0505,21.15,1000.42706,68.82657,0.0,0.0,0.0,15.2,0.0,0.0,,0.0
2020-12-18 00:00:00+08:00,6.3906183,159.86362,20.9,999.9243,67.24334,0.0,0.0,0.0,14.6,0.0,0.0,,0.0
2020-12-18 01:00:00+08:00,5.515433,157.61983,20.85,999.6255,63.219234,0.0,0.0,0.0,13.6,0.0,0.0,,0.0
2020-12-18 02:00:00+08:00,4.7853947,153.97047,20.65,999.2231,59.370163,0.0,0.0,0.0,12.45,0.0,0.0,,0.0
2020-12-18 03:00:00+08:00,3.847077,152.10283,20.2,999.2103,56.585526,0.0,0.0,0.0,11.3,0.0,0.0,,0.0
2020-12-18 04:00:00+08:00,3.3286633,147.26479,20.4,999.2159,50.916187,0.0,0.0,0.0,9.9,0.0,0.0,,0.0
2020-12-18 05:00:00+08:00,3.1064448,123.17853,21.4,999.34326,45.681545,0.0,0.0,0.0,9.2,0.0,0.0,,0.0
2020-12-18 06:00:00+08:00,4.7296934,103.44863,23.65,999.60376,43.326813,20.0,96.66306,12.0,10.45,0.0,0.0,,1.0
2020-12-18 07:00:00+08:00,6.140033,96.546196,26.05,999.96686,37.544067,179.0,526.60077,58.0,10.45,0.0,0.0,,1.0
2020-12-18 08:00:00+08:00,6.0133185,93.814,27.95,999.72046,34.02943,406.0,737.9299,84.0,10.65,0.0,0.0,,1.0
2020-12-18 09:00:00+08:00,5.656854,98.13002,30.35,999.88306,30.62061,625.0,840.13617,99.0,11.15,0.0,0.0,,1.0
2020-12-18 10:00:00+08:00,4.7759814,109.57322,32.05,999.7291,28.63492,818.0,901.97095,109.0,11.6,0.0,0.0,,1.0
2020-12-18 11:00:00+08:00,4.110961,131.05472,33.25,999.26416,27.297375,965.0,937.7457,116.0,11.9,0.0,0.0,,1.0
2020-12-18 12:00:00+08:00,4.816638,175.23645,33.8,998.68286,27.624956,1052.0,956.05493,119.0,12.55,0.0,0.0,,1.0
2020-12-18 13:00:00+08:00,7.766595,191.88864,31.55,998.0298,37.725136,1072.0,958.8832,120.0,15.4,0.0,0.0,,1.0
2020-12-18 14:00:00+08:00,9.339165,192.99461,30.4,997.7021,40.93366,1020.0,937.15265,125.0,15.65,0.0,0.0,,1.0
2020-12-18 15:00:00+08:00,10.20784,182.2457,28.9,997.66235,41.98569,914.0,927.1067,112.0,14.7,0.0,0.0,,1.0
2020-12-18 16:00:00+08:00,9.513149,176.98727,28.5,997.4533,44.376564,748.0,881.9584,105.0,15.2,0.0,0.0,,1.0
2020-12-18 17:00:00+08:00,9.453041,173.92764,26.8,997.4079,50.44836,543.0,808.92865,93.0,15.65,0.0,0.0,,1.0
2020-12-18 18:00:00+08:00,9.219544,167.4712,25.95,997.68256,49.422283,314.0,666.63007,75.0,14.55,0.0,0.0,,1.0
2020-12-18 19:00:00+08:00,8.7097645,167.39984,24.6,997.94354,54.602074,102.0,408.8078,41.0,14.85,0.0,0.0,,1.0
2020-12-18 20:00:00+08:00,8.537564,166.45204,23.5,998.21106,58.14284,2.0,0.0,2.0,14.8,0.0,0.0,,0.0
2020-12-18 21:00:00+08:00,8.271033,165.29166,23.45,998.4082,58.695244,0.0,0.0,0.0,14.9,0.0,0.0,,0.0
2020-12-18 22:00:00+08:00,7.912016,163.85559,23.15,998.6973,61.1285,0.0,0.0,0.0,15.25,0.0,0.0,,0.0
2020-12-18 23:00:00+08:00,7.1168814,162.838,22.9,998.59125,60.679276,0.0,0.0,0.0,14.9,0.0,0.0,,0.0
2020-12-19 00:00:00+08:00,6.514599,162.12122,22.65,998.28674,60.03727,0.0,0.0,0.0,14.5,0.0,0.0,,0.0
2020-12-19 01:00:00+08:00,6.1351447,160.9743,22.5,997.98517,58.467793,0.0,0.0,0.0,13.95,0.0,0.0,,0.0
2020-12-19 02:00:00+08:00,5.4626,156.2505,22.2,997.7787,56.709087,0.0,0.0,0.0,13.2,0.0,0.0,,0.0
2020-12-19 03:00:00+08:00,4.792703,156.64442,21.7,997.66534,56.58547,0.0,0.0,0.0,12.7,0.0,0.0,,0.0
2020-12-19 04:00:00+08:00,4.3462625,156.97447,21.3,998.15027,58.56018,0.0,0.0,0.0,12.85,0.0,0.0,,0.0
2020-12-19 05:00:00+08:00,3.5846896,149.8587,21.15,998.4435,56.078735,0.0,0.0,0.0,12.05,0.0,0.0,,0.0
2020-12-19 06:00:00+08:00,3.275668,148.73633,21.95,998.6641,49.48947,19.0,97.50904,11.0,10.9,0.0,0.0,,1.0
2020-12-19 07:00:00+08:00,3.4481878,163.14153,25.3,998.9546,40.17752,176.0,521.18677,57.0,10.8,0.0,0.0,,1.0
2020-12-19 08:00:00+08:00,3.8078866,166.32867,27.15,999.00446,41.096622,399.0,726.53,83.0,12.8,0.0,0.0,,1.0
2020-12-19 09:00:00+08:00,3.8639357,169.56258,29.55,998.77075,35.277378,622.0,837.03326,99.0,12.6,0.0,0.0,,1.0
2020-12-19 10:00:00+08:00,5.3366656,192.99461,30.1,998.48755,38.551254,816.0,900.5929,109.0,14.45,0.0,0.0,,1.0
2020-12-19 11:00:00+08:00,7.093659,201.5015,29.35,998.36865,43.62103,962.0,936.2511,115.0,15.7,0.0,0.0,,1.0
2020-12-19 12:00:00+08:00,8.077747,201.80147,28.6,998.2497,42.58493,1049.0,953.2795,119.0,14.65,0.0,0.0,,1.0
2020-12-19 13:00:00+08:00,7.937884,199.11981,28.45,998.0472,42.543686,1070.0,955.7543,121.0,14.5,0.0,0.0,,1.0
2020-12-19 14:00:00+08:00,8.5440035,200.55612,27.95,997.9349,46.412342,1023.0,947.09717,118.0,15.4,0.0,0.0,,1.0
2020-12-19 15:00:00+08:00,8.634812,193.39252,26.8,998.2014,50.934795,912.0,921.4975,114.0,15.8,0.0,0.0,,1.0
2020-12-19 16:00:00+08:00,8.845902,190.42065,25.9,998.2766,54.927658,747.0,877.6918,106.0,16.15,0.0,0.0,,1.0
2020-12-19 17:00:00+08:00,8.927485,184.49707,24.6,998.53876,59.34582,541.0,801.33374,94.0,16.15,0.0,0.0,,1.0
2020-12-19 18:00:00+08:00,8.609298,182.66295,23.35,999.00055,65.6245,314.0,663.4886,75.0,16.55,0.0,0.0,,1.0
2020-12-19 19:00:00+08:00,8.122192,184.23631,22.2,999.4648,72.40123,103.0,410.66785,41.0,17.0,0.0,0.0,,1.0
2020-12-19 20:00:00+08:00,8.0,180.0,21.4,999.8392,76.02642,2.0,0.0,2.0,17.0,0.0,0.0,,0.0
2020-12-19 21:00:00+08:00,8.705171,178.02512,21.2,1000.13104,76.23599,0.0,0.0,0.0,16.85,0.0,0.0,,0.0
2020-12-19 22:00:00+08:00,9.066973,173.03185,21.1,1000.92175,76.705315,0.0,0.0,0.0,16.85,0.0,0.0,,0.0
2020-12-19 23:00:00+08:00,8.649278,169.3397,20.7,1000.8112,79.618034,0.0,0.0,0.0,17.05,0.0,0.0,,0.0
2020-12-20 00:00:00+08:00,8.440379,166.29301,20.6,1000.9076,80.364044,0.0,0.0,0.0,17.1,0.0,0.0,,0.0
2020-12-20 01:00:00+08:00,8.20061,164.43843,20.4,1000.7035,81.61937,0.0,0.0,0.0,17.15,0.0,0.0,,0.0
2020-12-20 02:00:00+08:00,7.4946647,161.3232,20.1,1000.59595,82.36065,0.0,0.0,0.0,17.0,0.0,0.0,,0.0
2020-12-20 03:00:00+08:00,6.5787535,160.46326,19.8,1000.8853,83.37518,0.0,0.0,0.0,16.9,0.0,0.0,,0.0
2020-12-20 04:00:00+08:00,6.6407833,161.56496,19.55,1001.1756,83.877045,0.0,0.0,0.0,16.75,0.0,0.0,,0.0
2020-12-20 05:00:00+08:00,6.109828,158.89508,19.25,1001.4646,83.57677,0.0,0.0,0.0,16.4,0.0,0.0,,0.0
2020-12-20 06:00:00+08:00,5.5946403,155.72557,19.5,1001.8685,78.94443,19.0,98.41093,11.0,15.75,0.0,0.0,,1.0
2020-12-20 07:00:00+08:00,5.9093146,156.0375,21.25,1002.11597,67.74931,177.0,524.6737,58.0,15.05,0.0,0.0,,1.0
2020-12-20 08:00:00+08:00,6.484597,160.16779,23.25,1002.07245,59.79173,405.0,740.52496,84.0,15.0,0.0,0.0,,1.0
2020-12-20 09:00:00+08:00,6.670832,167.00539,25.75,1001.8434,49.529137,630.0,850.01855,100.0,14.4,0.0,0.0,,1.0
2020-12-20 10:00:00+08:00,7.017834,175.91446,27.3,1001.5876,46.386204,829.0,915.8355,111.0,14.8,0.0,0.0,,1.0
2020-12-20 11:00:00+08:00,7.8313475,185.1281,27.6,1001.39734,50.496006,980.0,953.5895,118.0,16.4,0.0,0.0,,1.0
2020-12-20 12:00:00+08:00,8.967719,187.04567,26.95,1001.0823,52.79207,1071.0,974.10583,121.0,16.5,0.0,0.0,,1.0
2020-12-20 13:00:00+08:00,9.11976,183.7722,27.1,1000.8879,49.725636,1093.0,977.81635,122.0,15.7,0.0,0.0,,1.0
2020-12-20 14:00:00+08:00,9.533625,184.81346,26.85,1000.68286,52.26497,1050.0,972.7316,120.0,16.25,0.0,0.0,,1.0
2020-12-20 15:00:00+08:00,9.81835,183.50346,25.75,1000.15704,55.772415,940.0,951.6722,115.0,16.25,0.0,0.0,,1.0
2020-12-20 16:00:00+08:00,9.500526,180.60307,25.25,999.7469,58.0051,768.0,903.5285,107.0,16.4,0.0,0.0,,1.0
2020-12-20 17:00:00+08:00,9.204889,178.13235,24.45,999.6257,62.606617,557.0,827.7753,94.0,16.85,0.0,0.0,,1.0
2020-12-20 18:00:00+08:00,9.044888,174.2895,23.25,999.7912,67.5053,325.0,685.29443,77.0,16.9,0.0,0.0,,1.0
2020-12-20 19:00:00+08:00,8.417244,170.42584,22.0,1000.0542,72.82597,108.0,432.22964,42.0,16.9,0.0,0.0,,1.0
2020-12-20 20:00:00+08:00,8.884255,168.31065,21.3,1000.72894,73.63442,2.0,0.0,2.0,16.4,0.0,0.0,,0.0
2020-12-20 21:00:00+08:00,9.241753,166.86597,21.15,1000.7246,73.6086,0.0,0.0,0.0,16.25,0.0,0.0,,0.0
2020-12-20 22:00:00+08:00,8.286133,162.43964,21.05,1001.11847,75.2499,0.0,0.0,0.0,16.5,0.0,0.0,,0.0
2020-12-20 23:00:00+08:00,6.9892774,160.78723,21.05,1001.11847,73.35706,0.0,0.0,0.0,16.1,0.0,0.0,,0.0
2020-12-21 00:00:00+08:00,5.7775426,156.54095,21.05,1000.8209,68.58603,0.0,0.0,0.0,15.05,0.0,0.0,,0.0
2020-12-21 01:00:00+08:00,4.750789,149.65683,20.95,1000.8184,61.21574,0.0,0.0,0.0,13.2,0.0,0.0,,0.0
2020-12-21 02:00:00+08:00,4.20119,141.76614,21.4,1000.6326,49.17724,0.0,0.0,0.0,10.3,0.0,0.0,,0.0
2020-12-21 03:00:00+08:00,5.0,126.86999,23.4,1000.4895,30.982063,0.0,0.0,0.0,5.3,0.0,0.0,,0.0
2020-12-21 04:00:00+08:00,6.539113,113.42871,24.85,1000.52936,27.910603,0.0,0.0,0.0,5.05,0.0,0.0,,0.0
2020-12-21 05:00:00+08:00,7.3979726,103.284874,24.5,1000.71844,32.945385,0.0,0.0,0.0,7.15,0.0,0.0,,0.0
2020-12-21 06:00:00+08:00,8.089499,98.530685,24.7,1001.1205,35.445892,19.0,99.389984,11.0,8.4,0.0,0.0,,1.0
2020-12-21 07:00:00+08:00,8.459313,96.78888,26.45,1001.3662,33.046764,178.0,532.87274,58.0,8.9,0.0,0.0,,1.0
2020-12-21 08:00:00+08:00,7.8771825,98.027145,28.2,1001.31415,30.640488,406.0,747.81366,83.0,9.3,0.0,0.0,,1.0
2020-12-21 09:00:00+08:00,8.202438,88.60285,31.15,1001.0944,25.765757,634.0,858.32947,100.0,9.25,0.0,0.0,,1.0
2020-12-21 10:00:00+08:00,7.5538073,83.15732,34.2,1000.7768,21.479002,832.0,922.23785,110.0,9.1,0.0,0.0,,1.0
2020-12-21 11:00:00+08:00,6.1,79.6112,36.8,1000.347,17.989098,983.0,958.8164,117.0,8.6,0.0,0.0,,1.0
2020-12-21 12:00:00+08:00,3.901282,91.46877,37.85,999.6787,16.090927,1073.0,977.5337,120.0,7.8,0.0,0.0,,1.0
2020-12-21 13:00:00+08:00,3.5128336,175.101,37.5,999.1738,16.568226,1096.0,981.7637,121.0,7.95,0.0,0.0,,1.0
2020-12-21 14:00:00+08:00,7.566373,187.59456,33.95,999.0839,33.810577,1050.0,973.2568,119.0,15.8,0.0,0.0,,1.0
2020-12-21 15:00:00+08:00,9.419129,183.65215,31.35,998.91736,38.896908,936.0,947.21893,114.0,15.7,0.0,0.0,,1.0
2020-12-21 16:00:00+08:00,8.714355,176.71083,30.0,998.78265,40.30224,765.0,899.2632,106.0,15.05,0.0,0.0,,1.0
2020-12-21 17:00:00+08:00,8.329466,175.17932,28.8,998.75104,46.938744,557.0,823.7789,95.0,16.35,0.0,0.0,,1.0
2020-12-21 18:00:00+08:00,7.990619,171.36295,27.0,999.19904,49.85869,326.0,687.68207,76.0,15.65,0.0,0.0,,1.0
2020-12-21 19:00:00+08:00,6.708204,169.6952,25.4,999.85016,54.62764,109.0,427.4925,43.0,15.6,0.0,0.0,,1.0
2020-12-21 20:00:00+08:00,6.2169123,168.87085,24.2,1000.11475,59.251617,3.0,0.0,3.0,15.75,0.0,0.0,,0.0
2020-12-21 21:00:00+08:00,5.6753855,165.71887,23.65,1000.1989,62.82762,0.0,0.0,0.0,16.15,0.0,0.0,,0.0
2020-12-21 22:00:00+08:00,4.7434163,161.56496,23.2,1000.2858,65.80196,0.0,0.0,0.0,16.45,0.0,0.0,,0.0
2020-12-21 23:00:00+08:00,2.863564,155.22488,22.8,1000.0764,65.29982,0.0,0.0,0.0,15.95,0.0,0.0,,0.0
2020-12-22 00:00:00+08:00,2.1931713,136.8476,21.9,999.5554,62.436146,0.0,0.0,0.0,14.4,0.0,0.0,,0.0
2020-12-22 01:00:00+08:00,2.863564,114.775116,24.3,999.1257,33.114902,0.0,0.0,0.0,7.05,0.0,0.0,,0.0
2020-12-22 02:00:00+08:00,4.9648767,99.27253,27.6,998.9174,20.11395,0.0,0.0,0.0,2.7,0.0,0.0,,0.0
2020-12-22 03:00:00+08:00,6.7029843,88.29023,27.8,999.0219,21.260567,0.0,0.0,0.0,3.65,0.0,0.0,,0.0
2020-12-22 04:00:00+08:00,7.2691126,82.09293,27.45,999.211,22.16268,0.0,0.0,0.0,3.95,0.0,0.0,,0.0
2020-12-22 05:00:00+08:00,7.787811,77.391396,27.2,999.6012,22.175877,0.0,0.0,0.0,3.75,0.0,0.0,,0.0
2020-12-22 06:00:00+08:00,7.7162166,71.09533,27.35,1000.4979,21.52223,18.0,100.446884,10.0,3.45,0.0,0.0,,1.0
2020-12-22 07:00:00+08:00,7.7077885,67.0942,29.6,1001.0537,18.61996,178.0,536.934,58.0,3.25,0.0,0.0,,1.0
2020-12-22 08:00:00+08:00,7.800641,53.86454,32.75,1000.8386,15.234622,408.0,752.96497,84.0,2.95,0.0,0.0,,1.0
2020-12-22 09:00:00+08:00,7.8517513,46.54811,35.8,1000.9169,12.80888,634.0,861.93207,99.0,2.9,0.0,0.0,,1.0
2020-12-22 10:00:00+08:00,6.7007465,37.725063,38.4,1000.68475,11.232777,833.0,924.87976,110.0,3.05,0.0,0.0,,1.0
2020-12-22 11:00:00+08:00,3.7696154,21.801476,39.65,1000.4182,10.764529,984.0,960.7651,117.0,3.4,0.0,0.0,,1.0
2020-12-22 12:00:00+08:00,1.3453624,221.98714,38.05,1000.0807,13.126482,1075.0,979.96124,120.0,5.0,0.0,0.0,,1.0
2020-12-22 13:00:00+08:00,5.0695167,202.01134,37.45,999.76794,17.777554,1098.0,982.7042,122.0,8.95,0.0,0.0,,1.0
2020-12-22 14:00:00+08:00,6.2625875,199.59238,36.7,999.64984,18.708801,1049.0,971.70123,119.0,9.1,0.0,0.0,,1.0
2020-12-22 15:00:00+08:00,6.8007355,197.10281,35.5,999.421,19.256035,937.0,947.387,114.0,8.55,0.0,0.0,,1.0
2020-12-22 16:00:00+08:00,6.1188235,191.30989,34.85,999.30524,23.213001,770.0,903.19684,107.0,10.8,0.0,0.0,,1.0
2020-12-22 17:00:00+08:00,6.419502,184.46707,33.5,999.36993,28.837973,561.0,830.49567,94.0,12.95,0.0,0.0,,1.0
2020-12-22 18:00:00+08:00,5.346027,172.47627,32.05,999.7291,29.303791,329.0,692.83075,76.0,11.95,0.0,0.0,,1.0
2020-12-22 19:00:00+08:00,4.8270073,166.82744,30.4,1000.2814,32.83255,111.0,435.76785,43.0,12.25,0.0,0.0,,1.0
2020-12-22 20:00:00+08:00,4.651881,154.5367,28.6,1001.0273,33.537502,3.0,0.0,3.0,11.0,0.0,0.0,,0.0
2020-12-22 21:00:00+08:00,4.7413077,152.35411,28.15,1001.21375,33.972317,0.0,0.0,0.0,10.8,0.0,0.0,,0.0
2020-12-22 22:00:00+08:00,4.830114,152.90453,27.95,1001.10925,32.476154,0.0,0.0,0.0,9.95,0.0,0.0,,0.0
2020-12-22 23:00:00+08:00,4.6400433,142.88306,28.4,1000.9228,26.53552,0.0,0.0,0.0,7.35,0.0,0.0,,0.0
2020-12-23 00:00:00+08:00,4.0459857,129.98683,27.95,1000.51404,23.817299,0.0,0.0,0.0,5.4,0.0,0.0,,0.0
2020-12-23 01:00:00+08:00,3.8600519,106.55715,27.3,1000.0004,22.27991,0.0,0.0,0.0,3.9,0.0,0.0,,0.0
2020-12-23 02:00:00+08:00,4.509989,86.186005,27.65,999.6131,19.286184,0.0,0.0,0.0,2.15,0.0,0.0,,0.0
2020-12-23 03:00:00+08:00,5.6293874,77.692,28.5,999.6357,16.187906,0.0,0.0,0.0,0.4,0.0,0.0,,0.0
2020-12-23 04:00:00+08:00,6.315853,66.682274,28.8,999.94147,15.966114,0.0,0.0,0.0,0.45,0.0,0.0,,0.0
2020-12-23 05:00:00+08:00,6.664833,62.281586,28.6,1000.5313,15.920509,0.0,0.0,0.0,0.25,0.0,0.0,,0.0
2020-12-23 06:00:00+08:00,7.156116,56.976128,28.7,1001.2282,15.657388,18.0,88.88495,11.0,0.1,0.0,0.0,,1.0
2020-12-23 07:00:00+08:00,7.521303,54.196568,30.8,1001.879,14.230413,176.0,536.75336,57.0,0.45,0.0,0.0,,1.0
2020-12-23 08:00:00+08:00,9.068627,41.42357,33.45,1001.2537,12.790459,406.0,753.6166,83.0,1.05,0.0,0.0,,1.0
2020-12-23 09:00:00+08:00,8.875247,33.511055,36.2,1001.3238,11.219656,634.0,864.0169,99.0,1.35,0.0,0.0,,1.0
2020-12-23 10:00:00+08:00,7.7472577,23.587051,38.6,1000.98755,9.84483,832.0,925.0195,110.0,1.35,0.0,0.0,,1.0
2020-12-23 11:00:00+08:00,5.7567353,17.17599,40.4,1000.6352,9.132574,983.0,960.53314,117.0,1.65,0.0,0.0,,1.0
2020-12-23 12:00:00+08:00,2.9410882,17.818983,41.05,1000.0557,9.273932,1075.0,979.3337,121.0,2.35,0.0,0.0,,1.0
2020-12-23 13:00:00+08:00,1.4035668,265.91446,39.7,999.52637,10.773641,1099.0,983.6594,122.0,3.45,0.0,0.0,,1.0
2020-12-23 14:00:00+08:00,6.063827,256.65128,35.1,999.4107,23.901917,1052.0,974.33545,119.0,11.45,0.0,0.0,,1.0
2020-12-23 15:00:00+08:00,4.554119,261.15826,32.75,999.5489,28.261118,939.0,948.716,114.0,12.0,0.0,0.0,,1.0
2020-12-23 16:00:00+08:00,3.8078866,256.32867,32.0,999.2319,30.97212,770.0,903.0541,106.0,12.75,0.0,0.0,,1.0
2020-12-23 17:00:00+08:00,3.6687872,252.55272,30.1,999.2812,39.43173,562.0,828.3363,95.0,14.8,0.0,0.0,,1.0
2020-12-23 18:00:00+08:00,2.408319,274.76355,28.45,999.53516,41.189247,331.0,692.5337,77.0,14.0,0.0,0.0,,1.0
2020-12-23 19:00:00+08:00,2.2472205,302.27563,27.35,999.9028,49.00192,113.0,437.63766,44.0,15.7,0.0,0.0,,1.0
2020-12-23 20:00:00+08:00,2.302173,272.4895,25.25,1000.342,61.606598,3.0,19.10732,2.0,17.35,0.0,0.0,,0.0
2020-12-23 21:00:00+08:00,1.2727922,315.0001,23.6,1000.7927,71.743385,0.0,0.0,0.0,18.2,0.0,0.0,,0.0
2020-12-23 22:00:00+08:00,1.5652475,333.43503,22.6,1000.8643,77.66313,0.0,0.0,0.0,18.5,0.0,0.0,,0.0
2020-12-23 23:00:00+08:00,2.158703,346.60748,21.85,1000.54596,79.27719,0.0,0.0,0.0,18.1,0.0,0.0,,0.0
2020-12-24 00:00:00+08:00,1.5297059,11.3098955,22.2,1000.3574,73.32363,0.0,0.0,0.0,17.2,0.0,0.0,,0.0
2020-12-24 01:00:00+08:00,0.781025,50.194473,22.55,999.77203,66.722374,0.0,0.0,0.0,16.05,0.0,0.0,,0.0
2020-12-24 02:00:00+08:00,1.9313208,68.74943,20.4,999.315,67.140785,0.0,0.0,0.0,14.1,0.0,0.0,,0.0
2020-12-24 03:00:00+08:00,3.0528674,58.392544,20.3,999.21313,57.55371,0.0,0.0,0.0,11.65,0.0,0.0,,0.0
2020-12-24 04:00:00+08:00,3.1144822,47.602623,22.75,999.38055,30.583942,0.0,0.0,0.0,4.55,0.0,0.0,,0.0
2020-12-24 05:00:00+08:00,5.0328918,49.02836,27.25,999.9001,18.512459,0.0,0.0,0.0,1.25,0.0,0.0,,0.0
2020-12-24 06:00:00+08:00,6.506919,46.24529,27.9,1000.4132,17.821823,17.0,89.94829,10.0,1.25,0.0,0.0,,1.0
2020-12-24 07:00:00+08:00,6.9310894,46.169064,30.5,1001.17676,15.668555,175.0,536.7644,57.0,1.55,0.0,0.0,,1.0
2020-12-24 08:00:00+08:00,7.4886575,34.114517,33.75,1001.06287,13.901386,405.0,752.04785,84.0,2.45,0.0,0.0,,1.0
2020-12-24 09:00:00+08:00,6.519202,20.65899,36.95,1001.24365,11.280443,632.0,862.9489,99.0,2.0,0.0,0.0,,1.0
2020-12-24 10:00:00+08:00,4.049691,339.77505,37.35,1001.1545,11.235315,832.0,926.4924,110.0,2.25,0.0,0.0,,1.0
2020-12-24 11:00:00+08:00,4.440721,262.23492,33.25,1001.0499,32.44827,984.0,962.55444,117.0,14.55,0.0,0.0,,1.0
2020-12-24 12:00:00+08:00,5.4708314,251.89613,30.85,1001.0866,40.27819,1072.0,977.7002,120.0,15.8,0.0,0.0,,1.0
2020-12-24 13:00:00+08:00,4.3011627,252.40749,31.0,1000.5947,35.5649,1090.0,975.5689,121.0,14.0,0.0,0.0,,1.0
2020-12-24 14:00:00+08:00,4.365776,249.90468,31.35,1000.20703,35.203304,1047.0,968.6291,119.0,14.15,0.0,0.0,,1.0
2020-12-24 15:00:00+08:00,4.2059484,251.99574,31.05,999.80225,33.99654,939.0,947.75836,114.0,13.35,0.0,0.0,,1.0
2020-12-24 16:00:00+08:00,2.8635643,257.90524,30.45,999.6875,33.06282,773.0,904.28876,107.0,12.4,0.0,0.0,,1.0
2020-12-24 17:00:00+08:00,3.5468295,229.574,29.75,999.4705,37.468952,563.0,829.76025,94.0,13.7,0.0,0.0,,1.0
2020-12-24 18:00:00+08:00,2.3706539,207.64589,27.95,999.8197,44.80039,333.0,692.30023,78.0,14.85,0.0,0.0,,1.0
2020-12-24 19:00:00+08:00,1.6124516,187.12492,27.4,999.80493,42.39185,114.0,439.58948,44.0,13.5,0.0,0.0,,1.0
2020-12-24 20:00:00+08:00,1.5264337,238.39255,25.45,1000.24817,52.576736,3.0,19.10732,2.0,15.05,0.0,0.0,,0.0
2020-12-24 21:00:00+08:00,2.2203605,172.23492,24.0,1000.7046,56.783867,0.0,0.0,0.0,14.9,0.0,0.0,,0.0
2020-12-24 22:00:00+08:00,1.1401755,254.74483,25.0,1000.83105,52.460983,0.0,0.0,0.0,14.6,0.0,0.0,,0.0
2020-12-24 23:00:00+08:00,2.0248458,237.09476,22.25,1000.95374,69.2623,0.0,0.0,0.0,16.35,0.0,0.0,,0.0
2020-12-25 00:00:00+08:00,1.6278821,259.3804,22.3,1000.5583,75.453064,0.0,0.0,0.0,17.75,0.0,0.0,,0.0
2020-12-25 01:00:00+08:00,1.0,306.86996,23.1,999.9854,73.94172,0.0,0.0,0.0,18.2,0.0,0.0,,0.0
2020-12-25 02:00:00+08:00,0.7,360.0,22.85,999.48267,73.43588,0.0,0.0,0.0,17.85,0.0,0.0,,0.0
2020-12-25 03:00:00+08:00,0.70710677,81.86999,22.75,999.4798,70.466446,0.0,0.0,0.0,17.1,0.0,0.0,,0.0
2020-12-25 04:00:00+08:00,1.3152945,98.74608,21.7,999.54974,70.943985,0.0,0.0,0.0,16.2,0.0,0.0,,0.0
2020-12-25 05:00:00+08:00,2.118962,109.290146,19.9,999.69806,73.39192,0.0,0.0,0.0,15.0,0.0,0.0,,0.0
2020-12-25 06:00:00+08:00,2.2472205,122.27562,20.1,1000.00085,69.51271,16.0,91.08393,9.0,14.35,0.0,0.0,,1.0
2020-12-25 07:00:00+08:00,1.7,151.92761,24.85,1000.62854,47.709015,172.0,527.77893,57.0,13.0,0.0,0.0,,1.0
2020-12-25 08:00:00+08:00,0.89442724,206.56499,25.85,1000.1599,63.510876,401.0,748.22253,83.0,18.4,0.0,0.0,,1.0
2020-12-25 09:00:00+08:00,1.8439089,229.39879,29.5,1000.35675,49.879494,629.0,860.3229,99.0,17.95,0.0,0.0,,1.0
2020-12-25 10:00:00+08:00,4.2720017,237.42595,29.6,1000.2601,57.592823,828.0,922.8739,110.0,20.35,0.0,0.0,,1.0
2020-12-25 11:00:00+08:00,4.360046,233.39284,28.8,1000.13983,52.43165,977.0,956.82996,116.0,18.1,0.0,0.0,,1.0
2020-12-25 12:00:00+08:00,4.243819,235.56094,29.35,999.75745,47.085598,1065.0,970.94855,120.0,16.9,0.0,0.0,,1.0
2020-12-25 13:00:00+08:00,4.743417,235.30478,29.8,999.571,47.205444,1094.0,979.57495,121.0,17.35,0.0,0.0,,1.0
2020-12-25 14:00:00+08:00,4.0360875,228.01286,29.55,999.366,47.89007,1049.0,969.2018,120.0,17.35,0.0,0.0,,1.0
2020-12-25 15:00:00+08:00,3.535534,224.9999,29.8,998.97577,43.051174,934.0,936.4899,118.0,15.9,0.0,0.0,,1.0
2020-12-25 16:00:00+08:00,4.318565,222.18437,28.6,998.64655,53.545345,760.0,871.6539,117.0,18.25,0.0,0.0,,1.0
2020-12-25 17:00:00+08:00,3.4205263,217.87505,27.3,998.8101,57.402225,562.0,822.39233,96.0,18.15,0.0,0.0,,1.0
2020-12-25 18:00:00+08:00,3.4669871,213.23172,25.5,999.05914,69.88391,333.0,692.13654,77.0,19.6,0.0,0.0,,1.0
2020-12-25 19:00:00+08:00,2.8999999,226.39711,24.15,999.6175,76.45793,114.0,435.41232,44.0,19.75,0.0,0.0,,1.0
2020-12-25 20:00:00+08:00,3.130495,206.56499,22.75,1000.76917,86.60906,3.0,19.10732,2.0,20.4,0.0,0.0,,0.0
2020-12-25 21:00:00+08:00,2.6476402,190.88548,22.5,1001.3574,87.933235,0.0,0.0,0.0,20.4,0.0,0.0,,0.0
2020-12-25 22:00:00+08:00,1.8973665,198.43504,22.0,1001.2444,90.930534,0.0,0.0,0.0,20.45,0.0,0.0,,0.0
2020-12-25 23:00:00+08:00,2.5961509,195.6423,21.65,1001.1355,92.89475,0.0,0.0,0.0,20.45,0.0,0.0,,0.0
2020-12-26 00:00:00+08:00,2.3,180.0,21.3,1000.5306,94.03194,0.0,0.0,0.0,20.3,0.0,0.0,,0.0
2020-12-26 01:00:00+08:00,2.2022717,177.39749,21.0,1000.2247,94.60242,0.0,0.0,0.0,20.1,0.0,0.0,,0.0
2020-12-26 02:00:00+08:00,2.745906,190.49142,20.95,999.7275,94.30809,0.0,0.0,0.0,20.0,0.0,0.0,,0.0
2020-12-26 03:00:00+08:00,2.9614186,191.68935,21.05,999.53156,93.73044,0.0,0.0,0.0,20.0,0.0,0.0,,0.0
2020-12-26 04:00:00+08:00,3.2557642,190.6196,21.05,999.43243,93.73044,0.0,0.0,0.0,20.0,0.0,0.0,,0.0
2020-12-26 05:00:00+08:00,3.981206,191.59215,21.4,999.8392,90.891174,0.0,0.0,0.0,19.85,0.0,0.0,,0.0
2020-12-26 06:00:00+08:00,4.060788,189.92618,21.75,1000.64246,88.14196,13.0,39.553463,10.0,19.7,0.0,0.0,,1.0
2020-12-26 07:00:00+08:00,4.4553337,189.0394,22.7,1001.2638,82.41794,121.0,217.70917,74.0,19.55,0.0,0.0,,1.0
2020-12-26 08:00:00+08:00,5.2630787,194.30031,23.5,1001.6826,78.76963,345.0,508.12643,130.0,19.6,0.0,0.0,,1.0
2020-12-26 09:00:00+08:00,5.8821764,197.81898,24.85,1002.0172,71.74441,463.0,336.91327,256.0,19.4,0.0,0.0,,1.0
2020-12-26 10:00:00+08:00,6.1684685,196.96623,25.7,1001.94135,69.2739,663.0,524.0179,256.0,19.65,0.0,0.0,,1.0
2020-12-26 11:00:00+08:00,5.8821764,197.81898,26.5,1001.66547,67.10534,855.0,628.5193,290.0,19.9,0.0,0.0,,1.0
2020-12-26 12:00:00+08:00,6.6730804,199.24962,26.5,1001.46704,67.31352,1010.0,852.1643,181.0,19.95,0.0,0.0,,1.0
2020-12-26 13:00:00+08:00,7.3082147,196.69933,26.4,1001.26587,65.8475,1046.0,881.9148,170.0,19.5,0.0,0.0,,1.0
2020-12-26 14:00:00+08:00,7.543209,194.58896,26.25,1001.1625,64.39683,1017.0,919.73596,135.0,19.0,0.0,0.0,,1.0
2020-12-26 15:00:00+08:00,7.864477,191.73854,25.7,1000.8502,65.08901,920.0,918.3837,119.0,18.65,0.0,0.0,,1.0
2020-12-26 16:00:00+08:00,7.8262377,190.3048,24.95,1000.7306,66.79161,758.0,875.6937,111.0,18.35,0.0,0.0,,1.0
2020-12-26 17:00:00+08:00,7.6791925,188.23553,23.9,1000.8009,70.45972,555.0,808.0639,96.0,18.2,0.0,0.0,,1.0
2020-12-26 18:00:00+08:00,7.641989,186.00891,22.85,1001.26794,74.13202,328.0,670.50793,79.0,18.0,0.0,0.0,,1.0
2020-12-26 19:00:00+08:00,7.206247,182.3859,22.0,1001.8395,76.84448,113.0,419.12695,45.0,17.75,0.0,0.0,,1.0
2020-12-26 20:00:00+08:00,6.9007244,179.16971,21.8,1002.62726,76.81365,3.0,19.10732,2.0,17.55,0.0,0.0,,0.0
2020-12-26 21:00:00+08:00,6.412488,176.42374,21.45,1002.81586,79.47099,0.0,0.0,0.0,17.75,0.0,0.0,,0.0
2020-12-26 22:00:00+08:00,7.333485,174.52272,21.25,1002.9094,81.47004,0.0,0.0,0.0,17.95,0.0,0.0,,0.0
2020-12-26 23:00:00+08:00,7.9075913,170.53775,21.1,1003.10376,82.74184,0.0,0.0,0.0,18.05,0.0,0.0,,0.0
2020-12-27 00:00:00+08:00,7.6902537,167.22876,21.0,1002.5058,82.470116,0.0,0.0,0.0,17.9,0.0,0.0,,0.0
2020-12-27 01:00:00+08:00,7.18401,163.83543,20.8,1002.0042,82.9668,0.0,0.0,0.0,17.8,0.0,0.0,,0.0
2020-12-27 02:00:00+08:00,7.0213957,162.59721,20.8,1001.6075,82.70599,0.0,0.0,0.0,17.75,0.0,0.0,,0.0
2020-12-27 03:00:00+08:00,5.6859474,156.13982,20.5,1001.599,84.514404,0.0,0.0,0.0,17.8,0.0,0.0,,0.0
2020-12-27 04:00:00+08:00,3.9115214,147.52882,20.0,1001.5849,82.871925,0.0,0.0,0.0,17.0,0.0,0.0,,0.0
2020-12-27 05:00:00+08:00,3.3286633,147.26479,19.6,1001.8714,79.211395,0.0,0.0,0.0,15.9,0.0,0.0,,0.0
2020-12-27 06:00:00+08:00,3.5510561,147.65259,20.3,1002.6843,70.00182,15.0,80.20323,9.0,14.65,0.0,0.0,,1.0
2020-12-27 07:00:00+08:00,4.6669044,135.0001,24.35,1003.1938,41.681408,166.0,514.47186,56.0,10.5,0.0,0.0,,1.0
2020-12-27 08:00:00+08:00,6.621178,115.01687,25.55,1003.5243,33.129375,394.0,738.38806,83.0,8.15,0.0,0.0,,1.0
2020-12-27 09:00:00+08:00,6.441273,117.75845,27.75,1003.7823,28.61297,624.0,856.844,99.0,7.9,0.0,0.0,,1.0
2020-12-27 10:00:00+08:00,6.1717095,116.980156,30.1,1003.74536,24.38379,825.0,922.16876,110.0,7.55,0.0,0.0,,1.0
2020-12-27 11:00:00+08:00,5.6400356,127.07316,32.25,1003.3059,21.426168,979.0,961.01746,116.0,7.45,0.0,0.0,,1.0
2020-12-27 12:00:00+08:00,5.325411,145.71307,33.8,1002.55225,19.504852,1072.0,979.08093,120.0,7.35,0.0,0.0,,1.0
2020-12-27 13:00:00+08:00,6.428064,174.64427,34.05,1001.7652,20.728935,1098.0,983.60736,121.0,8.45,0.0,0.0,,1.0
2020-12-27 14:00:00+08:00,8.827797,184.54796,31.0,1001.4876,38.676014,1055.0,974.56323,120.0,15.3,0.0,0.0,,1.0
2020-12-27 15:00:00+08:00,10.34843,185.54523,28.85,1000.93463,46.21028,944.0,949.58826,115.0,16.15,0.0,0.0,,1.0
2020-12-27 16:00:00+08:00,10.0005,179.42708,27.55,1000.7018,46.75324,777.0,905.4289,107.0,15.15,0.0,0.0,,1.0
2020-12-27 17:00:00+08:00,9.453041,173.92764,27.15,1000.5916,50.057823,568.0,828.9807,96.0,15.85,0.0,0.0,,1.0
2020-12-27 18:00:00+08:00,8.881442,172.23492,25.85,1000.6559,56.332172,338.0,697.4135,78.0,16.5,0.0,0.0,,1.0
2020-12-27 19:00:00+08:00,7.9831076,167.70474,24.35,1001.1108,60.048775,118.0,446.04355,45.0,16.1,0.0,0.0,,1.0
2020-12-27 20:00:00+08:00,7.8447437,162.95088,22.95,1001.7667,63.07459,4.0,19.10732,3.0,15.55,0.0,0.0,,0.0
2020-12-27 21:00:00+08:00,6.9892774,160.78723,22.95,1001.66754,64.916046,0.0,0.0,0.0,16.0,0.0,0.0,,0.0
2020-12-27 22:00:00+08:00,5.5758405,147.45001,23.15,1001.6729,60.737106,0.0,0.0,0.0,15.15,0.0,0.0,,0.0
2020-12-27 23:00:00+08:00,5.0447993,129.3693,25.1,1001.429,38.03367,0.0,0.0,0.0,9.8,0.0,0.0,,0.0
2020-12-28 00:00:00+08:00,6.574192,116.17523,26.7,1001.0756,22.281036,0.0,0.0,0.0,3.4,0.0,0.0,,0.0
2020-12-28 01:00:00+08:00,7.3389373,109.9165,26.1,1000.6625,21.968853,0.0,0.0,0.0,2.7,0.0,0.0,,0.0
2020-12-28 02:00:00+08:00,8.29759,102.5288,25.95,1000.06323,21.01292,0.0,0.0,0.0,1.95,0.0,0.0,,0.0
2020-12-28 03:00:00+08:00,9.027181,94.4473,25.9,999.9628,20.850677,0.0,0.0,0.0,1.8,0.0,0.0,,0.0
2020-12-28 04:00:00+08:00,9.1,90.0,25.75,1000.2563,21.800444,0.0,0.0,0.0,2.3,0.0,0.0,,0.0
2020-12-28 05:00:00+08:00,8.600582,89.33382,25.5,1000.6462,23.501131,0.0,0.0,0.0,3.15,0.0,0.0,,0.0
2020-12-28 06:00:00+08:00,8.409518,87.27374,25.5,1001.24133,25.39228,15.0,67.80375,10.0,4.25,0.0,0.0,,1.0
2020-12-28 07:00:00+08:00,8.409518,87.27374,27.15,1001.68274,24.189732,166.0,519.65,56.0,4.95,0.0,0.0,,1.0
2020-12-28 08:00:00+08:00,7.5239615,85.42616,29.65,1000.95605,23.126753,393.0,741.88086,82.0,6.4,0.0,0.0,,1.0
2020-12-28 09:00:00+08:00,7.3437047,83.74606,32.4,1000.63104,20.74306,621.0,855.9881,98.0,7.1,0.0,0.0,,1.0
2020-12-28 10:00:00+08:00,6.7119293,86.58348,35.05,1000.4016,18.697662,821.0,919.9284,109.0,7.75,0.0,0.0,,1.0
2020-12-28 11:00:00+08:00,5.8008623,90.98774,37.0,999.9551,17.554201,972.0,954.2351,116.0,8.4,0.0,0.0,,1.0
2020-12-28 12:00:00+08:00,4.3931766,101.821465,37.75,999.2793,17.667606,1062.0,968.25977,121.0,9.1,0.0,0.0,,1.0
2020-12-28 13:00:00+08:00,3.2449963,146.3099,37.85,998.5873,18.980947,1081.0,965.5122,122.0,10.25,0.0,0.0,,1.0
2020-12-28 14:00:00+08:00,7.0859013,188.93051,36.1,997.94775,24.001173,1033.0,949.13715,122.0,12.35,0.0,0.0,,1.0
2020-12-28 15:00:00+08:00,9.972462,186.91113,33.8,997.29395,27.897848,828.0,707.2459,210.0,12.7,0.0,0.0,,1.0
2020-12-28 16:00:00+08:00,10.107919,177.7321,32.5,997.06213,27.640457,758.0,877.0881,108.0,11.45,0.0,0.0,,1.0
2020-12-28 17:00:00+08:00,8.417244,166.95436,31.75,996.84424,30.600859,565.0,827.0774,93.0,12.35,0.0,0.0,,1.0
2020-12-28 18:00:00+08:00,8.121576,170.07382,30.85,997.01917,35.064762,334.0,686.7952,77.0,13.65,0.0,0.0,,1.0
2020-12-28 19:00:00+08:00,7.595393,170.9098,28.75,997.36096,38.05149,115.0,424.19254,45.0,13.05,0.0,0.0,,1.0
2020-12-28 20:00:00+08:00,6.3890533,162.69939,27.2,997.61725,42.8917,4.0,19.10732,3.0,13.5,0.0,0.0,,0.0
2020-12-28 21:00:00+08:00,4.808326,163.0724,26.75,997.8034,46.990807,0.0,0.0,0.0,14.5,0.0,0.0,,0.0
2020-12-28 22:00:00+08:00,2.8178005,152.52565,26.85,998.3022,45.81775,0.0,0.0,0.0,14.2,0.0,0.0,,0.0
2020-12-28 23:00:00+08:00,2.0518284,136.97493,27.4,998.1185,36.93444,0.0,0.0,0.0,11.4,0.0,0.0,,0.0
2020-12-29 00:00:00+08:00,2.5806975,125.537766,29.15,997.5697,18.121235,0.0,0.0,0.0,2.5,0.0,0.0,,0.0
2020-12-29 01:00:00+08:00,3.667424,101.003494,31.05,997.0245,16.306171,0.0,0.0,0.0,2.55,0.0,0.0,,0.0
2020-12-29 02:00:00+08:00,7.0213957,79.33027,31.85,996.5491,16.430912,0.0,0.0,0.0,3.3,0.0,0.0,,0.0
2020-12-29 03:00:00+08:00,9.616652,73.07241,31.25,996.23615,16.351843,0.0,0.0,0.0,2.75,0.0,0.0,,0.0
2020-12-29 04:00:00+08:00,9.2358,70.38782,31.1,996.33136,16.317585,0.0,0.0,0.0,2.6,0.0,0.0,,0.0
2020-12-29 05:00:00+08:00,9.848858,66.03751,30.7,996.12256,17.053366,0.0,0.0,0.0,2.9,0.0,0.0,,0.0
2020-12-29 06:00:00+08:00,9.310746,65.91256,30.3,996.8064,18.075996,13.0,68.826965,8.0,3.4,0.0,0.0,,1.0
2020-12-29 07:00:00+08:00,8.676981,62.549084,31.85,997.04517,18.190866,154.0,467.78433,56.0,4.75,0.0,0.0,,1.0
2020-12-29 08:00:00+08:00,8.429116,41.63345,34.85,996.22955,18.523277,368.0,671.17194,88.0,7.45,0.0,0.0,,1.0
2020-12-29 09:00:00+08:00,8.405951,32.366615,37.5,996.4948,18.336203,590.0,791.1575,108.0,9.45,0.0,0.0,,1.0
2020-12-29 10:00:00+08:00,7.2532754,15.185891,39.65,996.4491,17.224495,735.0,774.0336,137.0,10.25,0.0,0.0,,1.0
2020-12-29 11:00:00+08:00,5.842089,276.88162,35.9,996.75214,26.1616,890.0,806.8464,167.0,13.5,0.0,0.0,,1.0
2020-12-29 12:00:00+08:00,6.33877,263.6599,31.65,996.941,43.41714,858.0,703.1554,175.0,17.7,0.0,0.0,,1.0
2020-12-29 13:00:00+08:00,8.065358,287.31174,33.55,996.8908,32.530437,1017.0,852.78955,170.0,14.85,0.0,0.0,,1.0
2020-12-29 14:00:00+08:00,8.325863,294.10223,33.55,996.8908,30.100002,999.0,886.26074,148.0,13.65,0.0,0.0,,1.0
2020-12-29 15:00:00+08:00,7.28011,290.92456,32.1,996.85333,34.732517,924.0,922.7195,117.0,14.6,0.0,0.0,,1.0
2020-12-29 16:00:00+08:00,6.0728908,287.24155,29.3,997.0777,47.67267,766.0,887.94604,107.0,17.05,0.0,0.0,,1.0
2020-12-29 17:00:00+08:00,5.1264024,290.55612,27.85,997.3369,53.188404,559.0,811.25824,95.0,17.45,0.0,0.0,,1.0
2020-12-29 18:00:00+08:00,4.4777226,293.70264,26.65,997.99927,57.79009,333.0,679.0157,78.0,17.65,0.0,0.0,,1.0
2020-12-29 19:00:00+08:00,4.118252,299.0545,24.85,998.74396,69.97895,117.0,438.9313,44.0,19.0,0.0,0.0,,1.0
2020-12-29 20:00:00+08:00,3.310589,295.01685,23.45,998.805,76.349106,4.0,19.10732,3.0,19.05,0.0,0.0,,0.0
2020-12-29 21:00:00+08:00,3.1064448,303.17853,22.9,999.1864,81.17229,0.0,0.0,0.0,19.5,0.0,0.0,,0.0
2020-12-29 22:00:00+08:00,2.8301945,302.00534,22.4,999.6685,84.718544,0.0,0.0,0.0,19.7,0.0,0.0,,0.0
2020-12-29 23:00:00+08:00,2.8319604,312.1375,21.9,999.65466,87.33837,0.0,0.0,0.0,19.7,0.0,0.0,,0.0
2020-12-30 00:00:00+08:00,2.8844411,303.6901,21.35,999.5401,90.60648,0.0,0.0,0.0,19.75,0.0,0.0,,0.0
2020-12-30 01:00:00+08:00,2.5553863,300.57913,20.95,999.23157,91.99784,0.0,0.0,0.0,19.6,0.0,0.0,,0.0
2020-12-30 02:00:00+08:00,2.3323808,300.96368,20.65,998.92554,91.694496,0.0,0.0,0.0,19.25,0.0,0.0,,0.0
2020-12-30 03:00:00+08:00,2.0,306.86996,20.35,998.9172,92.53803,0.0,0.0,0.0,19.1,0.0,0.0,,0.0
2020-12-30 04:00:00+08:00,1.8027756,326.3099,19.85,999.00214,93.674774,0.0,0.0,0.0,18.8,0.0,0.0,,0.0
2020-12-30 05:00:00+08:00,1.9646883,345.25638,19.7,999.09735,93.961136,0.0,0.0,0.0,18.7,0.0,0.0,,0.0
2020-12-30 06:00:00+08:00,2.3194828,352.5687,19.95,999.79834,93.679436,13.0,69.90459,8.0,18.9,0.0,0.0,,1.0
2020-12-30 07:00:00+08:00,3.0083218,338.5522,21.95,1000.4494,83.88297,159.0,501.76376,55.0,19.1,0.0,0.0,,1.0
2020-12-30 08:00:00+08:00,3.6715121,299.35767,23.8,1000.79803,77.3592,383.0,722.6827,83.0,19.6,0.0,0.0,,1.0
2020-12-30 09:00:00+08:00,3.905125,283.32455,25.25,1001.0363,68.117546,608.0,836.2831,100.0,18.95,0.0,0.0,,1.0
2020-12-30 10:00:00+08:00,4.104875,272.79263,26.15,1001.16003,63.37757,804.0,897.3525,112.0,18.65,0.0,0.0,,1.0
2020-12-30 11:00:00+08:00,4.4102154,266.09958,26.7,1001.0756,60.02381,959.0,940.68555,117.0,18.3,0.0,0.0,,1.0
2020-12-30 12:00:00+08:00,4.785394,259.15973,26.75,1001.07684,61.17389,1054.0,961.0539,121.0,18.65,0.0,0.0,,1.0
2020-12-30 13:00:00+08:00,4.9040794,253.41258,26.5,1000.97107,64.24975,1070.0,940.44244,136.0,19.2,0.0,0.0,,1.0
2020-12-30 14:00:00+08:00,5.0695167,247.98866,26.3,1000.767,65.62239,1029.0,928.5987,137.0,19.35,0.0,0.0,,1.0
2020-12-30 15:00:00+08:00,5.056679,245.46228,25.85,1000.35834,67.60236,915.0,879.662,145.0,19.4,0.0,0.0,,1.0
2020-12-30 16:00:00+08:00,4.606517,242.87877,25.4,999.85016,67.30214,761.0,858.4512,123.0,18.9,0.0,0.0,,1.0
2020-12-30 17:00:00+08:00,4.2190046,238.57048,24.6,999.62976,73.050804,562.0,804.2987,101.0,19.45,0.0,0.0,,1.0
2020-12-30 18:00:00+08:00,3.5510561,237.65257,23.65,999.9013,78.06084,336.0,676.70435,81.0,19.6,0.0,0.0,,1.0
2020-12-30 19:00:00+08:00,3.405877,229.76372,22.65,1000.36957,83.701096,117.0,411.85037,48.0,19.75,0.0,0.0,,1.0
2020-12-30 20:00:00+08:00,2.8999999,223.60289,21.45,1000.6339,86.485916,4.0,19.10732,3.0,19.1,0.0,0.0,,0.0
2020-12-30 21:00:00+08:00,2.3345237,223.26433,21.3,1000.9273,87.28443,0.0,0.0,0.0,19.1,0.0,0.0,,0.0
2020-12-30 22:00:00+08:00,1.9849433,220.91429,21.1,1001.2193,88.08693,0.0,0.0,0.0,19.05,0.0,0.0,,0.0
2020-12-30 23:00:00+08:00,1.9416488,214.50858,20.95,1001.0168,89.45828,0.0,0.0,0.0,19.15,0.0,0.0,,0.0
2020-12-31 00:00:00+08:00,2.1095023,211.42952,20.75,1000.61444,89.72262,0.0,0.0,0.0,19.0,0.0,0.0,,0.0
2020-12-31 01:00:00+08:00,2.418677,209.7448,20.8,1000.219,88.61336,0.0,0.0,0.0,18.85,0.0,0.0,,0.0
2020-12-31 02:00:00+08:00,2.302173,214.3804,20.65,999.8181,88.60113,0.0,0.0,0.0,18.7,0.0,0.0,,0.0
2020-12-31 03:00:00+08:00,1.421267,219.28938,20.3,999.70905,89.12935,0.0,0.0,0.0,18.45,0.0,0.0,,0.0
2020-12-31 04:00:00+08:00,0.7615773,203.19862,20.0,999.99805,90.23102,0.0,0.0,0.0,18.35,0.0,0.0,,0.0
2020-12-31 05:00:00+08:00,1.2083046,204.44394,19.45,1000.3794,93.65607,0.0,0.0,0.0,18.4,0.0,0.0,,0.0
2020-12-31 06:00:00+08:00,1.1401755,217.87505,20.5,1000.80554,86.66649,8.0,14.207501,7.0,18.2,0.0,0.0,,1.0
2020-12-31 07:00:00+08:00,1.2727922,224.9999,21.25,1001.4217,81.98377,118.0,229.27075,71.0,18.05,0.0,0.0,,1.0
2020-12-31 08:00:00+08:00,1.555635,224.9999,22.3,1001.5501,74.27317,316.0,443.06964,133.0,17.5,0.0,0.0,,1.0
2020-12-31 09:00:00+08:00,2.280351,232.12495,23.8,1001.6908,67.829704,569.0,685.2228,154.0,17.5,0.0,0.0,,1.0
2020-12-31 10:00:00+08:00,3.0805843,234.24602,24.9,1001.62177,63.503586,796.0,861.3506,133.0,17.5,0.0,0.0,,1.0
2020-12-31 11:00:00+08:00,3.6891732,237.17146,25.55,1001.54047,60.326786,954.0,927.20197,125.0,17.3,0.0,0.0,,1.0
2020-12-31 12:00:00+08:00,4.243819,235.56094,25.85,1001.54865,58.517895,1054.0,962.62054,120.0,17.1,0.0,0.0,,1.0
2020-12-31 13:00:00+08:00,4.560702,232.12495,25.85,1001.25104,59.075836,1082.0,967.7058,121.0,17.25,0.0,0.0,,1.0
2020-12-31 14:00:00+08:00,4.763402,230.9645,25.65,1001.24536,61.116333,1042.0,958.43933,121.0,17.6,0.0,0.0,,1.0
2020-12-31 15:00:00+08:00,4.883646,227.4896,25.4,1000.9412,63.412857,936.0,936.0164,116.0,17.95,0.0,0.0,,1.0
2020-12-31 16:00:00+08:00,4.8104053,223.31535,25.15,1000.6367,65.17716,774.0,893.5839,109.0,18.15,0.0,0.0,,1.0
2020-12-31 17:00:00+08:00,4.62277,218.85338,24.55,1000.52124,68.40673,569.0,821.81665,97.0,18.35,0.0,0.0,,1.0
2020-12-31 18:00:00+08:00,4.5221677,215.09589,23.75,1000.6977,72.90311,340.0,687.74585,80.0,18.6,0.0,0.0,,1.0
2020-12-31 19:00:00+08:00,4.2059484,208.39293,22.75,1001.26514,77.68545,119.0,414.97025,49.0,18.65,0.0,0.0,,1.0
2020-12-31 20:00:00+08:00,3.8626416,201.25058,21.65,1001.7306,83.326935,4.0,19.10518,3.0,18.7,0.0,0.0,,0.0
2020-12-31 21:00:00+08:00,3.6687872,197.44728,21.5,1002.024,84.35835,0.0,0.0,0.0,18.75,0.0,0.0,,0.0
2020-12-31 22:00:00+08:00,3.765634,190.71307,21.6,1002.324,83.84376,0.0,0.0,0.0,18.75,0.0,0.0,,0.0
2020-12-31 23:00:00+08:00,3.354102,190.3048,21.3,1002.1175,85.66546,0.0,0.0,0.0,18.8,0.0,0.0,,0.0
2021-01-01 00:00:00+08:00,2.5317976,189.0902,20.75,1001.7054,88.60926,0.0,0.0,0.0,18.8,0.0,0.0,,0.0
2021-01-01 01:00:00+08:00,2.3345234,189.86574,20.6,1001.2051,89.992004,0.0,0.0,0.0,18.9,0.0,0.0,,0.0
2021-01-01 02:00:00+08:00,1.8439089,192.5288,20.4,1000.8027,91.10897,0.0,0.0,0.0,18.9,0.0,0.0,,0.0
2021-01-01 03:00:00+08:00,1.17047,199.9832,19.7,1000.78326,94.55025,0.0,0.0,0.0,18.8,0.0,0.0,,0.0
2021-01-01 04:00:00+08:00,1.5652475,206.56499,19.25,1000.86957,95.424706,0.0,0.0,0.0,18.5,0.0,0.0,,0.0
2021-01-01 05:00:00+08:00,1.3892444,210.25635,19.45,1001.0736,94.836464,0.0,0.0,0.0,18.6,0.0,0.0,,0.0
2021-01-01 06:00:00+08:00,1.4866068,199.65392,20.5,1001.599,90.548546,10.0,28.891975,8.0,18.9,0.0,0.0,,1.0
2021-01-01 07:00:00+08:00,2.280351,195.25517,21.85,1002.23206,81.037025,127.0,251.61449,76.0,18.45,0.0,0.0,,1.0
2021-01-01 08:00:00+08:00,1.5231546,203.19862,22.8,1002.35767,74.357,336.0,515.92896,124.0,18.0,0.0,0.0,,1.0
2021-01-01 09:00:00+08:00,2.302173,214.3804,24.5,1002.5038,67.120544,611.0,842.9731,102.0,18.0,0.0,0.0,,1.0
2021-01-01 10:00:00+08:00,3.0413814,223.66785,25.7,1002.6357,63.08105,811.0,912.4384,110.0,18.15,0.0,0.0,,1.0
2021-01-01 11:00:00+08:00,3.8948684,228.12221,26.1,1002.448,63.16867,965.0,949.53265,117.0,18.55,0.0,0.0,,1.0
2021-01-01 12:00:00+08:00,4.172529,224.02907,26.45,1002.259,59.216576,1060.0,968.3276,121.0,17.85,0.0,0.0,,1.0
2021-01-01 13:00:00+08:00,4.560702,217.87505,26.75,1001.7712,55.489243,1091.0,974.85,123.0,17.1,0.0,0.0,,1.0
2021-01-01 14:00:00+08:00,4.8259716,214.0194,26.75,1001.67194,55.665104,1053.0,969.5583,121.0,17.15,0.0,0.0,,1.0
2021-01-01 15:00:00+08:00,4.770744,213.02386,26.75,1001.2752,56.55178,946.0,946.6933,116.0,17.4,0.0,0.0,,1.0
2021-01-01 16:00:00+08:00,5.188449,207.55272,26.0,1001.0568,61.38852,781.0,903.1797,108.0,18.0,0.0,0.0,,1.0
2021-01-01 17:00:00+08:00,5.2810984,198.77812,25.05,1000.63385,68.71894,573.0,828.9183,96.0,18.9,0.0,0.0,,1.0
2021-01-01 18:00:00+08:00,5.178803,190.00792,24.2,1000.8091,74.58967,343.0,696.20435,79.0,19.4,0.0,0.0,,1.0
2021-01-01 19:00:00+08:00,4.8259716,185.94676,22.9,1001.1701,80.16885,122.0,447.6943,46.0,19.3,0.0,0.0,,1.0
2021-01-01 20:00:00+08:00,3.9204593,185.85593,21.9,1001.93585,85.194016,4.0,18.920984,3.0,19.3,0.0,0.0,,0.0
2021-01-01 21:00:00+08:00,3.1144822,185.52745,21.55,1002.02527,88.399284,0.0,0.0,0.0,19.55,0.0,0.0,,0.0
2021-01-01 22:00:00+08:00,2.8635643,192.09474,21.3,1001.9191,90.04243,0.0,0.0,0.0,19.6,0.0,0.0,,0.0
2021-01-01 23:00:00+08:00,2.657066,199.79897,21.1,1001.616,91.154015,0.0,0.0,0.0,19.6,0.0,0.0,,0.0
