latitude,longitude,elevation,utc_offset_seconds,timezone,timezone_abbreviation
-28.435852,114.545456,71.0,28800,Australia/Perth,GMT+8

time,temperature_2m (°C),wind_speed_10m (m/s),wind_direction_10m (°),relative_humidity_2m (%),precipitation (mm),is_day (),shortwave_radiation (W/m²),direct_normal_irradiance (W/m²),diffuse_radiation (W/m²),rain (mm),snow_depth (m),surface_pressure (hPa),albedo (undefined)
2019-12-29T00:00,19.8,3.71,166,90,0.00,0,0.0,0.0,0.0,0.00,0.00,1004.9,NaN
2019-12-29T01:00,19.5,3.37,168,92,0.00,0,0.0,0.0,0.0,0.00,0.00,1004.7,NaN
2019-12-29T02:00,19.6,3.93,173,93,0.00,0,0.0,0.0,0.0,0.00,0.00,1004.3,NaN
2019-12-29T03:00,19.7,4.73,174,92,0.00,0,0.0,0.0,0.0,0.00,0.00,1004.3,NaN
2019-12-29T04:00,20.0,4.94,173,90,0.00,0,0.0,0.0,0.0,0.00,0.00,1004.7,NaN
2019-12-29T05:00,19.9,4.88,169,89,0.00,0,0.0,0.0,0.0,0.00,0.00,1004.8,NaN
2019-12-29T06:00,20.3,4.83,167,84,0.00,1,11.0,40.8,8.0,0.00,0.00,1005.1,NaN
2019-12-29T07:00,21.4,5.46,172,77,0.00,1,131.0,302.7,67.0,0.00,0.00,1005.8,NaN
2019-12-29T08:00,22.5,6.11,177,69,0.00,1,332.0,451.1,143.0,0.00,0.00,1005.8,NaN
2019-12-29T09:00,23.6,6.01,183,63,0.00,1,574.0,684.4,156.0,0.00,0.00,1005.9,NaN
2019-12-29T10:00,24.3,6.08,189,59,0.00,1,759.0,722.4,200.0,0.00,0.00,1006.1,NaN
2019-12-29T11:00,24.8,6.67,193,57,0.00,1,912.0,794.9,199.0,0.00,0.00,1006.0,NaN
2019-12-29T12:00,25.0,7.35,195,56,0.00,1,1034.0,896.3,163.0,0.00,0.00,1006.4,NaN
2019-12-29T13:00,25.3,7.03,195,54,0.00,1,1065.0,934.3,137.0,0.00,0.00,1006.6,NaN
2019-12-29T14:00,25.0,7.28,196,55,0.00,1,1039.0,954.3,123.0,0.00,0.00,1006.5,NaN
2019-12-29T15:00,24.6,7.59,193,57,0.00,1,932.0,931.4,118.0,0.00,0.00,1006.0,NaN
2019-12-29T16:00,24.0,7.73,190,59,0.00,1,768.0,885.0,112.0,0.00,0.00,1005.5,NaN
2019-12-29T17:00,23.4,7.88,188,61,0.00,1,562.0,807.5,101.0,0.00,0.00,1005.6,NaN
2019-12-29T18:00,22.8,7.52,184,62,0.00,1,336.0,686.4,79.0,0.00,0.00,1005.9,NaN
2019-12-29T19:00,22.0,7.40,181,68,0.00,1,118.0,441.9,45.0,0.00,0.00,1006.5,NaN
2019-12-29T20:00,21.4,7.01,177,71,0.00,0,4.0,19.1,3.0,0.00,0.00,1006.7,NaN
2019-12-29T21:00,21.2,6.46,172,73,0.00,0,0.0,0.0,0.0,0.00,0.00,1007.0,NaN
2019-12-29T22:00,21.1,6.07,171,72,0.00,0,0.0,0.0,0.0,0.00,0.00,1007.2,NaN
2019-12-29T23:00,20.8,5.97,171,73,0.00,0,0.0,0.0,0.0,0.00,0.00,1007.3,NaN
2019-12-30T00:00,20.8,6.18,171,72,0.00,0,0.0,0.0,0.0,0.00,0.00,1007.4,NaN
2019-12-30T01:00,21.0,6.20,170,69,0.00,0,0.0,0.0,0.0,0.00,0.00,1007.0,NaN
2019-12-30T02:00,20.9,6.22,169,68,0.00,0,0.0,0.0,0.0,0.00,0.00,1006.7,NaN
2019-12-30T03:00,20.9,5.66,163,68,0.00,0,0.0,0.0,0.0,0.00,0.00,1006.6,NaN
2019-12-30T04:00,20.5,5.11,157,75,0.00,0,0.0,0.0,0.0,0.00,0.00,1006.8,NaN
2019-12-30T05:00,20.1,4.63,147,79,0.00,0,0.0,0.0,0.0,0.00,0.00,1007.0,NaN
2019-12-30T06:00,19.9,4.75,139,81,0.00,1,10.0,41.4,7.0,0.00,0.00,1007.6,NaN
2019-12-30T07:00,20.6,5.23,135,76,0.00,1,118.0,262.8,63.0,0.00,0.00,1008.2,NaN
2019-12-30T08:00,22.3,5.82,145,64,0.00,1,307.0,460.5,115.0,0.00,0.00,1008.6,NaN
2019-12-30T09:00,24.0,6.24,158,52,0.00,1,565.0,699.4,139.0,0.00,0.00,1008.4,NaN
2019-12-30T10:00,25.7,6.10,170,44,0.00,1,812.0,889.4,125.0,0.00,0.00,1008.1,NaN
2019-12-30T11:00,26.4,6.91,183,42,0.00,1,976.0,956.5,119.0,0.00,0.00,1007.7,NaN
2019-12-30T12:00,25.7,8.14,191,49,0.00,1,1072.0,977.1,123.0,0.00,0.00,1007.7,NaN
2019-12-30T13:00,25.4,8.40,189,50,0.00,1,1097.0,979.7,124.0,0.00,0.00,1007.7,NaN
2019-12-30T14:00,25.3,8.78,188,48,0.00,1,1054.0,969.5,123.0,0.00,0.00,1007.4,NaN
2019-12-30T15:00,24.9,9.14,185,49,0.00,1,949.0,950.1,118.0,0.00,0.00,1007.0,NaN
2019-12-30T16:00,24.2,9.20,182,52,0.00,1,785.0,909.4,110.0,0.00,0.00,1006.5,NaN
2019-12-30T17:00,23.4,9.00,179,55,0.00,1,576.0,837.3,97.0,0.00,0.00,1006.2,NaN
2019-12-30T18:00,22.2,8.73,175,61,0.00,1,344.0,705.4,79.0,0.00,0.00,1006.7,NaN
2019-12-30T19:00,21.0,7.99,171,66,0.00,1,121.0,450.7,46.0,0.00,0.00,1007.1,NaN
2019-12-30T20:00,20.4,7.53,169,69,0.00,0,4.0,19.1,3.0,0.00,0.00,1007.3,NaN
2019-12-30T21:00,20.2,7.24,169,71,0.00,0,0.0,0.0,0.0,0.00,0.00,1007.4,NaN
2019-12-30T22:00,20.0,6.99,167,73,0.00,0,0.0,0.0,0.0,0.00,0.00,1007.5,NaN
2019-12-30T23:00,19.8,6.58,163,74,0.00,0,0.0,0.0,0.0,0.00,0.00,1007.5,NaN
2019-12-31T00:00,19.6,6.07,160,73,0.00,0,0.0,0.0,0.0,0.00,0.00,1007.4,NaN
2019-12-31T01:00,19.1,5.55,154,71,0.00,0,0.0,0.0,0.0,0.00,0.00,1007.0,NaN
2019-12-31T02:00,18.4,4.89,149,70,0.00,0,0.0,0.0,0.0,0.00,0.00,1006.6,NaN
2019-12-31T03:00,17.8,4.49,148,68,0.00,0,0.0,0.0,0.0,0.00,0.00,1006.3,NaN
2019-12-31T04:00,17.3,4.10,146,68,0.00,0,0.0,0.0,0.0,0.00,0.00,1006.1,NaN
2019-12-31T05:00,16.9,4.02,145,69,0.00,0,0.0,0.0,0.0,0.00,0.00,1006.2,NaN
2019-12-31T06:00,17.1,4.30,144,68,0.00,1,13.0,70.0,8.0,0.00,0.00,1006.7,NaN
2019-12-31T07:00,19.0,4.80,149,61,0.00,1,160.0,507.1,55.0,0.00,0.00,1007.2,NaN
2019-12-31T08:00,21.5,4.97,150,54,0.00,1,387.0,735.0,82.0,0.00,0.00,1007.0,NaN
2019-12-31T09:00,24.5,4.30,155,43,0.00,1,618.0,854.6,99.0,0.00,0.00,1006.7,NaN
2019-12-31T10:00,27.1,4.23,173,36,0.00,1,820.0,922.1,109.0,0.00,0.00,1006.2,NaN
2019-12-31T11:00,28.0,5.63,192,38,0.00,1,976.0,959.8,117.0,0.00,0.00,1005.7,NaN
2019-12-31T12:00,27.0,7.08,199,50,0.00,1,1071.0,977.6,122.0,0.00,0.00,1005.3,NaN
2019-12-31T13:00,26.8,7.15,198,47,0.00,1,1096.0,979.7,123.0,0.00,0.00,1004.9,NaN
2019-12-31T14:00,27.0,7.28,196,44,0.00,1,1052.0,968.1,122.0,0.00,0.00,1004.6,NaN
2019-12-31T15:00,26.6,7.76,195,46,0.00,1,946.0,947.0,117.0,0.00,0.00,1003.9,NaN
2019-12-31T16:00,25.7,7.75,191,49,0.00,1,782.0,906.8,108.0,0.00,0.00,1003.6,NaN
2019-12-31T17:00,24.8,7.86,187,56,0.00,1,573.0,832.1,96.0,0.00,0.00,1003.6,NaN
2019-12-31T18:00,23.7,7.60,182,60,0.00,1,341.0,697.8,78.0,0.00,0.00,1003.9,NaN
2019-12-31T19:00,22.3,6.93,175,70,0.00,1,122.0,447.6,47.0,0.00,0.00,1004.3,NaN
2019-12-31T20:00,21.5,6.18,171,77,0.00,0,4.0,19.1,3.0,0.00,0.00,1004.6,NaN
2019-12-31T21:00,21.1,5.77,171,79,0.00,0,0.0,0.0,0.0,0.00,0.00,1004.6,NaN
2019-12-31T22:00,20.8,6.12,169,80,0.00,0,0.0,0.0,0.0,0.00,0.00,1004.4,NaN
2019-12-31T23:00,20.5,5.99,165,82,0.00,0,0.0,0.0,0.0,0.00,0.00,1004.2,NaN
2020-01-01T00:00,20.2,5.60,164,85,0.00,0,0.0,0.0,0.0,0.00,0.00,1003.7,NaN
2020-01-01T01:00,19.8,5.35,163,85,0.00,0,0.0,0.0,0.0,0.00,0.00,1003.0,NaN
2020-01-01T02:00,19.5,4.90,160,84,0.00,0,0.0,0.0,0.0,0.00,0.00,1002.8,NaN
2020-01-01T03:00,19.1,4.49,159,84,0.00,0,0.0,0.0,0.0,0.00,0.00,1002.7,NaN
2020-01-01T04:00,18.8,4.44,157,83,0.00,0,0.0,0.0,0.0,0.00,0.00,1003.0,NaN
2020-01-01T05:00,18.5,4.39,156,83,0.00,0,0.0,0.0,0.0,0.00,0.00,1003.2,NaN
2020-01-01T06:00,18.6,4.52,155,81,0.00,1,12.0,56.9,8.0,0.00,0.00,1003.6,NaN
2020-01-01T07:00,20.5,5.07,158,70,0.00,1,156.0,488.3,56.0,0.00,0.00,1004.1,NaN
2020-01-01T08:00,23.0,5.55,166,65,0.00,1,378.0,697.6,90.0,0.00,0.00,1003.3,NaN
2020-01-01T09:00,25.1,5.42,175,57,0.00,1,606.0,820.8,109.0,0.00,0.00,1003.1,NaN
2020-01-01T10:00,26.6,5.72,185,53,0.00,1,797.0,875.8,123.0,0.00,0.00,1002.9,NaN
2020-01-01T11:00,26.8,6.55,192,57,0.00,1,960.0,923.9,134.0,0.00,0.00,1002.7,NaN
2020-01-01T12:00,26.8,7.11,194,58,0.00,1,1058.0,953.4,133.0,0.00,0.00,1002.5,NaN
2020-01-01T13:00,26.7,7.54,195,57,0.00,1,1090.0,969.7,127.0,0.00,0.00,1002.4,NaN
2020-01-01T14:00,26.4,7.93,194,58,0.00,1,1053.0,968.8,122.0,0.00,0.00,1002.4,NaN
2020-01-01T15:00,25.8,8.28,192,61,0.00,1,947.0,947.4,117.0,0.00,0.00,1002.1,NaN
2020-01-01T16:00,24.9,8.28,192,66,0.00,1,782.0,904.3,109.0,0.00,0.00,1001.9,NaN
2020-01-01T17:00,24.0,8.17,188,70,0.00,1,573.0,827.0,98.0,0.00,0.00,1002.0,NaN
2020-01-01T18:00,22.9,7.92,184,75,0.00,1,340.0,679.8,83.0,0.00,0.00,1002.3,NaN
2020-01-01T19:00,21.9,7.50,182,80,0.00,1,121.0,438.7,47.0,0.00,0.00,1002.6,NaN
2020-01-01T20:00,21.3,6.80,182,84,0.00,0,4.0,19.1,3.0,0.00,0.00,1003.8,NaN
2020-01-01T21:00,20.9,6.40,178,85,0.00,0,0.0,0.0,0.0,0.00,0.00,1004.0,NaN
2020-01-01T22:00,20.6,5.91,176,86,0.00,0,0.0,0.0,0.0,0.00,0.00,1004.1,NaN
2020-01-01T23:00,20.3,5.91,177,87,0.00,0,0.0,0.0,0.0,0.00,0.00,1003.9,NaN
2020-01-02T00:00,20.2,6.20,180,86,0.00,0,0.0,0.0,0.0,0.00,0.00,1004.0,NaN
2020-01-02T01:00,20.4,6.70,179,83,0.00,0,0.0,0.0,0.0,0.00,0.00,1003.8,NaN
2020-01-02T02:00,20.2,6.90,178,81,0.00,0,0.0,0.0,0.0,0.00,0.00,1003.8,NaN
2020-01-02T03:00,20.2,7.12,176,79,0.00,0,0.0,0.0,0.0,0.00,0.00,1003.8,NaN
2020-01-02T04:00,20.1,6.73,175,78,0.00,0,0.0,0.0,0.0,0.00,0.00,1004.0,NaN
2020-01-02T05:00,20.2,6.65,173,76,0.00,0,0.0,0.0,0.0,0.00,0.00,1004.4,NaN
2020-01-02T06:00,20.3,6.33,175,75,0.00,1,7.0,14.5,6.0,0.00,0.00,1005.0,NaN
2020-01-02T07:00,20.9,6.80,178,70,0.00,1,90.0,79.0,74.0,0.00,0.00,1005.7,NaN
2020-01-02T08:00,22.0,6.70,181,65,0.00,1,203.0,63.3,177.0,0.00,0.00,1005.8,NaN
2020-01-02T09:00,23.0,7.22,185,61,0.00,1,431.0,294.9,253.0,0.00,0.00,1006.6,NaN
2020-01-02T10:00,23.5,7.17,188,56,0.00,1,541.0,290.3,318.0,0.00,0.00,1006.6,NaN
2020-01-02T11:00,24.7,7.04,191,51,0.00,1,843.0,589.0,317.0,0.00,0.00,1006.5,NaN
2020-01-02T12:00,25.0,7.50,193,52,0.00,1,964.0,725.0,261.0,0.00,0.00,1006.4,NaN
2020-01-02T13:00,25.2,7.75,197,51,0.00,1,1075.0,954.7,127.0,0.00,0.00,1006.3,NaN
2020-01-02T14:00,24.6,8.13,196,56,0.00,1,1028.0,922.8,141.0,0.00,0.00,1006.2,NaN
2020-01-02T15:00,23.7,7.93,194,56,0.00,1,705.0,368.4,382.0,0.00,0.00,1006.2,NaN
2020-01-02T16:00,23.2,8.05,194,56,0.00,1,664.0,612.0,208.0,0.00,0.00,1006.2,NaN
2020-01-02T17:00,22.6,8.13,196,58,0.00,1,499.0,601.3,153.0,0.00,0.00,1006.2,NaN
2020-01-02T18:00,21.6,7.81,193,63,0.00,1,229.0,290.1,119.0,0.00,0.00,1006.4,NaN
2020-01-02T19:00,21.1,7.86,195,64,0.00,1,102.0,294.6,52.0,0.00,0.00,1006.9,NaN
2020-01-02T20:00,21.1,7.67,195,64,0.00,0,2.0,0.0,2.0,0.00,0.00,1007.3,NaN
2020-01-02T21:00,20.6,7.74,194,72,0.00,0,0.0,0.0,0.0,0.00,0.00,1007.7,NaN
2020-01-02T22:00,19.3,7.45,195,81,0.10,0,0.0,0.0,0.0,0.10,0.00,1008.1,NaN
2020-01-02T23:00,19.0,8.17,188,81,0.10,0,0.0,0.0,0.0,0.10,0.00,1008.0,NaN
2020-01-03T00:00,18.7,7.72,184,80,0.10,0,0.0,0.0,0.0,0.10,0.00,1008.1,NaN
2020-01-03T01:00,18.5,7.90,179,80,0.10,0,0.0,0.0,0.0,0.10,0.00,1008.0,NaN
2020-01-03T02:00,18.3,8.10,180,79,0.10,0,0.0,0.0,0.0,0.10,0.00,1007.8,NaN
2020-01-03T03:00,18.2,8.41,178,77,0.00,0,0.0,0.0,0.0,0.00,0.00,1007.9,NaN
2020-01-03T04:00,18.1,8.31,178,73,0.00,0,0.0,0.0,0.0,0.00,0.00,1008.2,NaN
2020-01-03T05:00,17.8,8.55,174,71,0.00,0,0.0,0.0,0.0,0.00,0.00,1008.7,NaN
2020-01-03T06:00,18.2,8.22,170,66,0.00,1,9.0,44.2,6.0,0.00,0.00,1009.3,NaN
2020-01-03T07:00,18.8,8.95,166,58,0.00,1,115.0,294.8,56.0,0.00,0.00,1009.9,NaN
2020-01-03T08:00,20.7,9.04,170,38,0.00,1,286.0,452.8,101.0,0.00,0.00,1009.9,NaN
2020-01-03T09:00,21.4,8.85,170,38,0.00,1,528.0,601.5,166.0,0.00,0.00,1010.4,NaN
2020-01-03T10:00,21.7,8.81,171,37,0.00,1,589.0,431.7,258.0,0.00,0.00,1010.2,NaN
2020-01-03T11:00,22.0,9.11,177,37,0.00,1,732.0,464.1,318.0,0.00,0.00,1010.0,NaN
2020-01-03T12:00,22.5,9.40,179,35,0.00,1,938.0,620.2,337.0,0.00,0.00,1009.4,NaN
2020-01-03T13:00,22.8,9.40,179,35,0.00,1,1095.0,927.7,174.0,0.00,0.00,1008.6,NaN
2020-01-03T14:00,22.7,9.71,183,36,0.00,1,1065.0,975.5,127.0,0.00,0.00,1008.0,NaN
2020-01-03T15:00,22.3,10.11,182,38,0.00,1,961.0,959.7,119.0,0.00,0.00,1007.5,NaN
2020-01-03T16:00,21.6,10.21,182,41,0.00,1,794.0,916.8,110.0,0.00,0.00,1007.2,NaN
2020-01-03T17:00,20.9,10.30,182,43,0.00,1,584.0,843.1,98.0,0.00,0.00,1007.0,NaN
2020-01-03T18:00,20.0,10.30,181,46,0.00,1,350.0,710.1,80.0,0.00,0.00,1007.4,NaN
2020-01-03T19:00,19.4,9.90,178,49,0.00,1,126.0,457.0,48.0,0.00,0.00,1007.8,NaN
2020-01-03T20:00,18.6,9.38,173,55,0.00,0,5.0,18.8,4.0,0.00,0.00,1008.2,NaN
2020-01-03T21:00,18.4,9.08,169,57,0.00,0,0.0,0.0,0.0,0.00,0.00,1008.6,NaN
2020-01-03T22:00,18.1,8.71,165,60,0.00,0,0.0,0.0,0.0,0.00,0.00,1009.0,NaN
2020-01-03T23:00,17.9,8.43,158,58,0.00,0,0.0,0.0,0.0,0.00,0.00,1008.8,NaN
2020-01-04T00:00,17.3,7.69,152,56,0.00,0,0.0,0.0,0.0,0.00,0.00,1008.6,NaN
2020-01-04T01:00,16.7,7.10,148,57,0.00,0,0.0,0.0,0.0,0.00,0.00,1008.2,NaN
2020-01-04T02:00,16.2,6.82,145,60,0.00,0,0.0,0.0,0.0,0.00,0.00,1007.8,NaN
2020-01-04T03:00,15.8,6.46,145,61,0.00,0,0.0,0.0,0.0,0.00,0.00,1007.9,NaN
2020-01-04T04:00,15.5,5.89,140,61,0.00,0,0.0,0.0,0.0,0.00,0.00,1008.0,NaN
2020-01-04T05:00,15.2,5.52,135,59,0.00,0,0.0,0.0,0.0,0.00,0.00,1007.9,NaN
2020-01-04T06:00,15.6,5.69,129,52,0.00,1,11.0,60.0,7.0,0.00,0.00,1008.4,NaN
2020-01-04T07:00,17.9,6.27,124,37,0.00,1,156.0,515.9,54.0,0.00,0.00,1008.8,NaN
2020-01-04T08:00,20.4,8.21,112,31,0.00,1,388.0,750.5,83.0,0.00,0.00,1007.9,NaN
2020-01-04T09:00,23.0,7.88,110,27,0.00,1,624.0,873.4,100.0,0.00,0.00,1007.5,NaN
2020-01-04T10:00,25.4,7.47,110,24,0.00,1,830.0,939.6,111.0,0.00,0.00,1007.2,NaN
2020-01-04T11:00,27.3,7.09,112,21,0.00,1,988.0,976.5,118.0,0.00,0.00,1006.4,NaN
2020-01-04T12:00,29.0,6.61,110,18,0.00,1,1086.0,994.3,123.0,0.00,0.00,1005.8,NaN
2020-01-04T13:00,30.3,5.51,119,16,0.00,1,1115.0,998.3,124.0,0.00,0.00,1005.0,NaN
2020-01-04T14:00,30.8,5.02,149,16,0.00,1,1072.0,987.7,122.0,0.00,0.00,1004.0,NaN
2020-01-04T15:00,29.6,7.81,178,22,0.00,1,963.0,963.6,117.0,0.00,0.00,1002.9,NaN
2020-01-04T16:00,26.6,9.91,182,40,0.00,1,795.0,918.5,109.0,0.00,0.00,1002.5,NaN
2020-01-04T17:00,24.4,11.10,178,41,0.00,1,583.0,841.6,97.0,0.00,0.00,1002.3,NaN
2020-01-04T18:00,23.0,10.34,171,47,0.00,1,349.0,708.2,79.0,0.00,0.00,1002.8,NaN
2020-01-04T19:00,22.3,8.66,166,56,0.00,1,126.0,454.7,48.0,0.00,0.00,1003.3,NaN
2020-01-04T20:00,21.1,8.08,165,63,0.00,0,5.0,18.6,4.0,0.00,0.00,1003.6,NaN
2020-01-04T21:00,21.1,7.21,161,63,0.00,0,0.0,0.0,0.0,0.00,0.00,1003.8,NaN
2020-01-04T22:00,20.8,6.04,151,62,0.00,0,0.0,0.0,0.0,0.00,0.00,1004.0,NaN
2020-01-04T23:00,20.3,4.86,143,61,0.00,0,0.0,0.0,0.0,0.00,0.00,1003.8,NaN
2020-01-05T00:00,20.2,3.89,136,53,0.00,0,0.0,0.0,0.0,0.00,0.00,1003.5,NaN
2020-01-05T01:00,20.8,3.61,134,38,0.00,0,0.0,0.0,0.0,0.00,0.00,1002.8,NaN
2020-01-05T02:00,21.1,3.33,123,32,0.00,0,0.0,0.0,0.0,0.00,0.00,1002.6,NaN
2020-01-05T03:00,21.9,3.55,112,32,0.00,0,0.0,0.0,0.0,0.00,0.00,1002.3,NaN
2020-01-05T04:00,23.0,4.64,97,30,0.00,0,0.0,0.0,0.0,0.00,0.00,1002.1,NaN
2020-01-05T05:00,23.3,5.52,85,30,0.00,0,0.0,0.0,0.0,0.00,0.00,1002.1,NaN
2020-01-05T06:00,24.0,7.02,73,30,0.00,1,10.0,45.8,7.0,0.00,0.00,1002.6,NaN
2020-01-05T07:00,26.3,8.18,63,28,0.00,1,146.0,481.4,52.0,0.00,0.00,1002.7,NaN
2020-01-05T08:00,28.6,9.68,57,32,0.00,1,369.0,712.6,81.0,0.00,0.00,1002.7,NaN
2020-01-05T09:00,30.9,9.14,53,31,0.00,1,597.0,836.1,97.0,0.00,0.00,1002.9,NaN
2020-01-05T10:00,33.3,7.66,49,27,0.00,1,798.0,902.2,109.0,0.00,0.00,1002.5,NaN
2020-01-05T11:00,35.5,6.29,46,22,0.00,1,954.0,941.8,116.0,0.00,0.00,1002.2,NaN
2020-01-05T12:00,36.7,4.12,51,19,0.00,1,1051.0,960.9,121.0,0.00,0.00,1001.8,NaN
2020-01-05T13:00,37.5,2.46,63,17,0.00,1,1075.0,952.1,130.0,0.00,0.00,1001.1,NaN
2020-01-05T14:00,36.0,2.60,178,18,0.00,1,1015.0,911.6,138.0,0.00,0.00,1000.5,NaN
2020-01-05T15:00,33.9,7.28,189,29,0.00,1,924.0,911.7,123.0,0.00,0.00,1000.1,NaN
2020-01-05T16:00,32.6,8.86,191,30,0.00,1,753.0,819.9,140.0,0.00,0.00,999.8,NaN
2020-01-05T17:00,31.8,8.10,181,30,0.00,1,568.0,817.8,95.0,0.00,0.00,999.6,NaN
2020-01-05T18:00,30.2,6.62,176,34,0.00,1,342.0,690.8,78.0,0.00,0.00,1000.2,NaN
2020-01-05T19:00,28.1,6.33,168,45,0.00,1,124.0,446.7,47.0,0.00,0.00,1001.0,NaN
2020-01-05T20:00,26.2,6.58,160,40,0.00,0,5.0,18.5,4.0,0.00,0.00,1001.5,NaN
2020-01-05T21:00,25.5,5.96,157,38,0.00,0,0.0,0.0,0.0,0.00,0.00,1001.9,NaN
2020-01-05T22:00,25.0,5.22,160,41,0.00,0,0.0,0.0,0.0,0.00,0.00,1001.9,NaN
2020-01-05T23:00,24.5,4.39,156,43,0.00,0,0.0,0.0,0.0,0.00,0.00,1001.8,NaN
2020-01-06T00:00,23.9,3.68,158,43,0.00,0,0.0,0.0,0.0,0.00,0.00,1001.5,NaN
2020-01-06T01:00,23.4,3.55,158,44,0.00,0,0.0,0.0,0.0,0.00,0.00,1001.1,NaN
2020-01-06T02:00,22.8,3.53,155,44,0.00,0,0.0,0.0,0.0,0.00,0.00,1000.8,NaN
2020-01-06T03:00,22.2,2.98,140,42,0.00,0,0.0,0.0,0.0,0.00,0.00,1000.8,NaN
2020-01-06T04:00,21.2,2.14,127,40,0.00,0,0.0,0.0,0.0,0.00,0.00,1000.7,NaN
2020-01-06T05:00,20.7,2.16,124,38,0.00,0,0.0,0.0,0.0,0.00,0.00,1000.8,NaN
2020-01-06T06:00,21.2,2.10,115,34,0.00,1,9.0,46.7,6.0,0.00,0.00,1001.2,NaN
2020-01-06T07:00,24.9,2.19,133,24,0.00,1,145.0,487.6,51.0,0.00,0.00,1001.6,NaN
2020-01-06T08:00,28.4,1.26,162,20,0.00,1,369.0,716.6,81.0,0.00,0.00,1001.8,NaN
2020-01-06T09:00,31.8,0.82,166,17,0.00,1,597.0,835.5,99.0,0.00,0.00,1002.0,NaN
2020-01-06T10:00,33.9,0.94,212,16,0.00,1,798.0,901.4,111.0,0.00,0.00,1001.4,NaN
2020-01-06T11:00,33.3,4.25,210,24,0.00,1,954.0,938.4,120.0,0.00,0.00,1001.2,NaN
2020-01-06T12:00,32.2,6.05,202,29,0.00,1,1044.0,950.1,125.0,0.00,0.00,1000.8,NaN
2020-01-06T13:00,32.7,5.95,197,26,0.00,1,1067.0,941.2,133.0,0.00,0.00,1000.1,NaN
2020-01-06T14:00,32.6,6.31,195,25,0.00,1,1034.0,945.7,124.0,0.00,0.00,999.6,NaN
2020-01-06T15:00,31.3,7.32,190,30,0.00,1,935.0,930.5,117.0,0.00,0.00,999.0,NaN
2020-01-06T16:00,29.5,8.43,185,40,0.00,1,775.0,892.5,107.0,0.00,0.00,998.7,NaN
2020-01-06T17:00,28.5,7.60,178,46,0.00,1,570.0,820.0,95.0,0.00,0.00,998.6,NaN
2020-01-06T18:00,27.2,6.56,172,52,0.00,1,342.0,689.3,78.0,0.00,0.00,999.1,NaN
2020-01-06T19:00,26.2,5.50,181,53,0.00,1,124.0,444.8,47.0,0.00,0.00,999.5,NaN
2020-01-06T20:00,23.9,5.82,164,65,0.00,0,5.0,18.4,4.0,0.00,0.00,1000.1,NaN
2020-01-06T21:00,23.8,5.76,163,58,0.00,0,0.0,0.0,0.0,0.00,0.00,1000.3,NaN
2020-01-06T22:00,23.3,5.16,171,63,0.00,0,0.0,0.0,0.0,0.00,0.00,1000.4,NaN
2020-01-06T23:00,23.0,5.29,165,64,0.00,0,0.0,0.0,0.0,0.00,0.00,1000.3,NaN
2020-01-07T00:00,22.5,4.18,163,68,0.00,0,0.0,0.0,0.0,0.00,0.00,1000.0,NaN
2020-01-07T01:00,22.2,3.45,158,65,0.00,0,0.0,0.0,0.0,0.00,0.00,999.2,NaN
2020-01-07T02:00,21.8,3.20,160,63,0.00,0,0.0,0.0,0.0,0.00,0.00,998.7,NaN
2020-01-07T03:00,21.4,3.00,154,62,0.00,0,0.0,0.0,0.0,0.00,0.00,998.0,NaN
2020-01-07T04:00,20.8,2.06,141,58,0.00,0,0.0,0.0,0.0,0.00,0.00,997.9,NaN
2020-01-07T05:00,19.8,1.86,144,58,0.00,0,0.0,0.0,0.0,0.00,0.00,998.1,NaN
2020-01-07T06:00,21.0,2.42,156,52,0.00,1,8.0,47.7,5.0,0.00,0.00,998.7,NaN
2020-01-07T07:00,23.9,2.95,152,38,0.00,1,142.0,483.5,50.0,0.00,0.00,999.0,NaN
2020-01-07T08:00,25.6,3.36,157,37,0.00,1,366.0,715.7,80.0,0.00,0.00,999.1,NaN
2020-01-07T09:00,28.2,3.81,185,32,0.00,1,593.0,834.8,97.0,0.00,0.00,999.3,NaN
2020-01-07T10:00,28.1,5.28,199,42,0.00,1,796.0,904.5,108.0,0.00,0.00,998.9,NaN
2020-01-07T11:00,28.0,5.60,199,48,0.00,1,952.0,942.9,115.0,0.00,0.00,998.7,NaN
2020-01-07T12:00,28.0,5.91,199,48,0.00,1,1048.0,960.0,120.0,0.00,0.00,998.3,NaN
2020-01-07T13:00,27.5,6.74,198,51,0.00,1,1078.0,963.6,122.0,0.00,0.00,998.0,NaN
2020-01-07T14:00,27.2,7.47,196,54,0.00,1,1041.0,955.9,121.0,0.00,0.00,997.4,NaN
2020-01-07T15:00,26.6,7.40,193,57,0.00,1,938.0,934.5,116.0,0.00,0.00,997.2,NaN
2020-01-07T16:00,25.9,7.73,190,59,0.00,1,776.0,891.7,108.0,0.00,0.00,997.2,NaN
2020-01-07T17:00,25.0,7.50,189,63,0.00,1,571.0,818.9,96.0,0.00,0.00,997.4,NaN
2020-01-07T18:00,23.8,7.20,190,72,0.00,1,343.0,687.8,79.0,0.00,0.00,997.8,NaN
2020-01-07T19:00,22.4,6.82,184,79,0.00,1,124.0,443.1,47.0,0.00,0.00,998.2,NaN
2020-01-07T20:00,21.6,6.91,182,82,0.00,0,5.0,18.3,4.0,0.00,0.00,998.4,NaN
2020-01-07T21:00,21.6,5.90,182,82,0.00,0,0.0,0.0,0.0,0.00,0.00,998.8,NaN
2020-01-07T22:00,21.3,5.20,169,83,0.00,0,0.0,0.0,0.0,0.00,0.00,999.0,NaN
2020-01-07T23:00,20.9,5.32,168,85,0.00,0,0.0,0.0,0.0,0.00,0.00,998.9,NaN
2020-01-08T00:00,20.5,5.08,170,87,0.00,0,0.0,0.0,0.0,0.00,0.00,998.6,NaN
2020-01-08T01:00,20.3,4.90,160,87,0.00,0,0.0,0.0,0.0,0.00,0.00,998.2,NaN
2020-01-08T02:00,20.0,4.84,162,88,0.00,0,0.0,0.0,0.0,0.00,0.00,997.5,NaN
2020-01-08T03:00,19.9,4.67,170,87,0.00,0,0.0,0.0,0.0,0.00,0.00,997.3,NaN
2020-01-08T04:00,19.8,4.93,162,86,0.00,0,0.0,0.0,0.0,0.00,0.00,997.4,NaN
2020-01-08T05:00,19.7,4.94,159,83,0.00,0,0.0,0.0,0.0,0.00,0.00,997.8,NaN
2020-01-08T06:00,19.7,4.74,155,79,0.00,1,8.0,32.4,6.0,0.00,0.00,998.3,NaN
2020-01-08T07:00,21.4,5.25,162,66,0.00,1,138.0,463.4,51.0,0.00,0.00,998.6,NaN
2020-01-08T08:00,23.3,6.14,164,63,0.00,1,361.0,704.7,81.0,0.00,0.00,998.9,NaN
2020-01-08T09:00,25.0,6.33,175,60,0.00,1,586.0,812.2,105.0,0.00,0.00,999.1,NaN
2020-01-08T10:00,25.7,7.02,184,60,0.00,1,779.0,860.3,126.0,0.00,0.00,998.6,NaN
2020-01-08T11:00,25.7,7.81,190,62,0.00,1,929.0,890.0,140.0,0.00,0.00,998.5,NaN
2020-01-08T12:00,25.6,8.22,193,62,0.00,1,1029.0,925.5,135.0,0.00,0.00,998.3,NaN
2020-01-08T13:00,25.6,8.90,195,60,0.00,1,1067.0,947.7,127.0,0.00,0.00,998.3,NaN
2020-01-08T14:00,25.4,9.02,193,61,0.00,1,1034.0,948.5,121.0,0.00,0.00,998.3,NaN
2020-01-08T15:00,25.2,9.12,193,61,0.00,1,930.0,919.3,121.0,0.00,0.00,997.9,NaN
2020-01-08T16:00,24.5,9.63,193,64,0.00,1,771.0,880.2,111.0,0.00,0.00,997.6,NaN
2020-01-08T17:00,23.7,9.54,190,67,0.00,1,570.0,812.7,98.0,0.00,0.00,997.8,NaN
2020-01-08T18:00,22.9,9.24,186,69,0.00,1,340.0,671.0,82.0,0.00,0.00,998.6,NaN
2020-01-08T19:00,21.9,9.01,183,74,0.00,1,122.0,430.2,47.0,0.00,0.00,999.1,NaN
2020-01-08T20:00,21.3,8.50,181,77,0.00,0,5.0,18.2,4.0,0.00,0.00,999.2,NaN
2020-01-08T21:00,21.1,8.21,177,79,0.00,0,0.0,0.0,0.0,0.00,0.00,999.6,NaN
2020-01-08T22:00,21.0,8.41,177,79,0.00,0,0.0,0.0,0.0,0.00,0.00,1000.0,NaN
2020-01-08T23:00,20.9,9.14,175,78,0.00,0,0.0,0.0,0.0,0.00,0.00,999.7,NaN
2020-01-09T00:00,21.0,8.80,172,75,0.00,0,0.0,0.0,0.0,0.00,0.00,999.6,NaN
2020-01-09T01:00,21.0,9.31,171,74,0.00,0,0.0,0.0,0.0,0.00,0.00,999.1,NaN
2020-01-09T02:00,21.0,8.85,166,71,0.00,0,0.0,0.0,0.0,0.00,0.00,998.9,NaN
2020-01-09T03:00,20.8,7.96,165,71,0.00,0,0.0,0.0,0.0,0.00,0.00,998.9,NaN
2020-01-09T04:00,20.7,8.76,163,71,0.00,0,0.0,0.0,0.0,0.00,0.00,999.0,NaN
2020-01-09T05:00,20.1,7.81,161,74,0.00,0,0.0,0.0,0.0,0.00,0.00,999.4,NaN
2020-01-09T06:00,19.9,7.98,158,75,0.00,1,7.0,33.1,5.0,0.00,0.00,1000.4,NaN
2020-01-09T07:00,20.8,9.20,163,70,0.00,1,120.0,367.2,52.0,0.00,0.00,1001.1,NaN
2020-01-09T08:00,22.0,9.80,166,65,0.00,1,326.0,546.8,110.0,0.00,0.00,1001.1,NaN
2020-01-09T09:00,23.4,9.98,169,57,0.00,1,575.0,769.2,121.0,0.00,0.00,1001.6,NaN
2020-01-09T10:00,24.4,10.26,174,54,0.00,1,781.0,860.7,129.0,0.00,0.00,1001.3,NaN
2020-01-09T11:00,25.1,10.01,177,52,0.00,1,918.0,859.5,157.0,0.00,0.00,1001.1,NaN
2020-01-09T12:00,25.0,10.60,180,55,0.00,1,1052.0,964.5,121.0,0.00,0.00,1000.7,NaN
2020-01-09T13:00,25.4,10.40,178,52,0.00,1,1084.0,968.1,124.0,0.00,0.00,1000.4,NaN
2020-01-09T14:00,25.2,10.80,181,53,0.00,1,1049.0,961.8,123.0,0.00,0.00,1000.3,NaN
2020-01-09T15:00,24.3,11.10,180,56,0.00,1,947.0,942.7,117.0,0.00,0.00,999.9,NaN
2020-01-09T16:00,23.9,11.40,181,56,0.00,1,787.0,902.2,110.0,0.00,0.00,999.7,NaN
2020-01-09T17:00,22.8,11.70,180,61,0.00,1,581.0,832.3,97.0,0.00,0.00,999.8,NaN
2020-01-09T18:00,22.0,11.31,177,64,0.00,1,350.0,701.0,80.0,0.00,0.00,1000.4,NaN
2020-01-09T19:00,20.9,10.35,174,70,0.00,1,128.0,457.6,48.0,0.00,0.00,1001.2,NaN
2020-01-09T20:00,20.5,9.48,173,71,0.00,0,5.0,18.1,4.0,0.00,0.00,1001.4,NaN
2020-01-09T21:00,20.5,9.73,168,73,0.00,0,0.0,0.0,0.0,0.00,0.00,1001.8,NaN
2020-01-09T22:00,20.5,9.37,164,74,0.00,0,0.0,0.0,0.0,0.00,0.00,1002.4,NaN
2020-01-09T23:00,20.3,8.42,160,71,0.00,0,0.0,0.0,0.0,0.00,0.00,1002.4,NaN
2020-01-10T00:00,20.0,7.71,157,66,0.00,0,0.0,0.0,0.0,0.00,0.00,1002.2,NaN
2020-01-10T01:00,19.6,7.07,153,66,0.00,0,0.0,0.0,0.0,0.00,0.00,1002.2,NaN
2020-01-10T02:00,19.4,6.18,151,65,0.00,0,0.0,0.0,0.0,0.00,0.00,1001.9,NaN
2020-01-10T03:00,19.3,5.25,149,63,0.00,0,0.0,0.0,0.0,0.00,0.00,1002.0,NaN
2020-01-10T04:00,19.7,4.94,148,56,0.00,0,0.0,0.0,0.0,0.00,0.00,1002.0,NaN
2020-01-10T05:00,20.7,4.92,142,44,0.00,0,0.0,0.0,0.0,0.00,0.00,1002.4,NaN
2020-01-10T06:00,22.2,5.40,129,41,0.00,1,7.0,33.9,5.0,0.00,0.00,1003.1,NaN
2020-01-10T07:00,25.0,5.92,120,45,0.00,1,136.0,470.9,50.0,0.00,0.00,1004.1,NaN
2020-01-10T08:00,26.0,7.38,103,41,0.00,1,361.0,713.0,81.0,0.00,0.00,1004.7,NaN
2020-01-10T09:00,28.2,7.36,97,35,0.00,1,598.0,848.2,99.0,0.00,0.00,1004.7,NaN
2020-01-10T10:00,30.6,7.06,102,29,0.00,1,807.0,922.0,110.0,0.00,0.00,1004.6,NaN
2020-01-10T11:00,32.7,7.20,104,24,0.00,1,970.0,964.6,117.0,0.00,0.00,1004.1,NaN
2020-01-10T12:00,34.5,6.99,107,19,0.00,1,1072.0,985.9,121.0,0.00,0.00,1003.7,NaN
2020-01-10T13:00,35.2,6.19,121,16,0.00,1,1107.0,992.5,123.0,0.00,0.00,1002.8,NaN
2020-01-10T14:00,35.9,6.16,132,14,0.00,1,1072.0,986.7,122.0,0.00,0.00,1001.9,NaN
2020-01-10T15:00,36.1,6.19,149,13,0.00,1,968.0,966.2,117.0,0.00,0.00,1001.7,NaN
2020-01-10T16:00,33.6,7.28,167,20,0.00,1,806.0,926.8,110.0,0.00,0.00,1001.7,NaN
2020-01-10T17:00,31.2,7.27,172,39,0.00,1,596.0,857.3,97.0,0.00,0.00,1001.5,NaN
2020-01-10T18:00,29.8,6.66,172,45,0.00,1,359.0,723.3,80.0,0.00,0.00,1001.7,NaN
2020-01-10T19:00,28.5,5.61,169,47,0.00,1,132.0,479.5,48.0,0.00,0.00,1002.2,NaN
2020-01-10T20:00,25.3,5.89,170,60,0.00,0,5.0,18.1,4.0,0.00,0.00,1002.4,NaN
2020-01-10T21:00,25.6,4.61,156,49,0.00,0,0.0,0.0,0.0,0.00,0.00,1002.5,NaN
2020-01-10T22:00,27.1,3.98,129,23,0.00,0,0.0,0.0,0.0,0.00,0.00,1002.8,NaN
2020-01-10T23:00,27.5,4.31,112,12,0.00,0,0.0,0.0,0.0,0.00,0.00,1003.0,NaN
2020-01-11T00:00,28.1,5.51,93,14,0.00,0,0.0,0.0,0.0,0.00,0.00,1003.0,NaN
2020-01-11T01:00,28.1,6.77,82,20,0.00,0,0.0,0.0,0.0,0.00,0.00,1003.2,NaN
2020-01-11T02:00,27.1,6.58,81,23,0.00,0,0.0,0.0,0.0,0.00,0.00,1002.9,NaN
2020-01-11T03:00,26.2,6.48,81,23,0.00,0,0.0,0.0,0.0,0.00,0.00,1002.8,NaN
2020-01-11T04:00,25.7,6.49,80,24,0.00,0,0.0,0.0,0.0,0.00,0.00,1003.1,NaN
2020-01-11T05:00,25.2,6.43,78,27,0.00,0,0.0,0.0,0.0,0.00,0.00,1003.5,NaN
2020-01-11T06:00,24.7,6.79,76,33,0.00,1,6.0,34.6,4.0,0.00,0.00,1004.1,NaN
2020-01-11T07:00,25.5,8.90,75,37,0.00,1,133.0,466.5,49.0,0.00,0.00,1004.7,NaN
2020-01-11T08:00,28.1,8.66,76,35,0.00,1,355.0,704.4,80.0,0.00,0.00,1003.9,NaN
2020-01-11T09:00,29.8,8.89,73,33,0.00,1,584.0,830.6,97.0,0.00,0.00,1004.0,NaN
2020-01-11T10:00,31.6,8.38,73,31,0.00,1,787.0,898.7,109.0,0.00,0.00,1003.8,NaN
2020-01-11T11:00,33.3,7.62,73,30,0.00,1,944.0,937.5,116.0,0.00,0.00,1003.5,NaN
2020-01-11T12:00,34.9,6.36,77,28,0.00,1,1044.0,957.5,121.0,0.00,0.00,1002.8,NaN
2020-01-11T13:00,36.2,5.35,82,26,0.00,1,1076.0,962.5,122.0,0.00,0.00,1002.2,NaN
2020-01-11T14:00,36.9,4.23,97,26,0.00,1,1037.0,952.4,120.0,0.00,0.00,1001.0,NaN
2020-01-11T15:00,35.9,3.19,131,28,0.00,1,933.0,927.2,116.0,0.00,0.00,1000.5,NaN
2020-01-11T16:00,34.3,5.64,187,32,0.00,1,771.0,881.0,109.0,0.00,0.00,999.9,NaN
2020-01-11T17:00,32.0,6.71,190,39,0.00,1,503.0,621.3,141.0,0.00,0.00,999.7,NaN
2020-01-11T18:00,29.8,7.88,188,45,0.00,1,342.0,683.6,78.0,0.00,0.00,1000.1,NaN
2020-01-11T19:00,27.1,8.15,174,50,0.00,1,124.0,438.8,47.0,0.00,0.00,1000.6,NaN
2020-01-11T20:00,25.9,6.17,163,49,0.00,0,5.0,18.0,4.0,0.00,0.00,1001.2,NaN
2020-01-11T21:00,26.2,5.12,163,49,0.00,0,0.0,0.0,0.0,0.00,0.00,1001.7,NaN
2020-01-11T22:00,25.9,3.68,135,46,0.00,0,0.0,0.0,0.0,0.00,0.00,1002.0,NaN
2020-01-11T23:00,25.7,2.39,147,42,0.00,0,0.0,0.0,0.0,0.00,0.00,1001.8,NaN
2020-01-12T00:00,24.5,1.84,139,45,0.00,0,0.0,0.0,0.0,0.00,0.00,1001.6,NaN
2020-01-12T01:00,24.4,2.43,99,48,0.00,0,0.0,0.0,0.0,0.00,0.00,1001.1,NaN
2020-01-12T02:00,25.3,2.15,62,49,0.00,0,0.0,0.0,0.0,0.00,0.00,1000.6,NaN
2020-01-12T03:00,26.0,3.12,50,52,0.00,0,0.0,0.0,0.0,0.00,0.00,1000.7,NaN
2020-01-12T04:00,25.8,3.62,51,57,0.00,0,0.0,0.0,0.0,0.00,0.00,1000.8,NaN
2020-01-12T05:00,25.1,3.28,52,63,0.00,0,0.0,0.0,0.0,0.00,0.00,1001.0,NaN
2020-01-12T06:00,24.7,3.33,57,65,0.00,1,6.0,17.7,5.0,0.00,0.00,1001.5,NaN
2020-01-12T07:00,27.1,3.62,62,57,0.00,1,128.0,450.8,48.0,0.00,0.00,1002.3,NaN
2020-01-12T08:00,30.3,3.58,54,45,0.00,1,348.0,690.5,80.0,0.00,0.00,1002.0,NaN
2020-01-12T09:00,32.3,1.41,98,36,0.00,1,580.0,826.5,97.0,0.00,0.00,1002.0,NaN
2020-01-12T10:00,32.7,3.20,200,35,0.00,1,785.0,897.9,109.0,0.00,0.00,1001.7,NaN
2020-01-12T11:00,32.0,5.76,219,42,0.00,1,943.0,937.6,116.0,0.00,0.00,1001.4,NaN
2020-01-12T12:00,32.2,6.44,213,40,0.00,1,1040.0,955.1,120.0,0.00,0.00,1001.2,NaN
2020-01-12T13:00,31.3,7.29,207,43,0.00,1,1072.0,957.8,123.0,0.00,0.00,1000.7,NaN
2020-01-12T14:00,31.2,6.87,201,45,0.00,1,1037.0,951.3,121.0,0.00,0.00,1000.4,NaN
2020-01-12T15:00,29.5,7.64,194,50,0.00,1,937.0,931.5,116.0,0.00,0.00,1000.4,NaN
2020-01-12T16:00,28.1,7.92,184,55,0.00,1,774.0,883.2,110.0,0.00,0.00,1000.3,NaN
2020-01-12T17:00,27.3,8.50,181,57,0.00,1,571.0,814.7,96.0,0.00,0.00,1000.1,NaN
2020-01-12T18:00,25.6,8.26,173,61,0.00,1,343.0,683.0,79.0,0.00,0.00,1000.5,NaN
2020-01-12T19:00,23.6,7.84,174,71,0.00,1,125.0,444.0,47.0,0.00,0.00,1001.5,NaN
2020-01-12T20:00,22.6,6.79,166,70,0.00,0,5.0,18.0,4.0,0.00,0.00,1001.7,NaN
2020-01-12T21:00,22.4,6.81,170,72,0.00,0,0.0,0.0,0.0,0.00,0.00,1001.9,NaN
2020-01-12T22:00,22.2,6.65,164,71,0.00,0,0.0,0.0,0.0,0.00,0.00,1002.3,NaN
2020-01-12T23:00,21.8,6.65,168,75,0.00,0,0.0,0.0,0.0,0.00,0.00,1002.2,NaN
2020-01-13T00:00,21.4,6.33,164,79,0.00,0,0.0,0.0,0.0,0.00,0.00,1002.3,NaN
2020-01-13T01:00,21.1,6.07,163,81,0.00,0,0.0,0.0,0.0,0.00,0.00,1001.8,NaN
2020-01-13T02:00,20.8,5.69,162,81,0.00,0,0.0,0.0,0.0,0.00,0.00,1001.2,NaN
2020-01-13T03:00,20.7,4.98,158,78,0.00,0,0.0,0.0,0.0,0.00,0.00,1000.8,NaN
2020-01-13T04:00,20.5,4.53,158,77,0.00,0,0.0,0.0,0.0,0.00,0.00,1000.7,NaN
2020-01-13T05:00,20.4,4.09,158,77,0.00,0,0.0,0.0,0.0,0.00,0.00,1000.8,NaN
2020-01-13T06:00,20.6,3.89,154,76,0.00,1,5.0,18.1,4.0,0.00,0.00,1001.1,NaN
2020-01-13T07:00,22.5,3.86,159,65,0.00,1,120.0,405.9,49.0,0.00,0.00,1001.3,NaN
2020-01-13T08:00,24.9,3.98,155,57,0.00,1,337.0,658.3,83.0,0.00,0.00,1000.8,NaN
2020-01-13T09:00,28.4,3.71,166,43,0.00,1,562.0,793.2,100.0,0.00,0.00,1000.8,NaN
2020-01-13T10:00,30.4,4.77,190,40,0.00,1,754.0,837.2,125.0,0.00,0.00,1000.3,NaN
2020-01-13T11:00,29.6,6.61,198,49,0.00,1,927.0,920.6,116.0,0.00,0.00,1000.1,NaN
2020-01-13T12:00,28.9,7.64,194,49,0.00,1,1023.0,934.0,124.0,0.00,0.00,999.5,NaN
2020-01-13T13:00,29.2,7.67,192,45,0.00,1,1064.0,953.1,120.0,0.00,0.00,998.8,NaN
2020-01-13T14:00,29.2,7.96,192,47,0.00,1,1027.0,943.0,119.0,0.00,0.00,998.4,NaN
2020-01-13T15:00,28.3,7.94,186,50,0.00,1,925.0,925.6,109.0,0.00,0.00,998.2,NaN
2020-01-13T16:00,28.0,7.62,185,52,0.00,1,770.0,884.1,105.0,0.00,0.00,997.9,NaN
2020-01-13T17:00,26.8,7.31,183,58,0.00,1,560.0,795.3,96.0,0.00,0.00,997.9,NaN
2020-01-13T18:00,25.8,6.80,178,61,0.00,1,339.0,677.3,77.0,0.00,0.00,998.5,NaN
2020-01-13T19:00,24.9,5.05,172,65,0.00,1,122.0,426.8,47.0,0.00,0.00,999.5,NaN
2020-01-13T20:00,23.4,5.01,177,72,0.00,0,5.0,18.0,4.0,0.00,0.00,999.2,NaN
2020-01-13T21:00,23.3,4.30,177,73,0.00,0,0.0,0.0,0.0,0.00,0.00,999.7,NaN
2020-01-13T22:00,23.2,4.50,179,72,0.00,0,0.0,0.0,0.0,0.00,0.00,1000.1,NaN
2020-01-13T23:00,22.9,3.93,173,74,0.00,0,0.0,0.0,0.0,0.00,0.00,1000.2,NaN
2020-01-14T00:00,22.4,4.30,180,77,0.00,0,0.0,0.0,0.0,0.00,0.00,999.9,NaN
2020-01-14T01:00,22.0,4.11,176,81,0.00,0,0.0,0.0,0.0,0.00,0.00,999.5,NaN
2020-01-14T02:00,21.7,2.96,168,84,0.00,0,0.0,0.0,0.0,0.00,0.00,999.2,NaN
2020-01-14T03:00,21.4,1.39,159,85,0.00,0,0.0,0.0,0.0,0.00,0.00,999.0,NaN
2020-01-14T04:00,21.3,1.30,176,86,0.00,0,0.0,0.0,0.0,0.00,0.00,998.7,NaN
2020-01-14T05:00,21.3,1.33,167,88,0.00,0,0.0,0.0,0.0,0.00,0.00,999.3,NaN
2020-01-14T06:00,21.4,1.03,119,88,0.00,1,5.0,18.6,4.0,0.00,0.00,1000.0,NaN
2020-01-14T07:00,23.8,0.45,63,74,0.00,1,119.0,423.5,46.0,0.00,0.00,1000.8,NaN
2020-01-14T08:00,25.4,2.71,176,70,0.00,1,332.0,659.6,79.0,0.00,0.00,1001.1,NaN
2020-01-14T09:00,27.7,2.37,208,61,0.00,1,554.0,789.0,96.0,0.00,0.00,1001.1,NaN
2020-01-14T10:00,28.8,3.48,219,58,0.00,1,753.0,860.2,108.0,0.00,0.00,1001.0,NaN
2020-01-14T11:00,28.9,4.42,218,57,0.00,1,908.0,900.2,116.0,0.00,0.00,1000.9,NaN
2020-01-14T12:00,28.9,4.90,219,56,0.00,1,1010.0,926.4,119.0,0.00,0.00,1000.9,NaN
2020-01-14T13:00,28.7,5.80,212,56,0.00,1,1047.0,935.2,121.0,0.00,0.00,1000.8,NaN
2020-01-14T14:00,28.7,6.53,207,56,0.00,1,1009.0,925.4,118.0,0.00,0.00,1000.2,NaN
2020-01-14T15:00,27.9,6.55,196,58,0.00,1,909.0,899.3,116.0,0.00,0.00,1000.0,NaN
2020-01-14T16:00,27.4,6.28,194,59,0.00,1,752.0,855.9,108.0,0.00,0.00,1000.0,NaN
2020-01-14T17:00,26.4,5.61,191,64,0.00,1,554.0,786.4,95.0,0.00,0.00,1000.2,NaN
2020-01-14T18:00,25.1,5.66,188,71,0.00,1,331.0,651.2,79.0,0.00,0.00,1000.6,NaN
2020-01-14T19:00,23.8,5.32,184,77,0.00,1,120.0,415.5,47.0,0.00,0.00,1001.1,NaN
2020-01-14T20:00,23.1,5.11,183,80,0.00,0,5.0,18.0,4.0,0.00,0.00,1001.3,NaN
2020-01-14T21:00,23.0,4.10,180,78,0.00,0,0.0,0.0,0.0,0.00,0.00,1001.9,NaN
2020-01-14T22:00,22.9,4.20,180,78,0.00,0,0.0,0.0,0.0,0.00,0.00,1002.0,NaN
2020-01-14T23:00,22.9,4.50,181,79,0.00,0,0.0,0.0,0.0,0.00,0.00,1001.6,NaN
2020-01-15T00:00,22.8,3.35,170,80,0.00,0,0.0,0.0,0.0,0.00,0.00,1002.1,NaN
2020-01-15T01:00,22.6,4.00,179,82,0.00,0,0.0,0.0,0.0,0.00,0.00,1001.1,NaN
2020-01-15T02:00,22.5,3.81,157,84,0.00,0,0.0,0.0,0.0,0.00,0.00,1000.3,NaN
2020-01-15T03:00,22.4,2.61,176,84,0.00,0,0.0,0.0,0.0,0.00,0.00,1000.2,NaN
2020-01-15T04:00,22.2,1.65,194,86,0.00,0,0.0,0.0,0.0,0.00,0.00,1000.4,NaN
2020-01-15T05:00,22.0,1.10,180,88,0.00,0,0.0,0.0,0.0,0.00,0.00,1000.5,NaN
2020-01-15T06:00,22.1,0.64,219,89,0.00,1,4.0,19.0,3.0,0.00,0.00,1001.1,NaN
2020-01-15T07:00,23.4,0.91,276,80,0.10,1,99.0,329.8,43.0,0.10,0.00,1001.6,NaN
2020-01-15T08:00,23.8,1.98,229,77,0.00,1,210.0,296.4,97.0,0.00,0.00,1001.9,NaN
2020-01-15T09:00,25.6,1.53,238,69,0.00,1,530.0,738.0,103.0,0.00,0.00,1002.2,NaN
2020-01-15T10:00,27.6,2.19,246,61,0.00,1,733.0,824.6,116.0,0.00,0.00,1001.9,NaN
2020-01-15T11:00,29.1,3.07,251,56,0.00,1,899.0,888.8,118.0,0.00,0.00,1001.7,NaN
2020-01-15T12:00,29.5,3.88,258,53,0.00,1,988.0,887.5,135.0,0.00,0.00,1001.6,NaN
2020-01-15T13:00,29.0,3.61,256,53,0.00,1,1004.0,866.9,146.0,0.00,0.00,1001.6,NaN
2020-01-15T14:00,28.9,4.30,252,54,0.00,1,968.0,850.7,149.0,0.00,0.00,1001.3,NaN
2020-01-15T15:00,28.1,4.35,247,58,0.00,1,856.0,801.7,149.0,0.00,0.00,1001.2,NaN
2020-01-15T16:00,27.9,3.40,223,57,0.00,1,741.0,834.4,113.0,0.00,0.00,1001.1,NaN
2020-01-15T17:00,27.2,3.16,215,61,0.00,1,495.0,659.4,110.0,0.00,0.00,1001.1,NaN
2020-01-15T18:00,25.5,3.44,206,71,0.00,1,244.0,395.3,91.0,0.00,0.00,1001.3,NaN
2020-01-15T19:00,24.7,2.22,188,77,0.00,1,93.0,262.0,47.0,0.00,0.00,1002.1,NaN
2020-01-15T20:00,23.2,2.86,192,81,0.10,0,4.0,18.1,3.0,0.10,0.00,1002.0,NaN
2020-01-15T21:00,22.9,2.60,203,82,0.00,0,0.0,0.0,0.0,0.00,0.00,1002.7,NaN
2020-01-15T22:00,22.6,2.34,200,84,0.00,0,0.0,0.0,0.0,0.00,0.00,1002.9,NaN
2020-01-15T23:00,22.3,2.00,217,86,0.00,0,0.0,0.0,0.0,0.00,0.00,1002.8,NaN
2020-01-16T00:00,22.2,2.06,247,87,0.00,0,0.0,0.0,0.0,0.00,0.00,1002.6,NaN
2020-01-16T01:00,22.0,1.62,248,90,0.00,0,0.0,0.0,0.0,0.00,0.00,1002.0,NaN
2020-01-16T02:00,21.9,1.30,266,91,0.00,0,0.0,0.0,0.0,0.00,0.00,1001.6,NaN
2020-01-16T03:00,21.5,1.02,281,94,0.00,0,0.0,0.0,0.0,0.00,0.00,1001.5,NaN
2020-01-16T04:00,21.3,1.22,325,95,0.00,0,0.0,0.0,0.0,0.00,0.00,1001.6,NaN
2020-01-16T05:00,21.4,1.22,305,94,0.00,0,0.0,0.0,0.0,0.00,0.00,1001.4,NaN
2020-01-16T06:00,21.7,1.32,279,93,0.00,1,3.0,19.1,2.0,0.00,0.00,1001.8,NaN
2020-01-16T07:00,23.4,1.32,279,81,0.00,1,113.0,406.7,45.0,0.00,0.00,1002.4,NaN
2020-01-16T08:00,23.6,2.09,287,79,0.00,1,324.0,649.1,78.0,0.00,0.00,1003.2,NaN
2020-01-16T09:00,25.1,2.62,288,72,0.00,1,435.0,426.6,189.0,0.00,0.00,1003.0,NaN
2020-01-16T10:00,26.6,3.10,270,65,0.00,1,730.0,795.5,136.0,0.00,0.00,1003.0,NaN
2020-01-16T11:00,27.4,3.81,267,62,0.00,1,906.0,907.0,110.0,0.00,0.00,1003.0,NaN
2020-01-16T12:00,27.6,4.16,260,61,0.00,1,1006.0,923.6,119.0,0.00,0.00,1003.0,NaN
2020-01-16T13:00,27.7,4.10,257,61,0.00,1,1039.0,919.8,129.0,0.00,0.00,1002.6,NaN
2020-01-16T14:00,27.8,4.05,254,60,0.00,1,989.0,847.7,173.0,0.00,0.00,1002.0,NaN
2020-01-16T15:00,27.5,3.92,251,63,0.00,1,899.0,841.3,157.0,0.00,0.00,1001.8,NaN
2020-01-16T16:00,27.2,3.44,244,64,0.00,1,749.0,830.2,124.0,0.00,0.00,1001.4,NaN
2020-01-16T17:00,26.3,3.35,243,68,0.00,1,545.0,727.7,120.0,0.00,0.00,1001.0,NaN
2020-01-16T18:00,25.2,3.33,237,75,0.00,1,337.0,669.1,78.0,0.00,0.00,1001.0,NaN
2020-01-16T19:00,23.9,2.80,235,84,0.00,1,121.0,427.7,46.0,0.00,0.00,1001.6,NaN
2020-01-16T20:00,23.1,2.77,229,88,0.00,0,5.0,18.1,4.0,0.00,0.00,1002.2,NaN
2020-01-16T21:00,23.1,2.86,216,87,0.00,0,0.0,0.0,0.0,0.00,0.00,1002.7,NaN
2020-01-16T22:00,23.1,3.20,200,86,0.00,0,0.0,0.0,0.0,0.00,0.00,1003.0,NaN
2020-01-16T23:00,22.9,3.35,197,89,0.00,0,0.0,0.0,0.0,0.00,0.00,1002.8,NaN
2020-01-17T00:00,22.4,3.14,189,93,0.00,0,0.0,0.0,0.0,0.00,0.00,1002.3,NaN
2020-01-17T01:00,22.1,2.30,178,94,0.00,0,0.0,0.0,0.0,0.00,0.00,1001.9,NaN
2020-01-17T02:00,21.9,2.00,180,95,0.00,0,0.0,0.0,0.0,0.00,0.00,1001.5,NaN
2020-01-17T03:00,21.7,1.91,186,95,0.00,0,0.0,0.0,0.0,0.00,0.00,1001.5,NaN
2020-01-17T04:00,21.7,2.45,192,94,0.00,0,0.0,0.0,0.0,0.00,0.00,1001.4,NaN
2020-01-17T05:00,21.6,3.22,187,91,0.00,0,0.0,0.0,0.0,0.00,0.00,1001.7,NaN
2020-01-17T06:00,21.7,3.41,175,90,0.00,1,3.0,19.1,2.0,0.00,0.00,1002.1,NaN
2020-01-17T07:00,23.0,4.47,170,81,0.00,1,109.0,388.9,45.0,0.00,0.00,1002.9,NaN
2020-01-17T08:00,24.6,4.75,172,72,0.00,1,319.0,621.3,85.0,0.00,0.00,1002.7,NaN
2020-01-17T09:00,27.0,4.34,172,59,0.00,1,547.0,770.9,104.0,0.00,0.00,1002.6,NaN
2020-01-17T10:00,28.5,5.51,192,53,0.00,1,755.0,865.6,110.0,0.00,0.00,1002.7,NaN
2020-01-17T11:00,27.3,7.28,193,61,0.00,1,906.0,869.5,144.0,0.00,0.00,1002.8,NaN
2020-01-17T12:00,28.2,7.26,187,54,0.00,1,1003.0,876.5,162.0,0.00,0.00,1002.5,NaN
2020-01-17T13:00,28.6,7.48,188,54,0.00,1,1052.0,928.3,134.0,0.00,0.00,1002.1,NaN
2020-01-17T14:00,28.0,8.08,188,56,0.00,1,1024.0,938.3,121.0,0.00,0.00,1001.8,NaN
2020-01-17T15:00,27.3,8.75,186,55,0.00,1,923.0,915.0,116.0,0.00,0.00,1002.0,NaN
2020-01-17T16:00,26.2,8.44,185,60,0.00,1,765.0,872.6,108.0,0.00,0.00,1001.7,NaN
2020-01-17T17:00,25.1,8.32,183,66,0.00,1,563.0,799.5,96.0,0.00,0.00,1001.5,NaN
2020-01-17T18:00,24.1,7.60,178,73,0.00,1,337.0,666.7,79.0,0.00,0.00,1001.9,NaN
2020-01-17T19:00,23.2,6.85,173,75,0.00,1,121.0,428.4,46.0,0.00,0.00,1002.6,NaN
2020-01-17T20:00,22.2,6.44,174,82,0.00,0,5.0,18.2,4.0,0.00,0.00,1003.0,NaN
2020-01-17T21:00,21.8,5.76,172,85,0.00,0,0.0,0.0,0.0,0.00,0.00,1003.7,NaN
2020-01-17T22:00,21.5,6.07,171,86,0.00,0,0.0,0.0,0.0,0.00,0.00,1003.9,NaN
2020-01-17T23:00,21.7,6.79,171,81,0.00,0,0.0,0.0,0.0,0.00,0.00,1004.0,NaN
2020-01-18T00:00,21.8,6.65,168,80,0.00,0,0.0,0.0,0.0,0.00,0.00,1003.4,NaN
2020-01-18T01:00,21.5,6.79,166,81,0.00,0,0.0,0.0,0.0,0.00,0.00,1002.8,NaN
2020-01-18T02:00,21.2,6.57,167,84,0.00,0,0.0,0.0,0.0,0.00,0.00,1002.5,NaN
2020-01-18T03:00,21.1,6.48,167,83,0.00,0,0.0,0.0,0.0,0.00,0.00,1002.4,NaN
2020-01-18T04:00,21.0,6.53,165,84,0.00,0,0.0,0.0,0.0,0.00,0.00,1002.7,NaN
2020-01-18T05:00,20.8,6.07,163,85,0.00,0,0.0,0.0,0.0,0.00,0.00,1003.0,NaN
2020-01-18T06:00,20.8,5.48,159,84,0.00,1,3.0,0.0,3.0,0.00,0.00,1003.5,NaN
2020-01-18T07:00,22.3,5.85,160,75,0.00,1,106.0,364.5,47.0,0.00,0.00,1004.0,NaN
2020-01-18T08:00,24.1,6.14,164,66,0.00,1,308.0,577.1,92.0,0.00,0.00,1003.8,NaN
2020-01-18T09:00,25.7,5.74,173,59,0.00,1,514.0,658.3,137.0,0.00,0.00,1003.6,NaN
2020-01-18T10:00,26.9,5.05,188,55,0.00,1,697.0,722.2,160.0,0.00,0.00,1003.4,NaN
2020-01-18T11:00,27.4,6.36,196,59,0.00,1,868.0,803.2,165.0,0.00,0.00,1003.3,NaN
2020-01-18T12:00,26.7,7.69,196,65,0.00,1,1008.0,921.0,125.0,0.00,0.00,1002.8,NaN
2020-01-18T13:00,27.1,7.84,191,60,0.00,1,1053.0,939.9,124.0,0.00,0.00,1002.6,NaN
2020-01-18T14:00,27.3,8.50,189,58,0.00,1,1016.0,923.9,127.0,0.00,0.00,1002.1,NaN
2020-01-18T15:00,26.7,8.85,186,61,0.00,1,916.0,895.8,126.0,0.00,0.00,1001.9,NaN
2020-01-18T16:00,26.1,8.61,182,62,0.00,1,761.0,854.0,118.0,0.00,0.00,1001.5,NaN
2020-01-18T17:00,25.2,8.40,181,65,0.00,1,560.0,784.1,102.0,0.00,0.00,1001.3,NaN
2020-01-18T18:00,24.3,7.90,179,68,0.00,1,339.0,669.5,80.0,0.00,0.00,1001.6,NaN
2020-01-18T19:00,23.3,7.21,178,71,0.00,1,123.0,435.1,47.0,0.00,0.00,1002.1,NaN
2020-01-18T20:00,22.6,5.93,174,73,0.00,0,5.0,18.3,4.0,0.00,0.00,1002.3,NaN
2020-01-18T21:00,22.2,5.98,170,75,0.00,0,0.0,0.0,0.0,0.00,0.00,1002.6,NaN
2020-01-18T22:00,22.2,5.72,175,76,0.00,0,0.0,0.0,0.0,0.00,0.00,1002.7,NaN
2020-01-18T23:00,22.3,5.36,166,78,0.00,0,0.0,0.0,0.0,0.00,0.00,1002.6,NaN
2020-01-19T00:00,22.1,4.57,157,77,0.00,0,0.0,0.0,0.0,0.00,0.00,1002.2,NaN
2020-01-19T01:00,22.0,3.94,150,75,0.00,0,0.0,0.0,0.0,0.00,0.00,1001.7,NaN
2020-01-19T02:00,22.1,3.35,153,71,0.00,0,0.0,0.0,0.0,0.00,0.00,1001.5,NaN
2020-01-19T03:00,23.1,3.36,143,58,0.00,0,0.0,0.0,0.0,0.00,0.00,1001.5,NaN
2020-01-19T04:00,24.5,3.77,122,46,0.00,0,0.0,0.0,0.0,0.00,0.00,1001.7,NaN
2020-01-19T05:00,25.2,5.00,106,47,0.00,0,0.0,0.0,0.0,0.00,0.00,1001.8,NaN
2020-01-19T06:00,25.2,5.76,98,48,0.00,1,3.0,0.0,3.0,0.00,0.00,1002.0,NaN
2020-01-19T07:00,26.6,6.43,95,47,0.00,1,99.0,295.3,52.0,0.00,0.00,1002.6,NaN
2020-01-19T08:00,28.1,7.41,93,44,0.00,1,277.0,481.4,98.0,0.00,0.00,1002.4,NaN
2020-01-19T09:00,30.5,8.24,84,39,0.00,1,542.0,767.6,104.0,0.00,0.00,1002.3,NaN
2020-01-19T10:00,32.6,7.86,78,33,0.00,1,747.0,847.8,118.0,0.00,0.00,1001.9,NaN
2020-01-19T11:00,34.7,6.62,75,29,0.00,1,898.0,860.4,146.0,0.00,0.00,1001.6,NaN
2020-01-19T12:00,36.6,5.02,77,26,0.00,1,1004.0,876.9,164.0,0.00,0.00,1001.2,NaN
2020-01-19T13:00,36.5,2.51,119,26,0.00,1,974.0,807.8,176.0,0.00,0.00,1000.3,NaN
2020-01-19T14:00,35.7,6.24,192,29,0.00,1,1005.0,874.2,164.0,0.00,0.00,999.5,NaN
2020-01-19T15:00,33.2,9.18,188,37,0.00,1,901.0,855.1,147.0,0.00,0.00,999.1,NaN
2020-01-19T16:00,31.0,9.90,179,40,0.00,1,769.0,863.3,119.0,0.00,0.00,999.1,NaN
2020-01-19T17:00,29.9,9.04,175,44,0.00,1,543.0,700.3,134.0,0.00,0.00,999.4,NaN
2020-01-19T18:00,27.7,9.03,170,48,0.00,1,330.0,597.5,99.0,0.00,0.00,999.7,NaN
2020-01-19T19:00,26.2,8.09,171,52,0.00,1,119.0,390.4,51.0,0.00,0.00,1000.4,NaN
2020-01-19T20:00,24.2,7.73,170,59,0.00,0,5.0,18.3,4.0,0.00,0.00,1001.2,NaN
2020-01-19T21:00,23.7,8.28,168,60,0.00,0,0.0,0.0,0.0,0.00,0.00,1001.8,NaN
2020-01-19T22:00,23.2,8.14,169,64,0.00,0,0.0,0.0,0.0,0.00,0.00,1002.1,NaN
2020-01-19T23:00,22.6,7.86,168,69,0.00,0,0.0,0.0,0.0,0.00,0.00,1002.1,NaN
2020-01-20T00:00,22.2,7.50,167,73,0.00,0,0.0,0.0,0.0,0.00,0.00,1001.5,NaN
2020-01-20T01:00,21.9,7.03,165,74,0.00,0,0.0,0.0,0.0,0.00,0.00,1001.3,NaN
2020-01-20T02:00,21.6,7.18,167,77,0.00,0,0.0,0.0,0.0,0.00,0.00,1000.8,NaN
2020-01-20T03:00,21.4,7.30,167,80,0.00,0,0.0,0.0,0.0,0.00,0.00,1001.0,NaN
2020-01-20T04:00,21.1,7.08,167,82,0.00,0,0.0,0.0,0.0,0.00,0.00,1001.1,NaN
2020-01-20T05:00,20.9,6.82,166,83,0.00,0,0.0,0.0,0.0,0.00,0.00,1001.4,NaN
2020-01-20T06:00,20.8,7.18,167,85,0.00,1,2.0,0.0,2.0,0.00,0.00,1001.9,NaN
2020-01-20T07:00,22.0,7.32,166,80,0.00,1,106.0,402.8,43.0,0.00,0.00,1002.3,NaN
2020-01-20T08:00,23.3,7.52,166,73,0.00,1,321.0,657.7,78.0,0.00,0.00,1002.2,NaN
2020-01-20T09:00,25.3,6.68,171,61,0.00,1,536.0,759.8,104.0,0.00,0.00,1002.0,NaN
2020-01-20T10:00,26.5,7.31,182,58,0.00,1,747.0,856.5,113.0,0.00,0.00,1002.0,NaN
2020-01-20T11:00,26.6,8.05,186,61,0.00,1,912.0,908.6,119.0,0.00,0.00,1002.0,NaN
2020-01-20T12:00,26.5,8.63,190,60,0.00,1,1019.0,939.3,120.0,0.00,0.00,1001.9,NaN
2020-01-20T13:00,26.6,8.94,190,58,0.00,1,1058.0,948.0,122.0,0.00,0.00,1001.6,NaN
2020-01-20T14:00,26.3,9.12,189,58,0.00,1,1022.0,931.7,126.0,0.00,0.00,1001.4,NaN
2020-01-20T15:00,26.0,8.98,188,60,0.00,1,928.0,917.6,119.0,0.00,0.00,1001.2,NaN
2020-01-20T16:00,25.2,8.87,187,64,0.00,1,773.0,882.0,109.0,0.00,0.00,1001.1,NaN
2020-01-20T17:00,24.4,8.36,187,68,0.00,1,571.0,813.6,96.0,0.00,0.00,1001.3,NaN
2020-01-20T18:00,22.9,9.00,182,76,0.00,1,344.0,686.0,79.0,0.00,0.00,1002.2,NaN
2020-01-20T19:00,22.1,8.40,181,79,0.00,1,123.0,437.7,47.0,0.00,0.00,1002.6,NaN
2020-01-20T20:00,21.2,8.40,180,82,0.00,0,5.0,18.5,4.0,0.00,0.00,1003.1,NaN
2020-01-20T21:00,21.1,8.60,179,81,0.00,0,0.0,0.0,0.0,0.00,0.00,1003.6,NaN
2020-01-20T22:00,20.8,8.71,177,83,0.00,0,0.0,0.0,0.0,0.00,0.00,1004.0,NaN
2020-01-20T23:00,20.7,8.40,171,81,0.00,0,0.0,0.0,0.0,0.00,0.00,1004.2,NaN
2020-01-21T00:00,20.5,8.01,171,80,0.00,0,0.0,0.0,0.0,0.00,0.00,1004.0,NaN
2020-01-21T01:00,20.4,8.10,171,81,0.00,0,0.0,0.0,0.0,0.00,0.00,1003.6,NaN
2020-01-21T02:00,20.2,8.40,171,80,0.00,0,0.0,0.0,0.0,0.00,0.00,1003.6,NaN
2020-01-21T03:00,20.2,7.91,171,79,0.00,0,0.0,0.0,0.0,0.00,0.00,1003.3,NaN
2020-01-21T04:00,19.9,7.81,170,80,0.00,0,0.0,0.0,0.0,0.00,0.00,1003.3,NaN
2020-01-21T05:00,20.0,7.83,170,77,0.00,0,0.0,0.0,0.0,0.00,0.00,1003.8,NaN
2020-01-21T06:00,20.0,7.86,168,76,0.00,1,1.0,0.0,1.0,0.00,0.00,1004.6,NaN
2020-01-21T07:00,20.3,8.47,168,74,0.00,1,52.0,19.5,49.0,0.00,0.00,1005.3,NaN
2020-01-21T08:00,21.4,8.06,169,68,0.00,1,230.0,171.7,167.0,0.00,0.00,1005.1,NaN
2020-01-21T09:00,22.4,8.56,173,62,0.00,1,506.0,621.3,154.0,0.00,0.00,1005.4,NaN
2020-01-21T10:00,23.2,8.81,177,58,0.00,1,722.0,710.8,197.0,0.00,0.00,1005.3,NaN
2020-01-21T11:00,24.2,8.50,181,56,0.00,1,891.0,786.0,206.0,0.00,0.00,1005.4,NaN
2020-01-21T12:00,24.2,9.14,185,58,0.00,1,984.0,795.9,223.0,0.00,0.00,1005.3,NaN
2020-01-21T13:00,24.6,9.63,185,57,0.00,1,1032.0,838.0,205.0,0.00,0.00,1004.9,NaN
2020-01-21T14:00,24.7,9.75,186,57,0.00,1,971.0,760.4,240.0,0.00,0.00,1004.7,NaN
2020-01-21T15:00,24.8,9.76,186,58,0.00,1,915.0,850.8,165.0,0.00,0.00,1004.4,NaN
2020-01-21T16:00,23.9,9.76,186,63,0.00,1,733.0,744.0,173.0,0.00,0.00,1004.2,NaN
2020-01-21T17:00,23.3,9.55,186,65,0.00,1,492.0,517.4,190.0,0.00,0.00,1004.1,NaN
2020-01-21T18:00,22.5,9.33,185,70,0.00,1,291.0,443.1,120.0,0.00,0.00,1004.3,NaN
2020-01-21T19:00,21.9,9.10,182,74,0.00,1,84.0,133.0,61.0,0.00,0.00,1004.8,NaN
2020-01-21T20:00,21.4,7.70,179,73,0.00,0,3.0,0.0,3.0,0.00,0.00,1005.5,NaN
2020-01-21T21:00,21.2,7.60,180,72,0.00,0,0.0,0.0,0.0,0.00,0.00,1005.7,NaN
2020-01-21T22:00,21.1,7.60,178,71,0.00,0,0.0,0.0,0.0,0.00,0.00,1006.1,NaN
2020-01-21T23:00,21.0,8.30,179,67,0.00,0,0.0,0.0,0.0,0.00,0.00,1005.9,NaN
2020-01-22T00:00,20.7,8.50,179,70,0.00,0,0.0,0.0,0.0,0.00,0.00,1005.9,NaN
2020-01-22T01:00,20.7,8.54,175,65,0.00,0,0.0,0.0,0.0,0.00,0.00,1005.6,NaN
2020-01-22T02:00,20.3,8.02,170,63,0.00,0,0.0,0.0,0.0,0.00,0.00,1005.3,NaN
2020-01-22T03:00,19.9,7.67,168,63,0.00,0,0.0,0.0,0.0,0.00,0.00,1005.1,NaN
2020-01-22T04:00,19.5,7.35,165,64,0.00,0,0.0,0.0,0.0,0.00,0.00,1005.2,NaN
2020-01-22T05:00,19.2,7.15,162,65,0.00,0,0.0,0.0,0.0,0.00,0.00,1005.7,NaN
2020-01-22T06:00,18.7,6.44,152,67,0.00,1,2.0,0.0,2.0,0.00,0.00,1006.3,NaN
2020-01-22T07:00,19.2,6.63,146,62,0.00,1,100.0,371.3,44.0,0.00,0.00,1007.0,NaN
2020-01-22T08:00,20.5,7.47,155,55,0.00,1,321.0,658.4,81.0,0.00,0.00,1007.3,NaN
2020-01-22T09:00,22.1,7.94,163,46,0.00,1,555.0,813.2,96.0,0.00,0.00,1007.7,NaN
2020-01-22T10:00,23.6,8.04,169,39,0.00,1,756.0,880.7,107.0,0.00,0.00,1007.6,NaN
2020-01-22T11:00,24.9,8.22,176,36,0.00,1,926.0,935.4,112.0,0.00,0.00,1007.4,NaN
2020-01-22T12:00,24.8,9.11,183,40,0.00,1,1037.0,962.0,118.0,0.00,0.00,1006.8,NaN
2020-01-22T13:00,24.5,9.43,184,48,0.00,1,1072.0,963.3,122.0,0.00,0.00,1006.5,NaN
2020-01-22T14:00,24.5,9.71,183,49,0.00,1,1039.0,955.3,121.0,0.00,0.00,1006.1,NaN
2020-01-22T15:00,24.2,10.40,182,53,0.00,1,939.0,932.8,117.0,0.00,0.00,1006.0,NaN
2020-01-22T16:00,23.7,10.50,179,55,0.00,1,778.0,890.4,108.0,0.00,0.00,1005.7,NaN
2020-01-22T17:00,22.9,10.61,178,59,0.00,1,573.0,816.0,97.0,0.00,0.00,1005.5,NaN
2020-01-22T18:00,21.7,10.74,175,66,0.00,1,342.0,682.3,79.0,0.00,0.00,1005.7,NaN
2020-01-22T19:00,20.9,10.18,173,69,0.00,1,122.0,435.5,47.0,0.00,0.00,1006.0,NaN
2020-01-22T20:00,20.2,9.18,169,72,0.00,0,4.0,18.7,3.0,0.00,0.00,1006.6,NaN
2020-01-22T21:00,20.2,8.79,168,73,0.00,0,0.0,0.0,0.0,0.00,0.00,1007.1,NaN
2020-01-22T22:00,20.0,8.78,165,73,0.00,0,0.0,0.0,0.0,0.00,0.00,1007.4,NaN
2020-01-22T23:00,20.0,8.00,162,72,0.00,0,0.0,0.0,0.0,0.00,0.00,1007.2,NaN
2020-01-23T00:00,19.5,7.34,160,76,0.00,0,0.0,0.0,0.0,0.00,0.00,1007.1,NaN
2020-01-23T01:00,19.1,6.94,155,77,0.00,0,0.0,0.0,0.0,0.00,0.00,1006.6,NaN
2020-01-23T02:00,18.8,6.41,149,77,0.00,0,0.0,0.0,0.0,0.00,0.00,1006.2,NaN
2020-01-23T03:00,18.5,6.21,147,77,0.00,0,0.0,0.0,0.0,0.00,0.00,1006.0,NaN
2020-01-23T04:00,18.2,5.66,144,76,0.00,0,0.0,0.0,0.0,0.00,0.00,1006.0,NaN
2020-01-23T05:00,17.8,5.00,143,76,0.00,0,0.0,0.0,0.0,0.00,0.00,1006.4,NaN
2020-01-23T06:00,17.7,4.55,140,76,0.00,1,1.0,0.0,1.0,0.00,0.00,1006.9,NaN
2020-01-23T07:00,19.2,4.84,142,68,0.00,1,102.0,408.3,41.0,0.00,0.00,1007.5,NaN
2020-01-23T08:00,21.0,6.02,138,62,0.00,1,318.0,665.6,77.0,0.00,0.00,1007.7,NaN
2020-01-23T09:00,24.0,5.69,141,50,0.00,1,549.0,809.1,94.0,0.00,0.00,1007.4,NaN
2020-01-23T10:00,26.9,5.35,147,40,0.00,1,759.0,886.8,107.0,0.00,0.00,1007.1,NaN
2020-01-23T11:00,28.8,5.55,166,35,0.00,1,924.0,931.0,115.0,0.00,0.00,1006.7,NaN
2020-01-23T12:00,28.3,7.36,187,43,0.00,1,1032.0,955.6,120.0,0.00,0.00,1006.2,NaN
2020-01-23T13:00,27.4,8.42,190,53,0.00,1,1073.0,964.9,122.0,0.00,0.00,1005.6,NaN
2020-01-23T14:00,26.9,8.95,186,52,0.00,1,1041.0,958.8,120.0,0.00,0.00,1005.0,NaN
2020-01-23T15:00,26.6,9.01,183,55,0.00,1,941.0,936.5,116.0,0.00,0.00,1004.5,NaN
2020-01-23T16:00,26.1,9.20,182,60,0.00,1,782.0,896.1,108.0,0.00,0.00,1004.3,NaN
2020-01-23T17:00,24.7,9.01,177,65,0.00,1,578.0,825.1,97.0,0.00,0.00,1004.3,NaN
2020-01-23T18:00,23.7,9.02,176,72,0.00,1,347.0,696.3,79.0,0.00,0.00,1004.6,NaN
2020-01-23T19:00,22.0,8.43,170,79,0.00,1,124.0,449.3,47.0,0.00,0.00,1005.1,NaN
2020-01-23T20:00,21.0,7.30,167,83,0.00,0,4.0,18.9,3.0,0.00,0.00,1005.5,NaN
2020-01-23T21:00,20.7,6.99,163,84,0.00,0,0.0,0.0,0.0,0.00,0.00,1006.2,NaN
2020-01-23T22:00,20.4,6.67,161,85,0.00,0,0.0,0.0,0.0,0.00,0.00,1006.6,NaN
2020-01-23T23:00,20.1,6.09,157,87,0.00,0,0.0,0.0,0.0,0.00,0.00,1006.4,NaN
2020-01-24T00:00,19.7,4.92,153,87,0.00,0,0.0,0.0,0.0,0.00,0.00,1006.1,NaN
2020-01-24T01:00,19.4,4.12,151,86,0.00,0,0.0,0.0,0.0,0.00,0.00,1005.5,NaN
2020-01-24T02:00,19.3,3.69,147,83,0.00,0,0.0,0.0,0.0,0.00,0.00,1005.1,NaN
2020-01-24T03:00,19.1,3.52,145,79,0.00,0,0.0,0.0,0.0,0.00,0.00,1004.6,NaN
2020-01-24T04:00,19.1,3.12,140,75,0.00,0,0.0,0.0,0.0,0.00,0.00,1004.7,NaN
2020-01-24T05:00,19.0,2.69,138,71,0.00,0,0.0,0.0,0.0,0.00,0.00,1004.9,NaN
2020-01-24T06:00,19.1,2.72,144,67,0.00,1,1.0,0.0,1.0,0.00,0.00,1005.5,NaN
2020-01-24T07:00,21.9,3.67,151,53,0.00,1,104.0,425.3,41.0,0.00,0.00,1006.5,NaN
2020-01-24T08:00,26.2,4.10,133,34,0.00,1,327.0,695.3,77.0,0.00,0.00,1006.2,NaN
2020-01-24T09:00,29.7,3.83,139,26,0.00,1,566.0,840.7,95.0,0.00,0.00,1006.4,NaN
2020-01-24T10:00,32.0,3.55,158,22,0.00,1,780.0,916.1,108.0,0.00,0.00,1006.1,NaN
2020-01-24T11:00,32.1,5.26,194,28,0.00,1,948.0,958.9,116.0,0.00,0.00,1005.7,NaN
2020-01-24T12:00,30.6,6.99,197,41,0.00,1,1055.0,980.7,120.0,0.00,0.00,1005.3,NaN
2020-01-24T13:00,30.0,7.88,195,40,0.00,1,1091.0,984.9,121.0,0.00,0.00,1005.0,NaN
2020-01-24T14:00,30.0,7.71,190,38,0.00,1,1056.0,974.9,120.0,0.00,0.00,1004.7,NaN
2020-01-24T15:00,30.0,7.88,188,40,0.00,1,958.0,956.2,116.0,0.00,0.00,1004.1,NaN
2020-01-24T16:00,28.5,8.51,183,46,0.00,1,797.0,916.4,108.0,0.00,0.00,1003.9,NaN
2020-01-24T17:00,27.5,8.31,178,51,0.00,1,587.0,842.9,96.0,0.00,0.00,1003.9,NaN
2020-01-24T18:00,25.6,7.74,174,56,0.00,1,353.0,710.5,80.0,0.00,0.00,1004.0,NaN
2020-01-24T19:00,24.3,6.58,171,61,0.00,1,126.0,463.4,47.0,0.00,0.00,1004.5,NaN
2020-01-24T20:00,23.5,5.77,166,61,0.00,0,4.0,19.1,3.0,0.00,0.00,1004.8,NaN
2020-01-24T21:00,23.0,5.82,164,62,0.00,0,0.0,0.0,0.0,0.00,0.00,1005.2,NaN
2020-01-24T22:00,22.2,6.99,167,69,0.00,0,0.0,0.0,0.0,0.00,0.00,1005.4,NaN
2020-01-24T23:00,21.6,6.11,159,74,0.00,0,0.0,0.0,0.0,0.00,0.00,1005.4,NaN
2020-01-25T00:00,21.7,4.13,148,68,0.00,0,0.0,0.0,0.0,0.00,0.00,1005.1,NaN
2020-01-25T01:00,21.7,3.30,145,60,0.00,0,0.0,0.0,0.0,0.00,0.00,1004.6,NaN
2020-01-25T02:00,21.6,3.64,164,58,0.00,0,0.0,0.0,0.0,0.00,0.00,1004.1,NaN
2020-01-25T03:00,20.9,3.28,149,61,0.00,0,0.0,0.0,0.0,0.00,0.00,1003.8,NaN
2020-01-25T04:00,20.4,3.29,160,61,0.00,0,0.0,0.0,0.0,0.00,0.00,1003.8,NaN
2020-01-25T05:00,19.9,3.80,153,68,0.00,0,0.0,0.0,0.0,0.00,0.00,1004.1,NaN
2020-01-25T06:00,19.8,3.00,150,62,0.00,1,1.0,0.0,1.0,0.00,0.00,1004.6,NaN
2020-01-25T07:00,22.2,3.11,147,49,0.00,1,97.0,347.3,46.0,0.00,0.00,1005.2,NaN
2020-01-25T08:00,24.5,3.93,165,43,0.00,1,324.0,694.5,76.0,0.00,0.00,1005.7,NaN
2020-01-25T09:00,27.8,4.22,166,34,0.00,1,557.0,827.7,95.0,0.00,0.00,1005.4,NaN
2020-01-25T10:00,30.5,4.80,181,30,0.00,1,769.0,905.9,106.0,0.00,0.00,1005.1,NaN
2020-01-25T11:00,29.9,6.28,189,44,0.00,1,937.0,948.9,115.0,0.00,0.00,1004.7,NaN
2020-01-25T12:00,29.6,7.16,192,47,0.00,1,1045.0,971.2,120.0,0.00,0.00,1004.3,NaN
2020-01-25T13:00,29.5,7.41,190,44,0.00,1,1083.0,977.4,121.0,0.00,0.00,1003.8,NaN
2020-01-25T14:00,29.6,7.40,189,44,0.00,1,1052.0,971.2,120.0,0.00,0.00,1003.2,NaN
2020-01-25T15:00,28.6,8.49,188,50,0.00,1,960.0,958.9,116.0,0.00,0.00,1002.8,NaN
2020-01-25T16:00,27.9,8.31,182,50,0.00,1,796.0,915.6,108.0,0.00,0.00,1002.6,NaN
2020-01-25T17:00,27.1,7.82,176,55,0.00,1,586.0,841.9,96.0,0.00,0.00,1002.3,NaN
2020-01-25T18:00,26.2,7.06,173,54,0.00,1,351.0,711.8,78.0,0.00,0.00,1002.6,NaN
2020-01-25T19:00,24.3,6.49,170,66,0.00,1,125.0,460.3,47.0,0.00,0.00,1003.2,NaN
2020-01-25T20:00,23.1,6.65,164,70,0.00,0,4.0,19.1,3.0,0.00,0.00,1003.7,NaN
2020-01-25T21:00,22.2,6.58,163,76,0.00,0,0.0,0.0,0.0,0.00,0.00,1003.9,NaN
2020-01-25T22:00,21.8,5.60,164,78,0.00,0,0.0,0.0,0.0,0.00,0.00,1004.1,NaN
2020-01-25T23:00,21.2,5.44,163,81,0.00,0,0.0,0.0,0.0,0.00,0.00,1003.9,NaN
2020-01-26T00:00,20.9,4.93,162,84,0.00,0,0.0,0.0,0.0,0.00,0.00,1004.1,NaN
2020-01-26T01:00,20.6,4.33,161,85,0.00,0,0.0,0.0,0.0,0.00,0.00,1003.8,NaN
2020-01-26T02:00,20.3,4.09,158,87,0.00,0,0.0,0.0,0.0,0.00,0.00,1003.6,NaN
2020-01-26T03:00,20.0,3.85,155,86,0.00,0,0.0,0.0,0.0,0.00,0.00,1003.4,NaN
2020-01-26T04:00,19.7,3.36,150,85,0.00,0,0.0,0.0,0.0,0.00,0.00,1003.4,NaN
2020-01-26T05:00,19.3,3.05,148,83,0.00,0,0.0,0.0,0.0,0.00,0.00,1003.5,NaN
2020-01-26T06:00,19.2,2.97,147,79,0.00,1,1.0,0.0,1.0,0.00,0.00,1003.8,NaN
2020-01-26T07:00,21.5,3.61,146,63,0.00,1,96.0,391.6,39.0,0.00,0.00,1004.1,NaN
2020-01-26T08:00,23.6,3.62,156,55,0.00,1,315.0,676.8,75.0,0.00,0.00,1003.9,NaN
2020-01-26T09:00,27.2,3.42,159,43,0.00,1,546.0,807.5,97.0,0.00,0.00,1003.9,NaN
2020-01-26T10:00,30.7,3.40,180,33,0.00,1,759.0,893.0,107.0,0.00,0.00,1003.4,NaN
2020-01-26T11:00,30.2,5.25,198,47,0.00,1,926.0,937.6,115.0,0.00,0.00,1003.0,NaN
2020-01-26T12:00,29.0,6.56,201,58,0.00,1,1032.0,954.4,124.0,0.00,0.00,1002.5,NaN
2020-01-26T13:00,28.6,6.48,197,54,0.00,1,1067.0,944.6,138.0,0.00,0.00,1002.2,NaN
2020-01-26T14:00,29.3,6.26,197,48,0.00,1,1031.0,924.9,144.0,0.00,0.00,1001.8,NaN
2020-01-26T15:00,29.3,7.06,192,48,0.00,1,933.0,891.2,149.0,0.00,0.00,1001.5,NaN
2020-01-26T16:00,28.8,7.37,188,48,0.00,1,782.0,886.9,116.0,0.00,0.00,1001.2,NaN
2020-01-26T17:00,28.0,6.90,181,54,0.00,1,577.0,822.1,99.0,0.00,0.00,1000.8,NaN
2020-01-26T18:00,26.6,6.85,173,57,0.00,1,342.0,676.7,83.0,0.00,0.00,1000.9,NaN
2020-01-26T19:00,25.6,5.59,170,62,0.00,1,122.0,451.4,46.0,0.00,0.00,1001.0,NaN
2020-01-26T20:00,24.3,5.07,165,66,0.00,0,4.0,19.1,3.0,0.00,0.00,1001.8,NaN
2020-01-26T21:00,23.7,4.59,169,69,0.00,0,0.0,0.0,0.0,0.00,0.00,1002.1,NaN
2020-01-26T22:00,23.2,4.08,163,71,0.00,0,0.0,0.0,0.0,0.00,0.00,1002.2,NaN
2020-01-26T23:00,22.8,2.98,166,73,0.00,0,0.0,0.0,0.0,0.00,0.00,1002.1,NaN
2020-01-27T00:00,22.2,2.34,160,75,0.00,0,0.0,0.0,0.0,0.00,0.00,1001.8,NaN
2020-01-27T01:00,22.2,2.42,150,72,0.00,0,0.0,0.0,0.0,0.00,0.00,1001.3,NaN
2020-01-27T02:00,22.1,2.36,144,67,0.00,0,0.0,0.0,0.0,0.00,0.00,1000.8,NaN
2020-01-27T03:00,22.2,2.34,140,59,0.00,0,0.0,0.0,0.0,0.00,0.00,1000.4,NaN
2020-01-27T04:00,22.8,2.56,129,48,0.00,0,0.0,0.0,0.0,0.00,0.00,1000.2,NaN
2020-01-27T05:00,23.1,2.56,121,37,0.00,0,0.0,0.0,0.0,0.00,0.00,1000.3,NaN
2020-01-27T06:00,23.5,2.85,108,26,0.00,1,1.0,0.0,1.0,0.00,0.00,1000.6,NaN
2020-01-27T07:00,29.1,3.71,95,19,0.00,1,95.0,395.1,38.0,0.00,0.00,1001.1,NaN
2020-01-27T08:00,31.9,2.87,119,19,0.00,1,315.0,681.6,75.0,0.00,0.00,1001.2,NaN
2020-01-27T09:00,35.7,2.42,114,15,0.00,1,550.0,825.0,93.0,0.00,0.00,1001.2,NaN
2020-01-27T10:00,38.2,0.45,153,12,0.00,1,763.0,902.0,106.0,0.00,0.00,1001.2,NaN
2020-01-27T11:00,37.1,3.28,218,22,0.00,1,930.0,944.9,114.0,0.00,0.00,1000.8,NaN
2020-01-27T12:00,35.2,5.55,208,30,0.00,1,1036.0,964.9,119.0,0.00,0.00,1000.9,NaN
2020-01-27T13:00,34.5,5.82,204,28,0.00,1,1073.0,969.8,120.0,0.00,0.00,1000.9,NaN
2020-01-27T14:00,34.3,4.34,209,27,0.00,1,1039.0,959.9,119.0,0.00,0.00,1000.4,NaN
2020-01-27T15:00,34.0,4.92,204,31,0.00,1,942.0,941.7,114.0,0.00,0.00,1000.1,NaN
2020-01-27T16:00,32.5,5.34,193,35,0.00,1,783.0,900.9,107.0,0.00,0.00,999.9,NaN
2020-01-27T17:00,32.0,4.36,189,34,0.00,1,576.0,828.2,95.0,0.00,0.00,999.8,NaN
2020-01-27T18:00,30.7,4.41,193,43,0.00,1,344.0,696.6,78.0,0.00,0.00,1000.0,NaN
2020-01-27T19:00,28.3,3.28,192,52,0.00,1,120.0,448.6,45.0,0.00,0.00,1000.1,NaN
2020-01-27T20:00,26.0,2.11,239,63,0.00,0,3.0,19.1,2.0,0.00,0.00,1000.8,NaN
2020-01-27T21:00,24.6,1.30,184,72,0.00,0,0.0,0.0,0.0,0.00,0.00,1001.1,NaN
2020-01-27T22:00,24.0,1.30,176,76,0.00,0,0.0,0.0,0.0,0.00,0.00,1001.2,NaN
2020-01-27T23:00,23.5,1.80,180,79,0.00,0,0.0,0.0,0.0,0.00,0.00,1001.0,NaN
2020-01-28T00:00,22.7,1.93,201,84,0.00,0,0.0,0.0,0.0,0.00,0.00,1001.1,NaN
2020-01-28T01:00,21.1,2.02,213,93,0.00,0,0.0,0.0,0.0,0.00,0.00,1000.6,NaN
2020-01-28T02:00,22.7,1.17,239,84,0.00,0,0.0,0.0,0.0,0.00,0.00,1000.4,NaN
2020-01-28T03:00,20.3,1.81,276,94,0.00,0,0.0,0.0,0.0,0.00,0.00,999.9,NaN
2020-01-28T04:00,20.5,2.04,259,94,0.00,0,0.0,0.0,0.0,0.00,0.00,1000.0,NaN
2020-01-28T05:00,20.6,1.84,248,92,0.00,0,0.0,0.0,0.0,0.00,0.00,1000.1,NaN
2020-01-28T06:00,22.1,1.24,256,88,0.00,1,1.0,0.0,1.0,0.00,0.00,1000.5,NaN
2020-01-28T07:00,22.9,1.00,307,83,0.00,1,90.0,377.7,36.0,0.00,0.00,1001.3,NaN
2020-01-28T08:00,24.1,1.56,225,78,0.00,1,306.0,663.6,74.0,0.00,0.00,1001.4,NaN
2020-01-28T09:00,26.2,2.14,233,67,0.00,1,538.0,806.4,93.0,0.00,0.00,1001.8,NaN
2020-01-28T10:00,27.0,3.47,229,64,0.00,1,748.0,883.5,106.0,0.00,0.00,1001.7,NaN
2020-01-28T11:00,27.5,4.11,221,60,0.00,1,913.0,926.6,114.0,0.00,0.00,1001.9,NaN
2020-01-28T12:00,28.0,4.41,213,57,0.00,1,1020.0,950.2,118.0,0.00,0.00,1001.8,NaN
2020-01-28T13:00,28.6,4.61,207,55,0.00,1,1061.0,957.3,121.0,0.00,0.00,1001.5,NaN
2020-01-28T14:00,28.6,5.10,206,55,0.00,1,1031.0,953.2,118.0,0.00,0.00,1001.1,NaN
2020-01-28T15:00,27.7,5.59,204,58,0.00,1,928.0,919.6,120.0,0.00,0.00,1001.0,NaN
2020-01-28T16:00,26.7,5.89,201,64,0.00,1,753.0,844.2,120.0,0.00,0.00,1000.6,NaN
2020-01-28T17:00,25.6,5.63,200,69,0.00,1,534.0,737.9,106.0,0.00,0.00,1000.2,NaN
2020-01-28T18:00,23.9,5.98,198,81,0.00,1,308.0,582.9,86.0,0.00,0.00,1000.3,NaN
2020-01-28T19:00,23.1,5.66,188,85,0.00,1,106.0,379.7,43.0,0.00,0.00,1000.8,NaN
2020-01-28T20:00,22.2,5.00,178,91,0.00,0,3.0,0.0,3.0,0.00,0.00,1001.1,NaN
2020-01-28T21:00,22.0,4.51,176,90,0.00,0,0.0,0.0,0.0,0.00,0.00,1001.6,NaN
2020-01-28T22:00,22.0,4.70,182,89,0.00,0,0.0,0.0,0.0,0.00,0.00,1001.9,NaN
2020-01-28T23:00,21.8,5.10,182,89,0.00,0,0.0,0.0,0.0,0.00,0.00,1001.7,NaN
2020-01-29T00:00,21.6,5.10,178,89,0.00,0,0.0,0.0,0.0,0.00,0.00,1001.6,NaN
2020-01-29T01:00,21.6,5.63,174,86,0.00,0,0.0,0.0,0.0,0.00,0.00,1001.2,NaN
2020-01-29T02:00,21.4,5.87,171,85,0.00,0,0.0,0.0,0.0,0.00,0.00,1000.9,NaN
2020-01-29T03:00,21.3,5.77,171,83,0.00,0,0.0,0.0,0.0,0.00,0.00,1000.6,NaN
2020-01-29T04:00,21.2,5.36,171,83,0.00,0,0.0,0.0,0.0,0.00,0.00,1000.7,NaN
2020-01-29T05:00,20.7,5.23,173,86,0.00,0,0.0,0.0,0.0,0.00,0.00,1000.9,NaN
2020-01-29T06:00,20.9,5.36,171,84,0.00,1,0.0,0.0,0.0,0.00,0.00,1001.4,NaN
2020-01-29T07:00,21.4,5.55,166,79,0.00,1,61.0,155.3,39.0,0.00,0.00,1002.3,NaN
2020-01-29T08:00,22.4,5.21,177,71,0.00,1,212.0,170.0,153.0,0.00,0.00,1002.8,NaN
2020-01-29T09:00,23.7,5.00,181,64,0.00,1,468.0,576.7,151.0,0.00,0.00,1003.0,NaN
2020-01-29T10:00,24.6,5.41,196,61,0.00,1,710.0,773.9,149.0,0.00,0.00,1002.7,NaN
2020-01-29T11:00,25.0,5.50,199,60,0.00,1,908.0,915.4,120.0,0.00,0.00,1002.5,NaN
2020-01-29T12:00,25.4,5.33,203,58,0.00,1,1019.0,943.9,124.0,0.00,0.00,1002.0,NaN
2020-01-29T13:00,25.5,5.24,209,58,0.00,1,1064.0,960.2,122.0,0.00,0.00,1001.4,NaN
2020-01-29T14:00,25.2,5.58,213,59,0.00,1,1024.0,941.4,123.0,0.00,0.00,1001.1,NaN
2020-01-29T15:00,24.8,5.77,214,62,0.00,1,909.0,837.1,174.0,0.00,0.00,1000.7,NaN
2020-01-29T16:00,23.7,6.13,214,69,0.00,1,528.0,388.5,237.0,0.00,0.00,1000.2,NaN
2020-01-29T17:00,23.5,6.52,212,69,0.00,1,554.0,764.9,111.0,0.00,0.00,999.9,NaN
2020-01-29T18:00,22.9,6.60,212,71,0.00,1,313.0,558.2,101.0,0.00,0.00,1000.3,NaN
2020-01-29T19:00,21.9,6.13,208,76,0.00,1,92.0,267.4,48.0,0.00,0.00,1000.7,NaN
2020-01-29T20:00,21.4,5.81,207,76,0.00,0,2.0,0.0,2.0,0.00,0.00,1000.9,NaN
2020-01-29T21:00,21.3,5.91,204,74,0.00,0,0.0,0.0,0.0,0.00,0.00,1001.2,NaN
2020-01-29T22:00,21.3,6.04,204,73,0.00,0,0.0,0.0,0.0,0.00,0.00,1001.4,NaN
2020-01-29T23:00,21.3,6.09,203,71,0.00,0,0.0,0.0,0.0,0.00,0.00,1001.1,NaN
2020-01-30T00:00,21.2,5.89,201,70,0.00,0,0.0,0.0,0.0,0.00,0.00,1000.8,NaN
2020-01-30T01:00,21.3,5.63,197,70,0.00,0,0.0,0.0,0.0,0.00,0.00,1000.3,NaN
2020-01-30T02:00,21.3,6.14,196,77,0.00,0,0.0,0.0,0.0,0.00,0.00,999.7,NaN
2020-01-30T03:00,20.5,6.59,190,87,0.10,0,0.0,0.0,0.0,0.10,0.00,999.6,NaN
2020-01-30T04:00,20.8,6.77,188,84,0.10,0,0.0,0.0,0.0,0.10,0.00,999.8,NaN
2020-01-30T05:00,20.4,7.32,190,85,0.10,0,0.0,0.0,0.0,0.10,0.00,1000.3,NaN
2020-01-30T06:00,20.4,7.22,190,77,0.00,1,0.0,0.0,0.0,0.00,0.00,1001.0,NaN
2020-01-30T07:00,20.8,7.16,192,71,0.00,1,69.0,213.7,39.0,0.00,0.00,1002.1,NaN
2020-01-30T08:00,21.3,6.53,195,65,0.00,1,220.0,359.8,96.0,0.00,0.00,1002.2,NaN
2020-01-30T09:00,22.2,6.59,202,58,0.00,1,376.0,374.4,171.0,0.00,0.00,1002.5,NaN
2020-01-30T10:00,22.2,6.98,205,58,0.00,1,458.0,356.7,200.0,0.00,0.00,1002.6,NaN
2020-01-30T11:00,22.7,8.08,202,52,0.00,1,707.0,523.6,257.0,0.00,0.00,1002.8,NaN
2020-01-30T12:00,22.7,7.09,202,43,0.00,1,616.0,306.2,326.0,0.00,0.00,1002.7,NaN
2020-01-30T13:00,23.8,7.78,206,39,0.00,1,956.0,701.9,268.0,0.00,0.00,1002.4,NaN
2020-01-30T14:00,23.0,8.39,202,50,0.00,1,969.0,738.2,263.0,0.00,0.00,1002.4,NaN
2020-01-30T15:00,22.3,8.16,199,52,0.00,1,687.0,436.6,304.0,0.00,0.00,1001.9,NaN
2020-01-30T16:00,21.5,8.39,195,56,0.00,1,507.0,372.8,228.0,0.00,0.00,1001.8,NaN
2020-01-30T17:00,21.5,8.06,191,51,0.00,1,449.0,499.8,160.0,0.00,0.00,1002.0,NaN
2020-01-30T18:00,20.8,7.84,191,53,0.00,1,286.0,467.4,109.0,0.00,0.00,1002.5,NaN
2020-01-30T19:00,20.2,7.37,188,51,0.00,1,95.0,300.4,46.0,0.00,0.00,1002.8,NaN
2020-01-30T20:00,19.9,6.22,185,50,0.00,0,2.0,0.0,2.0,0.00,0.00,1003.4,NaN
2020-01-30T21:00,19.8,6.10,180,51,0.00,0,0.0,0.0,0.0,0.00,0.00,1003.7,NaN
2020-01-30T22:00,19.7,5.82,175,49,0.00,0,0.0,0.0,0.0,0.00,0.00,1003.5,NaN
2020-01-30T23:00,19.3,5.46,172,51,0.00,0,0.0,0.0,0.0,0.00,0.00,1002.8,NaN
2020-01-31T00:00,19.0,5.60,178,53,0.00,0,0.0,0.0,0.0,0.00,0.00,1003.0,NaN
2020-01-31T01:00,19.0,4.98,170,52,0.00,0,0.0,0.0,0.0,0.00,0.00,1002.3,NaN
2020-01-31T02:00,18.7,5.05,172,54,0.00,0,0.0,0.0,0.0,0.00,0.00,1001.9,NaN
2020-01-31T03:00,18.8,4.81,168,55,0.00,0,0.0,0.0,0.0,0.00,0.00,1001.8,NaN
2020-01-31T04:00,18.6,3.98,155,58,0.00,0,0.0,0.0,0.0,0.00,0.00,1002.3,NaN
2020-01-31T05:00,17.8,3.33,123,62,0.00,0,0.0,0.0,0.0,0.00,0.00,1002.9,NaN
2020-01-31T06:00,17.2,3.47,102,62,0.00,1,0.0,0.0,0.0,0.00,0.00,1003.6,NaN
2020-01-31T07:00,18.1,4.17,120,57,0.00,1,74.0,266.0,37.0,0.00,0.00,1004.2,NaN
2020-01-31T08:00,19.5,5.66,134,50,0.00,1,273.0,537.7,89.0,0.00,0.00,1004.5,NaN
2020-01-31T09:00,21.5,5.36,143,39,0.00,1,517.0,740.6,113.0,0.00,0.00,1004.8,NaN
2020-01-31T10:00,23.0,4.61,156,34,0.00,1,714.0,785.9,147.0,0.00,0.00,1004.9,NaN
2020-01-31T11:00,24.5,5.11,177,31,0.00,1,906.0,896.2,137.0,0.00,0.00,1004.4,NaN
2020-01-31T12:00,24.7,6.67,199,36,0.00,1,1038.0,963.0,127.0,0.00,0.00,1004.0,NaN
2020-01-31T13:00,23.5,8.51,204,46,0.00,1,1079.0,973.1,126.0,0.00,0.00,1003.9,NaN
2020-01-31T14:00,23.7,8.41,198,43,0.00,1,1046.0,969.0,120.0,0.00,0.00,1003.6,NaN
2020-01-31T15:00,23.8,8.83,193,43,0.00,1,946.0,946.9,116.0,0.00,0.00,1003.5,NaN
2020-01-31T16:00,23.1,9.67,191,45,0.00,1,787.0,908.3,108.0,0.00,0.00,1003.7,NaN
2020-01-31T17:00,22.6,9.63,184,46,0.00,1,579.0,836.6,96.0,0.00,0.00,1003.9,NaN
2020-01-31T18:00,21.5,9.70,179,51,0.00,1,344.0,704.7,78.0,0.00,0.00,1004.5,NaN
2020-01-31T19:00,20.4,9.23,176,59,0.00,1,117.0,451.7,44.0,0.00,0.00,1005.0,NaN
2020-01-31T20:00,19.7,8.52,171,63,0.00,0,3.0,0.0,3.0,0.00,0.00,1005.5,NaN
2020-01-31T21:00,19.4,8.59,168,66,0.00,0,0.0,0.0,0.0,0.00,0.00,1005.6,NaN
2020-01-31T22:00,19.3,8.52,164,66,0.00,0,0.0,0.0,0.0,0.00,0.00,1005.9,NaN
2020-01-31T23:00,19.0,8.01,160,67,0.00,0,0.0,0.0,0.0,0.00,0.00,1005.9,NaN
2020-02-01T00:00,18.4,7.52,157,66,0.00,0,0.0,0.0,0.0,0.00,0.00,1005.8,NaN
2020-02-01T01:00,18.0,7.02,152,63,0.00,0,0.0,0.0,0.0,0.00,0.00,1005.9,NaN
2020-02-01T02:00,17.4,6.50,149,63,0.00,0,0.0,0.0,0.0,0.00,0.00,1006.1,NaN
2020-02-01T03:00,16.9,6.07,147,63,0.00,0,0.0,0.0,0.0,0.00,0.00,1006.1,NaN
2020-02-01T04:00,16.6,5.56,142,62,0.00,0,0.0,0.0,0.0,0.00,0.00,1006.4,NaN
2020-02-01T05:00,16.3,4.88,137,62,0.00,0,0.0,0.0,0.0,0.00,0.00,1006.9,NaN
2020-02-01T06:00,16.3,4.67,137,62,0.00,1,0.0,0.0,0.0,0.00,0.00,1007.6,NaN
2020-02-01T07:00,18.0,4.88,136,54,0.00,1,84.0,362.7,34.0,0.00,0.00,1008.2,NaN
2020-02-01T08:00,20.8,5.95,131,40,0.00,1,304.0,674.1,75.0,0.00,0.00,1007.9,NaN
2020-02-01T09:00,24.3,5.98,128,27,0.00,1,542.0,817.1,98.0,0.00,0.00,1007.6,NaN
2020-02-01T10:00,27.3,5.46,139,21,0.00,1,761.0,908.7,107.0,0.00,0.00,1007.2,NaN
2020-02-01T11:00,29.5,5.64,153,18,0.00,1,937.0,964.2,111.0,0.00,0.00,1006.6,NaN
2020-02-01T12:00,30.4,6.33,175,19,0.00,1,1038.0,957.8,133.0,0.00,0.00,1005.7,NaN
2020-02-01T13:00,28.5,8.88,188,32,0.00,1,1070.0,934.2,156.0,0.00,0.00,1005.4,NaN
2020-02-01T14:00,27.0,11.00,188,39,0.00,1,1047.0,961.5,129.0,0.00,0.00,1004.8,NaN
2020-02-01T15:00,26.4,11.00,180,38,0.00,1,946.0,948.9,115.0,0.00,0.00,1004.3,NaN
2020-02-01T16:00,26.4,10.34,175,42,0.00,1,775.0,870.6,125.0,0.00,0.00,1003.9,NaN
2020-02-01T17:00,25.3,9.92,177,53,0.00,1,549.0,713.2,138.0,0.00,0.00,1003.9,NaN
2020-02-01T18:00,23.4,9.73,175,62,0.00,1,305.0,518.4,110.0,0.00,0.00,1004.4,NaN
2020-02-01T19:00,21.9,9.06,169,68,0.00,1,89.0,225.0,53.0,0.00,0.00,1004.6,NaN
2020-02-01T20:00,22.2,8.68,165,65,0.00,0,2.0,0.0,2.0,0.00,0.00,1004.8,NaN
2020-02-01T21:00,22.2,7.98,158,61,0.00,0,0.0,0.0,0.0,0.00,0.00,1004.9,NaN
2020-02-01T22:00,21.3,7.69,154,62,0.00,0,0.0,0.0,0.0,0.00,0.00,1004.8,NaN
2020-02-01T23:00,22.1,6.57,154,55,0.00,0,0.0,0.0,0.0,0.00,0.00,1004.4,NaN
2020-02-02T00:00,23.4,6.13,152,39,0.00,0,0.0,0.0,0.0,0.00,0.00,1004.4,NaN
2020-02-02T01:00,24.5,6.38,145,27,0.00,0,0.0,0.0,0.0,0.00,0.00,1004.0,NaN
2020-02-02T02:00,24.9,6.29,136,23,0.00,0,0.0,0.0,0.0,0.00,0.00,1003.7,NaN
2020-02-02T03:00,25.0,6.25,130,23,0.00,0,0.0,0.0,0.0,0.00,0.00,1003.5,NaN
2020-02-02T04:00,25.1,6.19,124,23,0.00,0,0.0,0.0,0.0,0.00,0.00,1003.4,NaN
2020-02-02T05:00,25.3,6.14,120,22,0.00,0,0.0,0.0,0.0,0.00,0.00,1003.5,NaN
2020-02-02T06:00,25.4,6.13,116,23,0.00,1,0.0,0.0,0.0,0.00,0.00,1003.7,NaN
2020-02-02T07:00,27.2,6.89,109,21,0.00,1,76.0,314.8,33.0,0.00,0.00,1004.0,NaN
2020-02-02T08:00,29.7,8.17,98,20,0.00,1,286.0,625.6,75.0,0.00,0.00,1003.4,NaN
2020-02-02T09:00,32.2,10.22,86,19,0.00,1,473.0,687.2,101.0,0.00,0.00,1003.0,NaN
2020-02-02T10:00,34.7,10.37,83,17,0.00,1,669.0,756.3,126.0,0.00,0.00,1002.7,NaN
2020-02-02T11:00,37.2,9.18,79,16,0.00,1,895.0,915.5,112.0,0.00,0.00,1002.5,NaN
2020-02-02T12:00,39.1,7.43,79,15,0.00,1,1007.0,943.1,117.0,0.00,0.00,1002.0,NaN
2020-02-02T13:00,40.9,6.54,84,13,0.00,1,1049.0,951.5,119.0,0.00,0.00,1001.0,NaN
2020-02-02T14:00,41.1,5.26,104,14,0.00,1,1021.0,946.6,118.0,0.00,0.00,1000.0,NaN
2020-02-02T15:00,40.9,4.60,136,14,0.00,1,923.0,925.8,113.0,0.00,0.00,999.1,NaN
2020-02-02T16:00,39.1,6.30,170,17,0.00,1,767.0,887.8,105.0,0.00,0.00,998.4,NaN
2020-02-02T17:00,35.9,7.84,174,26,0.00,1,522.0,725.1,105.0,0.00,0.00,998.1,NaN
2020-02-02T18:00,33.5,8.44,175,37,0.00,1,256.0,432.3,94.0,0.00,0.00,998.0,NaN
2020-02-02T19:00,32.6,7.75,163,40,0.00,1,100.0,347.5,45.0,0.00,0.00,998.1,NaN
2020-02-02T20:00,31.3,6.04,151,37,0.00,0,2.0,0.0,2.0,0.00,0.00,999.0,NaN
2020-02-02T21:00,34.3,6.78,127,20,0.00,0,0.0,0.0,0.0,0.00,0.00,999.2,NaN
2020-02-02T22:00,34.9,7.85,112,18,0.00,0,0.0,0.0,0.0,0.00,0.00,999.3,NaN
2020-02-02T23:00,34.3,7.98,102,19,0.00,0,0.0,0.0,0.0,0.00,0.00,999.1,NaN
2020-02-03T00:00,33.9,8.91,93,20,0.00,0,0.0,0.0,0.0,0.00,0.00,998.6,NaN
2020-02-03T01:00,33.3,10.54,81,20,0.00,0,0.0,0.0,0.0,0.00,0.00,998.6,NaN
2020-02-03T02:00,32.8,10.87,75,20,0.00,0,0.0,0.0,0.0,0.00,0.00,998.6,NaN
2020-02-03T03:00,32.4,10.66,71,20,0.00,0,0.0,0.0,0.0,0.00,0.00,998.7,NaN
2020-02-03T04:00,32.3,9.62,69,20,0.00,0,0.0,0.0,0.0,0.00,0.00,998.9,NaN
2020-02-03T05:00,31.9,9.30,69,19,0.00,0,0.0,0.0,0.0,0.00,0.00,999.1,NaN
2020-02-03T06:00,31.8,9.32,67,19,0.00,1,0.0,0.0,0.0,0.00,0.00,999.5,NaN
2020-02-03T07:00,32.7,8.72,63,19,0.00,1,71.0,295.5,31.0,0.00,0.00,1000.2,NaN
2020-02-03T08:00,36.0,7.89,60,20,0.00,1,284.0,633.0,72.0,0.00,0.00,1000.3,NaN
2020-02-03T09:00,39.3,7.53,40,23,0.00,1,496.0,736.2,99.0,0.00,0.00,1000.6,NaN
2020-02-03T10:00,41.6,7.05,18,21,0.00,1,696.0,797.2,125.0,0.00,0.00,1000.6,NaN
2020-02-03T11:00,38.7,5.24,305,23,0.00,1,686.0,603.2,171.0,0.00,0.00,1000.9,NaN
2020-02-03T12:00,33.8,5.61,273,36,0.00,1,810.0,638.7,208.0,0.00,0.00,1000.9,NaN
2020-02-03T13:00,32.5,5.90,281,38,0.00,1,744.0,549.0,208.0,0.00,0.00,1000.6,NaN
2020-02-03T14:00,32.6,5.59,280,37,0.00,1,771.0,539.4,257.0,0.00,0.00,1000.5,NaN
2020-02-03T15:00,31.3,2.95,246,44,0.00,1,748.0,645.4,184.0,0.00,0.00,1000.7,NaN
2020-02-03T16:00,31.7,1.12,207,39,0.00,1,633.0,631.2,163.0,0.00,0.00,1001.5,NaN
2020-02-03T17:00,33.3,3.64,302,27,0.00,1,498.0,634.3,134.0,0.00,0.00,1001.3,NaN
2020-02-03T18:00,31.9,4.53,301,33,0.00,1,315.0,626.9,81.0,0.00,0.00,1001.1,NaN
2020-02-03T19:00,29.8,3.14,301,44,0.00,1,93.0,338.6,40.0,0.00,0.00,1001.5,NaN
2020-02-03T20:00,27.8,2.14,307,51,0.00,0,2.0,0.0,2.0,0.00,0.00,1001.9,NaN
2020-02-03T21:00,27.9,0.70,90,49,0.00,0,0.0,0.0,0.0,0.00,0.00,1002.4,NaN
2020-02-03T22:00,28.2,0.14,225,46,0.00,0,0.0,0.0,0.0,0.00,0.00,1002.3,NaN
2020-02-03T23:00,27.2,0.54,158,50,0.00,0,0.0,0.0,0.0,0.00,0.00,1001.5,NaN
2020-02-04T00:00,26.0,1.81,96,53,0.00,0,0.0,0.0,0.0,0.00,0.00,1001.3,NaN
2020-02-04T01:00,27.4,1.77,16,49,0.00,0,0.0,0.0,0.0,0.00,0.00,1000.7,NaN
2020-02-04T02:00,25.1,1.44,326,61,0.00,0,0.0,0.0,0.0,0.00,0.00,1000.3,NaN
2020-02-04T03:00,25.2,1.17,290,63,0.00,0,0.0,0.0,0.0,0.00,0.00,1000.0,NaN
2020-02-04T04:00,23.5,1.20,222,78,0.00,0,0.0,0.0,0.0,0.00,0.00,1000.8,NaN
2020-02-04T05:00,22.2,1.30,157,90,0.00,0,0.0,0.0,0.0,0.00,0.00,1001.3,NaN
2020-02-04T06:00,22.0,0.92,13,89,0.00,1,0.0,0.0,0.0,0.00,0.00,1001.4,NaN
2020-02-04T07:00,25.0,0.85,339,73,0.00,1,72.0,313.2,30.0,0.00,0.00,1001.8,NaN
2020-02-04T08:00,26.5,2.00,273,68,0.00,1,278.0,622.5,71.0,0.00,0.00,1001.9,NaN
2020-02-04T09:00,27.4,2.86,258,66,0.00,1,506.0,774.3,90.0,0.00,0.00,1002.1,NaN
2020-02-04T10:00,28.5,3.47,258,59,0.00,1,711.0,849.5,104.0,0.00,0.00,1002.1,NaN
2020-02-04T11:00,29.0,4.12,256,55,0.00,1,876.0,896.3,112.0,0.00,0.00,1001.8,NaN
2020-02-04T12:00,28.9,4.33,263,55,0.00,1,994.0,933.8,115.0,0.00,0.00,1001.6,NaN
2020-02-04T13:00,29.8,4.42,265,54,0.00,1,1033.0,941.2,115.0,0.00,0.00,1001.5,NaN
2020-02-04T14:00,29.7,4.18,259,51,0.00,1,1006.0,934.9,116.0,0.00,0.00,1001.4,NaN
2020-02-04T15:00,29.7,3.88,258,49,0.00,1,906.0,909.6,112.0,0.00,0.00,1001.2,NaN
2020-02-04T16:00,29.2,2.79,249,50,0.00,1,749.0,867.5,104.0,0.00,0.00,1001.0,NaN
2020-02-04T17:00,28.8,1.90,252,48,0.00,1,550.0,798.2,93.0,0.00,0.00,1001.3,NaN
2020-02-04T18:00,28.4,1.99,252,48,0.00,1,322.0,664.5,75.0,0.00,0.00,1001.7,NaN
2020-02-04T19:00,26.6,1.88,245,57,0.00,1,105.0,407.5,42.0,0.00,0.00,1001.9,NaN
2020-02-04T20:00,24.6,2.10,245,75,0.00,0,2.0,0.0,2.0,0.00,0.00,1001.8,NaN
2020-02-04T21:00,23.8,1.30,247,84,0.00,0,0.0,0.0,0.0,0.00,0.00,1002.2,NaN
2020-02-04T22:00,23.5,0.41,194,87,0.00,0,0.0,0.0,0.0,0.00,0.00,1002.5,NaN
2020-02-04T23:00,23.1,0.58,239,91,0.00,0,0.0,0.0,0.0,0.00,0.00,1002.2,NaN
2020-02-05T00:00,22.3,0.85,249,98,0.00,0,0.0,0.0,0.0,0.00,0.00,1001.9,NaN
2020-02-05T01:00,22.5,0.54,248,98,0.00,0,0.0,0.0,0.0,0.00,0.00,1001.5,NaN
2020-02-05T02:00,22.3,0.32,288,99,0.00,0,0.0,0.0,0.0,0.00,0.00,1001.0,NaN
2020-02-05T03:00,22.1,0.61,189,99,0.00,0,0.0,0.0,0.0,0.00,0.00,1000.9,NaN
2020-02-05T04:00,21.8,0.22,297,99,0.00,0,0.0,0.0,0.0,0.00,0.00,1000.7,NaN
2020-02-05T05:00,21.3,1.00,307,100,0.00,0,0.0,0.0,0.0,0.00,0.00,1000.9,NaN
2020-02-05T06:00,21.0,0.86,324,99,0.00,1,0.0,0.0,0.0,0.00,0.00,1001.3,NaN
2020-02-05T07:00,21.8,1.22,279,98,0.00,1,44.0,195.7,18.0,0.00,0.00,1001.9,NaN
2020-02-05T08:00,24.1,1.70,273,84,0.00,1,245.0,436.2,101.0,0.00,0.00,1002.2,NaN
2020-02-05T09:00,26.1,1.70,242,73,0.00,1,480.0,667.0,123.0,0.00,0.00,1002.6,NaN
2020-02-05T10:00,27.0,3.02,236,69,0.00,1,688.0,796.8,120.0,0.00,0.00,1002.9,NaN
2020-02-05T11:00,27.6,3.33,237,65,0.00,1,828.0,806.1,142.0,0.00,0.00,1003.0,NaN
2020-02-05T12:00,28.0,4.10,236,61,0.00,1,969.0,891.4,131.0,0.00,0.00,1002.5,NaN
2020-02-05T13:00,27.6,4.52,235,61,0.00,1,899.0,728.8,189.0,0.00,0.00,1002.2,NaN
2020-02-05T14:00,27.4,4.32,228,62,0.00,1,924.0,810.8,153.0,0.00,0.00,1002.1,NaN
2020-02-05T15:00,27.5,4.10,227,61,0.00,1,854.0,810.9,147.0,0.00,0.00,1001.4,NaN
2020-02-05T16:00,26.9,3.64,217,63,0.00,1,695.0,754.4,135.0,0.00,0.00,1001.2,NaN
2020-02-05T17:00,26.4,3.04,226,64,0.00,1,519.0,712.6,112.0,0.00,0.00,1001.2,NaN
2020-02-05T18:00,25.2,3.14,217,73,0.00,1,315.0,637.8,79.0,0.00,0.00,1001.3,NaN
2020-02-05T19:00,23.8,2.73,208,82,0.00,1,101.0,391.0,41.0,0.00,0.00,1002.0,NaN
2020-02-05T20:00,23.1,3.56,232,87,0.00,0,2.0,0.0,2.0,0.00,0.00,1002.1,NaN
2020-02-05T21:00,23.0,3.11,222,87,0.00,0,0.0,0.0,0.0,0.00,0.00,1002.3,NaN
2020-02-05T22:00,22.8,3.00,210,87,0.00,0,0.0,0.0,0.0,0.00,0.00,1002.4,NaN
2020-02-05T23:00,22.6,2.60,203,89,0.00,0,0.0,0.0,0.0,0.00,0.00,1002.1,NaN
2020-02-06T00:00,22.6,2.12,172,89,0.00,0,0.0,0.0,0.0,0.00,0.00,1002.3,NaN
2020-02-06T01:00,22.4,2.30,180,90,0.00,0,0.0,0.0,0.0,0.00,0.00,1001.6,NaN
2020-02-06T02:00,22.1,2.32,173,92,0.00,0,0.0,0.0,0.0,0.00,0.00,1000.9,NaN
2020-02-06T03:00,22.4,1.73,170,90,0.00,0,0.0,0.0,0.0,0.00,0.00,1001.1,NaN
2020-02-06T04:00,21.5,1.00,180,96,0.00,0,0.0,0.0,0.0,0.00,0.00,1001.0,NaN
2020-02-06T05:00,21.1,1.40,176,97,0.00,0,0.0,0.0,0.0,0.00,0.00,1001.0,NaN
2020-02-06T06:00,20.5,1.72,216,98,0.00,1,0.0,0.0,0.0,0.00,0.00,1001.5,NaN
2020-02-06T07:00,22.8,1.94,215,87,0.00,1,65.0,273.5,29.0,0.00,0.00,1002.6,NaN
2020-02-06T08:00,23.7,2.72,216,80,0.00,1,259.0,552.3,78.0,0.00,0.00,1002.4,NaN
2020-02-06T09:00,24.8,3.41,220,73,0.00,1,497.0,754.0,95.0,0.00,0.00,1002.7,NaN
2020-02-06T10:00,25.6,3.86,217,68,0.00,1,683.0,772.0,134.0,0.00,0.00,1002.9,NaN
2020-02-06T11:00,26.2,4.52,215,64,0.00,1,859.0,871.1,119.0,0.00,0.00,1002.8,NaN
2020-02-06T12:00,26.9,4.47,214,60,0.00,1,979.0,909.6,125.0,0.00,0.00,1002.3,NaN
2020-02-06T13:00,27.2,5.19,214,58,0.00,1,1023.0,913.6,134.0,0.00,0.00,1001.8,NaN
2020-02-06T14:00,26.9,5.47,211,58,0.00,1,989.0,882.3,151.0,0.00,0.00,1001.2,NaN
2020-02-06T15:00,26.5,5.75,211,61,0.00,1,904.0,902.7,118.0,0.00,0.00,1000.9,NaN
2020-02-06T16:00,26.2,5.11,211,63,0.00,1,740.0,829.9,125.0,0.00,0.00,1000.7,NaN
2020-02-06T17:00,24.8,5.87,203,70,0.00,1,531.0,719.8,121.0,0.00,0.00,1000.5,NaN
2020-02-06T18:00,24.1,4.87,199,75,0.00,1,313.0,619.2,85.0,0.00,0.00,1000.9,NaN
2020-02-06T19:00,22.7,4.70,182,83,0.00,1,100.0,373.7,43.0,0.00,0.00,1001.5,NaN
2020-02-06T20:00,22.5,4.65,189,82,0.00,0,1.0,0.0,1.0,0.00,0.00,1001.3,NaN
2020-02-06T21:00,22.2,4.13,187,85,0.00,0,0.0,0.0,0.0,0.00,0.00,1001.5,NaN
2020-02-06T22:00,21.9,4.01,176,87,0.00,0,0.0,0.0,0.0,0.00,0.00,1001.6,NaN
2020-02-06T23:00,22.0,3.96,159,85,0.00,0,0.0,0.0,0.0,0.00,0.00,1001.5,NaN
2020-02-07T00:00,21.7,3.65,171,87,0.00,0,0.0,0.0,0.0,0.00,0.00,1001.3,NaN
2020-02-07T01:00,21.4,3.74,164,89,0.00,0,0.0,0.0,0.0,0.00,0.00,1000.9,NaN
2020-02-07T02:00,21.2,3.70,161,90,0.00,0,0.0,0.0,0.0,0.00,0.00,1000.5,NaN
2020-02-07T03:00,21.1,3.79,162,90,0.00,0,0.0,0.0,0.0,0.00,0.00,1000.4,NaN
2020-02-07T04:00,21.3,4.04,171,89,0.00,0,0.0,0.0,0.0,0.00,0.00,1000.4,NaN
2020-02-07T05:00,21.0,4.12,166,90,0.00,0,0.0,0.0,0.0,0.00,0.00,1000.6,NaN
2020-02-07T06:00,21.0,4.27,159,91,0.00,1,0.0,0.0,0.0,0.00,0.00,1001.1,NaN
2020-02-07T07:00,22.2,4.58,148,83,0.00,1,48.0,138.0,30.0,0.00,0.00,1001.3,NaN
2020-02-07T08:00,23.2,4.27,164,78,0.00,1,220.0,433.4,79.0,0.00,0.00,1001.5,NaN
2020-02-07T09:00,25.3,3.69,167,66,0.00,1,486.0,679.7,125.0,0.00,0.00,1001.9,NaN
2020-02-07T10:00,27.7,3.80,178,55,0.00,1,698.0,807.8,125.0,0.00,0.00,1001.7,NaN
2020-02-07T11:00,28.6,4.81,197,54,0.00,1,873.0,886.8,121.0,0.00,0.00,1001.2,NaN
2020-02-07T12:00,28.2,6.26,200,59,0.00,1,992.0,933.3,117.0,0.00,0.00,1000.7,NaN
2020-02-07T13:00,27.4,6.61,198,60,0.00,1,1033.0,941.5,118.0,0.00,0.00,1000.5,NaN
2020-02-07T14:00,27.2,6.74,195,59,0.00,1,1001.0,929.7,119.0,0.00,0.00,999.8,NaN
2020-02-07T15:00,26.7,7.53,197,60,0.00,1,893.0,864.9,141.0,0.00,0.00,999.1,NaN
2020-02-07T16:00,26.0,7.18,196,63,0.00,1,748.0,868.0,106.0,0.00,0.00,999.3,NaN
2020-02-07T17:00,25.3,6.87,193,65,0.00,1,546.0,797.5,93.0,0.00,0.00,999.5,NaN
2020-02-07T18:00,25.0,6.14,173,68,0.00,1,317.0,663.3,74.0,0.00,0.00,1000.7,NaN
2020-02-07T19:00,24.5,5.61,184,69,0.00,1,100.0,395.9,40.0,0.00,0.00,1000.9,NaN
2020-02-07T20:00,23.0,4.90,180,75,0.00,0,1.0,0.0,1.0,0.00,0.00,1000.8,NaN
2020-02-07T21:00,22.7,4.64,173,80,0.00,0,0.0,0.0,0.0,0.00,0.00,1000.8,NaN
2020-02-07T22:00,22.2,4.44,172,85,0.00,0,0.0,0.0,0.0,0.00,0.00,1000.4,NaN
2020-02-07T23:00,22.1,4.22,175,87,0.00,0,0.0,0.0,0.0,0.00,0.00,999.8,NaN
2020-02-08T00:00,22.2,3.85,171,87,0.00,0,0.0,0.0,0.0,0.00,0.00,1000.0,NaN
2020-02-08T01:00,22.0,2.80,55,88,0.00,0,0.0,0.0,0.0,0.00,0.00,1000.8,NaN
2020-02-08T02:00,21.8,3.42,187,89,0.00,0,0.0,0.0,0.0,0.00,0.00,999.5,NaN
2020-02-08T03:00,21.8,4.00,179,90,0.00,0,0.0,0.0,0.0,0.00,0.00,999.4,NaN
2020-02-08T04:00,21.6,3.81,166,92,0.00,0,0.0,0.0,0.0,0.00,0.00,999.4,NaN
2020-02-08T05:00,21.8,4.02,161,92,0.00,0,0.0,0.0,0.0,0.00,0.00,999.7,NaN
2020-02-08T06:00,21.9,3.77,158,91,0.00,1,0.0,0.0,0.0,0.00,0.00,1000.4,NaN
2020-02-08T07:00,22.6,3.73,160,86,0.00,1,41.0,116.1,26.0,0.00,0.00,1001.0,NaN
2020-02-08T08:00,24.7,2.94,170,78,0.00,1,226.0,433.5,86.0,0.00,0.00,1000.6,NaN
2020-02-08T09:00,26.8,3.71,185,68,0.00,1,491.0,754.2,92.0,0.00,0.00,1000.7,NaN
2020-02-08T10:00,28.7,3.96,196,60,0.00,1,700.0,843.7,103.0,0.00,0.00,1000.8,NaN
2020-02-08T11:00,29.3,5.02,203,59,0.00,1,868.0,894.3,111.0,0.00,0.00,1000.4,NaN
2020-02-08T12:00,28.6,5.91,208,60,0.00,1,980.0,922.9,116.0,0.00,0.00,1000.4,NaN
2020-02-08T13:00,28.7,5.92,210,59,0.00,1,1016.0,926.2,117.0,0.00,0.00,1000.2,NaN
2020-02-08T14:00,27.7,7.38,196,63,0.00,1,999.0,935.2,113.0,0.00,0.00,999.8,NaN
2020-02-08T15:00,27.2,7.27,198,67,0.00,1,886.0,863.9,136.0,0.00,0.00,999.5,NaN
2020-02-08T16:00,26.1,8.15,194,69,0.00,1,735.0,845.4,111.0,0.00,0.00,999.6,NaN
2020-02-08T17:00,25.3,7.89,189,72,0.00,1,533.0,764.6,100.0,0.00,0.00,999.9,NaN
2020-02-08T18:00,24.1,7.41,182,77,0.00,1,295.0,573.6,86.0,0.00,0.00,1000.7,NaN
2020-02-08T19:00,22.9,8.21,182,81,0.00,1,93.0,352.1,40.0,0.00,0.00,1001.2,NaN
2020-02-08T20:00,22.5,6.80,179,82,0.00,0,1.0,0.0,1.0,0.00,0.00,1002.5,NaN
2020-02-08T21:00,22.4,7.23,174,80,0.00,0,0.0,0.0,0.0,0.00,0.00,1002.8,NaN
2020-02-08T22:00,22.2,7.37,172,81,0.00,0,0.0,0.0,0.0,0.00,0.00,1003.1,NaN
2020-02-08T23:00,22.1,8.02,170,76,0.00,0,0.0,0.0,0.0,0.00,0.00,1002.7,NaN
2020-02-09T00:00,22.0,8.23,164,75,0.00,0,0.0,0.0,0.0,0.00,0.00,1003.1,NaN
2020-02-09T01:00,21.7,7.09,158,75,0.00,0,0.0,0.0,0.0,0.00,0.00,1002.6,NaN
2020-02-09T02:00,21.4,6.96,159,75,0.00,0,0.0,0.0,0.0,0.00,0.00,1002.5,NaN
2020-02-09T03:00,21.2,6.67,156,73,0.00,0,0.0,0.0,0.0,0.00,0.00,1002.1,NaN
2020-02-09T04:00,20.8,6.05,149,73,0.00,0,0.0,0.0,0.0,0.00,0.00,1002.2,NaN
2020-02-09T05:00,20.6,5.52,148,71,0.00,0,0.0,0.0,0.0,0.00,0.00,1002.2,NaN
2020-02-09T06:00,20.5,5.37,151,70,0.00,1,0.0,0.0,0.0,0.00,0.00,1002.6,NaN
2020-02-09T07:00,21.3,5.99,154,66,0.00,1,63.0,281.4,27.0,0.00,0.00,1003.0,NaN
2020-02-09T08:00,22.3,6.80,154,60,0.00,1,266.0,608.3,71.0,0.00,0.00,1003.4,NaN
2020-02-09T09:00,24.0,6.56,159,53,0.00,1,499.0,774.3,91.0,0.00,0.00,1003.2,NaN
2020-02-09T10:00,25.9,6.45,167,47,0.00,1,711.0,861.4,103.0,0.00,0.00,1002.8,NaN
2020-02-09T11:00,27.1,7.21,178,42,0.00,1,881.0,910.1,112.0,0.00,0.00,1002.1,NaN
2020-02-09T12:00,26.6,8.66,187,42,0.00,1,992.0,937.1,116.0,0.00,0.00,1001.4,NaN
2020-02-09T13:00,26.2,9.34,186,42,0.00,1,1035.0,946.0,118.0,0.00,0.00,1000.8,NaN
2020-02-09T14:00,26.1,9.51,182,44,0.00,1,1008.0,941.7,117.0,0.00,0.00,1000.4,NaN
2020-02-09T15:00,25.6,9.91,183,49,0.00,1,911.0,920.7,113.0,0.00,0.00,1000.1,NaN
2020-02-09T16:00,24.8,9.90,179,52,0.00,1,753.0,879.7,105.0,0.00,0.00,999.7,NaN
2020-02-09T17:00,23.7,10.00,179,57,0.00,1,548.0,806.0,93.0,0.00,0.00,999.6,NaN
2020-02-09T18:00,22.6,9.92,177,62,0.00,1,317.0,668.1,75.0,0.00,0.00,999.7,NaN
2020-02-09T19:00,21.6,9.13,176,68,0.00,1,98.0,394.8,39.0,0.00,0.00,999.9,NaN
2020-02-09T20:00,21.3,8.06,173,71,0.00,0,1.0,0.0,1.0,0.00,0.00,1000.0,NaN
2020-02-09T21:00,21.2,7.88,172,73,0.00,0,0.0,0.0,0.0,0.00,0.00,1000.1,NaN
2020-02-09T22:00,21.4,7.83,166,72,0.00,0,0.0,0.0,0.0,0.00,0.00,1000.6,NaN
2020-02-09T23:00,21.0,7.59,167,74,0.00,0,0.0,0.0,0.0,0.00,0.00,999.9,NaN
2020-02-10T00:00,20.9,7.18,164,72,0.00,0,0.0,0.0,0.0,0.00,0.00,999.4,NaN
2020-02-10T01:00,20.8,6.05,158,67,0.00,0,0.0,0.0,0.0,0.00,0.00,999.2,NaN
2020-02-10T02:00,20.5,4.65,155,62,0.00,0,0.0,0.0,0.0,0.00,0.00,999.2,NaN
2020-02-10T03:00,20.3,4.20,155,60,0.00,0,0.0,0.0,0.0,0.00,0.00,999.2,NaN
2020-02-10T04:00,20.1,3.40,156,56,0.00,0,0.0,0.0,0.0,0.00,0.00,999.5,NaN
2020-02-10T05:00,20.1,3.20,160,55,0.00,0,0.0,0.0,0.0,0.00,0.00,999.3,NaN
2020-02-10T06:00,20.4,2.95,152,48,0.00,1,0.0,0.0,0.0,0.00,0.00,999.9,NaN
2020-02-10T07:00,22.5,3.68,158,36,0.00,1,59.0,244.6,28.0,0.00,0.00,1000.3,NaN
2020-02-10T08:00,25.8,3.64,143,28,0.00,1,269.0,628.6,69.0,0.00,0.00,1000.0,NaN
2020-02-10T09:00,29.6,4.26,129,27,0.00,1,500.0,781.1,90.0,0.00,0.00,999.9,NaN
2020-02-10T10:00,32.1,4.10,133,26,0.00,1,711.0,865.0,102.0,0.00,0.00,999.2,NaN
2020-02-10T11:00,33.7,3.86,149,25,0.00,1,878.0,910.6,110.0,0.00,0.00,999.0,NaN
2020-02-10T12:00,34.2,5.30,181,26,0.00,1,988.0,935.3,115.0,0.00,0.00,998.3,NaN
2020-02-10T13:00,32.2,8.02,190,35,0.00,1,1029.0,941.1,118.0,0.00,0.00,997.7,NaN
2020-02-10T14:00,31.3,9.04,190,38,0.00,1,1000.0,935.7,116.0,0.00,0.00,997.2,NaN
2020-02-10T15:00,30.8,9.44,185,37,0.00,1,902.0,913.0,112.0,0.00,0.00,996.8,NaN
2020-02-10T16:00,30.0,8.91,183,39,0.00,1,744.0,872.2,103.0,0.00,0.00,996.5,NaN
2020-02-10T17:00,29.1,8.23,175,44,0.00,1,539.0,796.3,91.0,0.00,0.00,996.4,NaN
2020-02-10T18:00,27.9,7.63,175,51,0.00,1,306.0,649.9,72.0,0.00,0.00,996.6,NaN
2020-02-10T19:00,26.5,6.41,169,58,0.00,1,88.0,343.9,37.0,0.00,0.00,996.8,NaN
2020-02-10T20:00,25.7,4.77,170,60,0.00,0,1.0,0.0,1.0,0.00,0.00,997.8,NaN
2020-02-10T21:00,24.7,4.20,177,66,0.00,0,0.0,0.0,0.0,0.00,0.00,998.8,NaN
2020-02-10T22:00,24.1,3.61,175,71,0.00,0,0.0,0.0,0.0,0.00,0.00,999.0,NaN
2020-02-10T23:00,23.3,2.34,140,75,0.00,0,0.0,0.0,0.0,0.00,0.00,999.1,NaN
2020-02-11T00:00,22.6,1.55,75,75,0.00,0,0.0,0.0,0.0,0.00,0.00,999.1,NaN
2020-02-11T01:00,25.2,2.85,72,51,0.00,0,0.0,0.0,0.0,0.00,0.00,999.0,NaN
2020-02-11T02:00,26.0,4.49,73,45,0.00,0,0.0,0.0,0.0,0.00,0.00,999.0,NaN
2020-02-11T03:00,25.1,3.54,74,48,0.00,0,0.0,0.0,0.0,0.00,0.00,998.9,NaN
2020-02-11T04:00,24.0,2.14,79,52,0.00,0,0.0,0.0,0.0,0.00,0.00,999.2,NaN
2020-02-11T05:00,23.0,1.91,96,57,0.00,0,0.0,0.0,0.0,0.00,0.00,999.4,NaN
2020-02-11T06:00,22.4,2.04,101,61,0.00,0,0.0,0.0,0.0,0.00,0.00,999.9,NaN
2020-02-11T07:00,24.8,2.01,117,54,0.00,1,59.0,263.0,26.0,0.00,0.00,1000.8,NaN
2020-02-11T08:00,26.3,1.51,82,56,0.00,1,260.0,608.0,68.0,0.00,0.00,1001.3,NaN
2020-02-11T09:00,28.0,1.48,118,50,0.00,1,477.0,707.7,107.0,0.00,0.00,1001.8,NaN
2020-02-11T10:00,29.3,1.75,167,46,0.00,1,674.0,753.3,145.0,0.00,0.00,1001.7,NaN
2020-02-11T11:00,30.5,2.47,194,42,0.00,1,807.0,706.8,212.0,0.00,0.00,1001.3,NaN
2020-02-11T12:00,30.7,4.66,215,44,0.00,1,902.0,674.9,273.0,0.00,0.00,1000.8,NaN
2020-02-11T13:00,30.2,5.69,214,47,0.00,1,1016.0,907.3,139.0,0.00,0.00,1000.7,NaN
2020-02-11T14:00,30.1,5.11,211,46,0.00,1,993.0,933.9,112.0,0.00,0.00,1000.1,NaN
2020-02-11T15:00,30.0,4.60,214,46,0.00,1,894.0,910.0,108.0,0.00,0.00,1000.0,NaN
2020-02-11T16:00,29.0,4.70,218,49,0.00,1,738.0,867.4,102.0,0.00,0.00,1000.0,NaN
2020-02-11T17:00,28.2,4.84,218,53,0.00,1,534.0,790.2,91.0,0.00,0.00,1000.3,NaN
2020-02-11T18:00,26.9,3.71,207,58,0.00,1,306.0,651.2,73.0,0.00,0.00,1000.7,NaN
2020-02-11T19:00,25.8,3.20,200,66,0.00,1,92.0,373.8,37.0,0.00,0.00,1001.2,NaN
2020-02-11T20:00,25.2,4.93,174,70,0.00,0,1.0,0.0,1.0,0.00,0.00,1001.6,NaN
2020-02-11T21:00,25.2,4.85,158,70,0.00,0,0.0,0.0,0.0,0.00,0.00,1002.1,NaN
2020-02-11T22:00,25.1,4.30,149,67,0.00,0,0.0,0.0,0.0,0.00,0.00,1002.1,NaN
2020-02-11T23:00,24.7,2.92,142,66,0.00,0,0.0,0.0,0.0,0.00,0.00,1001.8,NaN
2020-02-12T00:00,24.8,2.10,115,63,0.00,0,0.0,0.0,0.0,0.00,0.00,1002.1,NaN
2020-02-12T01:00,25.7,3.42,83,57,0.00,0,0.0,0.0,0.0,0.00,0.00,1001.9,NaN
2020-02-12T02:00,25.7,3.91,77,57,0.00,0,0.0,0.0,0.0,0.00,0.00,1001.6,NaN
2020-02-12T03:00,25.1,3.90,67,60,0.00,0,0.0,0.0,0.0,0.00,0.00,1001.5,NaN
2020-02-12T04:00,24.7,4.25,63,64,0.00,0,0.0,0.0,0.0,0.00,0.00,1001.4,NaN
2020-02-12T05:00,24.1,4.03,60,68,0.00,0,0.0,0.0,0.0,0.00,0.00,1001.8,NaN
2020-02-12T06:00,23.6,3.24,56,70,0.00,0,0.0,0.0,0.0,0.00,0.00,1002.5,NaN
2020-02-12T07:00,24.7,3.32,44,65,0.00,1,57.0,257.5,25.0,0.00,0.00,1003.6,NaN
2020-02-12T08:00,27.2,3.22,30,55,0.00,1,258.0,606.2,68.0,0.00,0.00,1003.2,NaN
2020-02-12T09:00,29.7,2.21,5,47,0.00,1,488.0,768.2,88.0,0.00,0.00,1003.5,NaN
2020-02-12T10:00,31.2,1.40,270,42,0.00,1,699.0,852.4,102.0,0.00,0.00,1003.6,NaN
2020-02-12T11:00,31.5,3.69,229,44,0.00,1,866.0,898.7,111.0,0.00,0.00,1003.4,NaN
2020-02-12T12:00,31.2,4.74,226,46,0.00,1,974.0,923.2,115.0,0.00,0.00,1003.1,NaN
2020-02-12T13:00,30.5,4.83,236,47,0.00,1,1013.0,928.4,117.0,0.00,0.00,1002.9,NaN
2020-02-12T14:00,29.9,4.27,237,50,0.00,1,972.0,900.4,124.0,0.00,0.00,1002.4,NaN
2020-02-12T15:00,29.9,4.19,237,51,0.00,1,880.0,889.7,113.0,0.00,0.00,1002.0,NaN
2020-02-12T16:00,29.0,4.08,239,54,0.00,1,729.0,849.0,108.0,0.00,0.00,1001.9,NaN
2020-02-12T17:00,28.1,3.52,255,58,0.00,1,526.0,775.2,93.0,0.00,0.00,1001.9,NaN
2020-02-12T18:00,26.6,3.30,256,64,0.00,1,300.0,638.7,73.0,0.00,0.00,1002.1,NaN
2020-02-12T19:00,25.2,2.91,266,74,0.00,1,85.0,335.8,36.0,0.00,0.00,1002.5,NaN
2020-02-12T20:00,24.2,2.63,279,85,0.00,0,0.0,0.0,0.0,0.00,0.00,1002.8,NaN
2020-02-12T21:00,23.8,2.75,280,90,0.00,0,0.0,0.0,0.0,0.00,0.00,1003.2,NaN
2020-02-12T22:00,23.7,2.31,275,90,0.00,0,0.0,0.0,0.0,0.00,0.00,1003.3,NaN
2020-02-12T23:00,23.2,2.70,272,93,0.00,0,0.0,0.0,0.0,0.00,0.00,1003.1,NaN
2020-02-13T00:00,22.7,2.42,277,97,0.00,0,0.0,0.0,0.0,0.00,0.00,1002.8,NaN
2020-02-13T01:00,22.5,1.30,270,98,0.00,0,0.0,0.0,0.0,0.00,0.00,1002.5,NaN
2020-02-13T02:00,22.4,1.80,270,98,0.00,0,0.0,0.0,0.0,0.00,0.00,1001.8,NaN
2020-02-13T03:00,22.3,1.90,252,97,0.00,0,0.0,0.0,0.0,0.00,0.00,1001.5,NaN
2020-02-13T04:00,22.0,1.20,222,96,0.00,0,0.0,0.0,0.0,0.00,0.00,1001.8,NaN
2020-02-13T05:00,21.9,1.48,242,94,0.00,0,0.0,0.0,0.0,0.00,0.00,1001.8,NaN
2020-02-13T06:00,22.0,0.92,229,91,0.00,0,0.0,0.0,0.0,0.00,0.00,1002.2,NaN
2020-02-13T07:00,22.7,1.36,234,85,0.00,1,49.0,211.3,23.0,0.00,0.00,1002.9,NaN
2020-02-13T08:00,23.8,2.42,294,80,0.00,1,251.0,578.7,71.0,0.00,0.00,1002.7,NaN
2020-02-13T09:00,25.6,3.31,299,70,0.00,1,483.0,742.3,98.0,0.00,0.00,1003.0,NaN
2020-02-13T10:00,26.9,4.30,288,64,0.00,1,694.0,830.3,114.0,0.00,0.00,1003.2,NaN
2020-02-13T11:00,27.4,4.96,279,62,0.00,1,867.0,896.8,115.0,0.00,0.00,1003.0,NaN
2020-02-13T12:00,27.3,5.53,276,62,0.00,1,972.0,907.5,129.0,0.00,0.00,1002.8,NaN
2020-02-13T13:00,27.3,5.84,277,63,0.00,1,1025.0,938.1,121.0,0.00,0.00,1002.5,NaN
2020-02-13T14:00,27.5,5.81,274,62,0.00,1,999.0,938.0,117.0,0.00,0.00,1002.0,NaN
2020-02-13T15:00,27.0,5.90,271,64,0.00,1,902.0,917.0,113.0,0.00,0.00,1001.7,NaN
2020-02-13T16:00,26.5,5.40,270,68,0.00,1,744.0,875.9,105.0,0.00,0.00,1001.4,NaN
2020-02-13T17:00,25.9,5.00,271,70,0.00,1,539.0,803.3,92.0,0.00,0.00,1001.3,NaN
2020-02-13T18:00,24.8,4.30,271,75,0.00,1,306.0,645.9,78.0,0.00,0.00,1001.3,NaN
2020-02-13T19:00,23.5,3.37,258,84,0.00,1,90.0,366.4,37.0,0.00,0.00,1001.8,NaN
2020-02-13T20:00,22.9,3.30,235,87,0.00,0,0.0,0.0,0.0,0.00,0.00,1002.3,NaN
2020-02-13T21:00,23.0,1.91,223,86,0.00,0,0.0,0.0,0.0,0.00,0.00,1002.9,NaN
2020-02-13T22:00,22.8,0.61,279,88,0.00,0,0.0,0.0,0.0,0.00,0.00,1002.8,NaN
2020-02-13T23:00,21.8,1.03,299,95,0.00,0,0.0,0.0,0.0,0.00,0.00,1002.3,NaN
2020-02-14T00:00,21.6,1.22,305,96,0.00,0,0.0,0.0,0.0,0.00,0.00,1001.9,NaN
2020-02-14T01:00,21.6,1.90,288,96,0.00,0,0.0,0.0,0.0,0.00,0.00,1001.6,NaN
2020-02-14T02:00,21.4,1.77,286,97,0.00,0,0.0,0.0,0.0,0.00,0.00,1001.1,NaN
2020-02-14T03:00,21.8,2.15,298,96,0.00,0,0.0,0.0,0.0,0.00,0.00,1001.0,NaN
2020-02-14T04:00,21.6,2.13,311,97,0.00,0,0.0,0.0,0.0,0.00,0.00,1001.0,NaN
2020-02-14T05:00,21.8,2.33,317,96,0.00,0,0.0,0.0,0.0,0.00,0.00,1001.0,NaN
2020-02-14T06:00,21.8,2.42,322,95,0.00,0,0.0,0.0,0.0,0.00,0.00,1001.4,NaN
2020-02-14T07:00,22.0,2.39,327,93,0.00,1,32.0,49.3,26.0,0.00,0.00,1002.1,NaN
2020-02-14T08:00,22.7,2.72,324,86,0.00,1,158.0,116.6,122.0,0.00,0.00,1002.1,NaN
2020-02-14T09:00,24.9,2.64,307,74,0.00,1,434.0,549.8,150.0,0.00,0.00,1002.2,NaN
2020-02-14T10:00,26.8,3.04,287,65,0.00,1,676.0,773.6,137.0,0.00,0.00,1002.0,NaN
2020-02-14T11:00,27.7,4.11,274,64,0.00,1,868.0,902.2,113.0,0.00,0.00,1001.9,NaN
2020-02-14T12:00,27.0,5.30,268,66,0.00,1,977.0,929.5,115.0,0.00,0.00,1001.7,NaN
2020-02-14T13:00,27.2,5.60,271,63,0.00,1,1016.0,935.4,116.0,0.00,0.00,1001.3,NaN
2020-02-14T14:00,27.2,5.42,265,63,0.00,1,986.0,928.9,114.0,0.00,0.00,1000.9,NaN
2020-02-14T15:00,27.0,5.00,270,60,0.00,1,889.0,906.0,111.0,0.00,0.00,1000.6,NaN
2020-02-14T16:00,26.6,4.81,266,63,0.00,1,736.0,870.0,103.0,0.00,0.00,1000.2,NaN
2020-02-14T17:00,25.7,4.41,266,68,0.00,1,534.0,797.5,92.0,0.00,0.00,1000.1,NaN
2020-02-14T18:00,24.5,3.65,261,77,0.00,1,300.0,639.1,76.0,0.00,0.00,1000.6,NaN
2020-02-14T19:00,23.5,3.18,257,84,0.00,1,86.0,348.8,36.0,0.00,0.00,1001.0,NaN
2020-02-14T20:00,22.9,2.83,262,87,0.00,0,0.0,0.0,0.0,0.00,0.00,1001.1,NaN
2020-02-14T21:00,22.6,2.04,281,89,0.00,0,0.0,0.0,0.0,0.00,0.00,1001.5,NaN
2020-02-14T22:00,22.0,1.17,301,93,0.00,0,0.0,0.0,0.0,0.00,0.00,1001.5,NaN
2020-02-14T23:00,21.7,1.66,303,94,0.00,0,0.0,0.0,0.0,0.00,0.00,1001.4,NaN
2020-02-15T00:00,21.4,1.84,311,95,0.00,0,0.0,0.0,0.0,0.00,0.00,1001.2,NaN
2020-02-15T01:00,21.2,2.06,309,95,0.00,0,0.0,0.0,0.0,0.00,0.00,1001.0,NaN
2020-02-15T02:00,21.0,1.84,319,95,0.00,0,0.0,0.0,0.0,0.00,0.00,1001.1,NaN
2020-02-15T03:00,20.8,1.79,333,95,0.00,0,0.0,0.0,0.0,0.00,0.00,1001.1,NaN
2020-02-15T04:00,20.9,2.06,337,96,0.00,0,0.0,0.0,0.0,0.00,0.00,1001.4,NaN
2020-02-15T05:00,20.9,2.20,330,95,0.00,0,0.0,0.0,0.0,0.00,0.00,1001.7,NaN
2020-02-15T06:00,20.5,2.09,343,96,0.00,0,0.0,0.0,0.0,0.00,0.00,1002.3,NaN
2020-02-15T07:00,21.6,2.64,323,90,0.00,1,39.0,132.7,23.0,0.00,0.00,1003.1,NaN
2020-02-15T08:00,23.0,3.07,289,77,0.20,1,200.0,352.6,92.0,0.20,0.00,1003.8,NaN
2020-02-15T09:00,24.1,3.86,260,71,0.00,1,361.0,423.7,143.0,0.00,0.00,1004.2,NaN
2020-02-15T10:00,24.8,3.70,251,67,0.00,1,502.0,492.2,160.0,0.00,0.00,1004.5,NaN
2020-02-15T11:00,25.4,4.29,242,64,0.00,1,691.0,532.8,246.0,0.00,0.00,1004.3,NaN
2020-02-15T12:00,25.8,4.55,230,63,0.00,1,782.0,531.5,290.0,0.00,0.00,1004.3,NaN
2020-02-15T13:00,26.1,5.24,222,63,0.00,1,867.0,592.4,298.0,0.00,0.00,1003.9,NaN
2020-02-15T14:00,25.6,5.70,218,64,0.10,1,724.0,359.6,387.0,0.10,0.00,1003.8,NaN
2020-02-15T15:00,25.5,6.14,210,65,0.20,1,664.0,408.4,314.0,0.20,0.00,1003.5,NaN
2020-02-15T16:00,24.6,6.37,202,69,0.10,1,487.0,237.1,315.0,0.10,0.00,1003.3,NaN
2020-02-15T17:00,23.7,7.12,200,74,0.20,1,284.0,45.3,259.0,0.20,0.00,1003.4,NaN
2020-02-15T18:00,22.9,7.18,193,79,0.20,1,185.0,181.1,122.0,0.20,0.00,1003.5,NaN
2020-02-15T19:00,22.0,7.06,187,84,0.20,1,56.0,183.1,30.0,0.20,0.00,1003.8,NaN
2020-02-15T20:00,21.7,6.44,186,80,0.10,0,0.0,0.0,0.0,0.10,0.00,1004.4,NaN
2020-02-15T21:00,21.6,5.72,185,82,0.10,0,0.0,0.0,0.0,0.10,0.00,1004.9,NaN
2020-02-15T22:00,21.4,5.12,186,81,0.00,0,0.0,0.0,0.0,0.00,0.00,1004.9,NaN
2020-02-15T23:00,20.8,4.90,192,84,0.00,0,0.0,0.0,0.0,0.00,0.00,1004.8,NaN
2020-02-16T00:00,21.0,5.51,196,79,0.00,0,0.0,0.0,0.0,0.00,0.00,1005.1,NaN
2020-02-16T01:00,21.0,5.92,196,75,0.00,0,0.0,0.0,0.0,0.00,0.00,1004.6,NaN
2020-02-16T02:00,20.8,5.75,193,75,0.00,0,0.0,0.0,0.0,0.00,0.00,1004.4,NaN
2020-02-16T03:00,20.7,5.69,190,76,0.00,0,0.0,0.0,0.0,0.00,0.00,1004.3,NaN
2020-02-16T04:00,20.7,5.26,189,73,0.00,0,0.0,0.0,0.0,0.00,0.00,1004.8,NaN
2020-02-16T05:00,20.7,4.70,180,71,0.00,0,0.0,0.0,0.0,0.00,0.00,1005.3,NaN
2020-02-16T06:00,20.6,4.90,182,71,0.00,0,0.0,0.0,0.0,0.00,0.00,1006.1,NaN
2020-02-16T07:00,20.9,5.80,181,68,0.00,1,30.0,50.3,24.0,0.00,0.00,1006.9,NaN
2020-02-16T08:00,21.7,5.51,176,63,0.00,1,104.0,16.5,99.0,0.00,0.00,1007.2,NaN
2020-02-16T09:00,22.7,5.81,177,58,0.00,1,326.0,242.0,202.0,0.00,0.00,1007.4,NaN
2020-02-16T10:00,23.3,6.51,184,55,0.00,1,518.0,295.8,313.0,0.00,0.00,1007.5,NaN
2020-02-16T11:00,24.4,6.54,186,50,0.00,1,826.0,719.9,226.0,0.00,0.00,1007.3,NaN
2020-02-16T12:00,25.2,6.46,188,48,0.00,1,891.0,606.0,331.0,0.00,0.00,1006.8,NaN
2020-02-16T13:00,24.9,7.32,194,52,0.00,1,1021.0,914.6,144.0,0.00,0.00,1006.4,NaN
2020-02-16T14:00,24.9,7.30,193,49,0.00,1,1007.0,956.9,112.0,0.00,0.00,1005.9,NaN
2020-02-16T15:00,24.4,7.71,190,53,0.00,1,914.0,946.2,105.0,0.00,0.00,1005.4,NaN
2020-02-16T16:00,24.0,7.88,188,55,0.00,1,748.0,890.2,104.0,0.00,0.00,1005.3,NaN
2020-02-16T17:00,23.2,8.12,184,60,0.00,1,541.0,818.8,91.0,0.00,0.00,1005.3,NaN
2020-02-16T18:00,22.3,8.00,181,63,0.00,1,304.0,666.3,74.0,0.00,0.00,1005.4,NaN
2020-02-16T19:00,21.4,7.30,178,68,0.00,1,85.0,355.5,35.0,0.00,0.00,1005.8,NaN
2020-02-16T20:00,20.8,6.74,174,73,0.00,0,0.0,0.0,0.0,0.00,0.00,1006.1,NaN
2020-02-16T21:00,20.7,6.69,171,73,0.00,0,0.0,0.0,0.0,0.00,0.00,1006.7,NaN
2020-02-16T22:00,20.5,6.65,168,77,0.00,0,0.0,0.0,0.0,0.00,0.00,1006.8,NaN
2020-02-16T23:00,20.6,6.46,164,78,0.00,0,0.0,0.0,0.0,0.00,0.00,1006.7,NaN
2020-02-17T00:00,20.5,6.78,158,76,0.00,0,0.0,0.0,0.0,0.00,0.00,1006.6,NaN
2020-02-17T01:00,20.2,6.80,156,79,0.00,0,0.0,0.0,0.0,0.00,0.00,1006.3,NaN
2020-02-17T02:00,19.8,6.66,154,81,0.00,0,0.0,0.0,0.0,0.00,0.00,1005.9,NaN
2020-02-17T03:00,19.4,6.23,150,86,0.00,0,0.0,0.0,0.0,0.00,0.00,1006.2,NaN
2020-02-17T04:00,18.9,5.77,146,88,0.00,0,0.0,0.0,0.0,0.00,0.00,1006.7,NaN
2020-02-17T05:00,18.5,5.74,145,89,0.00,0,0.0,0.0,0.0,0.00,0.00,1007.1,NaN
2020-02-17T06:00,18.3,5.22,144,88,0.00,0,0.0,0.0,0.0,0.00,0.00,1007.7,NaN
2020-02-17T07:00,19.2,4.92,142,81,0.00,1,50.0,228.4,23.0,0.00,0.00,1008.2,NaN
2020-02-17T08:00,21.4,5.54,141,68,0.00,1,256.0,623.4,68.0,0.00,0.00,1007.6,NaN
2020-02-17T09:00,24.7,5.54,141,52,0.00,1,496.0,799.6,88.0,0.00,0.00,1007.3,NaN
2020-02-17T10:00,28.5,5.36,143,36,0.00,1,714.0,887.0,101.0,0.00,0.00,1006.9,NaN
2020-02-17T11:00,31.6,4.96,146,26,0.00,1,887.0,934.3,110.0,0.00,0.00,1006.3,NaN
2020-02-17T12:00,33.3,4.62,162,24,0.00,1,999.0,958.3,115.0,0.00,0.00,1005.5,NaN
2020-02-17T13:00,32.2,6.32,191,34,0.00,1,1038.0,963.2,116.0,0.00,0.00,1004.9,NaN
2020-02-17T14:00,30.5,8.13,194,46,0.00,1,1003.0,950.1,116.0,0.00,0.00,1004.4,NaN
2020-02-17T15:00,29.3,9.36,190,47,0.00,1,898.0,922.5,111.0,0.00,0.00,1003.7,NaN
2020-02-17T16:00,28.5,9.11,183,47,0.00,1,735.0,877.6,102.0,0.00,0.00,1003.3,NaN
2020-02-17T17:00,27.9,8.41,177,52,0.00,1,528.0,798.7,91.0,0.00,0.00,1003.2,NaN
2020-02-17T18:00,26.5,8.12,176,61,0.00,1,296.0,657.0,71.0,0.00,0.00,1003.3,NaN
2020-02-17T19:00,24.7,6.99,171,69,0.00,1,81.0,344.7,33.0,0.00,0.00,1003.6,NaN
2020-02-17T20:00,23.8,6.82,166,70,0.00,0,0.0,0.0,0.0,0.00,0.00,1003.7,NaN
2020-02-17T21:00,24.1,5.39,158,68,0.00,0,0.0,0.0,0.0,0.00,0.00,1003.8,NaN
2020-02-17T22:00,24.0,4.80,144,64,0.00,0,0.0,0.0,0.0,0.00,0.00,1003.7,NaN
2020-02-17T23:00,26.6,4.95,137,38,0.00,0,0.0,0.0,0.0,0.00,0.00,1003.4,NaN
2020-02-18T00:00,28.2,5.91,124,25,0.00,0,0.0,0.0,0.0,0.00,0.00,1002.9,NaN
2020-02-18T01:00,28.0,5.69,121,26,0.00,0,0.0,0.0,0.0,0.00,0.00,1002.2,NaN
2020-02-18T02:00,27.8,4.79,113,28,0.00,0,0.0,0.0,0.0,0.00,0.00,1001.7,NaN
2020-02-18T03:00,28.0,4.65,109,32,0.00,0,0.0,0.0,0.0,0.00,0.00,1001.5,NaN
2020-02-18T04:00,28.7,5.54,97,35,0.00,0,0.0,0.0,0.0,0.00,0.00,1001.6,NaN
2020-02-18T05:00,28.9,6.80,89,34,0.00,0,0.0,0.0,0.0,0.00,0.00,1001.6,NaN
2020-02-18T06:00,28.9,7.96,83,35,0.00,0,0.0,0.0,0.0,0.00,0.00,1001.7,NaN
2020-02-18T07:00,29.3,9.51,78,34,0.00,1,33.0,59.8,26.0,0.00,0.00,1002.0,NaN
2020-02-18T08:00,30.5,8.54,69,35,0.00,1,136.0,43.4,123.0,0.00,0.00,1001.8,NaN
2020-02-18T09:00,32.9,8.90,63,34,0.00,1,326.0,220.4,214.0,0.00,0.00,1002.2,NaN
2020-02-18T10:00,35.1,7.80,54,32,0.00,1,459.0,165.4,345.0,0.00,0.00,1002.2,NaN
2020-02-18T11:00,37.3,5.74,35,30,0.00,1,618.0,272.3,392.0,0.00,0.00,1002.0,NaN
2020-02-18T12:00,39.1,4.31,4,28,0.00,1,861.0,622.3,288.0,0.00,0.00,1001.0,NaN
2020-02-18T13:00,35.2,6.93,290,36,0.00,1,906.0,640.5,294.0,0.00,0.00,1001.0,NaN
2020-02-18T14:00,32.5,5.65,293,44,0.00,1,736.0,499.1,271.0,0.00,0.00,1002.0,NaN
2020-02-18T15:00,31.6,5.95,253,47,0.00,1,558.0,211.5,378.0,0.00,0.00,1001.3,NaN
2020-02-18T16:00,30.8,2.00,273,52,0.00,1,435.0,178.0,307.0,0.00,0.00,1001.6,NaN
2020-02-18T17:00,31.7,0.90,180,50,0.00,1,307.0,126.7,238.0,0.00,0.00,1001.3,NaN
2020-02-18T18:00,31.6,1.80,177,50,0.00,1,194.0,167.8,137.0,0.00,0.00,1001.3,NaN
2020-02-18T19:00,30.4,1.60,176,54,0.00,1,57.0,145.1,37.0,0.00,0.00,1001.6,NaN
2020-02-18T20:00,30.8,4.27,69,36,0.00,0,0.0,0.0,0.0,0.00,0.00,1001.3,NaN
2020-02-18T21:00,30.1,2.64,53,39,0.00,0,0.0,0.0,0.0,0.00,0.00,1001.7,NaN
2020-02-18T22:00,27.0,2.05,313,46,0.00,0,0.0,0.0,0.0,0.00,0.00,1001.3,NaN
2020-02-18T23:00,27.2,2.08,35,45,0.00,0,0.0,0.0,0.0,0.00,0.00,1001.6,NaN
2020-02-19T00:00,28.3,2.79,21,41,0.00,0,0.0,0.0,0.0,0.00,0.00,1001.2,NaN
2020-02-19T01:00,27.9,1.14,128,42,0.00,0,0.0,0.0,0.0,0.00,0.00,1001.7,NaN
2020-02-19T02:00,26.2,1.97,336,50,0.00,0,0.0,0.0,0.0,0.00,0.00,1001.8,NaN
2020-02-19T03:00,26.3,2.05,43,50,0.00,0,0.0,0.0,0.0,0.00,0.00,1001.4,NaN
2020-02-19T04:00,27.1,3.94,27,49,0.00,0,0.0,0.0,0.0,0.00,0.00,1001.2,NaN
2020-02-19T05:00,27.5,5.67,41,49,0.00,0,0.0,0.0,0.0,0.00,0.00,1000.6,NaN
2020-02-19T06:00,27.5,5.31,20,51,0.00,0,0.0,0.0,0.0,0.00,0.00,1001.9,NaN
2020-02-19T07:00,28.6,8.24,29,47,0.00,1,28.0,86.4,18.0,0.00,0.00,1001.4,NaN
2020-02-19T08:00,30.4,6.57,33,40,0.00,1,179.0,350.3,75.0,0.00,0.00,1001.2,NaN
2020-02-19T09:00,31.4,6.28,37,38,0.00,1,256.0,168.0,171.0,0.00,0.00,1002.2,NaN
2020-02-19T10:00,33.8,6.86,19,33,0.00,1,427.0,325.9,203.0,0.00,0.00,1001.8,NaN
2020-02-19T11:00,35.6,5.22,343,29,0.00,1,615.0,322.4,348.0,0.00,0.00,1001.4,NaN
2020-02-19T12:00,33.4,4.74,263,40,0.00,1,798.0,489.7,348.0,0.00,0.00,1001.2,NaN
2020-02-19T13:00,27.9,5.91,184,60,0.00,1,583.0,164.6,426.0,0.00,0.00,1001.8,NaN
2020-02-19T14:00,30.0,4.51,184,47,0.00,1,643.0,201.1,456.0,0.00,0.00,1001.0,NaN
2020-02-19T15:00,30.3,5.80,181,49,0.00,1,703.0,402.8,361.0,0.00,0.00,1001.1,NaN
2020-02-19T16:00,32.2,6.99,161,42,0.00,1,591.0,424.1,287.0,0.00,0.00,1000.5,NaN
2020-02-19T17:00,29.9,7.67,149,47,0.00,1,366.0,284.1,212.0,0.00,0.00,1001.2,NaN
2020-02-19T18:00,30.1,4.24,146,48,0.00,1,134.0,133.6,89.0,0.00,0.00,1001.1,NaN
2020-02-19T19:00,27.8,6.72,157,62,0.00,1,40.0,80.7,29.0,0.00,0.00,1001.4,NaN
2020-02-19T20:00,28.2,5.80,148,53,0.00,0,0.0,0.0,0.0,0.00,0.00,1001.2,NaN
2020-02-19T21:00,28.3,7.24,110,51,0.00,0,0.0,0.0,0.0,0.00,0.00,1001.3,NaN
2020-02-19T22:00,28.1,7.81,103,53,0.00,0,0.0,0.0,0.0,0.00,0.00,1000.9,NaN
2020-02-19T23:00,27.7,6.60,104,54,0.00,0,0.0,0.0,0.0,0.00,0.00,1001.2,NaN
2020-02-20T00:00,27.9,7.89,99,48,0.00,0,0.0,0.0,0.0,0.00,0.00,1001.5,NaN
2020-02-20T01:00,27.3,7.80,89,48,0.00,0,0.0,0.0,0.0,0.00,0.00,1001.0,NaN
2020-02-20T02:00,27.0,7.54,84,50,0.00,0,0.0,0.0,0.0,0.00,0.00,1000.6,NaN
2020-02-20T03:00,26.8,6.44,57,53,0.00,0,0.0,0.0,0.0,0.00,0.00,1001.5,NaN
2020-02-20T04:00,26.0,6.93,46,59,0.00,0,0.0,0.0,0.0,0.00,0.00,1001.7,NaN
2020-02-20T05:00,25.4,5.86,37,62,0.00,0,0.0,0.0,0.0,0.00,0.00,1001.8,NaN
2020-02-20T06:00,25.3,6.02,36,62,0.00,0,0.0,0.0,0.0,0.00,0.00,1002.2,NaN
2020-02-20T07:00,25.6,5.28,25,59,0.00,1,16.0,0.0,16.0,0.00,0.00,1003.2,NaN
2020-02-20T08:00,25.6,1.14,38,64,0.00,1,68.0,6.8,66.0,0.00,0.00,1003.7,NaN
2020-02-20T09:00,26.4,1.79,333,59,0.00,1,116.0,4.0,114.0,0.00,0.00,1004.3,NaN
2020-02-20T10:00,26.8,2.35,282,55,0.00,1,210.0,13.1,201.0,0.00,0.00,1004.6,NaN
2020-02-20T11:00,26.7,1.77,227,58,0.00,1,347.0,33.9,319.0,0.00,0.00,1004.2,NaN
2020-02-20T12:00,26.8,4.30,192,65,0.10,1,495.0,97.0,406.0,0.10,0.00,1004.0,NaN
2020-02-20T13:00,26.5,5.77,206,66,0.00,1,577.0,145.0,439.0,0.00,0.00,1004.0,NaN
2020-02-20T14:00,27.0,6.15,187,58,0.00,1,636.0,245.7,408.0,0.00,0.00,1003.1,NaN
2020-02-20T15:00,28.1,5.73,192,55,0.00,1,651.0,370.8,337.0,0.00,0.00,1002.7,NaN
2020-02-20T16:00,25.0,6.69,215,68,0.00,1,276.0,39.2,248.0,0.00,0.00,1003.3,NaN
2020-02-20T17:00,23.1,5.71,191,82,1.80,1,119.0,0.0,119.0,1.80,0.00,1004.1,NaN
2020-02-20T18:00,22.8,4.20,168,86,0.40,1,49.0,0.0,49.0,0.40,0.00,1004.0,NaN
2020-02-20T19:00,22.5,5.28,153,88,0.20,1,21.0,0.0,21.0,0.20,0.00,1004.2,NaN
2020-02-20T20:00,23.8,3.04,153,81,0.10,0,0.0,0.0,0.0,0.10,0.00,1003.7,NaN
2020-02-20T21:00,24.1,2.83,135,79,0.00,0,0.0,0.0,0.0,0.00,0.00,1003.8,NaN
2020-02-20T22:00,24.4,2.87,119,78,0.00,0,0.0,0.0,0.0,0.00,0.00,1003.9,NaN
2020-02-20T23:00,25.7,5.67,99,68,0.00,0,0.0,0.0,0.0,0.00,0.00,1002.8,NaN
2020-02-21T00:00,26.3,7.36,83,61,0.00,0,0.0,0.0,0.0,0.00,0.00,1002.2,NaN
2020-02-21T01:00,25.8,5.57,69,63,0.00,0,0.0,0.0,0.0,0.00,0.00,1003.1,NaN
2020-02-21T02:00,25.4,5.55,67,65,0.00,0,0.0,0.0,0.0,0.00,0.00,1002.6,NaN
2020-02-21T03:00,25.2,5.65,67,66,0.00,0,0.0,0.0,0.0,0.00,0.00,1002.8,NaN
2020-02-21T04:00,24.8,5.24,61,66,0.00,0,0.0,0.0,0.0,0.00,0.00,1003.1,NaN
2020-02-21T05:00,24.6,4.34,61,66,0.00,0,0.0,0.0,0.0,0.00,0.00,1003.1,NaN
2020-02-21T06:00,24.2,3.50,59,68,0.00,0,0.0,0.0,0.0,0.00,0.00,1004.1,NaN
2020-02-21T07:00,25.0,3.40,47,65,0.00,1,29.0,44.1,24.0,0.00,0.00,1004.7,NaN
2020-02-21T08:00,23.7,1.60,360,85,0.00,1,94.0,10.3,91.0,0.00,0.00,1004.7,NaN
2020-02-21T09:00,23.6,2.10,25,86,0.90,1,73.0,2.0,72.0,0.90,0.00,1005.4,NaN
2020-02-21T10:00,23.7,2.28,23,81,0.80,1,149.0,2.9,147.0,0.80,0.00,1005.7,NaN
2020-02-21T11:00,25.0,2.13,41,68,0.40,1,322.0,20.6,305.0,0.40,0.00,1005.4,NaN
2020-02-21T12:00,26.4,1.97,60,62,0.00,1,369.0,41.5,331.0,0.00,0.00,1004.7,NaN
2020-02-21T13:00,27.5,1.27,45,59,0.00,1,395.0,26.3,370.0,0.00,0.00,1004.3,NaN
2020-02-21T14:00,27.9,0.73,106,59,0.20,1,441.0,59.4,386.0,0.20,0.00,1003.5,NaN
2020-02-21T15:00,28.1,1.20,180,58,0.10,1,470.0,106.5,380.0,0.10,0.00,1002.8,NaN
2020-02-21T16:00,27.8,2.62,187,60,0.00,1,349.0,71.6,298.0,0.00,0.00,1002.4,NaN
2020-02-21T17:00,26.5,2.96,192,68,0.10,1,211.0,39.1,190.0,0.10,0.00,1002.5,NaN
2020-02-21T18:00,24.8,2.82,197,81,0.50,1,68.0,15.1,63.0,0.50,0.00,1003.2,NaN
2020-02-21T19:00,23.5,3.01,174,91,0.40,1,19.0,0.0,19.0,0.40,0.00,1003.6,NaN
2020-02-21T20:00,23.6,3.91,167,88,0.10,0,0.0,0.0,0.0,0.10,0.00,1003.6,NaN
2020-02-21T21:00,23.4,3.57,162,87,0.00,0,0.0,0.0,0.0,0.00,0.00,1003.8,NaN
2020-02-21T22:00,23.0,3.90,180,89,0.20,0,0.0,0.0,0.0,0.20,0.00,1003.8,NaN
2020-02-21T23:00,22.8,3.79,168,88,0.00,0,0.0,0.0,0.0,0.00,0.00,1003.1,NaN
2020-02-22T00:00,22.7,4.38,153,87,0.00,0,0.0,0.0,0.0,0.00,0.00,1003.0,NaN
2020-02-22T01:00,22.5,3.98,152,88,0.00,0,0.0,0.0,0.0,0.00,0.00,1002.8,NaN
2020-02-22T02:00,22.3,2.42,156,88,0.50,0,0.0,0.0,0.0,0.50,0.00,1003.3,NaN
2020-02-22T03:00,22.1,3.33,139,92,2.50,0,0.0,0.0,0.0,2.50,0.00,1003.0,NaN
2020-02-22T04:00,22.1,4.70,142,90,0.50,0,0.0,0.0,0.0,0.50,0.00,1002.7,NaN
2020-02-22T05:00,21.8,4.49,163,92,1.10,0,0.0,0.0,0.0,1.10,0.00,1003.0,NaN
2020-02-22T06:00,21.6,5.38,138,89,1.10,0,0.0,0.0,0.0,1.10,0.00,1002.9,NaN
2020-02-22T07:00,21.7,5.23,173,92,4.80,1,12.0,26.7,9.0,4.80,0.00,1004.5,NaN
2020-02-22T08:00,22.4,2.69,132,86,2.30,1,115.0,131.1,77.0,2.30,0.00,1003.8,NaN
2020-02-22T09:00,23.5,5.62,95,78,0.10,1,183.0,104.0,131.0,0.10,0.00,1003.0,NaN
2020-02-22T10:00,26.4,8.34,84,60,0.00,1,448.0,385.9,185.0,0.00,0.00,1002.4,NaN
2020-02-22T11:00,28.9,7.08,77,50,0.00,1,742.0,658.9,200.0,0.00,0.00,1002.1,NaN
2020-02-22T12:00,30.7,5.05,63,45,0.00,1,859.0,699.5,220.0,0.00,0.00,1001.6,NaN
2020-02-22T13:00,28.8,5.86,65,54,0.20,1,687.0,486.2,226.0,0.20,0.00,1001.1,NaN
2020-02-22T14:00,29.7,3.94,66,52,0.00,1,791.0,636.5,203.0,0.00,0.00,1000.6,NaN
2020-02-22T15:00,30.7,1.70,87,48,0.00,1,811.0,801.2,136.0,0.00,0.00,999.6,NaN
2020-02-22T16:00,30.6,0.00,270,48,0.00,1,642.0,735.7,120.0,0.00,0.00,999.2,NaN
2020-02-22T17:00,30.0,1.56,225,50,0.00,1,470.0,694.7,99.0,0.00,0.00,999.0,NaN
2020-02-22T18:00,27.6,4.68,196,62,0.00,1,215.0,399.5,84.0,0.00,0.00,999.6,NaN
2020-02-22T19:00,25.2,5.02,174,74,0.00,1,57.0,242.8,25.0,0.00,0.00,1000.2,NaN
2020-02-22T20:00,24.7,4.32,167,77,0.00,0,0.0,0.0,0.0,0.00,0.00,1000.9,NaN
2020-02-22T21:00,24.2,4.30,144,77,0.10,0,0.0,0.0,0.0,0.10,0.00,1002.1,NaN
2020-02-22T22:00,23.6,3.81,157,82,0.20,0,0.0,0.0,0.0,0.20,0.00,1002.3,NaN
2020-02-22T23:00,23.0,3.54,151,87,0.10,0,0.0,0.0,0.0,0.10,0.00,1001.9,NaN
2020-02-23T00:00,22.8,2.83,132,88,0.00,0,0.0,0.0,0.0,0.00,0.00,1001.7,NaN
2020-02-23T01:00,23.1,3.20,90,84,0.00,0,0.0,0.0,0.0,0.00,0.00,1001.1,NaN
2020-02-23T02:00,22.8,3.21,86,85,0.00,0,0.0,0.0,0.0,0.00,0.00,1000.6,NaN
2020-02-23T03:00,22.5,2.63,99,87,0.00,0,0.0,0.0,0.0,0.00,0.00,1000.7,NaN
2020-02-23T04:00,22.5,2.18,106,89,0.00,0,0.0,0.0,0.0,0.00,0.00,1000.6,NaN
2020-02-23T05:00,22.3,1.77,106,89,0.00,0,0.0,0.0,0.0,0.00,0.00,1000.7,NaN
2020-02-23T06:00,22.0,1.70,93,90,0.00,0,0.0,0.0,0.0,0.00,0.00,1001.2,NaN
2020-02-23T07:00,22.9,3.01,105,86,0.20,1,34.0,153.1,17.0,0.20,0.00,1001.8,NaN
2020-02-23T08:00,24.5,2.79,105,69,0.20,1,195.0,434.5,70.0,0.20,0.00,1001.6,NaN
2020-02-23T09:00,27.1,2.93,98,60,0.00,1,385.0,586.7,93.0,0.00,0.00,1001.5,NaN
2020-02-23T10:00,29.2,1.39,120,54,0.00,1,592.0,682.8,128.0,0.00,0.00,1001.0,NaN
2020-02-23T11:00,30.2,0.85,201,51,0.00,1,722.0,673.8,169.0,0.00,0.00,1000.8,NaN
2020-02-23T12:00,29.8,3.00,217,55,0.10,1,763.0,629.6,189.0,0.10,0.00,1000.5,NaN
2020-02-23T13:00,29.0,5.05,207,60,0.00,1,784.0,571.8,243.0,0.00,0.00,1000.4,NaN
2020-02-23T14:00,28.2,4.99,213,62,0.00,1,769.0,606.4,210.0,0.00,0.00,1000.3,NaN
2020-02-23T15:00,27.5,4.67,227,64,0.00,1,760.0,720.0,155.0,0.00,0.00,1000.0,NaN
2020-02-23T16:00,26.8,4.70,232,67,0.00,1,611.0,702.9,114.0,0.00,0.00,999.8,NaN
2020-02-23T17:00,26.0,4.32,228,70,0.00,1,440.0,653.2,93.0,0.00,0.00,999.9,NaN
2020-02-23T18:00,24.8,4.19,213,76,0.00,1,237.0,517.1,69.0,0.00,0.00,1000.0,NaN
2020-02-23T19:00,24.0,3.58,207,82,0.00,1,58.0,253.5,25.0,0.00,0.00,1000.8,NaN
2020-02-23T20:00,23.4,2.44,199,86,0.00,0,0.0,0.0,0.0,0.00,0.00,1001.0,NaN
2020-02-23T21:00,23.3,2.21,185,88,0.00,0,0.0,0.0,0.0,0.00,0.00,1001.6,NaN
2020-02-23T22:00,23.0,1.81,186,89,0.00,0,0.0,0.0,0.0,0.00,0.00,1001.7,NaN
2020-02-23T23:00,22.4,1.32,171,93,0.00,0,0.0,0.0,0.0,0.00,0.00,1001.4,NaN
2020-02-24T00:00,21.9,1.80,177,94,0.00,0,0.0,0.0,0.0,0.00,0.00,1001.4,NaN
2020-02-24T01:00,21.9,1.65,194,94,0.00,0,0.0,0.0,0.0,0.00,0.00,1001.2,NaN
2020-02-24T02:00,22.7,1.00,180,92,0.00,0,0.0,0.0,0.0,0.00,0.00,1000.8,NaN
2020-02-24T03:00,21.6,0.91,6,96,0.00,0,0.0,0.0,0.0,0.00,0.00,1000.3,NaN
2020-02-24T04:00,21.4,1.60,4,96,0.00,0,0.0,0.0,0.0,0.00,0.00,1000.1,NaN
2020-02-24T05:00,21.2,2.11,5,95,0.00,0,0.0,0.0,0.0,0.00,0.00,1000.3,NaN
2020-02-24T06:00,20.5,1.71,7,95,0.00,0,0.0,0.0,0.0,0.00,0.00,1001.0,NaN
2020-02-24T07:00,22.3,1.14,322,87,0.00,1,39.0,182.0,19.0,0.00,0.00,1001.7,NaN
2020-02-24T08:00,24.4,2.98,310,78,0.00,1,229.0,578.2,64.0,0.00,0.00,1001.3,NaN
2020-02-24T09:00,26.0,3.04,297,73,0.00,1,448.0,722.3,90.0,0.00,0.00,1001.6,NaN
2020-02-24T10:00,26.9,3.71,273,71,0.00,1,656.0,816.2,103.0,0.00,0.00,1001.8,NaN
2020-02-24T11:00,27.0,4.73,264,73,0.00,1,822.0,865.9,113.0,0.00,0.00,1001.6,NaN
2020-02-24T12:00,26.3,5.40,268,75,0.00,1,893.0,853.0,117.0,0.00,0.00,1001.4,NaN
2020-02-24T13:00,26.6,5.46,278,71,0.00,1,937.0,856.9,128.0,0.00,0.00,1000.8,NaN
2020-02-24T14:00,26.7,5.62,275,67,0.00,1,910.0,851.4,127.0,0.00,0.00,1000.5,NaN
2020-02-24T15:00,26.6,5.61,274,65,0.00,1,825.0,845.0,117.0,0.00,0.00,1000.4,NaN
2020-02-24T16:00,25.9,5.11,273,67,0.00,1,702.0,857.4,98.0,0.00,0.00,1000.6,NaN
2020-02-24T17:00,25.4,4.18,259,72,0.00,1,497.0,776.0,87.0,0.00,0.00,1000.8,NaN
2020-02-24T18:00,24.4,3.32,249,81,0.00,1,265.0,612.3,68.0,0.00,0.00,1001.4,NaN
2020-02-24T19:00,23.4,2.50,233,85,0.00,1,60.0,248.9,28.0,0.00,0.00,1001.8,NaN
2020-02-24T20:00,23.4,1.58,215,91,0.00,0,0.0,0.0,0.0,0.00,0.00,1002.0,NaN
2020-02-24T21:00,23.0,0.64,219,95,0.00,0,0.0,0.0,0.0,0.00,0.00,1002.7,NaN
2020-02-24T22:00,22.9,0.22,333,95,0.00,0,0.0,0.0,0.0,0.00,0.00,1002.6,NaN
2020-02-24T23:00,21.7,1.10,360,98,0.00,0,0.0,0.0,0.0,0.00,0.00,1002.2,NaN
2020-02-25T00:00,21.9,1.40,360,97,0.00,0,0.0,0.0,0.0,0.00,0.00,1002.1,NaN
2020-02-25T01:00,21.6,1.61,7,96,0.00,0,0.0,0.0,0.0,0.00,0.00,1001.6,NaN
2020-02-25T02:00,20.8,1.41,8,96,0.00,0,0.0,0.0,0.0,0.00,0.00,1001.3,NaN
2020-02-25T03:00,20.4,1.50,360,95,0.00,0,0.0,0.0,0.0,0.00,0.00,1001.1,NaN
2020-02-25T04:00,20.2,1.55,345,95,0.00,0,0.0,0.0,0.0,0.00,0.00,1001.3,NaN
2020-02-25T05:00,20.4,1.53,328,95,0.00,0,0.0,0.0,0.0,0.00,0.00,1001.5,NaN
2020-02-25T06:00,20.2,1.71,339,96,0.00,0,0.0,0.0,0.0,0.00,0.00,1002.0,NaN
2020-02-25T07:00,21.0,1.80,360,90,0.00,1,33.0,147.2,17.0,0.00,0.00,1002.8,NaN
2020-02-25T08:00,22.9,1.48,298,85,0.00,1,216.0,512.2,71.0,0.00,0.00,1003.1,NaN
2020-02-25T09:00,24.3,1.80,273,77,0.00,1,352.0,354.6,177.0,0.00,0.00,1003.3,NaN
2020-02-25T10:00,25.6,2.53,261,72,0.00,1,606.0,706.1,129.0,0.00,0.00,1003.5,NaN
2020-02-25T11:00,26.4,2.77,257,67,0.00,1,778.0,725.9,185.0,0.00,0.00,1003.5,NaN
2020-02-25T12:00,27.0,3.13,253,65,0.00,1,888.0,752.4,205.0,0.00,0.00,1003.0,NaN
2020-02-25T13:00,26.9,3.80,243,68,0.00,1,904.0,727.1,219.0,0.00,0.00,1002.9,NaN
2020-02-25T14:00,26.3,4.07,242,69,0.00,1,927.0,845.9,151.0,0.00,0.00,1002.4,NaN
2020-02-25T15:00,26.7,4.12,241,67,0.00,1,822.0,819.9,137.0,0.00,0.00,1002.3,NaN
2020-02-25T16:00,25.7,3.28,232,67,0.00,1,634.0,682.6,155.0,0.00,0.00,1001.9,NaN
2020-02-25T17:00,25.3,3.26,230,70,0.00,1,448.0,626.2,119.0,0.00,0.00,1001.6,NaN
2020-02-25T18:00,24.6,2.72,216,74,0.00,1,239.0,502.4,79.0,0.00,0.00,1002.1,NaN
2020-02-25T19:00,23.5,3.01,195,81,0.00,0,55.0,236.4,25.0,0.00,0.00,1002.7,NaN
2020-02-25T20:00,23.2,2.85,162,82,0.00,0,0.0,0.0,0.0,0.00,0.00,1002.8,NaN
2020-02-25T21:00,23.4,1.94,168,80,0.00,0,0.0,0.0,0.0,0.00,0.00,1003.1,NaN
2020-02-25T22:00,22.8,1.30,176,85,0.00,0,0.0,0.0,0.0,0.00,0.00,1003.1,NaN
2020-02-25T23:00,22.7,1.20,132,86,0.00,0,0.0,0.0,0.0,0.00,0.00,1002.8,NaN
2020-02-26T00:00,22.8,1.30,157,84,0.00,0,0.0,0.0,0.0,0.00,0.00,1002.6,NaN
2020-02-26T01:00,22.4,1.27,135,84,0.00,0,0.0,0.0,0.0,0.00,0.00,1002.3,NaN
2020-02-26T02:00,22.0,1.30,176,87,0.00,0,0.0,0.0,0.0,0.00,0.00,1001.3,NaN
2020-02-26T03:00,21.5,1.43,205,93,0.00,0,0.0,0.0,0.0,0.00,0.00,1001.1,NaN
2020-02-26T04:00,21.8,1.21,204,95,0.00,0,0.0,0.0,0.0,0.00,0.00,1001.0,NaN
2020-02-26T05:00,22.2,1.30,180,93,0.00,0,0.0,0.0,0.0,0.00,0.00,1001.2,NaN
2020-02-26T06:00,23.1,1.00,186,90,0.00,0,0.0,0.0,0.0,0.00,0.00,1001.8,NaN
2020-02-26T07:00,25.2,1.84,13,75,0.00,1,27.0,120.8,14.0,0.00,0.00,1002.4,NaN
2020-02-26T08:00,26.9,9.12,69,70,0.00,1,160.0,348.9,62.0,0.00,0.00,1001.4,NaN
2020-02-26T09:00,28.8,8.99,64,61,0.00,1,266.0,305.2,116.0,0.00,0.00,1001.7,NaN
2020-02-26T10:00,30.5,8.95,62,56,0.10,1,477.0,512.2,132.0,0.10,0.00,1002.3,NaN
2020-02-26T11:00,31.1,7.54,75,53,0.00,1,505.0,363.2,209.0,0.00,0.00,1002.7,NaN
2020-02-26T12:00,29.1,6.07,107,67,0.80,1,545.0,292.6,280.0,0.80,0.00,1002.3,NaN
2020-02-26T13:00,30.3,5.95,153,59,0.60,1,601.0,343.6,278.0,0.60,0.00,1001.3,NaN
2020-02-26T14:00,30.5,5.76,188,58,0.00,1,591.0,389.0,235.0,0.00,0.00,1001.3,NaN
2020-02-26T15:00,30.6,5.70,165,59,0.10,1,708.0,626.7,186.0,0.10,0.00,1001.0,NaN
2020-02-26T16:00,30.8,6.22,175,55,0.00,1,476.0,457.8,156.0,0.00,0.00,1000.7,NaN
2020-02-26T17:00,29.2,6.32,169,61,0.00,1,208.0,155.1,127.0,0.00,0.00,1000.2,NaN
2020-02-26T18:00,27.9,5.81,169,68,0.00,1,128.0,228.5,56.0,0.00,0.00,1000.4,NaN
2020-02-26T19:00,27.4,6.90,150,69,0.00,0,33.0,127.8,17.0,0.00,0.00,1000.1,NaN
2020-02-26T20:00,30.0,9.83,99,50,0.00,0,0.0,0.0,0.0,0.00,0.00,998.2,NaN
2020-02-26T21:00,29.9,12.71,88,50,0.00,0,0.0,0.0,0.0,0.00,0.00,997.9,NaN
2020-02-26T22:00,29.7,13.73,80,52,0.00,0,0.0,0.0,0.0,0.00,0.00,997.9,NaN
2020-02-26T23:00,29.2,12.30,80,53,0.00,0,0.0,0.0,0.0,0.00,0.00,998.8,NaN
2020-02-27T00:00,29.0,8.34,84,55,0.00,0,0.0,0.0,0.0,0.00,0.00,999.6,NaN
2020-02-27T01:00,28.7,8.47,83,56,0.00,0,0.0,0.0,0.0,0.00,0.00,999.6,NaN
2020-02-27T02:00,28.3,8.71,87,55,0.00,0,0.0,0.0,0.0,0.00,0.00,999.4,NaN
2020-02-27T03:00,28.0,7.10,90,54,0.00,0,0.0,0.0,0.0,0.00,0.00,999.8,NaN
2020-02-27T04:00,27.4,6.09,104,54,0.00,0,0.0,0.0,0.0,0.00,0.00,1000.0,NaN
2020-02-27T05:00,26.5,5.22,107,59,0.40,0,0.0,0.0,0.0,0.40,0.00,1000.4,NaN
2020-02-27T06:00,26.2,5.28,115,57,0.00,0,0.0,0.0,0.0,0.00,0.00,1000.4,NaN
2020-02-27T07:00,26.6,5.36,127,55,0.00,1,22.0,84.6,13.0,0.00,0.00,1000.8,NaN
2020-02-27T08:00,25.9,7.08,126,65,0.00,1,165.0,323.0,75.0,0.00,0.00,1001.9,NaN
2020-02-27T09:00,27.8,7.62,109,59,0.00,1,284.0,353.5,111.0,0.00,0.00,1001.2,NaN
2020-02-27T10:00,30.6,8.67,107,49,0.00,1,500.0,518.2,152.0,0.00,0.00,999.6,NaN
2020-02-27T11:00,33.8,8.60,99,38,0.00,1,782.0,789.7,140.0,0.00,0.00,998.9,NaN
2020-02-27T12:00,35.3,8.21,92,33,0.00,1,885.0,808.9,154.0,0.00,0.00,998.1,NaN
2020-02-27T13:00,36.6,7.22,86,31,0.00,1,919.0,819.0,151.0,0.00,0.00,998.0,NaN
2020-02-27T14:00,38.0,5.50,89,28,0.00,1,945.0,915.9,109.0,0.00,0.00,997.2,NaN
2020-02-27T15:00,38.4,4.56,105,27,0.00,1,790.0,805.7,121.0,0.00,0.00,996.8,NaN
2020-02-27T16:00,38.0,3.61,124,27,0.00,1,504.0,458.3,185.0,0.00,0.00,996.1,NaN
2020-02-27T17:00,37.2,3.35,163,28,0.00,1,484.0,776.3,81.0,0.00,0.00,996.0,NaN
2020-02-27T18:00,35.5,4.18,169,33,0.00,1,254.0,606.4,65.0,0.00,0.00,996.0,NaN
2020-02-27T19:00,30.1,2.62,277,53,0.00,0,54.0,251.2,23.0,0.00,0.00,997.0,NaN
2020-02-27T20:00,24.6,4.80,301,84,0.00,0,0.0,0.0,0.0,0.00,0.00,999.1,NaN
2020-02-27T21:00,23.3,2.51,299,92,0.00,0,0.0,0.0,0.0,0.00,0.00,999.8,NaN
2020-02-27T22:00,23.9,2.47,284,89,0.00,0,0.0,0.0,0.0,0.00,0.00,1000.0,NaN
2020-02-27T23:00,23.8,2.63,279,90,0.00,0,0.0,0.0,0.0,0.00,0.00,999.5,NaN
2020-02-28T00:00,23.3,2.72,287,95,0.00,0,0.0,0.0,0.0,0.00,0.00,999.2,NaN
2020-02-28T01:00,23.0,2.72,276,96,0.00,0,0.0,0.0,0.0,0.00,0.00,998.8,NaN
2020-02-28T02:00,22.7,0.73,254,98,0.00,0,0.0,0.0,0.0,0.00,0.00,999.0,NaN
2020-02-28T03:00,23.0,2.34,250,96,0.00,0,0.0,0.0,0.0,0.00,0.00,998.5,NaN
2020-02-28T04:00,22.8,1.88,245,97,0.00,0,0.0,0.0,0.0,0.00,0.00,999.0,NaN
2020-02-28T05:00,23.0,2.82,243,96,0.00,0,0.0,0.0,0.0,0.00,0.00,999.1,NaN
2020-02-28T06:00,22.8,3.54,241,96,0.00,0,0.0,0.0,0.0,0.00,0.00,999.9,NaN
2020-02-28T07:00,23.2,3.19,221,93,0.00,1,21.0,57.0,15.0,0.00,0.00,1000.3,NaN
2020-02-28T08:00,24.1,2.88,200,86,0.00,1,155.0,300.3,72.0,0.00,0.00,1000.0,NaN
2020-02-28T09:00,25.2,3.70,232,79,0.00,1,346.0,474.1,115.0,0.00,0.00,1000.2,NaN
2020-02-28T10:00,25.3,3.97,236,79,0.00,1,405.0,373.4,155.0,0.00,0.00,1000.3,NaN
2020-02-28T11:00,25.5,3.76,209,79,0.00,1,483.0,234.3,293.0,0.00,0.00,999.7,NaN
2020-02-28T12:00,26.1,3.61,236,75,0.00,1,636.0,509.1,177.0,0.00,0.00,1000.0,NaN
2020-02-28T13:00,26.3,4.24,236,74,0.00,1,756.0,460.7,325.0,0.00,0.00,1000.0,NaN
2020-02-28T14:00,26.3,4.52,235,74,0.00,1,820.0,593.2,280.0,0.00,0.00,999.6,NaN
2020-02-28T15:00,26.1,4.47,236,74,0.00,1,809.0,761.2,179.0,0.00,0.00,999.4,NaN
2020-02-28T16:00,25.4,4.13,238,74,0.00,1,607.0,575.7,208.0,0.00,0.00,999.3,NaN
2020-02-28T17:00,24.8,4.30,234,74,0.00,1,460.0,655.2,122.0,0.00,0.00,999.3,NaN
2020-02-28T18:00,23.9,3.89,228,77,0.00,1,239.0,522.5,78.0,0.00,0.00,999.7,NaN
2020-02-28T19:00,23.1,3.48,219,80,0.00,0,50.0,213.8,24.0,0.00,0.00,1000.1,NaN
2020-02-28T20:00,22.6,3.16,198,80,0.00,0,0.0,0.0,0.0,0.00,0.00,1000.1,NaN
2020-02-28T21:00,22.3,2.91,196,83,0.00,0,0.0,0.0,0.0,0.00,0.00,1000.4,NaN
2020-02-28T22:00,22.2,3.04,197,84,0.00,0,0.0,0.0,0.0,0.00,0.00,1000.8,NaN
2020-02-28T23:00,22.1,3.01,195,84,0.00,0,0.0,0.0,0.0,0.00,0.00,1000.7,NaN
2020-02-29T00:00,22.0,3.10,195,84,0.00,0,0.0,0.0,0.0,0.00,0.00,1000.6,NaN
2020-02-29T01:00,21.9,3.16,198,84,0.00,0,0.0,0.0,0.0,0.00,0.00,1000.4,NaN
2020-02-29T02:00,21.9,3.20,200,84,0.00,0,0.0,0.0,0.0,0.00,0.00,1000.1,NaN
2020-02-29T03:00,22.0,3.13,197,83,0.00,0,0.0,0.0,0.0,0.00,0.00,1000.0,NaN
2020-02-29T04:00,21.9,2.89,194,84,0.00,0,0.0,0.0,0.0,0.00,0.00,999.9,NaN
2020-02-29T05:00,21.7,3.20,194,84,0.00,0,0.0,0.0,0.0,0.00,0.00,999.9,NaN
2020-02-29T06:00,21.7,2.83,188,85,0.00,0,0.0,0.0,0.0,0.00,0.00,1000.4,NaN
2020-02-29T07:00,22.5,3.21,184,80,0.00,1,29.0,124.8,16.0,0.00,0.00,1001.1,NaN
2020-02-29T08:00,23.6,4.32,185,73,0.00,1,187.0,404.9,76.0,0.00,0.00,1001.1,NaN
2020-02-29T09:00,24.7,4.46,189,67,0.00,1,374.0,503.0,130.0,0.00,0.00,1001.2,NaN
2020-02-29T10:00,25.4,4.83,193,64,0.00,1,597.0,651.7,162.0,0.00,0.00,1001.1,NaN
2020-02-29T11:00,26.0,5.12,197,58,0.00,1,804.0,825.9,136.0,0.00,0.00,1001.1,NaN
2020-02-29T12:00,26.3,5.57,198,57,0.00,1,909.0,851.6,143.0,0.00,0.00,1000.9,NaN
2020-02-29T13:00,26.5,5.60,199,58,0.00,1,956.0,871.2,143.0,0.00,0.00,1000.5,NaN
2020-02-29T14:00,26.5,6.02,201,60,0.00,1,922.0,873.6,129.0,0.00,0.00,1000.3,NaN
2020-02-29T15:00,26.0,6.48,200,66,0.00,1,816.0,811.1,147.0,0.00,0.00,1000.0,NaN
2020-02-29T16:00,25.4,7.12,197,66,0.00,1,659.0,750.7,141.0,0.00,0.00,999.9,NaN
2020-02-29T17:00,24.6,6.99,193,68,0.00,1,418.0,515.1,154.0,0.00,0.00,1000.3,NaN
2020-02-29T18:00,24.0,6.58,189,68,0.00,1,219.0,413.8,93.0,0.00,0.00,1000.8,NaN
2020-02-29T19:00,23.1,6.35,187,76,0.00,0,50.0,217.1,24.0,0.00,0.00,1001.1,NaN
2020-02-29T20:00,22.7,5.60,181,76,0.00,0,0.0,0.0,0.0,0.00,0.00,1001.2,NaN
2020-02-29T21:00,22.5,4.88,169,74,0.00,0,0.0,0.0,0.0,0.00,0.00,1001.7,NaN
2020-02-29T22:00,22.4,4.71,168,76,0.00,0,0.0,0.0,0.0,0.00,0.00,1001.7,NaN
2020-02-29T23:00,22.2,5.17,165,79,0.00,0,0.0,0.0,0.0,0.00,0.00,1001.3,NaN
2020-03-01T00:00,22.0,4.96,161,81,0.00,0,0.0,0.0,0.0,0.00,0.00,1001.2,NaN
2020-03-01T01:00,21.7,4.79,157,84,0.00,0,0.0,0.0,0.0,0.00,0.00,1000.7,NaN
2020-03-01T02:00,21.4,4.48,151,87,0.00,0,0.0,0.0,0.0,0.00,0.00,1000.5,NaN
2020-03-01T03:00,21.0,4.26,141,89,0.00,0,0.0,0.0,0.0,0.00,0.00,1000.2,NaN
2020-03-01T04:00,20.4,4.32,138,87,0.00,0,0.0,0.0,0.0,0.00,0.00,1000.7,NaN
2020-03-01T05:00,19.9,4.26,141,87,0.00,0,0.0,0.0,0.0,0.00,0.00,1001.0,NaN
2020-03-01T06:00,19.2,3.82,135,91,0.00,0,0.0,0.0,0.0,0.00,0.00,1001.5,NaN
2020-03-01T07:00,19.9,4.17,136,87,0.00,1,34.0,165.0,17.0,0.00,0.00,1002.1,NaN
2020-03-01T08:00,21.7,5.17,131,75,0.00,1,224.0,584.8,65.0,0.00,0.00,1002.4,NaN
2020-03-01T09:00,24.1,5.13,123,62,0.00,1,422.0,604.5,130.0,0.00,0.00,1002.2,NaN
2020-03-01T10:00,27.1,5.35,123,50,0.00,1,675.0,870.1,96.0,0.00,0.00,1002.1,NaN
2020-03-01T11:00,29.6,5.16,126,39,0.00,1,845.0,916.0,106.0,0.00,0.00,1001.4,NaN
2020-03-01T12:00,31.3,4.78,143,32,0.00,1,955.0,940.6,111.0,0.00,0.00,1000.5,NaN
2020-03-01T13:00,32.2,5.15,162,29,0.00,1,996.0,950.7,111.0,0.00,0.00,999.7,NaN
2020-03-01T14:00,31.8,6.40,178,34,0.00,1,964.0,943.5,110.0,0.00,0.00,999.1,NaN
2020-03-01T15:00,31.0,6.81,183,44,0.00,1,862.0,921.0,105.0,0.00,0.00,998.7,NaN
2020-03-01T16:00,31.3,6.60,182,43,0.00,1,697.0,873.5,97.0,0.00,0.00,998.2,NaN
2020-03-01T17:00,31.6,6.15,173,38,0.00,1,487.0,789.5,85.0,0.00,0.00,998.0,NaN
2020-03-01T18:00,30.9,5.54,163,38,0.00,1,254.0,628.2,65.0,0.00,0.00,998.3,NaN
2020-03-01T19:00,30.7,5.84,142,30,0.00,0,50.0,237.5,22.0,0.00,0.00,998.8,NaN
2020-03-01T20:00,29.4,5.56,142,31,0.00,0,0.0,0.0,0.0,0.00,0.00,999.4,NaN
2020-03-01T21:00,28.8,7.32,129,36,0.00,0,0.0,0.0,0.0,0.00,0.00,1000.2,NaN
2020-03-01T22:00,28.1,7.57,124,37,0.00,0,0.0,0.0,0.0,0.00,0.00,1000.2,NaN
2020-03-01T23:00,28.1,8.21,112,37,0.00,0,0.0,0.0,0.0,0.00,0.00,1000.0,NaN
2020-03-02T00:00,27.8,8.10,106,39,0.00,0,0.0,0.0,0.0,0.00,0.00,1000.2,NaN
2020-03-02T01:00,26.5,8.97,104,45,0.00,0,0.0,0.0,0.0,0.00,0.00,1000.1,NaN
2020-03-02T02:00,25.3,10.24,95,54,0.00,0,0.0,0.0,0.0,0.00,0.00,1000.0,NaN
2020-03-02T03:00,24.7,10.01,92,57,0.00,0,0.0,0.0,0.0,0.00,0.00,1000.0,NaN
2020-03-02T04:00,24.4,9.40,92,58,0.00,0,0.0,0.0,0.0,0.00,0.00,1000.6,NaN
2020-03-02T05:00,24.0,9.10,89,58,0.00,0,0.0,0.0,0.0,0.00,0.00,1001.1,NaN
2020-03-02T06:00,23.6,8.80,90,59,0.00,0,0.0,0.0,0.0,0.00,0.00,1001.7,NaN
2020-03-02T07:00,23.5,9.20,90,58,0.00,1,30.0,117.7,18.0,0.00,0.00,1002.3,NaN
2020-03-02T08:00,24.9,9.51,93,54,0.00,1,211.0,522.8,70.0,0.00,0.00,1002.4,NaN
2020-03-02T09:00,26.6,10.31,88,48,0.00,1,449.0,761.1,83.0,0.00,0.00,1002.6,NaN
2020-03-02T10:00,28.5,10.76,84,43,0.00,1,662.0,853.2,96.0,0.00,0.00,1002.6,NaN
2020-03-02T11:00,30.6,10.39,82,39,0.00,1,831.0,901.0,106.0,0.00,0.00,1002.4,NaN
2020-03-02T12:00,32.5,9.62,81,35,0.00,1,940.0,925.1,112.0,0.00,0.00,1001.8,NaN
2020-03-02T13:00,34.1,8.49,82,32,0.00,1,982.0,939.2,110.0,0.00,0.00,1001.4,NaN
2020-03-02T14:00,35.3,7.22,85,30,0.00,1,949.0,924.1,115.0,0.00,0.00,1001.0,NaN
2020-03-02T15:00,35.9,6.41,93,29,0.00,1,820.0,791.1,172.0,0.00,0.00,1000.2,NaN
2020-03-02T16:00,35.5,6.45,103,29,0.00,1,587.0,478.3,260.0,0.00,0.00,999.9,NaN
2020-03-02T17:00,34.6,6.96,111,30,0.00,1,382.0,367.8,196.0,0.00,0.00,1000.1,NaN
2020-03-02T18:00,33.1,6.77,121,33,0.00,1,157.0,127.9,119.0,0.00,0.00,1000.6,NaN
2020-03-02T19:00,31.5,6.63,113,36,0.00,0,40.0,120.7,26.0,0.00,0.00,1001.0,NaN
2020-03-02T20:00,30.3,6.75,115,35,0.00,0,0.0,0.0,0.0,0.00,0.00,1001.4,NaN
2020-03-02T21:00,30.0,7.74,104,34,0.00,0,0.0,0.0,0.0,0.00,0.00,1001.9,NaN
2020-03-02T22:00,29.2,8.51,92,36,0.00,0,0.0,0.0,0.0,0.00,0.00,1002.0,NaN
2020-03-02T23:00,28.5,9.23,86,37,0.00,0,0.0,0.0,0.0,0.00,0.00,1001.8,NaN
2020-03-03T00:00,27.7,9.54,80,39,0.00,0,0.0,0.0,0.0,0.00,0.00,1002.1,NaN
2020-03-03T01:00,26.8,9.32,78,39,0.00,0,0.0,0.0,0.0,0.00,0.00,1002.1,NaN
2020-03-03T02:00,26.1,9.07,76,40,0.00,0,0.0,0.0,0.0,0.00,0.00,1002.0,NaN
2020-03-03T03:00,25.5,9.01,73,41,0.00,0,0.0,0.0,0.0,0.00,0.00,1001.8,NaN
2020-03-03T04:00,25.1,8.70,71,42,0.00,0,0.0,0.0,0.0,0.00,0.00,1001.9,NaN
2020-03-03T05:00,24.6,8.29,70,43,0.00,0,0.0,0.0,0.0,0.00,0.00,1002.4,NaN
2020-03-03T06:00,24.3,8.10,70,43,0.00,0,0.0,0.0,0.0,0.00,0.00,1002.9,NaN
2020-03-03T07:00,24.6,8.12,68,42,0.00,1,31.0,158.7,15.0,0.00,0.00,1003.6,NaN
2020-03-03T08:00,26.7,7.43,66,44,0.00,1,220.0,598.2,60.0,0.00,0.00,1003.5,NaN
2020-03-03T09:00,29.3,7.38,62,38,0.00,1,452.0,770.7,83.0,0.00,0.00,1003.5,NaN
2020-03-03T10:00,31.7,6.96,58,34,0.00,1,668.0,865.0,96.0,0.00,0.00,1003.7,NaN
2020-03-03T11:00,34.0,4.75,60,29,0.00,1,841.0,917.1,105.0,0.00,0.00,1003.1,NaN
2020-03-03T12:00,34.3,0.99,135,26,0.00,1,951.0,943.1,109.0,0.00,0.00,1002.4,NaN
2020-03-03T13:00,34.4,3.09,205,26,0.00,1,991.0,950.3,111.0,0.00,0.00,1001.8,NaN
2020-03-03T14:00,33.9,6.31,205,29,0.00,1,959.0,943.5,110.0,0.00,0.00,1001.5,NaN
2020-03-03T15:00,32.8,7.06,196,32,0.00,1,855.0,917.8,106.0,0.00,0.00,1001.1,NaN
2020-03-03T16:00,31.9,6.44,186,33,0.00,1,684.0,856.8,101.0,0.00,0.00,1000.8,NaN
2020-03-03T17:00,30.8,6.90,181,41,0.00,1,482.0,790.6,85.0,0.00,0.00,1000.9,NaN
2020-03-03T18:00,29.0,6.59,170,49,0.00,1,246.0,623.9,63.0,0.00,0.00,1001.2,NaN
2020-03-03T19:00,27.1,6.14,168,54,0.00,0,45.0,219.2,20.0,0.00,0.00,1001.7,NaN
2020-03-03T20:00,26.4,5.89,165,55,0.00,0,0.0,0.0,0.0,0.00,0.00,1001.9,NaN
2020-03-03T21:00,25.7,4.37,164,58,0.00,0,0.0,0.0,0.0,0.00,0.00,1002.1,NaN
2020-03-03T22:00,24.8,2.53,162,65,0.00,0,0.0,0.0,0.0,0.00,0.00,1002.1,NaN
2020-03-03T23:00,23.1,1.89,148,75,0.00,0,0.0,0.0,0.0,0.00,0.00,1001.8,NaN
2020-03-04T00:00,22.6,2.20,87,71,0.00,0,0.0,0.0,0.0,0.00,0.00,1001.6,NaN
2020-03-04T01:00,23.7,2.21,72,48,0.00,0,0.0,0.0,0.0,0.00,0.00,1001.2,NaN
2020-03-04T02:00,26.1,3.52,75,30,0.00,0,0.0,0.0,0.0,0.00,0.00,1000.7,NaN
2020-03-04T03:00,26.9,5.20,67,27,0.00,0,0.0,0.0,0.0,0.00,0.00,1000.3,NaN
2020-03-04T04:00,26.9,6.18,61,25,0.00,0,0.0,0.0,0.0,0.00,0.00,1000.2,NaN
2020-03-04T05:00,26.7,6.62,61,23,0.00,0,0.0,0.0,0.0,0.00,0.00,1000.4,NaN
2020-03-04T06:00,26.3,6.81,60,23,0.00,0,0.0,0.0,0.0,0.00,0.00,1000.9,NaN
2020-03-04T07:00,26.7,7.02,57,22,0.00,1,30.0,150.5,15.0,0.00,0.00,1001.2,NaN
2020-03-04T08:00,29.4,6.22,46,21,0.00,1,217.0,591.9,60.0,0.00,0.00,1001.2,NaN
2020-03-04T09:00,32.6,5.84,38,18,0.00,1,447.0,761.6,84.0,0.00,0.00,1001.1,NaN
2020-03-04T10:00,35.1,4.74,28,18,0.00,1,657.0,840.5,103.0,0.00,0.00,1001.0,NaN
2020-03-04T11:00,36.5,1.90,18,19,0.00,1,821.0,882.2,115.0,0.00,0.00,1000.6,NaN
2020-03-04T12:00,34.3,5.38,223,26,0.00,1,934.0,917.5,117.0,0.00,0.00,999.9,NaN
2020-03-04T13:00,32.4,6.32,203,28,0.00,1,980.0,941.0,111.0,0.00,0.00,999.6,NaN
2020-03-04T14:00,32.7,5.70,202,27,0.00,1,948.0,935.3,109.0,0.00,0.00,999.1,NaN
2020-03-04T15:00,32.0,5.54,200,27,0.00,1,849.0,916.3,104.0,0.00,0.00,998.9,NaN
2020-03-04T16:00,31.1,4.92,204,29,0.00,1,690.0,883.2,92.0,0.00,0.00,998.8,NaN
2020-03-04T17:00,30.3,4.54,194,31,0.00,1,473.0,782.3,83.0,0.00,0.00,998.8,NaN
2020-03-04T18:00,28.6,5.72,185,42,0.00,1,241.0,615.0,63.0,0.00,0.00,998.7,NaN
2020-03-04T19:00,26.8,4.65,171,52,0.00,0,43.0,214.2,19.0,0.00,0.00,998.6,NaN
2020-03-04T20:00,26.1,3.76,163,48,0.00,0,0.0,0.0,0.0,0.00,0.00,999.2,NaN
2020-03-04T21:00,25.2,2.45,168,50,0.00,0,0.0,0.0,0.0,0.00,0.00,999.5,NaN
2020-03-04T22:00,24.0,1.60,180,57,0.00,0,0.0,0.0,0.0,0.00,0.00,999.7,NaN
2020-03-04T23:00,23.2,1.70,180,63,0.00,0,0.0,0.0,0.0,0.00,0.00,999.4,NaN
2020-03-05T00:00,22.6,1.80,214,70,0.00,0,0.0,0.0,0.0,0.00,0.00,999.1,NaN
2020-03-05T01:00,21.6,2.06,209,83,0.00,0,0.0,0.0,0.0,0.00,0.00,998.5,NaN
2020-03-05T02:00,21.2,2.30,178,86,0.00,0,0.0,0.0,0.0,0.00,0.00,997.7,NaN
2020-03-05T03:00,20.6,2.40,135,81,0.00,0,0.0,0.0,0.0,0.00,0.00,997.1,NaN
2020-03-05T04:00,20.6,2.20,141,69,0.00,0,0.0,0.0,0.0,0.00,0.00,996.8,NaN
2020-03-05T05:00,19.9,2.59,118,60,0.00,0,0.0,0.0,0.0,0.00,0.00,996.9,NaN
2020-03-05T06:00,20.5,2.26,135,51,0.00,0,0.0,0.0,0.0,0.00,0.00,997.1,NaN
2020-03-05T07:00,22.0,1.39,159,53,0.00,1,29.0,152.2,14.0,0.00,0.00,997.6,NaN
2020-03-05T08:00,25.2,2.60,180,36,0.00,1,214.0,589.2,59.0,0.00,0.00,998.1,NaN
2020-03-05T09:00,27.2,3.71,194,38,0.00,1,437.0,716.5,97.0,0.00,0.00,998.1,NaN
2020-03-05T10:00,28.0,4.87,199,45,0.00,1,636.0,748.8,144.0,0.00,0.00,998.3,NaN
2020-03-05T11:00,27.3,6.72,203,53,0.00,1,821.0,879.6,119.0,0.00,0.00,998.2,NaN
2020-03-05T12:00,27.8,5.96,203,51,0.00,1,922.0,880.5,140.0,0.00,0.00,997.9,NaN
2020-03-05T13:00,27.4,6.28,211,57,0.00,1,969.0,917.6,124.0,0.00,0.00,997.8,NaN
2020-03-05T14:00,26.6,7.31,210,66,0.00,1,917.0,834.2,171.0,0.00,0.00,998.1,NaN
2020-03-05T15:00,25.8,7.39,210,69,0.00,1,787.0,706.2,215.0,0.00,0.00,998.4,NaN
2020-03-05T16:00,25.1,7.42,206,71,0.00,1,621.0,693.2,154.0,0.00,0.00,998.5,NaN
2020-03-05T17:00,24.5,6.89,208,72,0.00,1,442.0,677.0,107.0,0.00,0.00,998.9,NaN
2020-03-05T18:00,23.5,6.36,210,76,0.00,1,226.0,549.9,69.0,0.00,0.00,999.4,NaN
2020-03-05T19:00,22.6,5.24,209,80,0.00,0,39.0,181.7,19.0,0.00,0.00,1000.0,NaN
2020-03-05T20:00,22.3,4.38,215,80,0.00,0,0.0,0.0,0.0,0.00,0.00,1000.5,NaN
2020-03-05T21:00,22.0,4.08,211,81,0.00,0,0.0,0.0,0.0,0.00,0.00,1000.9,NaN
2020-03-05T22:00,21.8,3.83,213,81,0.00,0,0.0,0.0,0.0,0.00,0.00,1001.1,NaN
2020-03-05T23:00,21.7,4.20,218,81,0.00,0,0.0,0.0,0.0,0.00,0.00,1001.2,NaN
2020-03-06T00:00,21.6,4.26,219,79,0.00,0,0.0,0.0,0.0,0.00,0.00,1001.4,NaN
2020-03-06T01:00,21.2,3.52,215,81,0.00,0,0.0,0.0,0.0,0.00,0.00,1001.1,NaN
2020-03-06T02:00,21.1,3.68,223,80,0.00,0,0.0,0.0,0.0,0.00,0.00,1000.8,NaN
2020-03-06T03:00,20.9,3.75,228,79,0.00,0,0.0,0.0,0.0,0.00,0.00,1001.0,NaN
2020-03-06T04:00,20.6,3.92,232,78,0.00,0,0.0,0.0,0.0,0.00,0.00,1001.5,NaN
2020-03-06T05:00,20.8,4.24,236,73,0.00,0,0.0,0.0,0.0,0.00,0.00,1002.1,NaN
2020-03-06T06:00,21.0,4.13,238,67,0.00,0,0.0,0.0,0.0,0.00,0.00,1002.9,NaN
2020-03-06T07:00,21.5,4.02,235,61,0.00,1,20.0,51.3,15.0,0.00,0.00,1003.6,NaN
2020-03-06T08:00,22.7,4.46,226,65,0.00,1,132.0,84.3,110.0,0.00,0.00,1003.6,NaN
2020-03-06T09:00,23.0,5.40,219,66,0.20,1,307.0,307.0,162.0,0.20,0.00,1004.0,NaN
2020-03-06T10:00,24.0,5.03,221,56,0.00,1,448.0,372.6,204.0,0.00,0.00,1004.4,NaN
2020-03-06T11:00,24.5,5.17,221,54,0.00,1,656.0,453.6,295.0,0.00,0.00,1004.7,NaN
2020-03-06T12:00,24.7,5.16,216,52,0.00,1,817.0,679.7,215.0,0.00,0.00,1004.5,NaN
2020-03-06T13:00,25.0,5.30,216,48,0.00,1,917.0,768.9,211.0,0.00,0.00,1004.6,NaN
2020-03-06T14:00,25.0,5.30,216,47,0.00,1,903.0,804.4,186.0,0.00,0.00,1004.8,NaN
2020-03-06T15:00,24.8,5.28,217,47,0.00,1,851.0,908.6,118.0,0.00,0.00,1004.5,NaN
2020-03-06T16:00,24.3,4.96,214,47,0.00,1,691.0,886.2,97.0,0.00,0.00,1004.7,NaN
2020-03-06T17:00,23.8,4.43,208,51,0.00,1,478.0,800.2,85.0,0.00,0.00,1004.8,NaN
2020-03-06T18:00,22.8,4.74,205,63,0.00,1,233.0,586.0,68.0,0.00,0.00,1004.8,NaN
2020-03-06T19:00,22.0,4.21,198,72,0.00,0,30.0,92.6,20.0,0.00,0.00,1005.6,NaN
2020-03-06T20:00,21.4,3.26,191,73,0.00,0,0.0,0.0,0.0,0.00,0.00,1006.1,NaN
2020-03-06T21:00,21.6,3.10,182,71,0.00,0,0.0,0.0,0.0,0.00,0.00,1006.7,NaN
2020-03-06T22:00,21.3,2.91,176,72,0.00,0,0.0,0.0,0.0,0.00,0.00,1006.9,NaN
2020-03-06T23:00,20.7,2.70,178,74,0.00,0,0.0,0.0,0.0,0.00,0.00,1007.2,NaN
2020-03-07T00:00,19.7,1.80,177,79,0.00,0,0.0,0.0,0.0,0.00,0.00,1007.1,NaN
2020-03-07T01:00,20.4,3.11,174,77,0.00,0,0.0,0.0,0.0,0.00,0.00,1006.9,NaN
2020-03-07T02:00,20.7,3.06,169,77,0.00,0,0.0,0.0,0.0,0.00,0.00,1006.6,NaN
2020-03-07T03:00,19.7,2.50,164,82,0.00,0,0.0,0.0,0.0,0.00,0.00,1006.3,NaN
2020-03-07T04:00,19.0,2.25,148,85,0.00,0,0.0,0.0,0.0,0.00,0.00,1006.6,NaN
2020-03-07T05:00,18.3,2.06,113,88,0.00,0,0.0,0.0,0.0,0.00,0.00,1006.9,NaN
2020-03-07T06:00,17.7,2.31,85,88,0.00,0,0.0,0.0,0.0,0.00,0.00,1007.6,NaN
2020-03-07T07:00,18.8,3.00,90,81,0.00,1,26.0,124.6,14.0,0.00,0.00,1008.5,NaN
2020-03-07T08:00,21.4,3.36,120,71,0.00,1,179.0,406.0,74.0,0.00,0.00,1009.0,NaN
2020-03-07T09:00,23.3,4.62,158,63,0.00,1,414.0,644.4,111.0,0.00,0.00,1009.4,NaN
2020-03-07T10:00,24.5,4.53,174,56,0.00,1,565.0,634.3,151.0,0.00,0.00,1009.5,NaN
2020-03-07T11:00,25.5,4.98,190,51,0.00,1,774.0,722.1,201.0,0.00,0.00,1009.5,NaN
2020-03-07T12:00,25.9,5.44,197,50,0.00,1,935.0,933.0,111.0,0.00,0.00,1009.0,NaN
2020-03-07T13:00,26.0,5.85,200,49,0.00,1,978.0,945.9,112.0,0.00,0.00,1008.5,NaN
2020-03-07T14:00,26.0,6.29,198,47,0.00,1,945.0,941.0,109.0,0.00,0.00,1008.4,NaN
2020-03-07T15:00,25.4,6.53,195,56,0.00,1,842.0,918.4,104.0,0.00,0.00,1008.2,NaN
2020-03-07T16:00,24.7,6.45,193,59,0.00,1,675.0,868.4,96.0,0.00,0.00,1008.2,NaN
2020-03-07T17:00,23.9,6.77,188,62,0.00,1,464.0,781.8,83.0,0.00,0.00,1008.3,NaN
2020-03-07T18:00,23.0,6.81,183,62,0.00,1,231.0,608.9,62.0,0.00,0.00,1008.8,NaN
2020-03-07T19:00,22.1,6.11,177,70,0.00,0,37.0,188.7,17.0,0.00,0.00,1009.2,NaN
2020-03-07T20:00,21.3,5.79,170,76,0.00,0,0.0,0.0,0.0,0.00,0.00,1009.5,NaN
2020-03-07T21:00,21.1,5.63,168,78,0.00,0,0.0,0.0,0.0,0.00,0.00,1010.0,NaN
2020-03-07T22:00,20.9,5.39,165,78,0.00,0,0.0,0.0,0.0,0.00,0.00,1009.8,NaN
2020-03-07T23:00,20.6,5.19,161,80,0.00,0,0.0,0.0,0.0,0.00,0.00,1009.8,NaN
2020-03-08T00:00,20.4,4.94,159,80,0.00,0,0.0,0.0,0.0,0.00,0.00,1009.6,NaN
2020-03-08T01:00,20.1,4.92,156,82,0.00,0,0.0,0.0,0.0,0.00,0.00,1009.1,NaN
2020-03-08T02:00,20.1,4.52,152,81,0.00,0,0.0,0.0,0.0,0.00,0.00,1008.6,NaN
2020-03-08T03:00,19.8,3.88,145,81,0.00,0,0.0,0.0,0.0,0.00,0.00,1008.4,NaN
2020-03-08T04:00,19.1,3.33,139,84,0.00,0,0.0,0.0,0.0,0.00,0.00,1008.4,NaN
2020-03-08T05:00,18.7,2.86,126,86,0.00,0,0.0,0.0,0.0,0.00,0.00,1008.6,NaN
2020-03-08T06:00,18.2,2.72,107,86,0.00,0,0.0,0.0,0.0,0.00,0.00,1009.1,NaN
2020-03-08T07:00,18.9,3.54,119,79,0.00,1,26.0,126.0,14.0,0.00,0.00,1009.5,NaN
2020-03-08T08:00,21.1,3.41,130,69,0.00,1,194.0,499.2,66.0,0.00,0.00,1009.1,NaN
2020-03-08T09:00,23.2,4.62,162,64,0.00,1,410.0,660.2,101.0,0.00,0.00,1008.8,NaN
2020-03-08T10:00,24.5,4.70,179,59,0.00,1,634.0,782.5,125.0,0.00,0.00,1008.6,NaN
2020-03-08T11:00,25.1,5.32,192,58,0.00,1,776.0,764.7,171.0,0.00,0.00,1008.3,NaN
2020-03-08T12:00,25.0,6.17,197,60,0.00,1,864.0,753.9,200.0,0.00,0.00,1007.8,NaN
2020-03-08T13:00,25.1,6.14,199,56,0.00,1,915.0,793.1,191.0,0.00,0.00,1007.3,NaN
2020-03-08T14:00,25.1,5.96,203,54,0.00,1,920.0,908.0,116.0,0.00,0.00,1006.9,NaN
2020-03-08T15:00,25.0,5.32,206,52,0.00,1,838.0,915.9,105.0,0.00,0.00,1006.5,NaN
2020-03-08T16:00,24.7,5.03,201,54,0.00,1,676.0,874.6,96.0,0.00,0.00,1006.2,NaN
2020-03-08T17:00,24.2,5.39,195,59,0.00,1,463.0,785.9,83.0,0.00,0.00,1006.2,NaN
2020-03-08T18:00,23.0,5.36,189,71,0.00,1,227.0,606.9,61.0,0.00,0.00,1006.1,NaN
2020-03-08T19:00,22.3,5.20,182,78,0.00,0,35.0,173.2,17.0,0.00,0.00,1006.1,NaN
2020-03-08T20:00,22.1,4.83,174,80,0.00,0,0.0,0.0,0.0,0.00,0.00,1006.1,NaN
2020-03-08T21:00,21.9,4.94,173,84,0.00,0,0.0,0.0,0.0,0.00,0.00,1006.5,NaN
2020-03-08T22:00,21.9,5.02,174,85,0.00,0,0.0,0.0,0.0,0.00,0.00,1006.4,NaN
2020-03-08T23:00,21.6,4.96,171,88,0.00,0,0.0,0.0,0.0,0.00,0.00,1006.1,NaN
2020-03-09T00:00,21.7,4.81,168,87,0.00,0,0.0,0.0,0.0,0.00,0.00,1005.7,NaN
2020-03-09T01:00,21.8,3.98,168,86,0.00,0,0.0,0.0,0.0,0.00,0.00,1005.1,NaN
2020-03-09T02:00,21.8,3.49,167,86,0.00,0,0.0,0.0,0.0,0.00,0.00,1004.6,NaN
2020-03-09T03:00,21.3,3.20,166,89,0.00,0,0.0,0.0,0.0,0.00,0.00,1004.0,NaN
2020-03-09T04:00,21.1,3.04,163,92,0.00,0,0.0,0.0,0.0,0.00,0.00,1003.7,NaN
2020-03-09T05:00,21.0,2.92,158,93,0.00,0,0.0,0.0,0.0,0.00,0.00,1003.6,NaN
2020-03-09T06:00,21.0,2.46,153,93,0.00,0,0.0,0.0,0.0,0.00,0.00,1004.0,NaN
2020-03-09T07:00,21.6,2.30,146,90,0.00,1,19.0,74.4,12.0,0.00,0.00,1004.3,NaN
2020-03-09T08:00,23.3,2.44,161,81,0.00,1,181.0,452.3,66.0,0.00,0.00,1004.0,NaN
2020-03-09T09:00,25.1,2.21,175,70,0.00,1,413.0,667.6,102.0,0.00,0.00,1003.9,NaN
2020-03-09T10:00,27.1,2.06,194,61,0.00,1,640.0,831.5,101.0,0.00,0.00,1003.9,NaN
2020-03-09T11:00,28.8,2.36,216,55,0.00,1,813.0,900.0,103.0,0.00,0.00,1003.6,NaN
2020-03-09T12:00,28.8,3.85,242,60,0.00,1,923.0,931.5,105.0,0.00,0.00,1002.8,NaN
2020-03-09T13:00,28.3,4.95,256,62,0.00,1,962.0,939.5,107.0,0.00,0.00,1002.3,NaN
2020-03-09T14:00,27.7,5.36,256,60,0.00,1,925.0,927.0,107.0,0.00,0.00,1001.6,NaN
2020-03-09T15:00,27.1,4.98,248,64,0.00,1,819.0,899.7,102.0,0.00,0.00,1001.2,NaN
2020-03-09T16:00,26.4,4.98,232,70,0.00,1,657.0,853.5,94.0,0.00,0.00,1001.2,NaN
2020-03-09T17:00,25.7,4.00,217,73,0.00,1,446.0,758.8,82.0,0.00,0.00,1001.1,NaN
2020-03-09T18:00,24.1,3.35,207,80,0.00,1,216.0,571.5,62.0,0.00,0.00,1001.6,NaN
2020-03-09T19:00,24.1,1.78,232,74,0.00,0,32.0,157.0,16.0,0.00,0.00,1001.5,NaN
2020-03-09T20:00,22.7,1.70,208,79,0.00,0,0.0,0.0,0.0,0.00,0.00,1001.9,NaN
2020-03-09T21:00,22.2,1.56,225,83,0.00,0,0.0,0.0,0.0,0.00,0.00,1002.2,NaN
2020-03-09T22:00,21.9,1.70,225,91,0.00,0,0.0,0.0,0.0,0.00,0.00,1002.1,NaN
2020-03-09T23:00,22.0,1.77,223,90,0.00,0,0.0,0.0,0.0,0.00,0.00,1001.5,NaN
2020-03-10T00:00,22.1,2.15,202,87,0.00,0,0.0,0.0,0.0,0.00,0.00,1000.9,NaN
2020-03-10T01:00,20.7,2.20,93,91,0.00,0,0.0,0.0,0.0,0.00,0.00,1000.4,NaN
2020-03-10T02:00,21.5,2.22,98,85,0.00,0,0.0,0.0,0.0,0.00,0.00,999.6,NaN
2020-03-10T03:00,22.3,2.55,116,64,0.00,0,0.0,0.0,0.0,0.00,0.00,999.4,NaN
2020-03-10T04:00,23.3,2.82,107,42,0.00,0,0.0,0.0,0.0,0.00,0.00,999.4,NaN
2020-03-10T05:00,23.7,3.11,96,37,0.00,0,0.0,0.0,0.0,0.00,0.00,999.7,NaN
2020-03-10T06:00,24.3,3.51,87,35,0.00,0,0.0,0.0,0.0,0.00,0.00,1000.3,NaN
2020-03-10T07:00,25.2,3.10,92,34,0.00,1,24.0,129.0,12.0,0.00,0.00,1001.1,NaN
2020-03-10T08:00,28.4,2.53,99,30,0.00,1,203.0,579.3,57.0,0.00,0.00,1001.1,NaN
2020-03-10T09:00,31.8,3.40,66,24,0.00,1,434.0,763.5,80.0,0.00,0.00,1001.2,NaN
2020-03-10T10:00,34.4,3.76,50,21,0.00,1,649.0,860.7,93.0,0.00,0.00,1001.1,NaN
2020-03-10T11:00,35.8,2.69,42,19,0.00,1,819.0,912.9,101.0,0.00,0.00,1000.6,NaN
2020-03-10T12:00,36.2,0.99,225,18,0.00,1,928.0,938.8,106.0,0.00,0.00,1000.0,NaN
2020-03-10T13:00,33.5,5.95,205,34,0.00,1,967.0,946.8,108.0,0.00,0.00,999.6,NaN
2020-03-10T14:00,32.1,7.69,196,37,0.00,1,930.0,937.1,106.0,0.00,0.00,999.2,NaN
2020-03-10T15:00,31.7,6.48,193,36,0.00,1,822.0,908.5,101.0,0.00,0.00,998.7,NaN
2020-03-10T16:00,30.3,5.20,203,46,0.00,1,658.0,861.3,93.0,0.00,0.00,998.8,NaN
2020-03-10T17:00,28.5,5.63,200,57,0.00,1,454.0,792.3,77.0,0.00,0.00,998.7,NaN
2020-03-10T18:00,27.6,4.53,202,56,0.00,1,216.0,591.6,59.0,0.00,0.00,998.9,NaN
2020-03-10T19:00,26.2,3.14,202,62,0.00,0,30.0,160.3,14.0,0.00,0.00,999.3,NaN
2020-03-10T20:00,25.2,2.21,198,68,0.00,0,0.0,0.0,0.0,0.00,0.00,1000.2,NaN
2020-03-10T21:00,24.8,1.90,198,67,0.00,0,0.0,0.0,0.0,0.00,0.00,1000.4,NaN
2020-03-10T22:00,24.1,1.88,205,70,0.00,0,0.0,0.0,0.0,0.00,0.00,1000.1,NaN
2020-03-10T23:00,22.8,2.09,197,81,0.00,0,0.0,0.0,0.0,0.00,0.00,999.9,NaN
2020-03-11T00:00,22.0,2.28,113,84,0.00,0,0.0,0.0,0.0,0.00,0.00,999.4,NaN
2020-03-11T01:00,22.4,2.40,92,73,0.00,0,0.0,0.0,0.0,0.00,0.00,998.7,NaN
2020-03-11T02:00,22.0,2.67,167,64,0.00,0,0.0,0.0,0.0,0.00,0.00,998.5,NaN
2020-03-11T03:00,22.0,1.75,257,72,0.00,0,0.0,0.0,0.0,0.00,0.00,998.7,NaN
2020-03-11T04:00,23.1,0.61,9,74,0.00,0,0.0,0.0,0.0,0.00,0.00,998.9,NaN
2020-03-11T05:00,21.1,1.57,63,73,0.00,0,0.0,0.0,0.0,0.00,0.00,998.9,NaN
2020-03-11T06:00,19.5,1.52,23,79,0.00,0,0.0,0.0,0.0,0.00,0.00,999.5,NaN
2020-03-11T07:00,21.2,2.71,356,81,0.00,1,24.0,130.5,12.0,0.00,0.00,999.9,NaN
2020-03-11T08:00,26.0,1.41,352,33,0.00,1,203.0,584.4,57.0,0.00,0.00,999.7,NaN
2020-03-11T09:00,28.4,2.38,285,32,0.00,1,437.0,773.6,80.0,0.00,0.00,999.9,NaN
2020-03-11T10:00,29.2,2.77,257,34,0.00,1,653.0,870.0,93.0,0.00,0.00,1000.2,NaN
2020-03-11T11:00,29.8,3.19,238,35,0.00,1,823.0,920.9,101.0,0.00,0.00,1000.6,NaN
2020-03-11T12:00,30.4,3.28,232,34,0.00,1,932.0,946.2,106.0,0.00,0.00,1000.6,NaN
2020-03-11T13:00,30.4,3.83,237,33,0.00,1,970.0,953.1,108.0,0.00,0.00,1000.3,NaN
2020-03-11T14:00,29.4,4.30,234,38,0.00,1,933.0,943.9,106.0,0.00,0.00,1000.4,NaN
2020-03-11T15:00,28.3,4.40,231,46,0.00,1,825.0,916.2,101.0,0.00,0.00,1000.2,NaN
2020-03-11T16:00,27.3,4.74,222,54,0.00,1,657.0,864.6,93.0,0.00,0.00,1000.4,NaN
2020-03-11T17:00,26.1,4.94,212,64,0.00,1,444.0,769.2,81.0,0.00,0.00,1000.7,NaN
2020-03-11T18:00,24.7,4.70,207,75,0.00,1,212.0,585.5,59.0,0.00,0.00,1001.0,NaN
2020-03-11T19:00,23.5,3.96,201,84,0.00,0,28.0,143.2,14.0,0.00,0.00,1001.6,NaN
2020-03-11T20:00,22.9,3.48,198,87,0.00,0,0.0,0.0,0.0,0.00,0.00,1003.0,NaN
2020-03-11T21:00,22.6,3.35,197,89,0.00,0,0.0,0.0,0.0,0.00,0.00,1003.5,NaN
2020-03-11T22:00,22.5,3.14,189,90,0.00,0,0.0,0.0,0.0,0.00,0.00,1003.5,NaN
2020-03-11T23:00,22.4,3.50,180,89,0.00,0,0.0,0.0,0.0,0.00,0.00,1003.4,NaN
2020-03-12T00:00,22.0,3.54,172,88,0.00,0,0.0,0.0,0.0,0.00,0.00,1003.5,NaN
2020-03-12T01:00,21.5,3.40,166,91,0.00,0,0.0,0.0,0.0,0.00,0.00,1003.2,NaN
2020-03-12T02:00,21.2,3.42,165,93,0.00,0,0.0,0.0,0.0,0.00,0.00,1002.7,NaN
2020-03-12T03:00,21.1,3.59,167,93,0.00,0,0.0,0.0,0.0,0.00,0.00,1002.5,NaN
2020-03-12T04:00,21.2,4.26,171,92,0.00,0,0.0,0.0,0.0,0.00,0.00,1002.6,NaN
2020-03-12T05:00,21.3,4.28,169,90,0.00,0,0.0,0.0,0.0,0.00,0.00,1003.0,NaN
2020-03-12T06:00,21.2,4.20,168,89,0.00,0,0.0,0.0,0.0,0.00,0.00,1003.6,NaN
2020-03-12T07:00,21.7,3.86,163,86,0.00,1,21.0,99.1,12.0,0.00,0.00,1004.3,NaN
2020-03-12T08:00,22.6,3.99,158,79,0.00,1,174.0,428.1,68.0,0.00,0.00,1005.1,NaN
2020-03-12T09:00,24.3,3.86,170,68,0.00,1,385.0,583.6,117.0,0.00,0.00,1005.6,NaN
2020-03-12T10:00,25.9,4.21,184,60,0.00,1,612.0,770.2,118.0,0.00,0.00,1005.7,NaN
2020-03-12T11:00,26.8,5.00,192,57,0.00,1,795.0,882.8,105.0,0.00,0.00,1005.9,NaN
2020-03-12T12:00,26.8,5.76,197,59,0.00,1,904.0,916.9,106.0,0.00,0.00,1005.8,NaN
2020-03-12T13:00,26.6,6.31,195,58,0.00,1,941.0,925.1,107.0,0.00,0.00,1005.5,NaN
2020-03-12T14:00,26.5,6.45,193,56,0.00,1,908.0,917.5,107.0,0.00,0.00,1005.1,NaN
2020-03-12T15:00,26.1,6.77,188,59,0.00,1,806.0,894.8,102.0,0.00,0.00,1004.9,NaN
2020-03-12T16:00,25.4,7.13,185,62,0.00,1,642.0,846.4,93.0,0.00,0.00,1004.3,NaN
2020-03-12T17:00,24.6,6.70,182,66,0.00,1,433.0,754.3,80.0,0.00,0.00,1004.4,NaN
2020-03-12T18:00,23.5,6.51,177,72,0.00,1,205.0,571.5,58.0,0.00,0.00,1004.8,NaN
2020-03-12T19:00,22.3,5.87,171,79,0.00,0,26.0,135.9,13.0,0.00,0.00,1005.4,NaN
2020-03-12T20:00,22.0,5.14,167,81,0.00,0,0.0,0.0,0.0,0.00,0.00,1006.5,NaN
2020-03-12T21:00,21.7,4.93,162,84,0.00,0,0.0,0.0,0.0,0.00,0.00,1006.9,NaN
2020-03-12T22:00,21.5,4.74,162,87,0.00,0,0.0,0.0,0.0,0.00,0.00,1006.7,NaN
2020-03-12T23:00,21.4,4.08,149,88,0.00,0,0.0,0.0,0.0,0.00,0.00,1006.5,NaN
2020-03-13T00:00,21.3,3.36,150,87,0.00,0,0.0,0.0,0.0,0.00,0.00,1006.0,NaN
2020-03-13T01:00,21.3,4.25,153,85,0.00,0,0.0,0.0,0.0,0.00,0.00,1005.3,NaN
2020-03-13T02:00,21.7,4.81,135,77,0.00,0,0.0,0.0,0.0,0.00,0.00,1004.6,NaN
2020-03-13T03:00,21.9,1.63,137,71,0.00,0,0.0,0.0,0.0,0.00,0.00,1004.2,NaN
2020-03-13T04:00,21.7,0.92,221,78,0.00,0,0.0,0.0,0.0,0.00,0.00,1004.6,NaN
2020-03-13T05:00,22.2,1.70,118,72,0.00,0,0.0,0.0,0.0,0.00,0.00,1004.4,NaN
2020-03-13T06:00,24.5,2.04,79,55,0.00,0,0.0,0.0,0.0,0.00,0.00,1004.9,NaN
2020-03-13T07:00,24.1,2.05,137,54,0.00,1,7.0,11.1,6.0,0.00,0.00,1005.4,NaN
2020-03-13T08:00,26.8,6.90,90,46,0.00,1,46.0,4.1,45.0,0.00,0.00,1004.7,NaN
2020-03-13T09:00,27.9,7.44,84,41,0.00,1,96.0,24.1,85.0,0.00,0.00,1004.6,NaN
2020-03-13T10:00,31.4,7.37,82,33,0.00,1,302.0,104.8,235.0,0.00,0.00,1004.8,NaN
2020-03-13T11:00,32.0,6.20,89,31,0.00,1,233.0,38.5,203.0,0.00,0.00,1004.7,NaN
2020-03-13T12:00,32.6,5.51,93,30,0.00,1,210.0,4.6,206.0,0.00,0.00,1004.2,NaN
2020-03-13T13:00,34.3,5.40,88,27,0.00,1,363.0,85.7,286.0,0.00,0.00,1003.6,NaN
2020-03-13T14:00,34.4,5.77,64,25,0.00,1,236.0,42.5,199.0,0.00,0.00,1002.9,NaN
2020-03-13T15:00,33.8,6.17,73,27,0.00,1,248.0,43.4,214.0,0.00,0.00,1002.5,NaN
2020-03-13T16:00,33.1,6.30,88,29,0.00,1,175.0,38.8,150.0,0.00,0.00,1002.1,NaN
2020-03-13T17:00,31.5,6.41,86,34,0.00,1,71.0,2.2,70.0,0.00,0.00,1002.0,NaN
2020-03-13T18:00,30.2,6.77,82,37,0.00,1,31.0,4.0,30.0,0.00,0.00,1002.2,NaN
2020-03-13T19:00,29.9,6.42,94,38,0.00,0,7.0,10.7,6.0,0.00,0.00,1002.3,NaN
2020-03-13T20:00,30.6,6.95,67,34,0.00,0,0.0,0.0,0.0,0.00,0.00,1002.9,NaN
2020-03-13T21:00,30.2,5.74,83,35,0.00,0,0.0,0.0,0.0,0.00,0.00,1003.2,NaN
2020-03-13T22:00,29.5,4.93,96,36,0.00,0,0.0,0.0,0.0,0.00,0.00,1003.2,NaN
2020-03-13T23:00,29.1,6.92,79,38,0.00,0,0.0,0.0,0.0,0.00,0.00,1002.8,NaN
2020-03-14T00:00,28.6,7.16,83,38,0.00,0,0.0,0.0,0.0,0.00,0.00,1002.5,NaN
2020-03-14T01:00,26.1,7.31,73,50,0.00,0,0.0,0.0,0.0,0.00,0.00,1002.5,NaN
2020-03-14T02:00,24.4,6.30,88,59,0.10,0,0.0,0.0,0.0,0.10,0.00,1002.0,NaN
2020-03-14T03:00,24.9,6.30,88,56,0.00,0,0.0,0.0,0.0,0.00,0.00,1001.8,NaN
2020-03-14T04:00,25.5,5.08,80,53,0.00,0,0.0,0.0,0.0,0.00,0.00,1001.4,NaN
2020-03-14T05:00,25.3,5.82,66,58,0.00,0,0.0,0.0,0.0,0.00,0.00,1001.3,NaN
2020-03-14T06:00,24.2,5.19,74,64,0.00,0,0.0,0.0,0.0,0.00,0.00,1001.2,NaN
2020-03-14T07:00,23.8,4.39,66,69,0.00,1,7.0,11.3,6.0,0.00,0.00,1001.6,NaN
2020-03-14T08:00,26.5,2.60,90,54,0.50,1,108.0,148.0,72.0,0.50,0.00,1002.0,NaN
2020-03-14T09:00,27.9,4.34,82,50,0.00,1,277.0,334.2,125.0,0.00,0.00,1001.9,NaN
2020-03-14T10:00,29.0,4.85,68,49,0.00,1,519.0,499.4,201.0,0.00,0.00,1001.6,NaN
2020-03-14T11:00,30.2,3.86,59,46,0.00,1,680.0,668.3,161.0,0.00,0.00,1001.3,NaN
2020-03-14T12:00,30.3,0.61,351,45,0.40,1,638.0,474.0,228.0,0.40,0.00,1000.2,NaN
2020-03-14T13:00,29.7,2.02,261,48,0.10,1,566.0,316.0,283.0,0.10,0.00,999.6,NaN
2020-03-14T14:00,28.6,3.36,217,53,0.10,1,361.0,12.7,350.0,0.10,0.00,999.3,NaN
2020-03-14T15:00,29.4,3.50,211,49,0.00,1,454.0,227.0,277.0,0.00,0.00,998.9,NaN
2020-03-14T16:00,29.3,4.24,214,49,0.00,1,488.0,478.8,181.0,0.00,0.00,998.8,NaN
2020-03-14T17:00,28.5,4.05,230,51,0.00,1,373.0,591.1,101.0,0.00,0.00,999.1,NaN
2020-03-14T18:00,27.2,3.47,229,58,0.00,1,174.0,437.7,65.0,0.00,0.00,999.8,NaN
2020-03-14T19:00,25.7,2.56,231,68,0.00,0,21.0,98.4,12.0,0.00,0.00,1000.4,NaN
2020-03-14T20:00,24.6,1.48,118,74,0.00,0,0.0,0.0,0.0,0.00,0.00,1000.5,NaN
2020-03-14T21:00,24.3,1.73,100,72,0.00,0,0.0,0.0,0.0,0.00,0.00,1000.7,NaN
2020-03-14T22:00,23.2,1.84,61,73,0.00,0,0.0,0.0,0.0,0.00,0.00,1000.6,NaN
2020-03-14T23:00,23.4,2.06,321,74,0.00,0,0.0,0.0,0.0,0.00,0.00,1000.4,NaN
2020-03-15T00:00,22.8,1.75,336,85,0.00,0,0.0,0.0,0.0,0.00,0.00,1000.5,NaN
2020-03-15T01:00,22.8,1.96,345,86,0.00,0,0.0,0.0,0.0,0.00,0.00,1000.4,NaN
2020-03-15T02:00,22.7,2.69,345,82,0.00,0,0.0,0.0,0.0,0.00,0.00,1000.3,NaN
2020-03-15T03:00,22.3,2.90,358,87,0.00,0,0.0,0.0,0.0,0.00,0.00,1000.0,NaN
2020-03-15T04:00,22.2,3.40,358,93,0.00,0,0.0,0.0,0.0,0.00,0.00,1000.2,NaN
2020-03-15T05:00,22.3,3.71,357,94,0.00,0,0.0,0.0,0.0,0.00,0.00,1000.4,NaN
2020-03-15T06:00,22.4,4.08,343,95,0.00,0,0.0,0.0,0.0,0.00,0.00,1001.0,NaN
2020-03-15T07:00,23.1,4.70,333,92,0.00,1,13.0,34.3,10.0,0.00,0.00,1001.5,NaN
2020-03-15T08:00,24.4,4.68,340,82,0.00,1,128.0,249.0,68.0,0.00,0.00,1001.8,NaN
2020-03-15T09:00,25.5,5.02,325,74,0.00,1,216.0,110.5,166.0,0.00,0.00,1002.3,NaN
2020-03-15T10:00,26.7,5.05,304,67,0.10,1,428.0,271.1,256.0,0.10,0.00,1002.4,NaN
2020-03-15T11:00,26.6,5.31,290,70,0.00,1,526.0,286.8,304.0,0.00,0.00,1002.4,NaN
2020-03-15T12:00,26.3,5.31,267,72,0.10,1,734.0,546.3,263.0,0.10,0.00,1002.3,NaN
2020-03-15T13:00,24.7,4.61,246,80,0.10,1,305.0,33.6,275.0,0.10,0.00,1002.3,NaN
2020-03-15T14:00,25.3,4.36,238,76,0.10,1,446.0,256.0,225.0,0.10,0.00,1002.1,NaN
2020-03-15T15:00,25.5,4.62,231,73,0.00,1,600.0,605.4,130.0,0.00,0.00,1002.1,NaN
2020-03-15T16:00,25.1,4.53,229,74,0.00,1,506.0,600.9,123.0,0.00,0.00,1002.4,NaN
2020-03-15T17:00,24.6,4.53,229,75,0.00,1,363.0,552.5,111.0,0.00,0.00,1003.0,NaN
2020-03-15T18:00,23.6,4.12,219,79,0.00,1,143.0,363.5,54.0,0.00,0.00,1003.6,NaN
2020-03-15T19:00,22.9,3.36,217,82,0.00,0,18.0,78.3,11.0,0.00,0.00,1004.0,NaN
2020-03-15T20:00,22.7,2.92,202,83,0.00,0,0.0,0.0,0.0,0.00,0.00,1004.5,NaN
2020-03-15T21:00,22.4,2.94,198,85,0.00,0,0.0,0.0,0.0,0.00,0.00,1005.0,NaN
2020-03-15T22:00,22.1,2.72,197,87,0.00,0,0.0,0.0,0.0,0.00,0.00,1005.0,NaN
2020-03-15T23:00,21.9,3.01,195,88,0.00,0,0.0,0.0,0.0,0.00,0.00,1004.8,NaN
2020-03-16T00:00,21.6,2.79,195,88,0.00,0,0.0,0.0,0.0,0.00,0.00,1004.7,NaN
2020-03-16T01:00,21.4,2.21,185,88,0.00,0,0.0,0.0,0.0,0.00,0.00,1004.5,NaN
2020-03-16T02:00,20.7,1.51,172,92,0.00,0,0.0,0.0,0.0,0.00,0.00,1004.3,NaN
2020-03-16T03:00,20.5,1.24,166,93,0.00,0,0.0,0.0,0.0,0.00,0.00,1004.3,NaN
2020-03-16T04:00,19.9,1.70,140,95,0.00,0,0.0,0.0,0.0,0.00,0.00,1004.6,NaN
2020-03-16T05:00,20.1,1.50,127,95,0.00,0,0.0,0.0,0.0,0.00,0.00,1004.9,NaN
2020-03-16T06:00,20.0,1.25,119,94,0.00,0,0.0,0.0,0.0,0.00,0.00,1005.4,NaN
2020-03-16T07:00,20.6,0.82,104,95,0.00,1,15.0,34.7,12.0,0.00,0.00,1006.0,NaN
2020-03-16T08:00,22.0,1.17,20,81,0.00,1,126.0,138.2,93.0,0.00,0.00,1006.4,NaN
2020-03-16T09:00,23.2,1.24,284,73,0.00,1,256.0,164.3,182.0,0.00,0.00,1007.0,NaN
2020-03-16T10:00,24.0,2.24,260,68,0.00,1,358.0,177.2,246.0,0.00,0.00,1007.1,NaN
2020-03-16T11:00,24.7,3.01,249,63,0.00,1,514.0,246.3,324.0,0.00,0.00,1007.0,NaN
2020-03-16T12:00,25.0,3.27,247,60,0.00,1,554.0,185.0,395.0,0.00,0.00,1006.6,NaN
2020-03-16T13:00,25.5,3.76,241,58,0.00,1,736.0,463.1,324.0,0.00,0.00,1006.3,NaN
2020-03-16T14:00,25.5,4.00,238,58,0.00,1,786.0,619.8,253.0,0.00,0.00,1006.0,NaN
2020-03-16T15:00,25.4,4.12,241,57,0.00,1,768.0,819.2,135.0,0.00,0.00,1005.7,NaN
2020-03-16T16:00,25.1,4.11,244,57,0.00,1,570.0,686.6,135.0,0.00,0.00,1005.9,NaN
2020-03-16T17:00,24.0,4.97,240,66,0.00,1,341.0,429.1,147.0,0.00,0.00,1006.1,NaN
2020-03-16T18:00,22.6,4.40,231,76,0.00,1,83.0,66.5,67.0,0.00,0.00,1006.4,NaN
2020-03-16T19:00,22.1,4.10,227,79,0.00,0,16.0,68.8,10.0,0.00,0.00,1006.6,NaN
2020-03-16T20:00,22.0,4.60,226,80,0.10,0,0.0,0.0,0.0,0.10,0.00,1006.8,NaN
2020-03-16T21:00,21.7,4.46,226,78,0.00,0,0.0,0.0,0.0,0.00,0.00,1007.0,NaN
2020-03-16T22:00,21.4,4.55,230,77,0.00,0,0.0,0.0,0.0,0.00,0.00,1007.2,NaN
2020-03-16T23:00,21.1,4.12,231,74,0.00,0,0.0,0.0,0.0,0.00,0.00,1007.0,NaN
2020-03-17T00:00,20.8,3.34,231,72,0.00,0,0.0,0.0,0.0,0.00,0.00,1006.8,NaN
2020-03-17T01:00,20.6,3.22,234,70,0.00,0,0.0,0.0,0.0,0.00,0.00,1006.9,NaN
2020-03-17T02:00,19.8,2.01,243,73,0.00,0,0.0,0.0,0.0,0.00,0.00,1006.6,NaN
2020-03-17T03:00,20.5,3.81,240,71,0.00,0,0.0,0.0,0.0,0.00,0.00,1006.6,NaN
2020-03-17T04:00,21.3,4.58,238,63,0.00,0,0.0,0.0,0.0,0.00,0.00,1006.9,NaN
2020-03-17T05:00,20.8,3.47,237,65,0.00,0,0.0,0.0,0.0,0.00,0.00,1007.3,NaN
2020-03-17T06:00,19.9,1.80,251,67,0.00,0,0.0,0.0,0.0,0.00,0.00,1007.6,NaN
2020-03-17T07:00,20.9,2.94,235,70,0.00,1,11.0,11.7,10.0,0.00,0.00,1008.1,NaN
2020-03-17T08:00,22.3,3.75,224,66,0.00,1,58.0,12.7,55.0,0.00,0.00,1008.5,NaN
2020-03-17T09:00,21.9,3.75,224,72,0.00,1,77.0,0.0,77.0,0.00,0.00,1008.9,NaN
2020-03-17T10:00,21.8,3.33,221,76,0.30,1,139.0,0.0,139.0,0.30,0.00,1008.9,NaN
2020-03-17T11:00,22.3,3.50,233,74,0.20,1,195.0,2.6,193.0,0.20,0.00,1008.8,NaN
2020-03-17T12:00,22.4,4.64,233,72,0.30,1,183.0,23.3,163.0,0.30,0.00,1008.6,NaN
2020-03-17T13:00,21.7,4.55,230,73,0.00,1,129.0,1.1,128.0,0.00,0.00,1008.6,NaN
2020-03-17T14:00,22.0,4.41,237,69,0.00,1,218.0,19.8,201.0,0.00,0.00,1008.0,NaN
2020-03-17T15:00,22.8,4.25,243,62,0.00,1,386.0,131.3,285.0,0.00,0.00,1007.6,NaN
2020-03-17T16:00,23.2,4.58,238,59,0.00,1,381.0,220.8,242.0,0.00,0.00,1007.4,NaN
2020-03-17T17:00,22.7,4.86,233,60,0.00,1,146.0,58.0,120.0,0.00,0.00,1007.5,NaN
2020-03-17T18:00,22.5,4.19,237,60,0.00,1,66.0,25.4,60.0,0.00,0.00,1007.9,NaN
2020-03-17T19:00,22.3,5.46,229,64,0.00,0,6.0,0.0,6.0,0.00,0.00,1008.1,NaN
2020-03-17T20:00,22.2,3.94,240,64,0.00,0,0.0,0.0,0.0,0.00,0.00,1009.2,NaN
2020-03-17T21:00,21.6,5.23,227,72,0.00,0,0.0,0.0,0.0,0.00,0.00,1009.3,NaN
2020-03-17T22:00,20.7,5.08,216,82,0.00,0,0.0,0.0,0.0,0.00,0.00,1009.2,NaN
2020-03-17T23:00,20.4,4.20,205,83,0.00,0,0.0,0.0,0.0,0.00,0.00,1009.1,NaN
2020-03-18T00:00,20.3,4.30,192,83,0.00,0,0.0,0.0,0.0,0.00,0.00,1009.1,NaN
2020-03-18T01:00,20.0,4.64,187,83,0.20,0,0.0,0.0,0.0,0.20,0.00,1009.2,NaN
2020-03-18T02:00,20.0,4.96,189,80,0.10,0,0.0,0.0,0.0,0.10,0.00,1009.1,NaN
2020-03-18T03:00,20.0,5.85,188,74,0.00,0,0.0,0.0,0.0,0.00,0.00,1009.0,NaN
2020-03-18T04:00,19.8,6.24,186,69,0.00,0,0.0,0.0,0.0,0.00,0.00,1009.5,NaN
2020-03-18T05:00,19.8,6.40,181,64,0.00,0,0.0,0.0,0.0,0.00,0.00,1009.9,NaN
2020-03-18T06:00,19.7,5.10,169,62,0.00,0,0.0,0.0,0.0,0.00,0.00,1010.4,NaN
2020-03-18T07:00,19.5,4.40,159,61,0.00,1,12.0,11.9,11.0,0.00,0.00,1011.3,NaN
2020-03-18T08:00,20.7,5.13,159,54,0.00,1,114.0,85.3,94.0,0.00,0.00,1011.5,NaN
2020-03-18T09:00,21.9,5.35,159,47,0.00,1,344.0,367.9,180.0,0.00,0.00,1012.3,NaN
2020-03-18T10:00,23.0,5.22,160,43,0.00,1,520.0,400.2,269.0,0.00,0.00,1012.0,NaN
2020-03-18T11:00,24.1,5.12,168,39,0.00,1,688.0,511.6,296.0,0.00,0.00,1011.7,NaN
2020-03-18T12:00,24.6,5.32,176,39,0.00,1,724.0,440.5,348.0,0.00,0.00,1011.0,NaN
2020-03-18T13:00,24.1,6.41,183,44,0.00,1,632.0,244.5,416.0,0.00,0.00,1010.5,NaN
2020-03-18T14:00,23.8,7.75,187,44,0.00,1,730.0,474.7,325.0,0.00,0.00,1010.4,NaN
2020-03-18T15:00,23.6,7.91,183,43,0.00,1,789.0,883.4,113.0,0.00,0.00,1010.1,NaN
2020-03-18T16:00,23.1,7.60,181,45,0.00,1,533.0,505.1,217.0,0.00,0.00,1010.4,NaN
2020-03-18T17:00,22.1,7.71,177,49,0.00,1,226.0,54.1,202.0,0.00,0.00,1010.9,NaN
2020-03-18T18:00,21.3,7.20,170,53,0.00,1,86.0,43.1,76.0,0.00,0.00,1011.5,NaN
2020-03-18T19:00,20.8,6.74,165,55,0.00,0,8.0,0.0,8.0,0.00,0.00,1012.0,NaN
2020-03-18T20:00,20.6,7.35,158,56,0.00,0,0.0,0.0,0.0,0.00,0.00,1011.4,NaN
2020-03-18T21:00,20.5,6.44,152,55,0.00,0,0.0,0.0,0.0,0.00,0.00,1011.7,NaN
2020-03-18T22:00,20.1,4.97,150,58,0.00,0,0.0,0.0,0.0,0.00,0.00,1012.1,NaN
2020-03-18T23:00,19.9,4.85,148,55,0.00,0,0.0,0.0,0.0,0.00,0.00,1012.2,NaN
2020-03-19T00:00,19.8,5.41,146,50,0.00,0,0.0,0.0,0.0,0.00,0.00,1011.9,NaN
2020-03-19T01:00,19.5,5.78,143,48,0.00,0,0.0,0.0,0.0,0.00,0.00,1011.4,NaN
2020-03-19T02:00,19.5,5.52,145,48,0.00,0,0.0,0.0,0.0,0.00,0.00,1011.0,NaN
2020-03-19T03:00,19.3,5.06,142,49,0.00,0,0.0,0.0,0.0,0.00,0.00,1011.2,NaN
2020-03-19T04:00,19.0,5.02,137,49,0.00,0,0.0,0.0,0.0,0.00,0.00,1011.1,NaN
2020-03-19T05:00,18.5,4.88,133,51,0.00,0,0.0,0.0,0.0,0.00,0.00,1011.3,NaN
2020-03-19T06:00,17.9,4.30,121,52,0.00,0,0.0,0.0,0.0,0.00,0.00,1011.6,NaN
2020-03-19T07:00,18.1,4.07,118,51,0.00,1,16.0,72.2,10.0,0.00,0.00,1012.3,NaN
2020-03-19T08:00,19.5,4.75,120,48,0.00,1,175.0,478.1,64.0,0.00,0.00,1012.9,NaN
2020-03-19T09:00,22.0,5.33,113,41,0.00,1,318.0,369.8,154.0,0.00,0.00,1012.9,NaN
2020-03-19T10:00,25.1,4.83,114,34,0.00,1,589.0,718.8,140.0,0.00,0.00,1012.7,NaN
2020-03-19T11:00,27.8,4.25,114,29,0.00,1,766.0,821.1,139.0,0.00,0.00,1011.9,NaN
2020-03-19T12:00,29.6,3.47,136,26,0.00,1,812.0,657.1,253.0,0.00,0.00,1010.9,NaN
2020-03-19T13:00,30.5,3.83,165,25,0.00,1,852.0,740.9,200.0,0.00,0.00,1009.9,NaN
2020-03-19T14:00,29.1,6.82,191,35,0.00,1,861.0,826.3,159.0,0.00,0.00,1009.5,NaN
2020-03-19T15:00,26.9,8.65,191,45,0.00,1,769.0,865.5,110.0,0.00,0.00,1009.2,NaN
2020-03-19T16:00,25.1,8.61,183,49,0.00,1,557.0,662.8,145.0,0.00,0.00,1009.4,NaN
2020-03-19T17:00,24.1,8.01,177,58,0.00,1,170.0,141.1,108.0,0.00,0.00,1009.8,NaN
2020-03-19T18:00,23.3,7.79,167,60,0.00,1,87.0,79.1,69.0,0.00,0.00,1010.1,NaN
2020-03-19T19:00,22.6,6.22,169,67,0.00,0,9.0,0.0,9.0,0.00,0.00,1011.0,NaN
2020-03-19T20:00,22.4,4.95,137,62,0.00,0,0.0,0.0,0.0,0.00,0.00,1011.1,NaN
2020-03-19T21:00,22.8,4.60,138,60,0.00,0,0.0,0.0,0.0,0.00,0.00,1011.4,NaN
2020-03-19T22:00,24.2,5.50,117,48,0.00,0,0.0,0.0,0.0,0.00,0.00,1009.4,NaN
2020-03-19T23:00,25.6,4.55,99,37,0.00,0,0.0,0.0,0.0,0.00,0.00,1009.4,NaN
2020-03-20T00:00,26.6,7.79,77,34,0.00,0,0.0,0.0,0.0,0.00,0.00,1008.8,NaN
2020-03-20T01:00,26.2,8.66,76,38,0.00,0,0.0,0.0,0.0,0.00,0.00,1008.1,NaN
2020-03-20T02:00,25.6,8.79,73,38,0.00,0,0.0,0.0,0.0,0.00,0.00,1007.9,NaN
2020-03-20T03:00,25.1,6.41,67,42,0.00,0,0.0,0.0,0.0,0.00,0.00,1008.0,NaN
2020-03-20T04:00,23.4,2.00,87,51,0.00,0,0.0,0.0,0.0,0.00,0.00,1008.8,NaN
2020-03-20T05:00,24.0,1.00,143,51,0.00,0,0.0,0.0,0.0,0.00,0.00,1009.6,NaN
2020-03-20T06:00,23.5,0.57,135,53,0.00,0,0.0,0.0,0.0,0.00,0.00,1010.6,NaN
2020-03-20T07:00,22.4,1.30,86,61,0.00,1,15.0,73.1,9.0,0.00,0.00,1011.3,NaN
2020-03-20T08:00,24.6,1.61,7,63,0.00,1,173.0,521.7,53.0,0.00,0.00,1011.3,NaN
2020-03-20T09:00,26.7,0.99,315,55,0.00,1,380.0,652.9,92.0,0.00,0.00,1011.4,NaN
2020-03-20T10:00,28.2,1.84,248,52,0.00,1,602.0,824.5,89.0,0.00,0.00,1011.5,NaN
2020-03-20T11:00,28.8,3.19,221,53,0.00,1,763.0,874.0,98.0,0.00,0.00,1010.9,NaN
2020-03-20T12:00,29.1,4.48,209,53,0.00,1,861.0,894.1,103.0,0.00,0.00,1009.8,NaN
2020-03-20T13:00,29.0,5.47,211,53,0.00,1,881.0,879.4,110.0,0.00,0.00,1009.0,NaN
2020-03-20T14:00,28.8,5.31,200,52,0.00,1,855.0,881.8,109.0,0.00,0.00,1008.6,NaN
2020-03-20T15:00,27.8,6.00,210,55,0.00,1,704.0,777.5,115.0,0.00,0.00,1008.0,NaN
2020-03-20T16:00,27.4,4.81,192,57,0.00,1,595.0,821.1,88.0,0.00,0.00,1008.0,NaN
2020-03-20T17:00,26.8,4.71,192,59,0.00,1,390.0,723.7,75.0,0.00,0.00,1008.1,NaN
2020-03-20T18:00,25.5,4.63,186,65,0.00,1,168.0,519.5,52.0,0.00,0.00,1008.6,NaN
2020-03-20T19:00,24.3,3.71,194,72,0.00,0,14.0,76.5,8.0,0.00,0.00,1009.2,NaN
2020-03-20T20:00,23.9,3.21,175,70,0.00,0,0.0,0.0,0.0,0.00,0.00,1009.7,NaN
2020-03-20T21:00,23.5,3.61,185,75,0.00,0,0.0,0.0,0.0,0.00,0.00,1010.5,NaN
2020-03-20T22:00,23.0,4.84,173,81,0.00,0,0.0,0.0,0.0,0.00,0.00,1010.6,NaN
2020-03-20T23:00,22.6,5.10,164,82,0.00,0,0.0,0.0,0.0,0.00,0.00,1010.4,NaN
2020-03-21T00:00,22.3,4.53,158,82,0.00,0,0.0,0.0,0.0,0.00,0.00,1010.1,NaN
2020-03-21T01:00,22.1,3.89,151,83,0.00,0,0.0,0.0,0.0,0.00,0.00,1009.8,NaN
2020-03-21T02:00,21.6,2.55,138,84,0.00,0,0.0,0.0,0.0,0.00,0.00,1009.4,NaN
2020-03-21T03:00,20.9,1.48,118,86,0.00,0,0.0,0.0,0.0,0.00,0.00,1009.2,NaN
2020-03-21T04:00,20.2,1.39,111,89,0.00,0,0.0,0.0,0.0,0.00,0.00,1009.3,NaN
2020-03-21T05:00,20.3,1.49,110,88,0.00,0,0.0,0.0,0.0,0.00,0.00,1009.6,NaN
2020-03-21T06:00,20.2,1.34,117,88,0.00,0,0.0,0.0,0.0,0.00,0.00,1010.1,NaN
2020-03-21T07:00,20.8,0.95,108,84,0.00,1,15.0,49.4,11.0,0.00,0.00,1010.2,NaN
2020-03-21T08:00,23.6,2.77,154,66,0.00,1,167.0,465.3,61.0,0.00,0.00,1011.2,NaN
2020-03-21T09:00,25.6,3.65,171,60,0.00,1,390.0,699.6,83.0,0.00,0.00,1011.4,NaN
2020-03-21T10:00,27.2,3.41,177,54,0.00,1,593.0,795.5,100.0,0.00,0.00,1011.3,NaN
2020-03-21T11:00,28.8,3.35,190,49,0.00,1,752.0,842.8,113.0,0.00,0.00,1010.9,NaN
2020-03-21T12:00,28.7,5.33,203,55,0.00,1,860.0,884.3,113.0,0.00,0.00,1010.3,NaN
2020-03-21T13:00,27.6,6.63,203,63,0.00,1,882.0,834.6,153.0,0.00,0.00,1009.5,NaN
2020-03-21T14:00,27.1,6.87,196,62,0.00,1,850.0,850.0,134.0,0.00,0.00,1008.9,NaN
2020-03-21T15:00,26.7,6.76,188,61,0.00,1,760.0,878.3,98.0,0.00,0.00,1008.8,NaN
2020-03-21T16:00,26.4,6.35,187,65,0.00,1,600.0,836.4,87.0,0.00,0.00,1008.5,NaN
2020-03-21T17:00,25.7,6.11,183,70,0.00,1,386.0,721.7,75.0,0.00,0.00,1008.6,NaN
2020-03-21T18:00,24.7,5.80,180,74,0.00,1,164.0,516.3,51.0,0.00,0.00,1008.9,NaN
2020-03-21T19:00,23.6,4.94,173,77,0.00,0,13.0,65.6,8.0,0.00,0.00,1009.0,NaN
2020-03-21T20:00,23.0,4.12,157,77,0.00,0,0.0,0.0,0.0,0.00,0.00,1009.3,NaN
2020-03-21T21:00,22.5,3.41,148,79,0.00,0,0.0,0.0,0.0,0.00,0.00,1009.7,NaN
2020-03-21T22:00,22.3,2.58,144,81,0.00,0,0.0,0.0,0.0,0.00,0.00,1009.6,NaN
2020-03-21T23:00,21.8,1.88,115,83,0.00,0,0.0,0.0,0.0,0.00,0.00,1009.3,NaN
2020-03-22T00:00,21.9,2.00,90,76,0.00,0,0.0,0.0,0.0,0.00,0.00,1008.9,NaN
2020-03-22T01:00,23.2,2.50,90,62,0.00,0,0.0,0.0,0.0,0.00,0.00,1008.4,NaN
2020-03-22T02:00,23.5,2.70,90,61,0.00,0,0.0,0.0,0.0,0.00,0.00,1008.3,NaN
2020-03-22T03:00,23.2,2.81,94,61,0.00,0,0.0,0.0,0.0,0.00,0.00,1008.3,NaN
2020-03-22T04:00,22.9,2.89,104,61,0.00,0,0.0,0.0,0.0,0.00,0.00,1008.5,NaN
2020-03-22T05:00,22.9,3.61,104,59,0.00,0,0.0,0.0,0.0,0.00,0.00,1008.9,NaN
2020-03-22T06:00,22.7,4.90,88,58,0.00,0,0.0,0.0,0.0,0.00,0.00,1009.1,NaN
2020-03-22T07:00,22.9,6.10,89,57,0.00,1,15.0,87.6,8.0,0.00,0.00,1009.3,NaN
2020-03-22T08:00,24.9,7.38,81,51,0.00,1,175.0,545.2,52.0,0.00,0.00,1009.5,NaN
2020-03-22T09:00,28.0,7.75,79,42,0.00,1,401.0,744.6,76.0,0.00,0.00,1009.5,NaN
2020-03-22T10:00,30.8,7.59,77,35,0.00,1,609.0,844.1,88.0,0.00,0.00,1009.5,NaN
2020-03-22T11:00,32.9,6.96,74,31,0.00,1,773.0,896.2,96.0,0.00,0.00,1009.0,NaN
2020-03-22T12:00,34.4,5.54,73,28,0.00,1,875.0,919.6,101.0,0.00,0.00,1007.9,NaN
2020-03-22T13:00,35.1,4.22,76,24,0.00,1,797.0,732.1,160.0,0.00,0.00,1007.1,NaN
2020-03-22T14:00,34.5,3.11,94,23,0.00,1,725.0,714.2,126.0,0.00,0.00,1006.5,NaN
2020-03-22T15:00,34.0,2.97,123,24,0.00,1,649.0,732.3,100.0,0.00,0.00,1006.3,NaN
2020-03-22T16:00,33.8,3.28,121,25,0.00,1,560.0,766.6,93.0,0.00,0.00,1006.1,NaN
2020-03-22T17:00,33.3,3.51,110,26,0.00,1,377.0,703.3,77.0,0.00,0.00,1006.4,NaN
2020-03-22T18:00,31.8,2.87,119,30,0.00,1,157.0,503.7,49.0,0.00,0.00,1006.5,NaN
2020-03-22T19:00,30.0,3.29,110,34,0.00,0,11.0,67.6,6.0,0.00,0.00,1006.9,NaN
2020-03-22T20:00,28.5,4.46,132,44,0.00,0,0.0,0.0,0.0,0.00,0.00,1006.9,NaN
2020-03-22T21:00,29.5,5.92,95,38,0.00,0,0.0,0.0,0.0,0.00,0.00,1007.2,NaN
2020-03-22T22:00,28.7,5.91,94,42,0.00,0,0.0,0.0,0.0,0.00,0.00,1007.4,NaN
2020-03-22T23:00,28.1,6.50,92,46,0.00,0,0.0,0.0,0.0,0.00,0.00,1007.1,NaN
2020-03-23T00:00,27.5,6.90,89,50,0.00,0,0.0,0.0,0.0,0.00,0.00,1007.1,NaN
2020-03-23T01:00,26.7,6.73,85,51,0.00,0,0.0,0.0,0.0,0.00,0.00,1006.9,NaN
2020-03-23T02:00,25.8,6.61,80,53,0.00,0,0.0,0.0,0.0,0.00,0.00,1006.7,NaN
2020-03-23T03:00,25.1,6.33,78,56,0.00,0,0.0,0.0,0.0,0.00,0.00,1006.4,NaN
2020-03-23T04:00,24.5,6.62,75,59,0.00,0,0.0,0.0,0.0,0.00,0.00,1006.5,NaN
2020-03-23T05:00,23.9,6.93,72,62,0.00,0,0.0,0.0,0.0,0.00,0.00,1006.8,NaN
2020-03-23T06:00,23.5,7.24,70,66,0.00,0,0.0,0.0,0.0,0.00,0.00,1007.2,NaN
2020-03-23T07:00,23.6,7.41,69,65,0.00,1,14.0,76.1,8.0,0.00,0.00,1007.5,NaN
2020-03-23T08:00,25.7,7.97,72,56,0.00,1,170.0,532.6,51.0,0.00,0.00,1007.8,NaN
2020-03-23T09:00,28.3,8.07,70,47,0.00,1,393.0,730.1,76.0,0.00,0.00,1008.0,NaN
2020-03-23T10:00,30.7,7.76,68,39,0.00,1,598.0,829.7,88.0,0.00,0.00,1007.8,NaN
2020-03-23T11:00,32.9,7.12,66,33,0.00,1,760.0,881.0,97.0,0.00,0.00,1007.2,NaN
2020-03-23T12:00,34.6,5.86,63,28,0.00,1,862.0,907.5,101.0,0.00,0.00,1006.4,NaN
2020-03-23T13:00,35.5,3.76,65,24,0.00,1,823.0,767.3,158.0,0.00,0.00,1005.6,NaN
2020-03-23T14:00,35.2,1.71,111,24,0.00,1,784.0,749.7,158.0,0.00,0.00,1004.8,NaN
2020-03-23T15:00,34.8,3.00,182,25,0.00,1,732.0,826.0,116.0,0.00,0.00,1004.3,NaN
2020-03-23T16:00,32.7,5.97,189,36,0.00,1,496.0,595.1,136.0,0.00,0.00,1004.2,NaN
2020-03-23T17:00,31.6,6.45,187,42,0.00,1,324.0,537.7,97.0,0.00,0.00,1004.3,NaN
2020-03-23T18:00,30.3,6.41,176,45,0.00,1,95.0,214.4,50.0,0.00,0.00,1004.6,NaN
2020-03-23T19:00,29.4,5.48,165,47,0.00,0,8.0,27.9,6.0,0.00,0.00,1004.9,NaN
2020-03-23T20:00,28.3,5.20,150,41,0.00,0,0.0,0.0,0.0,0.00,0.00,1005.2,NaN
2020-03-23T21:00,28.2,4.05,130,41,0.00,0,0.0,0.0,0.0,0.00,0.00,1005.7,NaN
2020-03-23T22:00,28.4,3.20,88,38,0.00,0,0.0,0.0,0.0,0.00,0.00,1005.7,NaN
2020-03-23T23:00,28.7,4.81,69,42,0.00,0,0.0,0.0,0.0,0.00,0.00,1005.4,NaN
2020-03-24T00:00,28.0,5.68,76,43,0.00,0,0.0,0.0,0.0,0.00,0.00,1005.2,NaN
2020-03-24T01:00,27.4,5.97,76,42,0.00,0,0.0,0.0,0.0,0.00,0.00,1004.8,NaN
2020-03-24T02:00,26.9,6.04,74,42,0.00,0,0.0,0.0,0.0,0.00,0.00,1004.4,NaN
2020-03-24T03:00,26.6,6.74,69,41,0.00,0,0.0,0.0,0.0,0.00,0.00,1004.2,NaN
2020-03-24T04:00,26.1,7.53,71,42,0.00,0,0.0,0.0,0.0,0.00,0.00,1004.1,NaN
2020-03-24T05:00,25.2,7.53,71,44,0.00,0,0.0,0.0,0.0,0.00,0.00,1004.5,NaN
2020-03-24T06:00,24.5,7.66,66,48,0.00,0,0.0,0.0,0.0,0.00,0.00,1005.2,NaN
2020-03-24T07:00,24.4,7.78,62,49,0.00,1,14.0,77.2,8.0,0.00,0.00,1005.7,NaN
2020-03-24T08:00,27.2,7.96,55,42,0.00,1,169.0,533.4,51.0,0.00,0.00,1005.7,NaN
2020-03-24T09:00,30.4,7.82,51,36,0.00,1,392.0,736.4,74.0,0.00,0.00,1005.8,NaN
2020-03-24T10:00,33.1,7.22,48,30,0.00,1,598.0,834.9,87.0,0.00,0.00,1005.8,NaN
2020-03-24T11:00,35.4,6.03,40,25,0.00,1,760.0,887.0,95.0,0.00,0.00,1005.4,NaN
2020-03-24T12:00,36.8,2.56,21,20,0.00,1,860.0,909.7,100.0,0.00,0.00,1004.6,NaN
2020-03-24T13:00,37.0,0.92,347,19,0.00,1,750.0,713.6,134.0,0.00,0.00,1004.1,NaN
2020-03-24T14:00,35.2,3.32,224,23,0.00,1,628.0,567.8,156.0,0.00,0.00,1003.4,NaN
2020-03-24T15:00,33.1,4.90,219,36,0.00,1,593.0,573.0,168.0,0.00,0.00,1003.3,NaN
2020-03-24T16:00,30.6,4.96,214,48,0.00,1,411.0,471.1,128.0,0.00,0.00,1003.5,NaN
2020-03-24T17:00,29.2,3.91,193,55,0.00,1,292.0,483.5,90.0,0.00,0.00,1003.7,NaN
2020-03-24T18:00,28.2,3.41,175,58,0.00,1,141.0,447.8,49.0,0.00,0.00,1004.2,NaN
2020-03-24T19:00,27.0,3.88,168,61,0.00,0,9.0,43.2,6.0,0.00,0.00,1004.4,NaN
2020-03-24T20:00,26.0,2.66,160,67,0.00,0,0.0,0.0,0.0,0.00,0.00,1005.1,NaN
2020-03-24T21:00,25.5,2.71,176,69,0.00,0,0.0,0.0,0.0,0.00,0.00,1005.4,NaN
2020-03-24T22:00,24.9,2.51,157,74,0.00,0,0.0,0.0,0.0,0.00,0.00,1005.8,NaN
2020-03-24T23:00,25.8,3.07,109,62,0.00,0,0.0,0.0,0.0,0.00,0.00,1005.5,NaN
2020-03-25T00:00,26.4,2.51,85,47,0.00,0,0.0,0.0,0.0,0.00,0.00,1005.3,NaN
2020-03-25T01:00,26.0,2.21,72,40,0.00,0,0.0,0.0,0.0,0.00,0.00,1005.2,NaN
2020-03-25T02:00,26.3,2.78,60,39,0.00,0,0.0,0.0,0.0,0.00,0.00,1004.8,NaN
2020-03-25T03:00,26.4,3.91,58,38,0.00,0,0.0,0.0,0.0,0.00,0.00,1004.4,NaN
2020-03-25T04:00,26.1,3.94,66,38,0.00,0,0.0,0.0,0.0,0.00,0.00,1004.3,NaN
2020-03-25T05:00,25.4,2.92,68,39,0.00,0,0.0,0.0,0.0,0.00,0.00,1004.8,NaN
2020-03-25T06:00,25.2,3.54,61,39,0.00,0,0.0,0.0,0.0,0.00,0.00,1005.3,NaN
2020-03-25T07:00,25.5,4.79,61,37,0.00,1,12.0,52.2,8.0,0.00,0.00,1005.7,NaN
2020-03-25T08:00,27.4,3.01,86,42,0.00,1,123.0,264.8,65.0,0.00,0.00,1006.2,NaN
2020-03-25T09:00,30.2,1.70,135,35,0.00,1,259.0,202.6,172.0,0.00,0.00,1006.6,NaN
2020-03-25T10:00,31.8,2.09,73,30,0.00,1,272.0,137.8,188.0,0.00,0.00,1006.6,NaN
2020-03-25T11:00,34.3,2.60,113,25,0.00,1,655.0,589.1,215.0,0.00,0.00,1006.1,NaN
2020-03-25T12:00,35.2,1.58,145,23,0.00,1,800.0,817.1,120.0,0.00,0.00,1005.6,NaN
2020-03-25T13:00,35.5,2.60,203,22,0.00,1,840.0,841.0,117.0,0.00,0.00,1005.2,NaN
2020-03-25T14:00,35.1,4.61,210,23,0.00,1,798.0,819.4,120.0,0.00,0.00,1004.4,NaN
2020-03-25T15:00,33.7,5.79,201,29,0.00,1,649.0,699.5,133.0,0.00,0.00,1004.2,NaN
2020-03-25T16:00,33.2,5.62,175,31,0.00,1,536.0,734.4,98.0,0.00,0.00,1004.1,NaN
2020-03-25T17:00,32.3,5.32,184,36,0.00,1,369.0,718.5,72.0,0.00,0.00,1004.2,NaN
2020-03-25T18:00,30.4,5.01,177,43,0.00,1,151.0,517.6,47.0,0.00,0.00,1004.7,NaN
2020-03-25T19:00,29.6,3.89,154,39,0.00,0,8.0,44.6,5.0,0.00,0.00,1005.1,NaN
2020-03-25T20:00,28.9,5.76,160,42,0.00,0,0.0,0.0,0.0,0.00,0.00,1005.6,NaN
2020-03-25T21:00,28.5,3.80,125,40,0.00,0,0.0,0.0,0.0,0.00,0.00,1006.5,NaN
2020-03-25T22:00,28.2,3.13,117,36,0.00,0,0.0,0.0,0.0,0.00,0.00,1006.6,NaN
2020-03-25T23:00,27.8,3.54,119,37,0.00,0,0.0,0.0,0.0,0.00,0.00,1006.3,NaN
2020-03-26T00:00,28.2,4.80,90,36,0.00,0,0.0,0.0,0.0,0.00,0.00,1005.9,NaN
2020-03-26T01:00,28.4,5.81,79,37,0.00,0,0.0,0.0,0.0,0.00,0.00,1005.3,NaN
2020-03-26T02:00,27.9,5.85,77,38,0.00,0,0.0,0.0,0.0,0.00,0.00,1005.0,NaN
2020-03-26T03:00,27.4,6.07,73,40,0.00,0,0.0,0.0,0.0,0.00,0.00,1004.7,NaN
2020-03-26T04:00,27.2,6.52,69,41,0.00,0,0.0,0.0,0.0,0.00,0.00,1004.4,NaN
2020-03-26T05:00,27.1,6.94,65,41,0.00,0,0.0,0.0,0.0,0.00,0.00,1004.8,NaN
2020-03-26T06:00,26.9,7.07,61,41,0.00,0,0.0,0.0,0.0,0.00,0.00,1005.1,NaN
2020-03-26T07:00,27.0,7.19,58,40,0.00,1,12.0,66.2,7.0,0.00,0.00,1005.6,NaN
2020-03-26T08:00,29.1,7.37,48,33,0.00,1,164.0,530.3,49.0,0.00,0.00,1005.6,NaN
2020-03-26T09:00,31.9,7.99,47,27,0.00,1,347.0,594.7,93.0,0.00,0.00,1005.9,NaN
2020-03-26T10:00,34.7,7.44,41,22,0.00,1,535.0,693.7,114.0,0.00,0.00,1005.8,NaN
2020-03-26T11:00,36.5,4.37,16,21,0.00,1,636.0,685.5,126.0,0.00,0.00,1005.7,NaN
2020-03-26T12:00,34.9,3.54,262,26,0.00,1,788.0,811.8,115.0,0.00,0.00,1005.3,NaN
2020-03-26T13:00,32.1,5.37,243,34,0.00,1,855.0,850.3,127.0,0.00,0.00,1005.0,NaN
2020-03-26T14:00,31.0,3.62,246,35,0.00,1,761.0,786.8,113.0,0.00,0.00,1004.7,NaN
2020-03-26T15:00,31.5,3.05,238,34,0.00,1,723.0,826.1,117.0,0.00,0.00,1004.3,NaN
2020-03-26T16:00,31.2,2.75,237,34,0.00,1,574.0,827.6,84.0,0.00,0.00,1004.3,NaN
2020-03-26T17:00,30.3,2.02,237,36,0.00,1,365.0,714.1,73.0,0.00,0.00,1004.3,NaN
2020-03-26T18:00,29.5,0.61,189,37,0.00,1,142.0,468.3,50.0,0.00,0.00,1004.2,NaN
2020-03-26T19:00,28.8,0.58,211,40,0.00,0,8.0,46.2,5.0,0.00,0.00,1004.6,NaN
2020-03-26T20:00,26.9,2.12,262,47,0.00,0,0.0,0.0,0.0,0.00,0.00,1005.0,NaN
2020-03-26T21:00,27.9,0.91,6,43,0.00,0,0.0,0.0,0.0,0.00,0.00,1005.3,NaN
2020-03-26T22:00,27.6,0.81,7,42,0.00,0,0.0,0.0,0.0,0.00,0.00,1005.2,NaN
2020-03-26T23:00,24.2,1.93,291,58,0.00,0,0.0,0.0,0.0,0.00,0.00,1005.1,NaN
2020-03-27T00:00,23.4,1.79,297,72,0.00,0,0.0,0.0,0.0,0.00,0.00,1004.9,NaN
2020-03-27T01:00,22.8,1.52,337,79,0.00,0,0.0,0.0,0.0,0.00,0.00,1004.9,NaN
2020-03-27T02:00,22.4,1.52,337,81,0.00,0,0.0,0.0,0.0,0.00,0.00,1004.8,NaN
2020-03-27T03:00,22.5,1.39,330,84,0.00,0,0.0,0.0,0.0,0.00,0.00,1004.6,NaN
2020-03-27T04:00,22.8,2.06,284,94,0.00,0,0.0,0.0,0.0,0.00,0.00,1004.7,NaN
2020-03-27T05:00,22.8,1.81,276,96,0.00,0,0.0,0.0,0.0,0.00,0.00,1005.3,NaN
2020-03-27T06:00,22.8,2.10,267,95,0.00,0,0.0,0.0,0.0,0.00,0.00,1005.8,NaN
2020-03-27T07:00,22.9,2.31,252,95,0.00,1,11.0,53.7,7.0,0.00,0.00,1006.4,NaN
2020-03-27T08:00,24.2,2.91,243,87,0.00,1,141.0,382.0,59.0,0.00,0.00,1006.7,NaN
2020-03-27T09:00,25.1,3.09,241,80,0.00,1,309.0,499.2,97.0,0.00,0.00,1007.1,NaN
2020-03-27T10:00,25.7,3.31,241,76,0.00,1,497.0,524.6,180.0,0.00,0.00,1007.1,NaN
2020-03-27T11:00,26.5,3.26,252,71,0.00,1,670.0,672.0,172.0,0.00,0.00,1007.0,NaN
2020-03-27T12:00,26.8,3.86,253,66,0.00,1,817.0,804.1,153.0,0.00,0.00,1006.9,NaN
2020-03-27T13:00,26.9,4.21,252,64,0.00,1,861.0,850.3,136.0,0.00,0.00,1006.6,NaN
2020-03-27T14:00,26.6,4.24,251,65,0.00,1,803.0,816.1,134.0,0.00,0.00,1005.9,NaN
2020-03-27T15:00,26.4,4.40,253,65,0.00,1,703.0,795.1,123.0,0.00,0.00,1005.7,NaN
2020-03-27T16:00,26.0,4.21,242,66,0.00,1,552.0,748.6,112.0,0.00,0.00,1005.7,NaN
2020-03-27T17:00,25.3,4.33,230,68,0.00,1,346.0,613.2,98.0,0.00,0.00,1005.8,NaN
2020-03-27T18:00,24.2,4.67,223,74,0.00,1,129.0,395.9,53.0,0.00,0.00,1006.2,NaN
2020-03-27T19:00,23.6,4.33,220,80,0.00,0,5.0,16.0,4.0,0.00,0.00,1006.6,NaN
2020-03-27T20:00,23.3,3.82,225,79,0.00,0,0.0,0.0,0.0,0.00,0.00,1007.0,NaN
2020-03-27T21:00,22.9,2.83,225,78,0.00,0,0.0,0.0,0.0,0.00,0.00,1007.2,NaN
2020-03-27T22:00,22.6,2.62,223,80,0.00,0,0.0,0.0,0.0,0.00,0.00,1007.4,NaN
2020-03-27T23:00,22.6,2.97,225,79,0.00,0,0.0,0.0,0.0,0.00,0.00,1007.1,NaN
2020-03-28T00:00,22.3,3.86,217,81,0.00,0,0.0,0.0,0.0,0.00,0.00,1007.0,NaN
2020-03-28T01:00,22.0,4.27,213,81,0.00,0,0.0,0.0,0.0,0.00,0.00,1007.0,NaN
2020-03-28T02:00,21.7,3.64,212,80,0.00,0,0.0,0.0,0.0,0.00,0.00,1007.0,NaN
2020-03-28T03:00,21.5,3.19,212,81,0.00,0,0.0,0.0,0.0,0.00,0.00,1007.0,NaN
2020-03-28T04:00,21.4,2.97,213,82,0.00,0,0.0,0.0,0.0,0.00,0.00,1006.9,NaN
2020-03-28T05:00,21.2,2.39,213,82,0.00,0,0.0,0.0,0.0,0.00,0.00,1007.3,NaN
2020-03-28T06:00,21.4,2.58,216,81,0.00,0,0.0,0.0,0.0,0.00,0.00,1007.8,NaN
2020-03-28T07:00,22.2,2.70,219,76,0.00,1,9.0,40.9,6.0,0.00,0.00,1008.1,NaN
2020-03-28T08:00,23.5,2.42,232,70,0.00,1,130.0,306.0,65.0,0.00,0.00,1008.7,NaN
2020-03-28T09:00,23.7,4.95,227,74,0.00,1,287.0,381.3,126.0,0.00,0.00,1009.1,NaN
2020-03-28T10:00,23.1,5.11,203,78,0.10,1,227.0,54.9,194.0,0.10,0.00,1009.3,NaN
2020-03-28T11:00,24.0,6.65,187,73,0.20,1,390.0,124.6,298.0,0.20,0.00,1008.9,NaN
2020-03-28T12:00,23.9,6.86,188,72,0.00,1,379.0,113.1,286.0,0.00,0.00,1008.5,NaN
2020-03-28T13:00,24.7,6.52,184,66,0.00,1,599.0,379.3,277.0,0.00,0.00,1007.9,NaN
2020-03-28T14:00,24.9,6.42,184,63,0.00,1,612.0,327.3,345.0,0.00,0.00,1007.5,NaN
2020-03-28T15:00,24.8,6.26,188,61,0.00,1,577.0,380.5,301.0,0.00,0.00,1007.0,NaN
2020-03-28T16:00,24.0,6.41,191,62,0.00,1,519.0,610.2,163.0,0.00,0.00,1007.2,NaN
2020-03-28T17:00,23.1,6.36,188,64,0.00,1,341.0,632.5,88.0,0.00,0.00,1007.3,NaN
2020-03-28T18:00,22.2,5.72,185,66,0.00,1,133.0,448.1,49.0,0.00,0.00,1008.2,NaN
2020-03-28T19:00,21.6,5.00,182,68,0.00,0,5.0,16.5,4.0,0.00,0.00,1008.8,NaN
2020-03-28T20:00,21.5,4.30,162,63,0.00,0,0.0,0.0,0.0,0.00,0.00,1009.1,NaN
2020-03-28T21:00,21.5,4.03,166,61,0.00,0,0.0,0.0,0.0,0.00,0.00,1009.8,NaN
2020-03-28T22:00,21.3,4.49,159,61,0.00,0,0.0,0.0,0.0,0.00,0.00,1009.4,NaN
2020-03-28T23:00,20.0,4.27,147,66,0.00,0,0.0,0.0,0.0,0.00,0.00,1008.9,NaN
2020-03-29T00:00,20.3,4.49,159,63,0.00,0,0.0,0.0,0.0,0.00,0.00,1008.7,NaN
2020-03-29T01:00,19.9,4.03,157,64,0.00,0,0.0,0.0,0.0,0.00,0.00,1008.1,NaN
2020-03-29T02:00,19.3,3.40,118,65,0.00,0,0.0,0.0,0.0,0.00,0.00,1007.7,NaN
2020-03-29T03:00,18.8,4.30,121,63,0.00,0,0.0,0.0,0.0,0.00,0.00,1007.3,NaN
2020-03-29T04:00,18.4,3.18,134,64,0.00,0,0.0,0.0,0.0,0.00,0.00,1008.3,NaN
2020-03-29T05:00,19.0,4.03,136,62,0.00,0,0.0,0.0,0.0,0.00,0.00,1008.5,NaN
2020-03-29T06:00,18.2,3.86,127,64,0.00,0,0.0,0.0,0.0,0.00,0.00,1009.1,NaN
2020-03-29T07:00,18.2,4.12,129,65,0.00,1,10.0,55.3,6.0,0.00,0.00,1009.3,NaN
2020-03-29T08:00,19.9,5.13,123,56,0.00,1,153.0,490.0,50.0,0.00,0.00,1009.9,NaN
2020-03-29T09:00,21.5,5.81,132,49,0.00,1,302.0,450.2,113.0,0.00,0.00,1010.1,NaN
2020-03-29T10:00,22.3,5.60,145,47,0.00,1,345.0,272.2,182.0,0.00,0.00,1010.1,NaN
2020-03-29T11:00,24.2,5.48,159,40,0.00,1,745.0,885.6,94.0,0.00,0.00,1009.8,NaN
2020-03-29T12:00,25.1,5.71,177,37,0.00,1,851.0,921.6,96.0,0.00,0.00,1009.3,NaN
2020-03-29T13:00,25.1,6.54,186,38,0.00,1,885.0,928.5,100.0,0.00,0.00,1008.7,NaN
2020-03-29T14:00,24.2,7.89,189,43,0.00,1,848.0,923.7,98.0,0.00,0.00,1008.2,NaN
2020-03-29T15:00,23.4,8.05,186,46,0.00,1,678.0,722.5,157.0,0.00,0.00,1008.2,NaN
2020-03-29T16:00,22.8,7.38,189,51,0.00,1,376.0,253.8,229.0,0.00,0.00,1008.6,NaN
2020-03-29T17:00,21.9,7.50,181,56,0.00,1,127.0,45.5,109.0,0.00,0.00,1008.4,NaN
2020-03-29T18:00,21.5,7.30,181,57,0.00,1,57.0,65.6,45.0,0.00,0.00,1008.7,NaN
2020-03-29T19:00,20.7,6.51,176,60,0.00,0,5.0,34.4,3.0,0.00,0.00,1009.3,NaN
2020-03-29T20:00,20.3,5.66,163,60,0.00,0,0.0,0.0,0.0,0.00,0.00,1009.3,NaN
2020-03-29T21:00,19.9,5.55,157,64,0.00,0,0.0,0.0,0.0,0.00,0.00,1009.5,NaN
2020-03-29T22:00,19.6,5.46,154,67,0.00,0,0.0,0.0,0.0,0.00,0.00,1009.5,NaN
2020-03-29T23:00,19.1,5.52,148,68,0.00,0,0.0,0.0,0.0,0.00,0.00,1009.2,NaN
2020-03-30T00:00,18.3,5.00,143,65,0.00,0,0.0,0.0,0.0,0.00,0.00,1009.0,NaN
2020-03-30T01:00,17.5,4.62,141,62,0.00,0,0.0,0.0,0.0,0.00,0.00,1009.0,NaN
2020-03-30T02:00,17.0,4.56,142,63,0.00,0,0.0,0.0,0.0,0.00,0.00,1008.8,NaN
2020-03-30T03:00,16.5,4.05,140,66,0.00,0,0.0,0.0,0.0,0.00,0.00,1008.6,NaN
2020-03-30T04:00,16.1,3.61,138,68,0.00,0,0.0,0.0,0.0,0.00,0.00,1008.9,NaN
2020-03-30T05:00,15.7,3.40,137,71,0.00,0,0.0,0.0,0.0,0.00,0.00,1009.3,NaN
2020-03-30T06:00,15.4,3.48,129,72,0.00,0,0.0,0.0,0.0,0.00,0.00,1009.6,NaN
2020-03-30T07:00,15.6,3.77,122,71,0.00,1,11.0,56.1,7.0,0.00,0.00,1010.1,NaN
2020-03-30T08:00,17.7,4.16,125,63,0.00,1,161.0,538.5,49.0,0.00,0.00,1010.0,NaN
2020-03-30T09:00,20.6,3.72,126,50,0.00,1,384.0,745.1,73.0,0.00,0.00,1009.9,NaN
2020-03-30T10:00,23.0,3.22,150,39,0.00,1,589.0,843.7,86.0,0.00,0.00,1009.9,NaN
2020-03-30T11:00,24.5,3.21,176,35,0.00,1,748.0,892.0,95.0,0.00,0.00,1009.1,NaN
2020-03-30T12:00,25.1,4.90,200,36,0.00,1,848.0,918.0,99.0,0.00,0.00,1008.4,NaN
2020-03-30T13:00,24.2,6.78,202,43,0.00,1,878.0,924.2,100.0,0.00,0.00,1008.0,NaN
2020-03-30T14:00,24.0,6.86,199,43,0.00,1,832.0,907.1,99.0,0.00,0.00,1007.5,NaN
2020-03-30T15:00,23.3,7.46,198,48,0.00,1,716.0,849.4,107.0,0.00,0.00,1007.4,NaN
2020-03-30T16:00,22.7,7.77,192,51,0.00,1,562.0,831.6,84.0,0.00,0.00,1007.4,NaN
2020-03-30T17:00,22.2,7.16,187,55,0.00,1,356.0,728.6,71.0,0.00,0.00,1007.5,NaN
2020-03-30T18:00,21.0,6.72,184,64,0.00,1,135.0,509.5,44.0,0.00,0.00,1007.9,NaN
2020-03-30T19:00,20.3,6.00,182,67,0.00,0,5.0,17.9,4.0,0.00,0.00,1008.1,NaN
2020-03-30T20:00,20.0,5.80,180,66,0.00,0,0.0,0.0,0.0,0.00,0.00,1008.4,NaN
2020-03-30T21:00,19.9,6.01,177,67,0.00,0,0.0,0.0,0.0,0.00,0.00,1008.9,NaN
2020-03-30T22:00,19.8,5.95,172,68,0.00,0,0.0,0.0,0.0,0.00,0.00,1008.7,NaN
2020-03-30T23:00,19.9,5.73,168,67,0.00,0,0.0,0.0,0.0,0.00,0.00,1008.5,NaN
2020-03-31T00:00,19.6,5.63,160,69,0.00,0,0.0,0.0,0.0,0.00,0.00,1008.2,NaN
2020-03-31T01:00,19.0,5.24,151,72,0.00,0,0.0,0.0,0.0,0.00,0.00,1007.9,NaN
2020-03-31T02:00,18.3,4.58,144,74,0.00,0,0.0,0.0,0.0,0.00,0.00,1008.3,NaN
2020-03-31T03:00,17.4,4.33,130,73,0.00,0,0.0,0.0,0.0,0.00,0.00,1008.1,NaN
2020-03-31T04:00,17.1,4.88,133,71,0.00,0,0.0,0.0,0.0,0.00,0.00,1007.8,NaN
2020-03-31T05:00,16.8,4.83,130,68,0.00,0,0.0,0.0,0.0,0.00,0.00,1007.9,NaN
2020-03-31T06:00,16.7,4.68,132,67,0.00,0,0.0,0.0,0.0,0.00,0.00,1008.3,NaN
2020-03-31T07:00,16.8,4.69,130,66,0.00,1,10.0,57.0,6.0,0.00,0.00,1008.4,NaN
2020-03-31T08:00,19.1,4.89,139,58,0.00,1,159.0,534.6,49.0,0.00,0.00,1009.0,NaN
2020-03-31T09:00,21.2,6.09,150,52,0.00,1,344.0,619.3,87.0,0.00,0.00,1009.2,NaN
2020-03-31T10:00,22.9,5.91,161,41,0.00,1,566.0,726.2,135.0,0.00,0.00,1009.1,NaN
2020-03-31T11:00,23.7,5.84,173,39,0.00,1,656.0,637.8,191.0,0.00,0.00,1008.7,NaN
2020-03-31T12:00,24.4,5.90,182,40,0.00,1,822.0,813.5,161.0,0.00,0.00,1007.7,NaN
2020-03-31T13:00,24.2,6.67,193,46,0.00,1,863.0,862.6,140.0,0.00,0.00,1006.8,NaN
2020-03-31T14:00,23.6,7.35,195,49,0.00,1,758.0,657.8,229.0,0.00,0.00,1006.3,NaN
2020-03-31T15:00,23.2,6.96,192,51,0.00,1,606.0,455.9,281.0,0.00,0.00,1006.3,NaN
2020-03-31T16:00,22.8,6.94,192,54,0.00,1,442.0,375.1,228.0,0.00,0.00,1006.3,NaN
2020-03-31T17:00,22.2,7.40,189,60,0.00,1,321.0,550.7,108.0,0.00,0.00,1006.9,NaN
2020-03-31T18:00,21.3,6.91,182,68,0.00,1,122.0,419.0,49.0,0.00,0.00,1006.9,NaN
2020-03-31T19:00,20.6,6.10,178,75,0.00,0,4.0,18.6,3.0,0.00,0.00,1007.2,NaN
2020-03-31T20:00,20.6,5.77,171,75,0.00,0,0.0,0.0,0.0,0.00,0.00,1007.3,NaN
2020-03-31T21:00,20.5,5.60,164,75,0.00,0,0.0,0.0,0.0,0.00,0.00,1007.5,NaN
2020-03-31T22:00,20.2,5.58,165,77,0.00,0,0.0,0.0,0.0,0.00,0.00,1007.2,NaN
2020-03-31T23:00,20.0,5.58,165,79,0.00,0,0.0,0.0,0.0,0.00,0.00,1006.7,NaN
2020-04-01T00:00,19.7,5.09,160,81,0.00,0,0.0,0.0,0.0,0.00,0.00,1006.3,NaN
2020-04-01T01:00,19.3,4.57,157,82,0.00,0,0.0,0.0,0.0,0.00,0.00,1006.0,NaN
2020-04-01T02:00,18.7,4.58,148,84,0.00,0,0.0,0.0,0.0,0.00,0.00,1005.4,NaN
2020-04-01T03:00,18.0,4.19,140,84,0.00,0,0.0,0.0,0.0,0.00,0.00,1005.2,NaN
2020-04-01T04:00,17.3,3.62,141,83,0.00,0,0.0,0.0,0.0,0.00,0.00,1005.3,NaN
2020-04-01T05:00,17.0,3.91,140,83,0.00,0,0.0,0.0,0.0,0.00,0.00,1005.4,NaN
2020-04-01T06:00,16.6,3.47,136,82,0.00,0,0.0,0.0,0.0,0.00,0.00,1005.9,NaN
2020-04-01T07:00,16.7,3.61,134,80,0.00,1,9.0,43.4,6.0,0.00,0.00,1006.1,NaN
2020-04-01T08:00,19.0,3.68,137,68,0.00,1,151.0,496.3,50.0,0.00,0.00,1006.0,NaN
2020-04-01T09:00,21.5,3.56,142,55,0.00,1,372.0,717.6,76.0,0.00,0.00,1005.7,NaN
2020-04-01T10:00,23.8,2.88,160,46,0.00,1,543.0,658.5,154.0,0.00,0.00,1005.3,NaN
2020-04-01T11:00,25.5,2.91,176,40,0.00,1,662.0,581.3,240.0,0.00,0.00,1004.6,NaN
2020-04-01T12:00,26.1,4.17,210,43,0.00,1,812.0,812.0,155.0,0.00,0.00,1003.9,NaN
2020-04-01T13:00,24.9,5.85,213,55,0.00,1,839.0,808.9,164.0,0.00,0.00,1003.2,NaN
2020-04-01T14:00,24.9,6.00,210,51,0.00,1,806.0,853.5,123.0,0.00,0.00,1002.8,NaN
2020-04-01T15:00,24.6,6.35,208,53,0.00,1,667.0,708.3,165.0,0.00,0.00,1002.8,NaN
2020-04-01T16:00,23.9,6.48,200,57,0.00,1,526.0,743.5,105.0,0.00,0.00,1003.0,NaN
2020-04-01T17:00,23.1,6.36,199,64,0.00,1,314.0,538.7,108.0,0.00,0.00,1003.1,NaN
2020-04-01T18:00,22.2,5.79,198,71,0.00,1,119.0,435.7,45.0,0.00,0.00,1003.6,NaN
2020-04-01T19:00,21.8,5.22,197,73,0.00,0,3.0,19.1,2.0,0.00,0.00,1004.2,NaN
2020-04-01T20:00,21.7,5.06,189,73,0.00,0,0.0,0.0,0.0,0.00,0.00,1004.6,NaN
2020-04-01T21:00,21.8,4.83,186,71,0.00,0,0.0,0.0,0.0,0.00,0.00,1004.7,NaN
2020-04-01T22:00,21.5,5.08,190,73,0.00,0,0.0,0.0,0.0,0.00,0.00,1004.8,NaN
2020-04-01T23:00,21.2,4.81,184,74,0.00,0,0.0,0.0,0.0,0.00,0.00,1004.5,NaN
2020-04-02T00:00,21.1,4.32,185,74,0.00,0,0.0,0.0,0.0,0.00,0.00,1004.2,NaN
2020-04-02T01:00,20.8,4.10,180,75,0.00,0,0.0,0.0,0.0,0.00,0.00,1003.8,NaN
2020-04-02T02:00,20.9,3.80,180,75,0.00,0,0.0,0.0,0.0,0.00,0.00,1003.7,NaN
2020-04-02T03:00,20.8,4.33,187,75,0.00,0,0.0,0.0,0.0,0.00,0.00,1003.5,NaN
2020-04-02T04:00,20.9,4.33,187,74,0.00,0,0.0,0.0,0.0,0.00,0.00,1003.5,NaN
2020-04-02T05:00,20.5,4.20,183,76,0.00,0,0.0,0.0,0.0,0.00,0.00,1003.6,NaN
2020-04-02T06:00,20.8,4.70,182,74,0.00,0,0.0,0.0,0.0,0.00,0.00,1004.2,NaN
2020-04-02T07:00,20.3,5.60,179,82,0.00,1,5.0,14.7,4.0,0.00,0.00,1004.8,NaN
2020-04-02T08:00,21.5,5.92,196,68,0.10,1,102.0,253.4,51.0,0.10,0.00,1005.6,NaN
2020-04-02T09:00,21.7,6.33,201,68,0.10,1,169.0,97.6,129.0,0.10,0.00,1006.2,NaN
2020-04-02T10:00,22.6,6.15,202,60,0.00,1,383.0,355.5,174.0,0.00,0.00,1006.2,NaN
2020-04-02T11:00,22.8,5.85,200,57,0.00,1,409.0,207.5,259.0,0.00,0.00,1006.0,NaN
2020-04-02T12:00,23.2,4.92,193,47,0.00,1,458.0,264.3,245.0,0.00,0.00,1005.5,NaN
2020-04-02T13:00,23.5,5.77,194,47,0.00,1,405.0,131.2,296.0,0.00,0.00,1005.2,NaN
2020-04-02T14:00,23.0,6.40,190,50,0.00,1,404.0,158.2,278.0,0.00,0.00,1004.5,NaN
2020-04-02T15:00,23.8,6.04,192,48,0.00,1,628.0,660.0,163.0,0.00,0.00,1004.2,NaN
2020-04-02T16:00,22.9,5.94,193,55,0.00,1,493.0,613.9,148.0,0.00,0.00,1004.1,NaN
2020-04-02T17:00,21.6,5.82,192,68,0.00,1,263.0,328.0,139.0,0.00,0.00,1004.5,NaN
2020-04-02T18:00,21.2,5.10,180,67,0.00,1,96.0,229.5,58.0,0.00,0.00,1004.9,NaN
2020-04-02T19:00,20.8,4.70,179,71,0.00,0,2.0,0.0,2.0,0.00,0.00,1005.2,NaN
2020-04-02T20:00,20.7,4.80,182,70,0.00,0,0.0,0.0,0.0,0.00,0.00,1006.2,NaN
2020-04-02T21:00,20.5,5.01,177,69,0.00,0,0.0,0.0,0.0,0.00,0.00,1006.5,NaN
2020-04-02T22:00,20.3,5.26,171,70,0.00,0,0.0,0.0,0.0,0.00,0.00,1006.8,NaN
2020-04-02T23:00,20.1,5.55,166,71,0.00,0,0.0,0.0,0.0,0.00,0.00,1006.9,NaN
2020-04-03T00:00,20.0,5.41,164,69,0.00,0,0.0,0.0,0.0,0.00,0.00,1007.0,NaN
2020-04-03T01:00,19.4,4.70,153,73,0.00,0,0.0,0.0,0.0,0.00,0.00,1007.2,NaN
2020-04-03T02:00,18.9,4.53,133,75,0.00,0,0.0,0.0,0.0,0.00,0.00,1007.0,NaN
2020-04-03T03:00,17.9,4.66,121,76,0.00,0,0.0,0.0,0.0,0.00,0.00,1006.5,NaN
2020-04-03T04:00,17.4,4.62,129,73,0.00,0,0.0,0.0,0.0,0.00,0.00,1006.8,NaN
2020-04-03T05:00,17.2,4.64,127,73,0.00,0,0.0,0.0,0.0,0.00,0.00,1007.5,NaN
2020-04-03T06:00,16.3,3.94,114,78,0.00,0,0.0,0.0,0.0,0.00,0.00,1008.1,NaN
2020-04-03T07:00,16.3,3.83,105,77,0.00,1,8.0,29.9,6.0,0.00,0.00,1008.9,NaN
2020-04-03T08:00,18.0,4.56,105,65,0.00,1,118.0,271.4,64.0,0.00,0.00,1010.0,NaN
2020-04-03T09:00,20.2,5.51,119,52,0.00,1,330.0,512.9,121.0,0.00,0.00,1010.2,NaN
2020-04-03T10:00,21.5,5.88,132,46,0.00,1,521.0,601.5,169.0,0.00,0.00,1010.0,NaN
2020-04-03T11:00,22.9,5.11,140,41,0.00,1,707.0,773.8,150.0,0.00,0.00,1009.4,NaN
2020-04-03T12:00,24.1,4.05,147,37,0.00,1,812.0,823.8,151.0,0.00,0.00,1008.6,NaN
2020-04-03T13:00,25.1,3.49,167,34,0.00,1,822.0,753.2,199.0,0.00,0.00,1007.9,NaN
2020-04-03T14:00,24.3,5.54,197,40,0.00,1,799.0,815.3,153.0,0.00,0.00,1007.2,NaN
2020-04-03T15:00,22.6,7.06,196,52,0.00,1,687.0,760.9,154.0,0.00,0.00,1006.9,NaN
2020-04-03T16:00,21.7,6.91,190,53,0.00,1,522.0,704.7,129.0,0.00,0.00,1006.9,NaN
2020-04-03T17:00,21.4,6.42,184,53,0.00,1,314.0,561.8,104.0,0.00,0.00,1007.1,NaN
2020-04-03T18:00,20.7,5.81,177,57,0.00,1,108.0,347.2,52.0,0.00,0.00,1007.3,NaN
2020-04-03T19:00,20.5,4.74,173,61,0.00,0,2.0,0.0,2.0,0.00,0.00,1007.7,NaN
2020-04-03T20:00,20.2,4.90,163,65,0.00,0,0.0,0.0,0.0,0.00,0.00,1007.2,NaN
2020-04-03T21:00,19.7,3.90,157,73,0.00,0,0.0,0.0,0.0,0.00,0.00,1007.4,NaN
2020-04-03T22:00,18.9,2.55,132,75,0.00,0,0.0,0.0,0.0,0.00,0.00,1007.4,NaN
2020-04-03T23:00,18.0,2.44,109,71,0.00,0,0.0,0.0,0.0,0.00,0.00,1007.2,NaN
2020-04-04T00:00,19.1,3.18,103,43,0.00,0,0.0,0.0,0.0,0.00,0.00,1006.7,NaN
2020-04-04T01:00,19.6,3.82,96,33,0.00,0,0.0,0.0,0.0,0.00,0.00,1006.6,NaN
2020-04-04T02:00,19.4,4.50,93,32,0.00,0,0.0,0.0,0.0,0.00,0.00,1006.1,NaN
2020-04-04T03:00,19.3,4.60,88,31,0.00,0,0.0,0.0,0.0,0.00,0.00,1006.0,NaN
2020-04-04T04:00,19.1,4.85,82,31,0.00,0,0.0,0.0,0.0,0.00,0.00,1006.1,NaN
2020-04-04T05:00,19.3,5.46,76,31,0.00,0,0.0,0.0,0.0,0.00,0.00,1006.4,NaN
2020-04-04T06:00,19.4,6.71,73,31,0.00,0,0.0,0.0,0.0,0.00,0.00,1006.7,NaN
2020-04-04T07:00,19.7,7.34,73,30,0.00,1,7.0,15.2,6.0,0.00,0.00,1006.9,NaN
2020-04-04T08:00,21.5,7.56,70,28,0.00,1,146.0,477.9,52.0,0.00,0.00,1007.6,NaN
2020-04-04T09:00,23.8,7.58,67,25,0.00,1,316.0,422.2,145.0,0.00,0.00,1007.7,NaN
2020-04-04T10:00,26.4,6.80,64,22,0.00,1,517.0,592.4,172.0,0.00,0.00,1007.9,NaN
2020-04-04T11:00,28.7,6.07,57,20,0.00,1,680.0,689.2,186.0,0.00,0.00,1007.6,NaN
2020-04-04T12:00,29.7,4.86,53,19,0.00,1,595.0,287.9,365.0,0.00,0.00,1007.2,NaN
2020-04-04T13:00,29.8,3.86,53,19,0.00,1,379.0,43.7,343.0,0.00,0.00,1006.4,NaN
2020-04-04T14:00,29.9,1.10,90,19,0.00,1,430.0,145.9,315.0,0.00,0.00,1005.7,NaN
2020-04-04T15:00,30.3,2.38,165,19,0.00,1,549.0,349.0,306.0,0.00,0.00,1005.1,NaN
2020-04-04T16:00,27.8,3.67,169,31,0.00,1,127.0,36.1,107.0,0.00,0.00,1005.0,NaN
2020-04-04T17:00,26.1,4.60,181,44,0.00,1,75.0,13.5,70.0,0.00,0.00,1005.1,NaN
2020-04-04T18:00,25.1,4.57,170,46,0.00,1,58.0,69.9,47.0,0.00,0.00,1005.6,NaN
2020-04-04T19:00,24.2,4.12,151,41,0.00,0,2.0,0.0,2.0,0.00,0.00,1005.7,NaN
2020-04-04T20:00,22.8,1.50,176,56,0.00,0,0.0,0.0,0.0,0.00,0.00,1006.4,NaN
2020-04-04T21:00,21.5,1.65,194,81,0.00,0,0.0,0.0,0.0,0.00,0.00,1006.9,NaN
2020-04-04T22:00,22.1,2.15,152,78,0.00,0,0.0,0.0,0.0,0.00,0.00,1006.8,NaN
2020-04-04T23:00,22.2,1.97,150,60,0.00,0,0.0,0.0,0.0,0.00,0.00,1005.5,NaN
2020-04-05T00:00,21.0,2.10,180,67,0.00,0,0.0,0.0,0.0,0.00,0.00,1005.3,NaN
2020-04-05T01:00,20.8,2.09,107,63,0.00,0,0.0,0.0,0.0,0.00,0.00,1004.9,NaN
2020-04-05T02:00,21.2,1.50,180,54,0.00,0,0.0,0.0,0.0,0.00,0.00,1004.8,NaN
2020-04-05T03:00,20.3,1.84,135,60,0.00,0,0.0,0.0,0.0,0.00,0.00,1004.7,NaN
2020-04-05T04:00,20.5,1.51,98,47,0.00,0,0.0,0.0,0.0,0.00,0.00,1004.7,NaN
2020-04-05T05:00,22.2,0.45,63,35,0.00,0,0.0,0.0,0.0,0.00,0.00,1005.4,NaN
2020-04-05T06:00,20.5,2.19,156,38,0.00,0,0.0,0.0,0.0,0.00,0.00,1005.8,NaN
2020-04-05T07:00,20.7,1.82,99,38,0.20,1,2.0,0.0,2.0,0.20,0.00,1006.0,NaN
2020-04-05T08:00,21.4,2.88,56,77,0.00,1,44.0,15.4,41.0,0.00,0.00,1005.1,NaN
2020-04-05T09:00,24.6,2.11,31,36,0.00,1,218.0,191.3,141.0,0.00,0.00,1005.8,NaN
2020-04-05T10:00,27.3,2.33,59,26,0.00,1,466.0,469.3,194.0,0.00,0.00,1005.5,NaN
2020-04-05T11:00,29.1,1.27,315,27,0.00,1,574.0,545.1,185.0,0.00,0.00,1005.0,NaN
2020-04-05T12:00,29.5,1.12,280,27,0.00,1,760.0,804.5,120.0,0.00,0.00,1004.5,NaN
2020-04-05T13:00,29.9,1.42,231,27,0.00,1,841.0,911.3,94.0,0.00,0.00,1003.8,NaN
2020-04-05T14:00,28.7,4.53,225,39,0.00,1,793.0,877.1,105.0,0.00,0.00,1003.2,NaN
2020-04-05T15:00,27.6,6.02,216,48,0.00,1,675.0,825.0,104.0,0.00,0.00,1002.9,NaN
2020-04-05T16:00,26.6,4.86,217,48,0.00,1,513.0,781.2,84.0,0.00,0.00,1002.9,NaN
2020-04-05T17:00,25.5,3.58,207,56,0.00,1,317.0,681.9,68.0,0.00,0.00,1003.1,NaN
2020-04-05T18:00,24.2,2.82,186,66,0.00,1,107.0,451.1,37.0,0.00,0.00,1003.3,NaN
2020-04-05T19:00,22.8,2.84,190,81,0.00,0,2.0,0.0,2.0,0.00,0.00,1003.7,NaN
2020-04-05T20:00,22.1,1.63,169,82,0.00,0,0.0,0.0,0.0,0.00,0.00,1004.7,NaN
2020-04-05T21:00,21.2,1.63,169,84,0.00,0,0.0,0.0,0.0,0.00,0.00,1005.0,NaN
2020-04-05T22:00,20.2,2.04,191,89,0.00,0,0.0,0.0,0.0,0.00,0.00,1005.0,NaN
2020-04-05T23:00,21.3,1.71,201,83,0.00,0,0.0,0.0,0.0,0.00,0.00,1004.6,NaN
2020-04-06T00:00,21.6,0.91,84,82,0.00,0,0.0,0.0,0.0,0.00,0.00,1004.1,NaN
2020-04-06T01:00,18.3,1.48,62,91,0.00,0,0.0,0.0,0.0,0.00,0.00,1003.9,NaN
2020-04-06T02:00,17.8,1.28,51,90,0.00,0,0.0,0.0,0.0,0.00,0.00,1003.5,NaN
2020-04-06T03:00,19.1,0.28,45,81,0.00,0,0.0,0.0,0.0,0.00,0.00,1003.4,NaN
2020-04-06T04:00,20.6,0.98,336,74,0.00,0,0.0,0.0,0.0,0.00,0.00,1003.2,NaN
2020-04-06T05:00,20.5,1.30,328,79,0.00,0,0.0,0.0,0.0,0.00,0.00,1003.5,NaN
2020-04-06T06:00,18.9,0.81,30,84,0.00,0,0.0,0.0,0.0,0.00,0.00,1003.7,NaN
2020-04-06T07:00,17.8,1.00,53,89,0.00,1,7.0,47.2,4.0,0.00,0.00,1004.3,NaN
2020-04-06T08:00,22.4,0.86,216,84,0.00,1,140.0,499.6,44.0,0.00,0.00,1004.2,NaN
2020-04-06T09:00,24.1,1.70,220,72,0.00,1,354.0,710.1,70.0,0.00,0.00,1004.5,NaN
2020-04-06T10:00,25.6,2.42,240,62,0.00,1,552.0,809.8,85.0,0.00,0.00,1004.6,NaN
2020-04-06T11:00,26.2,3.31,245,59,0.00,1,709.0,871.3,90.0,0.00,0.00,1004.3,NaN
2020-04-06T12:00,26.4,3.71,243,58,0.00,1,805.0,897.7,94.0,0.00,0.00,1003.9,NaN
2020-04-06T13:00,26.3,4.22,234,56,0.00,1,836.0,908.2,95.0,0.00,0.00,1003.4,NaN
2020-04-06T14:00,26.1,4.55,230,55,0.00,1,800.0,908.5,91.0,0.00,0.00,1003.0,NaN
2020-04-06T15:00,25.6,4.68,228,54,0.00,1,692.0,879.4,87.0,0.00,0.00,1002.6,NaN
2020-04-06T16:00,24.9,4.96,222,59,0.00,1,523.0,814.9,79.0,0.00,0.00,1002.5,NaN
2020-04-06T17:00,24.0,4.49,212,63,0.00,1,317.0,695.6,66.0,0.00,0.00,1002.4,NaN
2020-04-06T18:00,22.7,3.58,203,73,0.00,1,105.0,451.2,36.0,0.00,0.00,1002.7,NaN
2020-04-06T19:00,21.8,2.89,194,80,0.00,0,1.0,0.0,1.0,0.00,0.00,1003.1,NaN
2020-04-06T20:00,21.1,2.63,189,84,0.00,0,0.0,0.0,0.0,0.00,0.00,1003.4,NaN
2020-04-06T21:00,20.5,2.53,189,86,0.00,0,0.0,0.0,0.0,0.00,0.00,1003.5,NaN
2020-04-06T22:00,18.8,1.84,112,93,0.00,0,0.0,0.0,0.0,0.00,0.00,1003.5,NaN
2020-04-06T23:00,18.3,1.81,96,94,0.00,0,0.0,0.0,0.0,0.00,0.00,1003.2,NaN
2020-04-07T00:00,19.9,0.41,76,91,0.00,0,0.0,0.0,0.0,0.00,0.00,1003.6,NaN
2020-04-07T01:00,19.8,0.14,45,91,0.00,0,0.0,0.0,0.0,0.00,0.00,1003.8,NaN
2020-04-07T02:00,18.3,0.81,60,94,0.00,0,0.0,0.0,0.0,0.00,0.00,1003.9,NaN
2020-04-07T03:00,19.6,0.22,63,90,0.00,0,0.0,0.0,0.0,0.00,0.00,1003.6,NaN
2020-04-07T04:00,18.2,0.92,77,92,0.00,0,0.0,0.0,0.0,0.00,0.00,1003.4,NaN
2020-04-07T05:00,16.5,1.36,73,94,0.00,0,0.0,0.0,0.0,0.00,0.00,1003.5,NaN
2020-04-07T06:00,16.4,1.51,82,93,0.00,0,0.0,0.0,0.0,0.00,0.00,1003.6,NaN
2020-04-07T07:00,17.4,1.63,79,91,0.00,1,7.0,32.0,5.0,0.00,0.00,1004.1,NaN
2020-04-07T08:00,19.9,1.80,71,81,0.00,1,142.0,521.4,43.0,0.00,0.00,1004.2,NaN
2020-04-07T09:00,22.9,1.00,84,61,0.00,1,326.0,536.0,113.0,0.00,0.00,1004.4,NaN
2020-04-07T10:00,26.3,1.08,34,47,0.00,1,550.0,808.6,86.0,0.00,0.00,1004.1,NaN
2020-04-07T11:00,28.7,1.14,285,39,0.00,1,706.0,872.4,89.0,0.00,0.00,1003.0,NaN
2020-04-07T12:00,28.2,3.61,236,48,0.00,1,804.0,901.7,93.0,0.00,0.00,1002.2,NaN
2020-04-07T13:00,27.1,4.92,232,55,0.00,1,831.0,906.3,95.0,0.00,0.00,1001.8,NaN
2020-04-07T14:00,26.4,4.97,230,56,0.00,1,783.0,877.2,102.0,0.00,0.00,1001.3,NaN
2020-04-07T15:00,26.2,3.75,226,56,0.00,1,664.0,801.5,116.0,0.00,0.00,1000.9,NaN
2020-04-07T16:00,26.1,3.56,218,59,0.00,1,512.0,790.0,85.0,0.00,0.00,1000.8,NaN
2020-04-07T17:00,24.7,3.69,213,64,0.00,1,309.0,684.4,65.0,0.00,0.00,1001.0,NaN
2020-04-07T18:00,23.4,3.22,216,71,0.00,1,99.0,431.3,34.0,0.00,0.00,1001.7,NaN
2020-04-07T19:00,22.3,2.60,203,79,0.00,0,1.0,0.0,1.0,0.00,0.00,1002.0,NaN
2020-04-07T20:00,22.1,2.40,197,81,0.00,0,0.0,0.0,0.0,0.00,0.00,1002.9,NaN
2020-04-07T21:00,21.2,1.70,177,87,0.00,0,0.0,0.0,0.0,0.00,0.00,1003.0,NaN
2020-04-07T22:00,20.9,2.04,169,89,0.00,0,0.0,0.0,0.0,0.00,0.00,1003.3,NaN
2020-04-07T23:00,20.2,1.46,164,93,0.00,0,0.0,0.0,0.0,0.00,0.00,1003.3,NaN
2020-04-08T00:00,19.4,1.89,148,95,0.00,0,0.0,0.0,0.0,0.00,0.00,1003.1,NaN
2020-04-08T01:00,18.9,2.08,125,95,0.00,0,0.0,0.0,0.0,0.00,0.00,1002.7,NaN
2020-04-08T02:00,19.1,1.84,112,94,0.00,0,0.0,0.0,0.0,0.00,0.00,1002.5,NaN
2020-04-08T03:00,18.3,2.06,113,93,0.00,0,0.0,0.0,0.0,0.00,0.00,1002.1,NaN
2020-04-08T04:00,17.8,2.12,109,94,0.00,0,0.0,0.0,0.0,0.00,0.00,1002.0,NaN
2020-04-08T05:00,17.6,2.01,96,93,0.00,0,0.0,0.0,0.0,0.00,0.00,1002.1,NaN
2020-04-08T06:00,18.3,1.60,90,90,0.00,0,0.0,0.0,0.0,0.00,0.00,1002.5,NaN
2020-04-08T07:00,18.0,1.60,90,92,0.00,1,6.0,32.6,4.0,0.00,0.00,1003.1,NaN
2020-04-08T08:00,21.2,1.92,81,77,0.00,1,135.0,490.4,43.0,0.00,0.00,1003.8,NaN
2020-04-08T09:00,24.3,1.20,132,59,0.00,1,347.0,706.7,68.0,0.00,0.00,1004.6,NaN
2020-04-08T10:00,26.5,1.57,207,48,0.00,1,544.0,812.7,80.0,0.00,0.00,1004.7,NaN
2020-04-08T11:00,27.4,2.62,223,50,0.00,1,698.0,865.0,89.0,0.00,0.00,1004.4,NaN
2020-04-08T12:00,27.4,3.54,227,53,0.00,1,793.0,891.7,93.0,0.00,0.00,1003.9,NaN
2020-04-08T13:00,27.5,4.12,231,47,0.00,1,820.0,898.2,94.0,0.00,0.00,1003.7,NaN
2020-04-08T14:00,26.9,4.16,235,48,0.00,1,780.0,889.6,93.0,0.00,0.00,1003.3,NaN
2020-04-08T15:00,26.7,4.26,231,53,0.00,1,673.0,862.4,87.0,0.00,0.00,1003.4,NaN
2020-04-08T16:00,25.8,3.89,224,53,0.00,1,510.0,803.9,79.0,0.00,0.00,1003.1,NaN
2020-04-08T17:00,24.8,3.75,226,64,0.00,1,306.0,684.4,65.0,0.00,0.00,1003.6,NaN
2020-04-08T18:00,23.3,2.58,216,75,0.00,1,97.0,424.3,34.0,0.00,0.00,1003.8,NaN
2020-04-08T19:00,22.3,1.26,198,83,0.00,0,1.0,0.0,1.0,0.00,0.00,1004.3,NaN
2020-04-08T20:00,21.7,1.36,144,82,0.00,0,0.0,0.0,0.0,0.00,0.00,1005.1,NaN
2020-04-08T21:00,20.7,2.02,160,87,0.00,0,0.0,0.0,0.0,0.00,0.00,1005.7,NaN
2020-04-08T22:00,20.0,2.16,167,92,0.00,0,0.0,0.0,0.0,0.00,0.00,1005.9,NaN
2020-04-08T23:00,19.8,2.06,151,93,0.00,0,0.0,0.0,0.0,0.00,0.00,1006.1,NaN
2020-04-09T00:00,19.1,2.25,122,93,0.00,0,0.0,0.0,0.0,0.00,0.00,1005.8,NaN
2020-04-09T01:00,19.3,1.71,111,89,0.00,0,0.0,0.0,0.0,0.00,0.00,1005.6,NaN
2020-04-09T02:00,18.9,1.87,106,84,0.00,0,0.0,0.0,0.0,0.00,0.00,1005.3,NaN
2020-04-09T03:00,18.2,2.24,100,82,0.00,0,0.0,0.0,0.0,0.00,0.00,1004.9,NaN
2020-04-09T04:00,17.9,2.38,112,79,0.00,0,0.0,0.0,0.0,0.00,0.00,1005.1,NaN
2020-04-09T05:00,18.0,2.10,115,76,0.00,0,0.0,0.0,0.0,0.00,0.00,1005.4,NaN
2020-04-09T06:00,18.5,1.99,108,70,0.00,0,0.0,0.0,0.0,0.00,0.00,1005.6,NaN
2020-04-09T07:00,19.1,2.22,98,63,0.00,1,6.0,16.6,5.0,0.00,0.00,1005.9,NaN
2020-04-09T08:00,23.4,2.84,100,48,0.00,1,124.0,350.8,59.0,0.00,0.00,1005.9,NaN
2020-04-09T09:00,27.4,2.04,101,39,0.00,1,345.0,706.2,68.0,0.00,0.00,1006.4,NaN
2020-04-09T10:00,31.2,2.10,90,30,0.00,1,541.0,806.3,83.0,0.00,0.00,1006.1,NaN
2020-04-09T11:00,33.3,1.30,67,25,0.00,1,695.0,863.3,90.0,0.00,0.00,1005.5,NaN
2020-04-09T12:00,33.5,1.77,227,26,0.00,1,792.0,895.8,92.0,0.00,0.00,1004.9,NaN
2020-04-09T13:00,31.0,5.03,221,40,0.00,1,819.0,902.5,93.0,0.00,0.00,1005.1,NaN
2020-04-09T14:00,30.0,5.27,213,43,0.00,1,775.0,889.1,92.0,0.00,0.00,1004.6,NaN
2020-04-09T15:00,29.3,4.52,205,44,0.00,1,663.0,845.7,92.0,0.00,0.00,1004.9,NaN
2020-04-09T16:00,28.2,3.62,208,50,0.00,1,498.0,782.2,82.0,0.00,0.00,1005.1,NaN
2020-04-09T17:00,26.6,4.07,205,63,0.00,1,300.0,684.3,62.0,0.00,0.00,1005.1,NaN
2020-04-09T18:00,24.7,3.52,187,71,0.00,1,92.0,410.2,32.0,0.00,0.00,1005.5,NaN
2020-04-09T19:00,23.9,3.32,187,78,0.00,0,1.0,0.0,1.0,0.00,0.00,1006.4,NaN
2020-04-09T20:00,23.3,3.44,172,82,0.00,0,0.0,0.0,0.0,0.00,0.00,1007.2,NaN
2020-04-09T21:00,23.4,3.32,159,77,0.00,0,0.0,0.0,0.0,0.00,0.00,1007.6,NaN
2020-04-09T22:00,23.1,2.62,162,75,0.00,0,0.0,0.0,0.0,0.00,0.00,1007.7,NaN
2020-04-09T23:00,22.7,2.42,156,75,0.00,0,0.0,0.0,0.0,0.00,0.00,1007.8,NaN
2020-04-10T00:00,22.4,2.47,159,77,0.00,0,0.0,0.0,0.0,0.00,0.00,1007.7,NaN
2020-04-10T01:00,21.8,2.11,149,79,0.00,0,0.0,0.0,0.0,0.00,0.00,1007.5,NaN
2020-04-10T02:00,21.3,2.00,127,77,0.00,0,0.0,0.0,0.0,0.00,0.00,1007.1,NaN
2020-04-10T03:00,21.2,2.25,111,69,0.00,0,0.0,0.0,0.0,0.00,0.00,1006.5,NaN
2020-04-10T04:00,21.1,2.21,95,61,0.00,0,0.0,0.0,0.0,0.00,0.00,1006.2,NaN
2020-04-10T05:00,21.2,2.31,85,57,0.00,0,0.0,0.0,0.0,0.00,0.00,1006.3,NaN
2020-04-10T06:00,21.8,2.69,75,52,0.00,0,0.0,0.0,0.0,0.00,0.00,1006.5,NaN
2020-04-10T07:00,23.5,3.53,65,42,0.00,1,6.0,33.8,4.0,0.00,0.00,1006.7,NaN
2020-04-10T08:00,26.3,2.34,50,35,0.00,1,134.0,502.7,42.0,0.00,0.00,1006.9,NaN
2020-04-10T09:00,30.7,2.01,27,25,0.00,1,346.0,716.1,67.0,0.00,0.00,1007.0,NaN
2020-04-10T10:00,33.7,2.50,16,21,0.00,1,544.0,821.0,80.0,0.00,0.00,1007.0,NaN
2020-04-10T11:00,35.2,2.10,357,19,0.00,1,698.0,874.5,88.0,0.00,0.00,1006.5,NaN
2020-04-10T12:00,35.1,0.91,264,21,0.00,1,793.0,901.2,92.0,0.00,0.00,1006.0,NaN
2020-04-10T13:00,33.9,3.32,226,29,0.00,1,820.0,909.4,92.0,0.00,0.00,1005.6,NaN
2020-04-10T14:00,32.7,4.39,221,34,0.00,1,776.0,897.8,90.0,0.00,0.00,1005.1,NaN
2020-04-10T15:00,31.0,4.38,225,37,0.00,1,667.0,866.0,86.0,0.00,0.00,1005.3,NaN
2020-04-10T16:00,29.6,3.02,214,38,0.00,1,500.0,801.9,77.0,0.00,0.00,1005.8,NaN
2020-04-10T17:00,29.2,3.29,200,42,0.00,1,296.0,678.4,63.0,0.00,0.00,1006.1,NaN
2020-04-10T18:00,27.4,2.72,174,52,0.00,1,90.0,409.6,31.0,0.00,0.00,1006.4,NaN
2020-04-10T19:00,26.6,2.64,151,52,0.00,0,0.0,0.0,0.0,0.00,0.00,1006.4,NaN
2020-04-10T20:00,25.5,1.87,164,58,0.00,0,0.0,0.0,0.0,0.00,0.00,1007.0,NaN
2020-04-10T21:00,24.7,1.90,177,57,0.00,0,0.0,0.0,0.0,0.00,0.00,1007.2,NaN
2020-04-10T22:00,23.9,1.94,215,60,0.00,0,0.0,0.0,0.0,0.00,0.00,1007.1,NaN
2020-04-10T23:00,22.3,1.80,270,75,0.00,0,0.0,0.0,0.0,0.00,0.00,1007.3,NaN
2020-04-11T00:00,21.7,1.81,276,88,0.00,0,0.0,0.0,0.0,0.00,0.00,1007.3,NaN
2020-04-11T01:00,23.4,0.94,328,82,0.00,0,0.0,0.0,0.0,0.00,0.00,1007.2,NaN
2020-04-11T02:00,21.6,1.00,360,86,0.00,0,0.0,0.0,0.0,0.00,0.00,1007.0,NaN
2020-04-11T03:00,21.0,0.85,21,86,0.00,0,0.0,0.0,0.0,0.00,0.00,1006.7,NaN
2020-04-11T04:00,19.4,1.39,60,85,0.00,0,0.0,0.0,0.0,0.00,0.00,1006.0,NaN
2020-04-11T05:00,20.3,2.40,73,53,0.00,0,0.0,0.0,0.0,0.00,0.00,1006.1,NaN
2020-04-11T06:00,22.5,3.09,65,31,0.00,0,0.0,0.0,0.0,0.00,0.00,1005.9,NaN
2020-04-11T07:00,24.3,3.36,53,27,0.00,1,5.0,17.2,4.0,0.00,0.00,1006.1,NaN
2020-04-11T08:00,25.5,1.88,25,28,0.00,1,130.0,464.9,46.0,0.00,0.00,1007.0,NaN
2020-04-11T09:00,29.7,1.20,355,21,0.00,1,337.0,664.0,80.0,0.00,0.00,1007.0,NaN
2020-04-11T10:00,32.8,1.22,325,18,0.00,1,532.0,764.9,102.0,0.00,0.00,1006.6,NaN
2020-04-11T11:00,33.5,2.06,256,21,0.00,1,698.0,878.6,88.0,0.00,0.00,1006.1,NaN
2020-04-11T12:00,33.0,3.42,232,25,0.00,1,792.0,904.1,92.0,0.00,0.00,1005.7,NaN
2020-04-11T13:00,33.0,3.76,230,23,0.00,1,816.0,902.5,97.0,0.00,0.00,1005.2,NaN
2020-04-11T14:00,32.0,4.16,243,28,0.00,1,772.0,888.2,97.0,0.00,0.00,1004.6,NaN
2020-04-11T15:00,29.6,4.27,254,45,0.00,1,664.0,867.0,86.0,0.00,0.00,1004.5,NaN
2020-04-11T16:00,28.5,3.58,234,56,0.00,1,497.0,802.9,77.0,0.00,0.00,1005.0,NaN
2020-04-11T17:00,26.4,3.62,231,71,0.00,1,292.0,675.3,63.0,0.00,0.00,1005.7,NaN
2020-04-11T18:00,24.8,3.39,225,84,0.00,1,86.0,394.8,30.0,0.00,0.00,1006.1,NaN
2020-04-11T19:00,24.1,2.80,215,89,0.00,0,0.0,0.0,0.0,0.00,0.00,1007.0,NaN
2020-04-11T20:00,23.4,2.33,223,93,0.00,0,0.0,0.0,0.0,0.00,0.00,1007.3,NaN
2020-04-11T21:00,22.8,2.30,214,95,0.00,0,0.0,0.0,0.0,0.00,0.00,1007.6,NaN
2020-04-11T22:00,21.5,1.84,209,97,0.00,0,0.0,0.0,0.0,0.00,0.00,1007.4,NaN
2020-04-11T23:00,21.0,2.05,227,97,0.00,0,0.0,0.0,0.0,0.00,0.00,1007.3,NaN
2020-04-12T00:00,21.0,2.12,199,96,0.00,0,0.0,0.0,0.0,0.00,0.00,1007.2,NaN
2020-04-12T01:00,20.6,2.33,205,96,0.00,0,0.0,0.0,0.0,0.00,0.00,1007.0,NaN
2020-04-12T02:00,20.9,1.75,211,96,0.00,0,0.0,0.0,0.0,0.00,0.00,1006.7,NaN
2020-04-12T03:00,21.2,1.80,183,95,0.00,0,0.0,0.0,0.0,0.00,0.00,1006.2,NaN
2020-04-12T04:00,21.3,2.01,186,95,0.00,0,0.0,0.0,0.0,0.00,0.00,1006.0,NaN
2020-04-12T05:00,21.8,2.94,190,95,0.00,0,0.0,0.0,0.0,0.00,0.00,1006.7,NaN
2020-04-12T06:00,22.1,3.10,178,95,0.00,0,0.0,0.0,0.0,0.00,0.00,1007.1,NaN
2020-04-12T07:00,22.1,2.82,163,96,0.00,1,4.0,17.6,3.0,0.00,0.00,1007.4,NaN
2020-04-12T08:00,23.1,3.27,157,91,0.00,1,106.0,325.1,48.0,0.00,0.00,1007.8,NaN
2020-04-12T09:00,24.8,3.67,169,78,0.00,1,285.0,509.9,89.0,0.00,0.00,1008.3,NaN
2020-04-12T10:00,26.8,4.62,185,69,0.00,1,496.0,700.9,104.0,0.00,0.00,1008.6,NaN
2020-04-12T11:00,27.2,4.73,193,67,0.00,1,546.0,448.6,236.0,0.00,0.00,1008.2,NaN
2020-04-12T12:00,28.1,4.46,196,63,0.00,1,681.0,632.0,194.0,0.00,0.00,1007.6,NaN
2020-04-12T13:00,28.2,5.06,205,64,0.00,1,791.0,876.7,96.0,0.00,0.00,1007.2,NaN
2020-04-12T14:00,27.5,5.55,206,66,0.00,1,717.0,762.1,141.0,0.00,0.00,1006.6,NaN
2020-04-12T15:00,26.5,5.19,199,72,0.00,1,576.0,638.6,153.0,0.00,0.00,1006.4,NaN
2020-04-12T16:00,25.8,5.15,198,77,0.00,1,445.0,618.8,124.0,0.00,0.00,1006.4,NaN
2020-04-12T17:00,24.9,5.05,188,81,0.00,1,232.0,400.2,98.0,0.00,0.00,1006.5,NaN
2020-04-12T18:00,24.2,4.93,186,85,0.00,1,49.0,71.6,39.0,0.00,0.00,1006.8,NaN
2020-04-12T19:00,24.0,4.60,178,86,0.00,0,0.0,0.0,0.0,0.00,0.00,1007.2,NaN
2020-04-12T20:00,23.6,4.73,174,90,0.00,0,0.0,0.0,0.0,0.00,0.00,1007.7,NaN
2020-04-12T21:00,23.4,4.43,174,90,0.00,0,0.0,0.0,0.0,0.00,0.00,1008.0,NaN
2020-04-12T22:00,23.2,4.34,172,89,0.00,0,0.0,0.0,0.0,0.00,0.00,1008.0,NaN
2020-04-12T23:00,22.8,4.00,177,90,0.00,0,0.0,0.0,0.0,0.00,0.00,1007.7,NaN
2020-04-13T00:00,22.6,4.12,174,90,0.00,0,0.0,0.0,0.0,0.00,0.00,1007.4,NaN
2020-04-13T01:00,22.4,3.71,166,90,0.00,0,0.0,0.0,0.0,0.00,0.00,1007.5,NaN
2020-04-13T02:00,22.1,3.69,167,90,0.00,0,0.0,0.0,0.0,0.00,0.00,1007.4,NaN
2020-04-13T03:00,21.9,3.57,162,91,0.00,0,0.0,0.0,0.0,0.00,0.00,1007.0,NaN
2020-04-13T04:00,22.0,3.91,167,91,0.00,0,0.0,0.0,0.0,0.00,0.00,1007.0,NaN
2020-04-13T05:00,22.2,3.91,167,89,0.00,0,0.0,0.0,0.0,0.00,0.00,1007.2,NaN
2020-04-13T06:00,22.0,3.42,159,89,0.00,0,0.0,0.0,0.0,0.00,0.00,1007.3,NaN
2020-04-13T07:00,21.8,3.64,164,89,0.00,1,3.0,17.9,2.0,0.00,0.00,1007.7,NaN
2020-04-13T08:00,22.6,3.81,150,84,0.00,1,93.0,244.2,50.0,0.00,0.00,1008.5,NaN
2020-04-13T09:00,23.8,3.76,151,76,0.00,1,266.0,447.9,95.0,0.00,0.00,1009.0,NaN
2020-04-13T10:00,25.3,4.24,172,66,0.00,1,466.0,580.6,143.0,0.00,0.00,1009.0,NaN
2020-04-13T11:00,26.5,4.55,189,59,0.00,1,585.0,606.4,168.0,0.00,0.00,1008.3,NaN
2020-04-13T12:00,26.2,5.80,195,60,0.00,1,592.0,624.5,113.0,0.00,0.00,1007.7,NaN
2020-04-13T13:00,26.9,5.95,197,57,0.00,1,782.0,870.9,95.0,0.00,0.00,1007.2,NaN
2020-04-13T14:00,25.7,6.83,198,57,0.00,1,740.0,864.7,90.0,0.00,0.00,1006.7,NaN
2020-04-13T15:00,25.3,6.84,192,57,0.00,1,634.0,834.2,85.0,0.00,0.00,1006.6,NaN
2020-04-13T16:00,24.6,6.07,189,64,0.00,1,472.0,760.0,81.0,0.00,0.00,1006.6,NaN
2020-04-13T17:00,23.6,5.56,188,71,0.00,1,274.0,635.3,64.0,0.00,0.00,1006.9,NaN
2020-04-13T18:00,22.4,5.30,181,80,0.00,1,75.0,320.1,31.0,0.00,0.00,1007.4,NaN
2020-04-13T19:00,22.3,5.02,175,79,0.00,0,0.0,0.0,0.0,0.00,0.00,1007.7,NaN
2020-04-13T20:00,22.3,5.06,171,75,0.00,0,0.0,0.0,0.0,0.00,0.00,1008.1,NaN
2020-04-13T21:00,21.9,4.41,167,77,0.00,0,0.0,0.0,0.0,0.00,0.00,1008.6,NaN
2020-04-13T22:00,21.7,4.22,166,76,0.00,0,0.0,0.0,0.0,0.00,0.00,1008.5,NaN
2020-04-13T23:00,21.6,4.37,164,73,0.00,0,0.0,0.0,0.0,0.00,0.00,1008.2,NaN
2020-04-14T00:00,21.2,3.86,159,74,0.00,0,0.0,0.0,0.0,0.00,0.00,1007.9,NaN
2020-04-14T01:00,20.8,3.72,156,78,0.00,0,0.0,0.0,0.0,0.00,0.00,1007.7,NaN
2020-04-14T02:00,20.4,3.80,153,82,0.00,0,0.0,0.0,0.0,0.00,0.00,1007.6,NaN
2020-04-14T03:00,20.0,3.89,154,82,0.00,0,0.0,0.0,0.0,0.00,0.00,1007.5,NaN
2020-04-14T04:00,19.8,4.25,153,81,0.00,0,0.0,0.0,0.0,0.00,0.00,1007.6,NaN
2020-04-14T05:00,19.5,4.24,146,82,0.00,0,0.0,0.0,0.0,0.00,0.00,1008.1,NaN
2020-04-14T06:00,19.2,3.98,141,81,0.00,0,0.0,0.0,0.0,0.00,0.00,1008.3,NaN
2020-04-14T07:00,19.0,3.68,135,79,0.00,1,4.0,18.3,3.0,0.00,0.00,1009.0,NaN
2020-04-14T08:00,21.0,5.11,140,65,0.00,1,122.0,466.1,41.0,0.00,0.00,1009.8,NaN
2020-04-14T09:00,22.9,5.61,149,59,0.00,1,268.0,458.9,94.0,0.00,0.00,1010.6,NaN
2020-04-14T10:00,24.4,5.02,157,54,0.00,1,454.0,594.6,125.0,0.00,0.00,1010.5,NaN
2020-04-14T11:00,25.5,4.90,179,51,0.00,1,585.0,628.3,155.0,0.00,0.00,1010.2,NaN
2020-04-14T12:00,25.6,6.38,194,53,0.00,1,724.0,821.4,97.0,0.00,0.00,1009.7,NaN
2020-04-14T13:00,25.1,7.26,192,54,0.00,1,775.0,854.9,104.0,0.00,0.00,1009.4,NaN
2020-04-14T14:00,25.1,7.00,190,50,0.00,1,740.0,861.5,96.0,0.00,0.00,1008.9,NaN
2020-04-14T15:00,24.9,6.94,186,50,0.00,1,636.0,838.1,88.0,0.00,0.00,1008.7,NaN
2020-04-14T16:00,24.0,6.84,186,59,0.00,1,472.0,768.4,80.0,0.00,0.00,1008.9,NaN
2020-04-14T17:00,23.1,7.01,182,65,0.00,1,273.0,646.7,62.0,0.00,0.00,1009.2,NaN
2020-04-14T18:00,22.0,6.41,177,70,0.00,1,73.0,340.0,27.0,0.00,0.00,1009.5,NaN
2020-04-14T19:00,21.7,5.98,170,71,0.00,0,0.0,0.0,0.0,0.00,0.00,1010.0,NaN
2020-04-14T20:00,21.5,5.53,167,70,0.00,0,0.0,0.0,0.0,0.00,0.00,1010.6,NaN
2020-04-14T21:00,21.1,5.41,164,71,0.00,0,0.0,0.0,0.0,0.00,0.00,1010.6,NaN
2020-04-14T22:00,20.9,5.51,164,71,0.00,0,0.0,0.0,0.0,0.00,0.00,1010.7,NaN
2020-04-14T23:00,20.7,5.80,165,72,0.00,0,0.0,0.0,0.0,0.00,0.00,1010.3,NaN
2020-04-15T00:00,20.7,6.16,167,71,0.00,0,0.0,0.0,0.0,0.00,0.00,1010.3,NaN
2020-04-15T01:00,20.6,6.02,165,73,0.00,0,0.0,0.0,0.0,0.00,0.00,1010.7,NaN
2020-04-15T02:00,20.6,5.48,159,74,0.00,0,0.0,0.0,0.0,0.00,0.00,1010.9,NaN
2020-04-15T03:00,20.3,5.39,158,74,0.00,0,0.0,0.0,0.0,0.00,0.00,1010.9,NaN
2020-04-15T04:00,20.1,4.83,156,73,0.00,0,0.0,0.0,0.0,0.00,0.00,1011.1,NaN
2020-04-15T05:00,20.2,4.90,160,68,0.00,0,0.0,0.0,0.0,0.00,0.00,1011.5,NaN
2020-04-15T06:00,19.7,5.07,158,67,0.00,0,0.0,0.0,0.0,0.00,0.00,1012.0,NaN
2020-04-15T07:00,18.8,4.48,141,71,0.00,1,4.0,18.7,3.0,0.00,0.00,1012.7,NaN
2020-04-15T08:00,19.3,4.98,112,66,0.00,1,109.0,279.9,61.0,0.00,0.00,1013.5,NaN
2020-04-15T09:00,20.9,6.79,133,57,0.00,1,263.0,316.1,144.0,0.00,0.00,1014.0,NaN
2020-04-15T10:00,22.2,6.20,142,50,0.00,1,463.0,508.8,183.0,0.00,0.00,1013.9,NaN
2020-04-15T11:00,23.2,6.08,153,43,0.00,1,550.0,411.1,270.0,0.00,0.00,1013.5,NaN
2020-04-15T12:00,23.8,5.76,160,40,0.00,1,559.0,284.3,343.0,0.00,0.00,1012.8,NaN
2020-04-15T13:00,24.6,5.82,168,39,0.00,1,616.0,390.5,311.0,0.00,0.00,1011.8,NaN
2020-04-15T14:00,25.0,6.80,178,42,0.00,1,768.0,918.7,85.0,0.00,0.00,1011.0,NaN
2020-04-15T15:00,23.4,8.22,183,49,0.00,1,652.0,872.8,85.0,0.00,0.00,1010.9,NaN
2020-04-15T16:00,23.1,7.81,177,48,0.00,1,485.0,806.5,77.0,0.00,0.00,1011.1,NaN
2020-04-15T17:00,22.4,7.45,173,53,0.00,1,280.0,676.9,62.0,0.00,0.00,1011.2,NaN
2020-04-15T18:00,21.3,6.69,171,59,0.00,1,75.0,368.0,26.0,0.00,0.00,1011.2,NaN
2020-04-15T19:00,20.7,6.23,161,60,0.00,0,0.0,0.0,0.0,0.00,0.00,1011.8,NaN
2020-04-15T20:00,20.4,6.05,158,66,0.00,0,0.0,0.0,0.0,0.00,0.00,1012.5,NaN
2020-04-15T21:00,20.0,5.41,152,66,0.00,0,0.0,0.0,0.0,0.00,0.00,1012.4,NaN
2020-04-15T22:00,19.6,5.13,147,66,0.00,0,0.0,0.0,0.0,0.00,0.00,1012.2,NaN
2020-04-15T23:00,19.1,5.06,142,66,0.00,0,0.0,0.0,0.0,0.00,0.00,1012.0,NaN
2020-04-16T00:00,18.4,5.26,141,71,0.00,0,0.0,0.0,0.0,0.00,0.00,1011.8,NaN
2020-04-16T01:00,17.8,5.40,141,74,0.00,0,0.0,0.0,0.0,0.00,0.00,1011.3,NaN
2020-04-16T02:00,17.3,5.16,134,77,0.00,0,0.0,0.0,0.0,0.00,0.00,1010.9,NaN
2020-04-16T03:00,16.9,4.88,133,79,0.00,0,0.0,0.0,0.0,0.00,0.00,1011.2,NaN
2020-04-16T04:00,16.7,4.69,130,80,0.00,0,0.0,0.0,0.0,0.00,0.00,1011.2,NaN
2020-04-16T05:00,16.4,4.56,128,80,0.00,0,0.0,0.0,0.0,0.00,0.00,1011.2,NaN
2020-04-16T06:00,16.1,4.44,126,78,0.00,0,0.0,0.0,0.0,0.00,0.00,1011.5,NaN
2020-04-16T07:00,15.9,4.36,122,75,0.00,1,4.0,19.1,3.0,0.00,0.00,1011.7,NaN
2020-04-16T08:00,17.9,4.70,119,62,0.00,1,118.0,425.7,46.0,0.00,0.00,1012.4,NaN
2020-04-16T09:00,20.8,4.74,118,48,0.00,1,323.0,663.3,75.0,0.00,0.00,1012.6,NaN
2020-04-16T10:00,23.2,4.89,121,41,0.00,1,506.0,719.9,112.0,0.00,0.00,1012.2,NaN
2020-04-16T11:00,25.5,4.43,118,34,0.00,1,669.0,850.0,93.0,0.00,0.00,1010.9,NaN
2020-04-16T12:00,27.4,3.50,121,30,0.00,1,755.0,851.8,111.0,0.00,0.00,1009.8,NaN
2020-04-16T13:00,28.2,2.94,145,29,0.00,1,685.0,528.9,274.0,0.00,0.00,1008.5,NaN
2020-04-16T14:00,28.7,4.00,177,29,0.00,1,714.0,766.9,147.0,0.00,0.00,1007.4,NaN
2020-04-16T15:00,27.1,5.85,188,41,0.00,1,619.0,790.2,109.0,0.00,0.00,1007.1,NaN
2020-04-16T16:00,25.4,7.27,188,51,0.00,1,427.0,566.2,143.0,0.00,0.00,1007.6,NaN
2020-04-16T17:00,23.6,7.30,178,55,0.00,1,223.0,327.2,119.0,0.00,0.00,1007.6,NaN
2020-04-16T18:00,22.8,6.26,167,58,0.00,1,56.0,99.2,43.0,0.00,0.00,1008.1,NaN
2020-04-16T19:00,22.5,6.02,165,63,0.00,0,0.0,0.0,0.0,0.00,0.00,1008.5,NaN
2020-04-16T20:00,21.6,4.98,158,66,0.00,0,0.0,0.0,0.0,0.00,0.00,1009.2,NaN
2020-04-16T21:00,21.1,4.79,157,73,0.00,0,0.0,0.0,0.0,0.00,0.00,1009.4,NaN
2020-04-16T22:00,20.7,4.11,154,77,0.00,0,0.0,0.0,0.0,0.00,0.00,1009.3,NaN
2020-04-16T23:00,20.4,3.50,149,80,0.00,0,0.0,0.0,0.0,0.00,0.00,1008.8,NaN
2020-04-17T00:00,20.1,2.64,143,79,0.00,0,0.0,0.0,0.0,0.00,0.00,1008.3,NaN
2020-04-17T01:00,19.4,1.70,130,79,0.00,0,0.0,0.0,0.0,0.00,0.00,1007.9,NaN
2020-04-17T02:00,18.7,1.48,118,77,0.00,0,0.0,0.0,0.0,0.00,0.00,1007.5,NaN
2020-04-17T03:00,17.6,2.18,106,76,0.00,0,0.0,0.0,0.0,0.00,0.00,1007.1,NaN
2020-04-17T04:00,17.8,2.02,123,69,0.00,0,0.0,0.0,0.0,0.00,0.00,1006.7,NaN
2020-04-17T05:00,18.3,1.89,148,65,0.00,0,0.0,0.0,0.0,0.00,0.00,1006.6,NaN
2020-04-17T06:00,17.8,2.13,139,67,0.00,0,0.0,0.0,0.0,0.00,0.00,1006.9,NaN
2020-04-17T07:00,19.2,1.50,127,58,0.00,1,3.0,0.0,3.0,0.00,0.00,1007.1,NaN
2020-04-17T08:00,21.7,2.15,68,37,0.00,1,92.0,293.7,43.0,0.00,0.00,1007.4,NaN
2020-04-17T09:00,23.9,1.42,51,31,0.00,1,104.0,29.6,93.0,0.00,0.00,1008.1,NaN
2020-04-17T10:00,26.7,0.64,219,27,0.00,1,311.0,141.5,234.0,0.00,0.00,1008.2,NaN
2020-04-17T11:00,28.8,1.35,228,26,0.00,1,550.0,447.8,248.0,0.00,0.00,1007.6,NaN
2020-04-17T12:00,29.8,2.55,228,27,0.00,1,695.0,708.4,162.0,0.00,0.00,1006.9,NaN
2020-04-17T13:00,29.3,3.80,215,30,0.00,1,718.0,671.3,199.0,0.00,0.00,1006.2,NaN
2020-04-17T14:00,28.7,3.86,211,32,0.00,1,685.0,718.1,157.0,0.00,0.00,1005.4,NaN
2020-04-17T15:00,27.9,4.21,198,35,0.00,1,513.0,496.0,195.0,0.00,0.00,1005.4,NaN
2020-04-17T16:00,26.8,4.43,186,40,0.00,1,355.0,440.3,136.0,0.00,0.00,1005.5,NaN
2020-04-17T17:00,25.0,4.63,186,53,0.00,1,119.0,133.9,77.0,0.00,0.00,1006.2,NaN
2020-04-17T18:00,24.0,4.81,176,64,0.00,1,26.0,31.0,22.0,0.00,0.00,1006.4,NaN
2020-04-17T19:00,23.5,4.71,163,66,0.00,0,0.0,0.0,0.0,0.00,0.00,1006.7,NaN
2020-04-17T20:00,23.4,4.02,153,62,0.00,0,0.0,0.0,0.0,0.00,0.00,1006.8,NaN
2020-04-17T21:00,23.3,3.19,139,58,0.00,0,0.0,0.0,0.0,0.00,0.00,1006.5,NaN
2020-04-17T22:00,23.2,2.64,143,53,0.00,0,0.0,0.0,0.0,0.00,0.00,1006.2,NaN
2020-04-17T23:00,23.3,2.33,149,51,0.00,0,0.0,0.0,0.0,0.00,0.00,1005.8,NaN
2020-04-18T00:00,22.5,1.04,197,54,0.00,0,0.0,0.0,0.0,0.00,0.00,1005.7,NaN
2020-04-18T01:00,22.1,1.13,135,59,0.00,0,0.0,0.0,0.0,0.00,0.00,1005.0,NaN
2020-04-18T02:00,21.4,1.40,184,64,0.00,0,0.0,0.0,0.0,0.00,0.00,1004.9,NaN
2020-04-18T03:00,21.6,2.60,178,76,0.00,0,0.0,0.0,0.0,0.00,0.00,1004.6,NaN
2020-04-18T04:00,21.4,2.46,153,80,0.00,0,0.0,0.0,0.0,0.00,0.00,1004.2,NaN
2020-04-18T05:00,20.0,1.56,130,84,0.00,0,0.0,0.0,0.0,0.00,0.00,1004.0,NaN
2020-04-18T06:00,20.3,1.41,135,80,0.00,0,0.0,0.0,0.0,0.00,0.00,1003.9,NaN
2020-04-18T07:00,19.9,1.64,142,84,0.00,1,3.0,19.1,2.0,0.00,0.00,1004.2,NaN
2020-04-18T08:00,22.5,2.58,144,64,0.00,1,114.0,474.2,36.0,0.00,0.00,1004.4,NaN
2020-04-18T09:00,25.0,2.19,156,49,0.00,1,209.0,241.5,120.0,0.00,0.00,1004.6,NaN
2020-04-18T10:00,28.1,1.91,186,38,0.00,1,479.0,707.5,96.0,0.00,0.00,1004.1,NaN
2020-04-18T11:00,29.2,3.12,220,40,0.00,1,620.0,772.0,102.0,0.00,0.00,1003.4,NaN
2020-04-18T12:00,27.6,5.06,218,50,0.00,1,733.0,841.4,103.0,0.00,0.00,1003.1,NaN
2020-04-18T13:00,27.3,4.17,224,48,0.00,1,700.0,721.5,145.0,0.00,0.00,1002.4,NaN
2020-04-18T14:00,27.0,4.46,222,49,0.00,1,691.0,775.5,124.0,0.00,0.00,1001.8,NaN
2020-04-18T15:00,25.8,5.36,217,59,0.00,1,582.0,733.1,115.0,0.00,0.00,1002.0,NaN
2020-04-18T16:00,25.0,5.42,210,69,0.00,1,450.0,762.3,74.0,0.00,0.00,1002.3,NaN
2020-04-18T17:00,23.8,5.28,207,75,0.00,1,252.0,620.0,60.0,0.00,0.00,1002.6,NaN
2020-04-18T18:00,22.8,4.48,204,79,0.00,1,58.0,268.0,24.0,0.00,0.00,1003.0,NaN
2020-04-18T19:00,22.4,4.70,204,80,0.00,0,0.0,0.0,0.0,0.00,0.00,1003.9,NaN
2020-04-18T20:00,22.3,4.78,200,75,0.00,0,0.0,0.0,0.0,0.00,0.00,1004.8,NaN
2020-04-18T21:00,22.1,5.77,208,76,0.00,0,0.0,0.0,0.0,0.00,0.00,1005.7,NaN
2020-04-18T22:00,21.6,5.11,203,77,0.00,0,0.0,0.0,0.0,0.00,0.00,1005.6,NaN
2020-04-18T23:00,21.2,4.14,200,78,0.00,0,0.0,0.0,0.0,0.00,0.00,1005.6,NaN
2020-04-19T00:00,20.8,3.68,202,80,0.00,0,0.0,0.0,0.0,0.00,0.00,1005.5,NaN
2020-04-19T01:00,20.7,3.31,209,79,0.00,0,0.0,0.0,0.0,0.00,0.00,1005.3,NaN
2020-04-19T02:00,20.5,2.98,220,81,0.00,0,0.0,0.0,0.0,0.00,0.00,1005.2,NaN
2020-04-19T03:00,20.1,1.17,239,87,0.30,0,0.0,0.0,0.0,0.30,0.00,1004.6,NaN
2020-04-19T04:00,19.9,1.40,266,91,0.40,0,0.0,0.0,0.0,0.40,0.00,1004.1,NaN
2020-04-19T05:00,19.9,2.69,255,92,0.60,0,0.0,0.0,0.0,0.60,0.00,1004.3,NaN
2020-04-19T06:00,20.0,3.40,246,85,0.20,0,0.0,0.0,0.0,0.20,0.00,1004.8,NaN
2020-04-19T07:00,20.2,3.55,238,82,0.00,1,1.0,0.0,1.0,0.00,0.00,1005.5,NaN
2020-04-19T08:00,20.4,3.76,241,86,0.20,1,26.0,18.5,23.0,0.20,0.00,1006.1,NaN
2020-04-19T09:00,20.3,5.45,224,89,0.60,1,87.0,79.3,58.0,0.60,0.00,1006.8,NaN
2020-04-19T10:00,22.1,5.19,205,74,0.20,1,321.0,308.4,155.0,0.20,0.00,1007.4,NaN
2020-04-19T11:00,23.1,5.50,205,66,0.00,1,378.0,238.2,219.0,0.00,0.00,1007.2,NaN
2020-04-19T12:00,23.7,6.32,203,62,0.00,1,575.0,503.3,200.0,0.00,0.00,1007.0,NaN
2020-04-19T13:00,23.9,6.17,197,58,0.00,1,602.0,573.6,163.0,0.00,0.00,1006.7,NaN
2020-04-19T14:00,24.2,6.02,195,56,0.00,1,670.0,728.9,140.0,0.00,0.00,1005.9,NaN
2020-04-19T15:00,23.7,6.04,192,56,0.00,1,507.0,564.1,150.0,0.00,0.00,1005.8,NaN
2020-04-19T16:00,22.8,6.40,190,62,0.00,1,388.0,537.7,125.0,0.00,0.00,1005.7,NaN
2020-04-19T17:00,21.4,5.50,178,71,0.00,1,158.0,163.6,108.0,0.00,0.00,1006.2,NaN
2020-04-19T18:00,21.1,3.93,165,69,0.00,1,45.0,104.2,32.0,0.00,0.00,1006.4,NaN
2020-04-19T19:00,20.9,3.18,156,67,0.00,0,0.0,0.0,0.0,0.00,0.00,1007.0,NaN
2020-04-19T20:00,20.0,2.95,156,68,0.00,0,0.0,0.0,0.0,0.00,0.00,1007.6,NaN
2020-04-19T21:00,18.8,2.39,147,72,0.00,0,0.0,0.0,0.0,0.00,0.00,1007.8,NaN
2020-04-19T22:00,17.9,2.27,139,76,0.00,0,0.0,0.0,0.0,0.00,0.00,1008.0,NaN
2020-04-19T23:00,17.3,2.11,121,78,0.00,0,0.0,0.0,0.0,0.00,0.00,1007.9,NaN
2020-04-20T00:00,16.7,2.10,115,80,0.00,0,0.0,0.0,0.0,0.00,0.00,1007.4,NaN
2020-04-20T01:00,16.4,2.18,106,78,0.00,0,0.0,0.0,0.0,0.00,0.00,1007.2,NaN
2020-04-20T02:00,16.1,2.28,113,79,0.00,0,0.0,0.0,0.0,0.00,0.00,1006.8,NaN
2020-04-20T03:00,16.0,2.37,118,79,0.00,0,0.0,0.0,0.0,0.00,0.00,1006.2,NaN
2020-04-20T04:00,15.6,2.24,100,80,0.00,0,0.0,0.0,0.0,0.00,0.00,1006.0,NaN
2020-04-20T05:00,15.3,2.53,81,80,0.00,0,0.0,0.0,0.0,0.00,0.00,1006.3,NaN
2020-04-20T06:00,15.0,2.72,73,80,0.00,0,0.0,0.0,0.0,0.00,0.00,1006.8,NaN
2020-04-20T07:00,14.9,2.82,67,79,0.00,1,3.0,19.1,2.0,0.00,0.00,1007.5,NaN
2020-04-20T08:00,17.9,2.64,61,66,0.00,1,116.0,481.8,39.0,0.00,0.00,1008.5,NaN
2020-04-20T09:00,20.8,0.51,101,61,0.00,1,322.0,696.6,69.0,0.00,0.00,1008.8,NaN
2020-04-20T10:00,21.9,1.75,239,54,0.00,1,514.0,799.6,86.0,0.00,0.00,1009.3,NaN
2020-04-20T11:00,22.5,2.53,252,52,0.00,1,627.0,739.1,136.0,0.00,0.00,1008.9,NaN
2020-04-20T12:00,22.8,3.32,249,51,0.00,1,688.0,695.9,172.0,0.00,0.00,1008.7,NaN
2020-04-20T13:00,22.9,3.94,243,49,0.00,1,711.0,751.1,139.0,0.00,0.00,1008.1,NaN
2020-04-20T14:00,22.7,4.49,238,47,0.00,1,693.0,719.1,173.0,0.00,0.00,1007.6,NaN
2020-04-20T15:00,22.4,4.48,231,47,0.00,1,609.0,777.7,120.0,0.00,0.00,1007.5,NaN
2020-04-20T16:00,21.8,4.34,218,48,0.00,1,449.0,721.6,99.0,0.00,0.00,1007.5,NaN
2020-04-20T17:00,21.2,3.64,217,51,0.00,1,259.0,649.7,63.0,0.00,0.00,1007.7,NaN
2020-04-20T18:00,19.9,2.38,202,58,0.00,0,62.0,317.6,23.0,0.00,0.00,1007.7,NaN
2020-04-20T19:00,18.6,1.63,169,67,0.00,0,0.0,0.0,0.0,0.00,0.00,1008.3,NaN
2020-04-20T20:00,17.6,2.28,157,73,0.00,0,0.0,0.0,0.0,0.00,0.00,1009.0,NaN
2020-04-20T21:00,17.1,2.14,127,76,0.00,0,0.0,0.0,0.0,0.00,0.00,1008.9,NaN
2020-04-20T22:00,16.2,2.18,106,80,0.00,0,0.0,0.0,0.0,0.00,0.00,1008.9,NaN
2020-04-20T23:00,16.4,1.82,99,77,0.00,0,0.0,0.0,0.0,0.00,0.00,1008.9,NaN
2020-04-21T00:00,15.7,1.80,93,76,0.00,0,0.0,0.0,0.0,0.00,0.00,1008.5,NaN
2020-04-21T01:00,15.4,1.91,84,75,0.00,0,0.0,0.0,0.0,0.00,0.00,1008.2,NaN
2020-04-21T02:00,15.1,2.20,87,78,0.00,0,0.0,0.0,0.0,0.00,0.00,1008.0,NaN
2020-04-21T03:00,15.0,2.50,90,80,0.00,0,0.0,0.0,0.0,0.00,0.00,1007.6,NaN
2020-04-21T04:00,14.9,2.60,90,83,0.00,0,0.0,0.0,0.0,0.00,0.00,1007.6,NaN
2020-04-21T05:00,14.8,2.70,92,82,0.00,0,0.0,0.0,0.0,0.00,0.00,1007.6,NaN
2020-04-21T06:00,14.6,3.11,84,81,0.00,0,0.0,0.0,0.0,0.00,0.00,1008.2,NaN
2020-04-21T07:00,14.6,3.47,78,81,0.00,1,2.0,19.1,1.0,0.00,0.00,1008.7,NaN
2020-04-21T08:00,17.1,3.83,75,72,0.00,1,116.0,495.4,38.0,0.00,0.00,1009.1,NaN
2020-04-21T09:00,20.3,3.40,88,60,0.00,1,326.0,726.7,64.0,0.00,0.00,1009.6,NaN
2020-04-21T10:00,22.3,2.40,107,47,0.00,1,522.0,837.9,76.0,0.00,0.00,1009.4,NaN
2020-04-21T11:00,23.8,1.08,158,40,0.00,1,673.0,889.6,85.0,0.00,0.00,1008.7,NaN
2020-04-21T12:00,24.8,2.44,215,39,0.00,1,756.0,883.6,104.0,0.00,0.00,1008.1,NaN
2020-04-21T13:00,24.0,5.22,212,47,0.00,1,732.0,707.4,196.0,0.00,0.00,1007.5,NaN
2020-04-21T14:00,23.4,5.41,205,49,0.00,1,714.0,803.8,136.0,0.00,0.00,1006.8,NaN
2020-04-21T15:00,23.4,4.85,202,47,0.00,1,619.0,848.3,89.0,0.00,0.00,1006.7,NaN
2020-04-21T16:00,23.0,4.90,197,49,0.00,1,455.0,794.1,73.0,0.00,0.00,1006.9,NaN
2020-04-21T17:00,21.9,5.00,192,53,0.00,1,252.0,651.5,58.0,0.00,0.00,1006.9,NaN
2020-04-21T18:00,20.7,3.61,183,61,0.00,0,58.0,297.9,22.0,0.00,0.00,1006.9,NaN
2020-04-21T19:00,20.0,3.21,175,69,0.00,0,0.0,0.0,0.0,0.00,0.00,1007.4,NaN
2020-04-21T20:00,19.6,3.04,163,71,0.00,0,0.0,0.0,0.0,0.00,0.00,1007.9,NaN
2020-04-21T21:00,18.8,2.33,149,76,0.00,0,0.0,0.0,0.0,0.00,0.00,1007.9,NaN
2020-04-21T22:00,18.1,2.08,145,79,0.00,0,0.0,0.0,0.0,0.00,0.00,1008.0,NaN
2020-04-21T23:00,17.8,2.06,141,82,0.00,0,0.0,0.0,0.0,0.00,0.00,1007.9,NaN
2020-04-22T00:00,17.4,1.84,131,85,0.00,0,0.0,0.0,0.0,0.00,0.00,1007.8,NaN
2020-04-22T01:00,16.9,1.78,128,87,0.00,0,0.0,0.0,0.0,0.00,0.00,1007.5,NaN
2020-04-22T02:00,17.0,1.86,126,87,0.00,0,0.0,0.0,0.0,0.00,0.00,1007.4,NaN
2020-04-22T03:00,17.0,1.84,119,87,0.00,0,0.0,0.0,0.0,0.00,0.00,1007.1,NaN
2020-04-22T04:00,16.7,1.84,103,88,0.00,0,0.0,0.0,0.0,0.00,0.00,1007.0,NaN
2020-04-22T05:00,16.1,1.90,93,88,0.00,0,0.0,0.0,0.0,0.00,0.00,1007.5,NaN
2020-04-22T06:00,15.9,2.00,87,89,0.00,0,0.0,0.0,0.0,0.00,0.00,1007.9,NaN
2020-04-22T07:00,15.6,1.70,93,90,0.00,1,2.0,19.1,1.0,0.00,0.00,1008.4,NaN
2020-04-22T08:00,18.7,1.61,97,77,0.00,1,107.0,431.9,40.0,0.00,0.00,1009.6,NaN
2020-04-22T09:00,21.0,1.58,162,71,0.00,1,296.0,598.0,82.0,0.00,0.00,1010.1,NaN
2020-04-22T10:00,22.4,2.53,198,64,0.00,1,495.0,780.4,82.0,0.00,0.00,1010.1,NaN
2020-04-22T11:00,23.2,3.98,208,60,0.00,1,624.0,757.3,126.0,0.00,0.00,1009.9,NaN
2020-04-22T12:00,23.3,4.79,206,57,0.00,1,687.0,715.0,162.0,0.00,0.00,1009.4,NaN
2020-04-22T13:00,23.0,4.85,202,57,0.00,1,552.0,331.6,302.0,0.00,0.00,1009.1,NaN
2020-04-22T14:00,23.5,4.55,199,55,0.00,1,678.0,743.9,146.0,0.00,0.00,1008.6,NaN
2020-04-22T15:00,23.2,4.90,197,55,0.00,1,541.0,604.1,166.0,0.00,0.00,1008.4,NaN
2020-04-22T16:00,22.6,4.97,195,57,0.00,1,358.0,406.6,164.0,0.00,0.00,1008.8,NaN
2020-04-22T17:00,21.8,4.41,193,58,0.00,1,90.0,40.8,78.0,0.00,0.00,1009.3,NaN
2020-04-22T18:00,21.4,3.45,190,59,0.00,0,30.0,58.9,23.0,0.00,0.00,1009.7,NaN
2020-04-22T19:00,20.4,2.41,185,65,0.00,0,0.0,0.0,0.0,0.00,0.00,1010.3,NaN
2020-04-22T20:00,19.8,2.40,163,72,0.00,0,0.0,0.0,0.0,0.00,0.00,1010.6,NaN
2020-04-22T21:00,19.5,2.06,141,75,0.00,0,0.0,0.0,0.0,0.00,0.00,1010.9,NaN
2020-04-22T22:00,18.0,1.72,126,79,0.00,0,0.0,0.0,0.0,0.00,0.00,1010.9,NaN
2020-04-22T23:00,17.2,1.75,121,82,0.00,0,0.0,0.0,0.0,0.00,0.00,1011.0,NaN
2020-04-23T00:00,18.1,1.80,109,75,0.00,0,0.0,0.0,0.0,0.00,0.00,1010.7,NaN
2020-04-23T01:00,17.4,1.61,97,78,0.00,0,0.0,0.0,0.0,0.00,0.00,1010.4,NaN
2020-04-23T02:00,16.6,1.61,83,81,0.00,0,0.0,0.0,0.0,0.00,0.00,1010.4,NaN
2020-04-23T03:00,16.5,1.90,87,82,0.00,0,0.0,0.0,0.0,0.00,0.00,1009.8,NaN
2020-04-23T04:00,16.3,2.09,107,85,0.00,0,0.0,0.0,0.0,0.00,0.00,1009.8,NaN
2020-04-23T05:00,17.0,2.88,110,83,0.00,0,0.0,0.0,0.0,0.00,0.00,1010.0,NaN
2020-04-23T06:00,16.9,3.32,106,85,0.00,0,0.0,0.0,0.0,0.00,0.00,1010.3,NaN
2020-04-23T07:00,16.8,3.31,95,88,0.00,1,2.0,0.0,2.0,0.00,0.00,1010.8,NaN
2020-04-23T08:00,19.4,3.93,97,76,0.00,1,102.0,418.9,38.0,0.00,0.00,1011.7,NaN
2020-04-23T09:00,21.7,4.02,109,65,0.00,1,285.0,543.4,92.0,0.00,0.00,1012.4,NaN
2020-04-23T10:00,23.7,3.72,121,56,0.00,1,483.0,727.8,100.0,0.00,0.00,1012.2,NaN
2020-04-23T11:00,25.3,3.14,143,47,0.00,1,628.0,814.6,95.0,0.00,0.00,1011.8,NaN
2020-04-23T12:00,26.4,3.34,171,43,0.00,1,724.0,871.8,87.0,0.00,0.00,1010.8,NaN
2020-04-23T13:00,26.5,4.88,191,45,0.00,1,745.0,875.9,88.0,0.00,0.00,1009.6,NaN
2020-04-23T14:00,25.6,6.14,196,54,0.00,1,699.0,861.8,86.0,0.00,0.00,1009.0,NaN
2020-04-23T15:00,24.8,6.69,194,57,0.00,1,591.0,826.8,81.0,0.00,0.00,1008.5,NaN
2020-04-23T16:00,24.1,6.30,190,58,0.00,1,430.0,756.5,72.0,0.00,0.00,1008.3,NaN
2020-04-23T17:00,23.0,5.85,188,62,0.00,1,235.0,616.7,56.0,0.00,0.00,1008.8,NaN
2020-04-23T18:00,22.2,4.60,178,68,0.00,0,51.0,264.9,20.0,0.00,0.00,1009.0,NaN
2020-04-23T19:00,21.8,4.57,170,71,0.00,0,0.0,0.0,0.0,0.00,0.00,1009.3,NaN
2020-04-23T20:00,21.8,4.77,170,71,0.00,0,0.0,0.0,0.0,0.00,0.00,1009.7,NaN
2020-04-23T21:00,21.4,4.36,171,76,0.00,0,0.0,0.0,0.0,0.00,0.00,1009.9,NaN
2020-04-23T22:00,21.0,4.41,167,80,0.00,0,0.0,0.0,0.0,0.00,0.00,1010.0,NaN
2020-04-23T23:00,20.4,3.77,158,85,0.00,0,0.0,0.0,0.0,0.00,0.00,1009.3,NaN
2020-04-24T00:00,19.9,3.30,166,89,0.00,0,0.0,0.0,0.0,0.00,0.00,1009.3,NaN
2020-04-24T01:00,19.8,3.28,168,91,0.00,0,0.0,0.0,0.0,0.00,0.00,1009.1,NaN
2020-04-24T02:00,19.8,3.35,170,90,0.00,0,0.0,0.0,0.0,0.00,0.00,1009.2,NaN
2020-04-24T03:00,19.8,3.49,167,90,0.00,0,0.0,0.0,0.0,0.00,0.00,1009.0,NaN
2020-04-24T04:00,19.8,3.42,159,90,0.00,0,0.0,0.0,0.0,0.00,0.00,1008.9,NaN
2020-04-24T05:00,19.8,3.42,159,89,0.00,0,0.0,0.0,0.0,0.00,0.00,1008.9,NaN
2020-04-24T06:00,19.5,3.58,144,91,0.00,0,0.0,0.0,0.0,0.00,0.00,1008.9,NaN
2020-04-24T07:00,19.2,3.75,134,91,0.00,1,1.0,0.0,1.0,0.00,0.00,1009.3,NaN
2020-04-24T08:00,19.7,4.18,138,77,0.00,1,64.0,211.3,32.0,0.00,0.00,1010.2,NaN
2020-04-24T09:00,21.2,4.39,139,68,0.60,1,154.0,215.6,78.0,0.60,0.00,1010.6,NaN
2020-04-24T10:00,23.7,4.17,150,58,0.00,1,419.0,470.2,173.0,0.00,0.00,1010.1,NaN
2020-04-24T11:00,25.2,3.90,180,53,0.00,1,602.0,751.1,113.0,0.00,0.00,1010.0,NaN
2020-04-24T12:00,24.7,4.91,184,56,0.00,1,536.0,503.4,170.0,0.00,0.00,1009.2,NaN
2020-04-24T13:00,25.3,5.06,189,52,0.00,1,573.0,380.5,289.0,0.00,0.00,1008.4,NaN
2020-04-24T14:00,24.0,5.81,191,59,0.00,1,385.0,118.7,301.0,0.00,0.00,1007.8,NaN
2020-04-24T15:00,24.2,5.32,185,54,0.00,1,448.0,386.7,211.0,0.00,0.00,1007.6,NaN
2020-04-24T16:00,23.8,5.17,195,54,0.00,1,391.0,617.8,101.0,0.00,0.00,1007.9,NaN
2020-04-24T17:00,22.2,6.24,186,69,0.00,1,195.0,373.4,88.0,0.00,0.00,1008.6,NaN
2020-04-24T18:00,21.4,5.91,176,75,0.00,0,27.0,8.7,26.0,0.00,0.00,1009.1,NaN
2020-04-24T19:00,21.3,5.32,176,75,0.00,0,0.0,0.0,0.0,0.00,0.00,1009.8,NaN
2020-04-24T20:00,21.0,5.07,165,74,0.00,0,0.0,0.0,0.0,0.00,0.00,1010.4,NaN
2020-04-24T21:00,20.8,4.59,164,74,0.00,0,0.0,0.0,0.0,0.00,0.00,1010.7,NaN
2020-04-24T22:00,20.7,3.99,158,74,0.00,0,0.0,0.0,0.0,0.00,0.00,1010.7,NaN
2020-04-24T23:00,20.4,3.36,150,76,0.00,0,0.0,0.0,0.0,0.00,0.00,1011.0,NaN
2020-04-25T00:00,20.0,3.11,147,78,0.00,0,0.0,0.0,0.0,0.00,0.00,1010.8,NaN
2020-04-25T01:00,20.1,3.68,158,77,0.00,0,0.0,0.0,0.0,0.00,0.00,1010.8,NaN
2020-04-25T02:00,20.1,3.81,150,77,0.00,0,0.0,0.0,0.0,0.00,0.00,1010.6,NaN
2020-04-25T03:00,19.6,3.20,129,79,0.00,0,0.0,0.0,0.0,0.00,0.00,1010.4,NaN
2020-04-25T04:00,19.1,2.91,117,79,0.00,0,0.0,0.0,0.0,0.00,0.00,1010.5,NaN
2020-04-25T05:00,19.0,2.79,105,78,0.00,0,0.0,0.0,0.0,0.00,0.00,1010.7,NaN
2020-04-25T06:00,19.3,2.67,103,75,0.00,0,0.0,0.0,0.0,0.00,0.00,1011.2,NaN
2020-04-25T07:00,19.5,2.79,111,73,0.00,1,1.0,0.0,1.0,0.00,0.00,1011.5,NaN
2020-04-25T08:00,19.1,3.30,88,79,0.10,1,15.0,0.0,15.0,0.10,0.00,1012.5,NaN
2020-04-25T09:00,20.0,4.15,75,77,0.10,1,105.0,2.9,104.0,0.10,0.00,1012.9,NaN
2020-04-25T10:00,21.4,4.75,82,61,0.00,1,214.0,55.7,185.0,0.00,0.00,1013.0,NaN
2020-04-25T11:00,22.6,4.31,94,51,0.00,1,298.0,32.4,277.0,0.00,0.00,1012.6,NaN
2020-04-25T12:00,23.4,3.86,111,48,0.00,1,330.0,42.8,299.0,0.00,0.00,1012.2,NaN
2020-04-25T13:00,23.3,4.39,120,49,0.00,1,257.0,78.1,199.0,0.00,0.00,1011.7,NaN
2020-04-25T14:00,24.1,3.94,120,51,0.00,1,356.0,186.2,225.0,0.00,0.00,1011.3,NaN
2020-04-25T15:00,24.3,3.76,140,52,0.00,1,294.0,133.0,213.0,0.00,0.00,1011.1,NaN
2020-04-25T16:00,23.7,4.57,157,53,0.00,1,181.0,100.9,134.0,0.00,0.00,1011.5,NaN
2020-04-25T17:00,22.5,5.26,166,57,0.00,1,104.0,88.4,79.0,0.00,0.00,1011.7,NaN
2020-04-25T18:00,21.3,5.03,163,64,0.00,0,12.0,17.6,10.0,0.00,0.00,1012.0,NaN
2020-04-25T19:00,21.2,4.74,152,66,0.00,0,0.0,0.0,0.0,0.00,0.00,1012.5,NaN
2020-04-25T20:00,20.7,4.36,143,61,0.00,0,0.0,0.0,0.0,0.00,0.00,1013.0,NaN
2020-04-25T21:00,20.2,4.33,140,65,0.00,0,0.0,0.0,0.0,0.00,0.00,1013.2,NaN
2020-04-25T22:00,20.0,4.05,140,72,0.00,0,0.0,0.0,0.0,0.00,0.00,1013.4,NaN
2020-04-25T23:00,19.6,3.40,137,76,0.00,0,0.0,0.0,0.0,0.00,0.00,1012.8,NaN
2020-04-26T00:00,19.2,2.90,136,77,0.00,0,0.0,0.0,0.0,0.00,0.00,1012.2,NaN
2020-04-26T01:00,19.3,3.26,140,74,0.00,0,0.0,0.0,0.0,0.00,0.00,1011.8,NaN
2020-04-26T02:00,18.8,3.30,125,70,0.00,0,0.0,0.0,0.0,0.00,0.00,1011.6,NaN
2020-04-26T03:00,18.6,3.09,119,63,0.00,0,0.0,0.0,0.0,0.00,0.00,1011.3,NaN
2020-04-26T04:00,18.3,2.69,121,62,0.00,0,0.0,0.0,0.0,0.00,0.00,1011.4,NaN
2020-04-26T05:00,17.9,2.82,117,63,0.00,0,0.0,0.0,0.0,0.00,0.00,1011.4,NaN
2020-04-26T06:00,17.7,2.88,110,64,0.00,0,0.0,0.0,0.0,0.00,0.00,1011.5,NaN
2020-04-26T07:00,17.6,2.97,110,65,0.00,1,1.0,0.0,1.0,0.00,0.00,1011.7,NaN
2020-04-26T08:00,19.9,3.67,107,58,0.00,1,99.0,430.2,35.0,0.00,0.00,1012.0,NaN
2020-04-26T09:00,22.9,3.85,99,47,0.00,1,294.0,665.6,63.0,0.00,0.00,1012.3,NaN
2020-04-26T10:00,25.5,3.35,100,40,0.00,1,478.0,777.3,76.0,0.00,0.00,1011.8,NaN
2020-04-26T11:00,27.2,1.92,129,36,0.00,1,620.0,822.5,90.0,0.00,0.00,1011.3,NaN
2020-04-26T12:00,27.9,2.61,184,35,0.00,1,645.0,702.8,139.0,0.00,0.00,1010.6,NaN
2020-04-26T13:00,26.6,5.09,200,45,0.00,1,479.0,251.7,293.0,0.00,0.00,1010.0,NaN
2020-04-26T14:00,25.7,6.43,192,54,0.00,1,504.0,283.0,306.0,0.00,0.00,1009.7,NaN
2020-04-26T15:00,25.4,6.56,188,54,0.00,1,519.0,556.8,182.0,0.00,0.00,1009.5,NaN
2020-04-26T16:00,24.7,6.31,184,56,0.00,1,366.0,550.0,112.0,0.00,0.00,1009.8,NaN
2020-04-26T17:00,23.7,5.81,184,66,0.00,1,200.0,426.1,81.0,0.00,0.00,1009.9,NaN
2020-04-26T18:00,22.7,3.67,163,73,0.00,0,27.0,9.0,26.0,0.00,0.00,1010.1,NaN
2020-04-26T19:00,22.3,2.46,153,73,0.00,0,0.0,0.0,0.0,0.00,0.00,1011.0,NaN
2020-04-26T20:00,22.1,3.94,156,72,0.00,0,0.0,0.0,0.0,0.00,0.00,1010.7,NaN
2020-04-26T21:00,21.7,3.26,153,76,0.00,0,0.0,0.0,0.0,0.00,0.00,1010.9,NaN
2020-04-26T22:00,21.2,1.98,139,77,0.00,0,0.0,0.0,0.0,0.00,0.00,1010.5,NaN
2020-04-26T23:00,20.8,1.27,135,78,0.00,0,0.0,0.0,0.0,0.00,0.00,1010.4,NaN
2020-04-27T00:00,19.5,1.33,193,86,0.00,0,0.0,0.0,0.0,0.00,0.00,1009.6,NaN
2020-04-27T01:00,19.7,2.00,177,85,0.00,0,0.0,0.0,0.0,0.00,0.00,1009.4,NaN
2020-04-27T02:00,19.8,1.34,153,83,0.00,0,0.0,0.0,0.0,0.00,0.00,1009.3,NaN
2020-04-27T03:00,20.5,1.06,131,78,0.00,0,0.0,0.0,0.0,0.00,0.00,1008.9,NaN
2020-04-27T04:00,20.1,1.14,128,79,0.00,0,0.0,0.0,0.0,0.00,0.00,1008.7,NaN
2020-04-27T05:00,19.5,1.53,148,80,0.00,0,0.0,0.0,0.0,0.00,0.00,1008.4,NaN
2020-04-27T06:00,19.0,1.50,127,80,0.00,0,0.0,0.0,0.0,0.00,0.00,1008.8,NaN
2020-04-27T07:00,19.6,3.26,130,74,0.00,1,0.0,0.0,0.0,0.00,0.00,1008.4,NaN
2020-04-27T08:00,19.4,1.03,331,76,0.00,1,19.0,0.0,19.0,0.00,0.00,1010.1,NaN
2020-04-27T09:00,21.0,0.85,201,63,0.00,1,150.0,31.9,139.0,0.00,0.00,1010.5,NaN
2020-04-27T10:00,21.9,2.32,187,56,0.00,1,219.0,48.6,194.0,0.00,0.00,1010.4,NaN
2020-04-27T11:00,23.2,3.11,186,49,0.00,1,385.0,237.1,233.0,0.00,0.00,1009.5,NaN
2020-04-27T12:00,23.3,4.20,192,53,0.60,1,444.0,307.1,224.0,0.60,0.00,1009.1,NaN
2020-04-27T13:00,23.3,5.12,192,56,0.00,1,481.0,308.8,254.0,0.00,0.00,1008.6,NaN
2020-04-27T14:00,23.6,6.59,190,57,0.00,1,530.0,434.0,228.0,0.00,0.00,1008.3,NaN
2020-04-27T15:00,23.7,7.58,188,64,0.00,1,565.0,793.2,88.0,0.00,0.00,1008.4,NaN
2020-04-27T16:00,23.1,8.29,188,67,0.00,1,378.0,613.5,97.0,0.00,0.00,1008.8,NaN
2020-04-27T17:00,21.7,8.56,187,77,0.00,1,148.0,232.2,84.0,0.00,0.00,1009.6,NaN
2020-04-27T18:00,20.7,7.80,180,81,0.00,0,29.0,109.4,17.0,0.00,0.00,1009.8,NaN
2020-04-27T19:00,20.4,6.94,174,84,0.00,0,0.0,0.0,0.0,0.00,0.00,1010.5,NaN
2020-04-27T20:00,19.9,6.70,178,83,0.00,0,0.0,0.0,0.0,0.00,0.00,1011.1,NaN
2020-04-27T21:00,19.7,6.51,177,82,0.00,0,0.0,0.0,0.0,0.00,0.00,1011.2,NaN
2020-04-27T22:00,19.5,6.52,176,82,0.00,0,0.0,0.0,0.0,0.00,0.00,1011.5,NaN
2020-04-27T23:00,19.3,6.30,170,80,0.00,0,0.0,0.0,0.0,0.00,0.00,1011.5,NaN
2020-04-28T00:00,19.1,5.89,165,80,0.00,0,0.0,0.0,0.0,0.00,0.00,1011.3,NaN
2020-04-28T01:00,18.1,5.69,162,84,0.00,0,0.0,0.0,0.0,0.00,0.00,1011.2,NaN
2020-04-28T02:00,18.0,4.36,143,84,0.00,0,0.0,0.0,0.0,0.00,0.00,1011.0,NaN
2020-04-28T03:00,17.5,4.12,129,84,0.00,0,0.0,0.0,0.0,0.00,0.00,1011.1,NaN
2020-04-28T04:00,16.7,4.16,117,80,0.00,0,0.0,0.0,0.0,0.00,0.00,1011.1,NaN
2020-04-28T05:00,17.1,4.88,134,68,0.00,0,0.0,0.0,0.0,0.00,0.00,1011.4,NaN
2020-04-28T06:00,17.2,4.14,127,67,0.00,0,0.0,0.0,0.0,0.00,0.00,1011.7,NaN
2020-04-28T07:00,16.4,3.74,124,70,0.00,1,1.0,0.0,1.0,0.00,0.00,1012.1,NaN
2020-04-28T08:00,18.5,3.77,112,58,0.00,1,91.0,335.4,42.0,0.00,0.00,1013.0,NaN
2020-04-28T09:00,20.2,4.44,113,55,0.00,1,164.0,90.7,133.0,0.00,0.00,1013.6,NaN
2020-04-28T10:00,22.2,5.39,140,46,0.00,1,449.0,643.7,120.0,0.00,0.00,1013.5,NaN
2020-04-28T11:00,23.3,6.01,162,42,0.00,1,599.0,727.6,135.0,0.00,0.00,1013.3,NaN
2020-04-28T12:00,24.0,5.79,170,38,0.00,1,675.0,736.5,150.0,0.00,0.00,1012.8,NaN
2020-04-28T13:00,24.5,5.90,182,39,0.00,1,734.0,871.0,97.0,0.00,0.00,1012.0,NaN
2020-04-28T14:00,23.3,7.38,196,54,0.00,1,695.0,871.3,92.0,0.00,0.00,1011.5,NaN
2020-04-28T15:00,22.8,7.57,188,56,0.00,1,579.0,830.1,83.0,0.00,0.00,1011.2,NaN
2020-04-28T16:00,22.2,7.60,179,63,0.00,1,420.0,770.4,70.0,0.00,0.00,1011.4,NaN
2020-04-28T17:00,21.2,7.42,175,68,0.00,1,223.0,621.1,54.0,0.00,0.00,1011.0,NaN
2020-04-28T18:00,20.8,6.18,171,68,0.00,0,42.0,231.6,17.0,0.00,0.00,1011.1,NaN
2020-04-28T19:00,19.9,7.59,167,70,0.00,0,0.0,0.0,0.0,0.00,0.00,1011.8,NaN
2020-04-28T20:00,19.2,6.59,158,69,0.00,0,0.0,0.0,0.0,0.00,0.00,1012.6,NaN
2020-04-28T21:00,18.6,5.82,151,68,0.00,0,0.0,0.0,0.0,0.00,0.00,1013.2,NaN
2020-04-28T22:00,18.0,5.63,147,64,0.00,0,0.0,0.0,0.0,0.00,0.00,1013.7,NaN
2020-04-28T23:00,17.2,4.97,140,63,0.00,0,0.0,0.0,0.0,0.00,0.00,1014.0,NaN
2020-04-29T00:00,16.4,4.81,137,61,0.00,0,0.0,0.0,0.0,0.00,0.00,1014.0,NaN
2020-04-29T01:00,15.8,5.33,130,56,0.00,0,0.0,0.0,0.0,0.00,0.00,1013.6,NaN
2020-04-29T02:00,15.4,5.11,121,53,0.00,0,0.0,0.0,0.0,0.00,0.00,1013.4,NaN
2020-04-29T03:00,14.9,4.66,113,53,0.00,0,0.0,0.0,0.0,0.00,0.00,1013.3,NaN
2020-04-29T04:00,14.3,4.52,115,55,0.00,0,0.0,0.0,0.0,0.00,0.00,1013.3,NaN
2020-04-29T05:00,13.9,4.79,116,54,0.00,0,0.0,0.0,0.0,0.00,0.00,1013.7,NaN
2020-04-29T06:00,13.6,4.87,109,53,0.00,0,0.0,0.0,0.0,0.00,0.00,1014.3,NaN
2020-04-29T07:00,13.5,5.57,108,50,0.00,1,1.0,0.0,1.0,0.00,0.00,1014.7,NaN
2020-04-29T08:00,15.3,6.74,105,43,0.00,1,97.0,386.9,41.0,0.00,0.00,1015.2,NaN
2020-04-29T09:00,17.2,7.69,103,37,0.00,1,292.0,599.0,89.0,0.00,0.00,1016.0,NaN
2020-04-29T10:00,19.2,8.02,100,32,0.00,1,491.0,779.5,95.0,0.00,0.00,1015.6,NaN
2020-04-29T11:00,21.1,7.88,98,28,0.00,1,646.0,862.3,99.0,0.00,0.00,1015.4,NaN
2020-04-29T12:00,22.8,7.37,98,24,0.00,1,735.0,892.5,102.0,0.00,0.00,1014.8,NaN
2020-04-29T13:00,24.1,6.76,98,20,0.00,1,737.0,804.0,152.0,0.00,0.00,1013.9,NaN
2020-04-29T14:00,25.0,6.26,98,18,0.00,1,671.0,717.8,177.0,0.00,0.00,1013.3,NaN
2020-04-29T15:00,25.3,6.05,98,17,0.00,1,551.0,634.9,174.0,0.00,0.00,1012.9,NaN
2020-04-29T16:00,25.3,6.08,99,16,0.00,1,431.0,781.1,79.0,0.00,0.00,1012.9,NaN
2020-04-29T17:00,24.3,5.53,103,17,0.00,1,226.0,606.8,63.0,0.00,0.00,1013.0,NaN
2020-04-29T18:00,22.0,4.16,114,19,0.00,0,43.0,235.5,18.0,0.00,0.00,1013.3,NaN
2020-04-29T19:00,20.7,3.98,118,21,0.00,0,0.0,0.0,0.0,0.00,0.00,1014.2,NaN
2020-04-29T20:00,20.1,4.63,123,22,0.00,0,0.0,0.0,0.0,0.00,0.00,1015.0,NaN
2020-04-29T21:00,19.3,5.37,119,24,0.00,0,0.0,0.0,0.0,0.00,0.00,1015.2,NaN
2020-04-29T22:00,19.0,5.78,113,25,0.00,0,0.0,0.0,0.0,0.00,0.00,1015.3,NaN
2020-04-29T23:00,18.7,5.85,110,26,0.00,0,0.0,0.0,0.0,0.00,0.00,1015.3,NaN
2020-04-30T00:00,18.1,6.18,104,29,0.00,0,0.0,0.0,0.0,0.00,0.00,1015.1,NaN
2020-04-30T01:00,17.7,6.61,93,30,0.00,0,0.0,0.0,0.0,0.00,0.00,1014.6,NaN
2020-04-30T02:00,17.5,7.13,85,31,0.00,0,0.0,0.0,0.0,0.00,0.00,1014.3,NaN
2020-04-30T03:00,17.1,7.28,81,32,0.00,0,0.0,0.0,0.0,0.00,0.00,1014.0,NaN
2020-04-30T04:00,16.7,7.00,80,33,0.00,0,0.0,0.0,0.0,0.00,0.00,1014.1,NaN
2020-04-30T05:00,16.3,7.04,79,34,0.00,0,0.0,0.0,0.0,0.00,0.00,1014.2,NaN
2020-04-30T06:00,16.1,7.40,77,35,0.00,0,0.0,0.0,0.0,0.00,0.00,1014.3,NaN
2020-04-30T07:00,15.7,7.28,77,36,0.00,1,1.0,0.0,1.0,0.00,0.00,1014.8,NaN
2020-04-30T08:00,16.6,9.46,74,35,0.00,1,94.0,369.6,41.0,0.00,0.00,1015.0,NaN
2020-04-30T09:00,18.3,10.24,75,32,0.00,1,293.0,633.6,80.0,0.00,0.00,1015.4,NaN
2020-04-30T10:00,20.1,9.68,74,28,0.00,1,459.0,659.4,126.0,0.00,0.00,1015.5,NaN
2020-04-30T11:00,21.9,8.90,75,24,0.00,1,627.0,808.2,117.0,0.00,0.00,1015.1,NaN
2020-04-30T12:00,23.5,7.84,79,22,0.00,1,723.0,867.2,111.0,0.00,0.00,1014.7,NaN
2020-04-30T13:00,24.7,7.20,80,20,0.00,1,754.0,911.7,94.0,0.00,0.00,1013.8,NaN
2020-04-30T14:00,25.6,6.75,83,18,0.00,1,700.0,875.1,101.0,0.00,0.00,1012.9,NaN
2020-04-30T15:00,25.9,6.73,85,18,0.00,1,580.0,801.7,107.0,0.00,0.00,1012.7,NaN
2020-04-30T16:00,25.5,6.84,84,18,0.00,1,389.0,579.4,130.0,0.00,0.00,1012.5,NaN
2020-04-30T17:00,24.6,6.11,86,19,0.00,1,196.0,422.4,84.0,0.00,0.00,1012.2,NaN
2020-04-30T18:00,22.7,4.83,96,21,0.00,0,32.0,105.3,21.0,0.00,0.00,1012.5,NaN
2020-04-30T19:00,21.6,5.51,94,23,0.00,0,0.0,0.0,0.0,0.00,0.00,1012.7,NaN
2020-04-30T20:00,20.0,5.61,94,25,0.00,0,0.0,0.0,0.0,0.00,0.00,1013.5,NaN
2020-04-30T21:00,19.0,6.51,86,26,0.00,0,0.0,0.0,0.0,0.00,0.00,1013.4,NaN
2020-04-30T22:00,18.4,7.09,81,27,0.00,0,0.0,0.0,0.0,0.00,0.00,1013.3,NaN
2020-04-30T23:00,17.9,7.91,77,28,0.00,0,0.0,0.0,0.0,0.00,0.00,1012.9,NaN
2020-05-01T00:00,17.6,8.63,72,28,0.00,0,0.0,0.0,0.0,0.00,0.00,1012.2,NaN
2020-05-01T01:00,17.3,9.13,65,29,0.00,0,0.0,0.0,0.0,0.00,0.00,1011.7,NaN
2020-05-01T02:00,17.0,9.04,61,29,0.00,0,0.0,0.0,0.0,0.00,0.00,1011.5,NaN
2020-05-01T03:00,16.7,8.71,58,30,0.00,0,0.0,0.0,0.0,0.00,0.00,1011.4,NaN
2020-05-01T04:00,16.3,8.10,57,31,0.00,0,0.0,0.0,0.0,0.00,0.00,1011.4,NaN
2020-05-01T05:00,16.0,8.18,57,33,0.00,0,0.0,0.0,0.0,0.00,0.00,1011.5,NaN
2020-05-01T06:00,15.8,8.60,57,34,0.00,0,0.0,0.0,0.0,0.00,0.00,1011.6,NaN
2020-05-01T07:00,15.5,9.01,56,36,0.00,1,1.0,0.0,1.0,0.00,0.00,1011.9,NaN
2020-05-01T08:00,16.4,8.36,53,36,0.00,1,98.0,464.6,32.0,0.00,0.00,1012.3,NaN
2020-05-01T09:00,18.7,9.12,52,31,0.00,1,302.0,722.7,61.0,0.00,0.00,1012.6,NaN
2020-05-01T10:00,20.9,8.31,50,26,0.00,1,494.0,836.8,74.0,0.00,0.00,1012.4,NaN
2020-05-01T11:00,23.2,7.39,50,22,0.00,1,641.0,893.8,80.0,0.00,0.00,1012.1,NaN
2020-05-01T12:00,25.1,6.61,51,19,0.00,1,730.0,918.6,85.0,0.00,0.00,1011.0,NaN
2020-05-01T13:00,26.5,5.67,49,17,0.00,1,752.0,926.1,85.0,0.00,0.00,1010.1,NaN
2020-05-01T14:00,27.4,4.46,46,16,0.00,1,705.0,913.7,83.0,0.00,0.00,1009.3,NaN
2020-05-01T15:00,27.8,3.19,41,15,0.00,1,594.0,878.4,79.0,0.00,0.00,1009.1,NaN
2020-05-01T16:00,27.5,2.27,49,15,0.00,1,426.0,805.1,69.0,0.00,0.00,1009.2,NaN
2020-05-01T17:00,26.4,2.02,81,16,0.00,1,223.0,653.2,52.0,0.00,0.00,1009.2,NaN
2020-05-01T18:00,21.3,2.67,103,23,0.00,0,39.0,233.6,15.0,0.00,0.00,1009.3,NaN
2020-05-01T19:00,20.8,2.30,90,23,0.00,0,0.0,0.0,0.0,0.00,0.00,1009.7,NaN
2020-05-01T20:00,20.3,3.85,81,23,0.00,0,0.0,0.0,0.0,0.00,0.00,1009.7,NaN
2020-05-01T21:00,19.8,4.90,73,22,0.00,0,0.0,0.0,0.0,0.00,0.00,1009.5,NaN
2020-05-01T22:00,19.7,5.69,66,22,0.00,0,0.0,0.0,0.0,0.00,0.00,1009.4,NaN
2020-05-01T23:00,19.6,6.31,61,23,0.00,0,0.0,0.0,0.0,0.00,0.00,1009.1,NaN
2020-05-02T00:00,19.3,6.69,58,24,0.00,0,0.0,0.0,0.0,0.00,0.00,1008.9,NaN
2020-05-02T01:00,18.9,6.99,56,25,0.00,0,0.0,0.0,0.0,0.00,0.00,1008.3,NaN
2020-05-02T02:00,18.7,7.28,53,25,0.00,0,0.0,0.0,0.0,0.00,0.00,1007.9,NaN
2020-05-02T03:00,18.6,7.45,50,26,0.00,0,0.0,0.0,0.0,0.00,0.00,1007.4,NaN
2020-05-02T04:00,18.0,7.50,47,28,0.00,0,0.0,0.0,0.0,0.00,0.00,1007.3,NaN
2020-05-02T05:00,17.6,7.57,46,29,0.00,0,0.0,0.0,0.0,0.00,0.00,1007.6,NaN
2020-05-02T06:00,17.2,7.64,45,30,0.00,0,0.0,0.0,0.0,0.00,0.00,1007.8,NaN
2020-05-02T07:00,17.0,7.64,44,31,0.00,1,1.0,0.0,1.0,0.00,0.00,1008.0,NaN
2020-05-02T08:00,19.0,7.57,42,29,0.00,1,92.0,433.5,31.0,0.00,0.00,1008.7,NaN
2020-05-02T09:00,22.0,7.61,39,24,0.00,1,288.0,689.4,60.0,0.00,0.00,1008.8,NaN
2020-05-02T10:00,24.8,7.05,35,20,0.00,1,474.0,805.8,72.0,0.00,0.00,1008.7,NaN
2020-05-02T11:00,27.3,6.22,28,17,0.00,1,619.0,863.2,80.0,0.00,0.00,1008.2,NaN
2020-05-02T12:00,29.2,4.68,16,15,0.00,1,704.0,881.7,88.0,0.00,0.00,1007.5,NaN
2020-05-02T13:00,30.1,3.10,345,14,0.00,1,714.0,837.3,114.0,0.00,0.00,1006.7,NaN
2020-05-02T14:00,29.3,3.81,275,18,0.00,1,666.0,818.3,112.0,0.00,0.00,1006.2,NaN
2020-05-02T15:00,26.2,4.93,252,29,0.00,1,556.0,777.5,103.0,0.00,0.00,1006.4,NaN
2020-05-02T16:00,25.6,3.04,261,32,0.00,1,393.0,684.3,92.0,0.00,0.00,1006.9,NaN
2020-05-02T17:00,24.4,1.84,248,42,0.00,1,176.0,371.5,80.0,0.00,0.00,1007.1,NaN
2020-05-02T18:00,22.8,1.00,276,51,0.00,0,36.0,207.8,15.0,0.00,0.00,1007.1,NaN
2020-05-02T19:00,22.7,0.80,360,49,0.00,0,0.0,0.0,0.0,0.00,0.00,1007.6,NaN
2020-05-02T20:00,22.2,0.94,32,51,0.00,0,0.0,0.0,0.0,0.00,0.00,1008.0,NaN
2020-05-02T21:00,19.0,1.08,56,59,0.00,0,0.0,0.0,0.0,0.00,0.00,1008.2,NaN
2020-05-02T22:00,17.2,1.56,50,62,0.00,0,0.0,0.0,0.0,0.00,0.00,1008.1,NaN
2020-05-02T23:00,17.4,2.11,59,56,0.00,0,0.0,0.0,0.0,0.00,0.00,1007.9,NaN
2020-05-03T00:00,17.0,2.92,59,55,0.00,0,0.0,0.0,0.0,0.00,0.00,1007.4,NaN
2020-05-03T01:00,17.8,3.86,53,44,0.00,0,0.0,0.0,0.0,0.00,0.00,1007.2,NaN
2020-05-03T02:00,19.7,5.02,35,26,0.00,0,0.0,0.0,0.0,0.00,0.00,1006.9,NaN
2020-05-03T03:00,19.7,5.27,33,24,0.00,0,0.0,0.0,0.0,0.00,0.00,1006.8,NaN
2020-05-03T04:00,19.3,5.44,32,24,0.00,0,0.0,0.0,0.0,0.00,0.00,1006.8,NaN
2020-05-03T05:00,19.2,5.61,31,24,0.00,0,0.0,0.0,0.0,0.00,0.00,1006.9,NaN
2020-05-03T06:00,19.1,5.64,30,24,0.00,0,0.0,0.0,0.0,0.00,0.00,1007.2,NaN
2020-05-03T07:00,18.9,5.51,29,25,0.00,1,0.0,0.0,0.0,0.00,0.00,1007.6,NaN
2020-05-03T08:00,20.8,5.99,28,22,0.00,1,85.0,344.4,37.0,0.00,0.00,1008.5,NaN
2020-05-03T09:00,23.9,5.25,18,18,0.00,1,279.0,646.3,67.0,0.00,0.00,1008.6,NaN
2020-05-03T10:00,26.2,4.40,359,16,0.00,1,389.0,427.5,177.0,0.00,0.00,1008.8,NaN
2020-05-03T11:00,28.1,4.06,322,15,0.00,1,591.0,755.1,122.0,0.00,0.00,1008.2,NaN
2020-05-03T12:00,27.4,4.60,272,24,0.00,1,700.0,887.6,83.0,0.00,0.00,1007.3,NaN
2020-05-03T13:00,25.6,5.91,266,31,0.00,1,719.0,892.0,83.0,0.00,0.00,1007.0,NaN
2020-05-03T14:00,25.2,5.15,278,43,0.00,1,670.0,874.7,81.0,0.00,0.00,1006.7,NaN
2020-05-03T15:00,24.6,4.30,267,61,0.00,1,560.0,834.2,77.0,0.00,0.00,1006.4,NaN
2020-05-03T16:00,23.6,3.01,264,72,0.00,1,396.0,751.6,68.0,0.00,0.00,1006.6,NaN
2020-05-03T17:00,22.8,2.50,270,76,0.00,1,203.0,595.7,51.0,0.00,0.00,1006.8,NaN
2020-05-03T18:00,20.7,1.20,270,88,0.00,0,33.0,191.1,14.0,0.00,0.00,1007.3,NaN
2020-05-03T19:00,19.7,1.80,289,94,0.00,0,0.0,0.0,0.0,0.00,0.00,1007.7,NaN
2020-05-03T20:00,20.8,0.95,342,91,0.00,0,0.0,0.0,0.0,0.00,0.00,1008.1,NaN
2020-05-03T21:00,18.6,2.22,306,96,0.00,0,0.0,0.0,0.0,0.00,0.00,1008.1,NaN
2020-05-03T22:00,19.2,1.46,344,96,0.00,0,0.0,0.0,0.0,0.00,0.00,1007.9,NaN
2020-05-03T23:00,17.9,1.25,29,98,0.00,0,0.0,0.0,0.0,0.00,0.00,1007.6,NaN
2020-05-04T00:00,18.4,1.84,49,96,0.00,0,0.0,0.0,0.0,0.00,0.00,1007.5,NaN
2020-05-04T01:00,18.3,2.33,47,98,0.00,0,0.0,0.0,0.0,0.00,0.00,1007.0,NaN
2020-05-04T02:00,17.7,2.48,40,98,0.00,0,0.0,0.0,0.0,0.00,0.00,1007.0,NaN
2020-05-04T03:00,18.0,2.24,27,97,0.00,0,0.0,0.0,0.0,0.00,0.00,1006.6,NaN
2020-05-04T04:00,17.9,2.59,28,98,0.00,0,0.0,0.0,0.0,0.00,0.00,1006.7,NaN
2020-05-04T05:00,17.7,2.83,32,98,0.00,0,0.0,0.0,0.0,0.00,0.00,1006.8,NaN
2020-05-04T06:00,17.9,3.05,23,98,0.00,0,0.0,0.0,0.0,0.00,0.00,1007.0,NaN
2020-05-04T07:00,18.1,3.32,21,97,0.00,1,0.0,0.0,0.0,0.00,0.00,1007.3,NaN
2020-05-04T08:00,19.2,3.09,29,96,0.00,1,43.0,29.0,39.0,0.00,0.00,1008.0,NaN
2020-05-04T09:00,21.2,3.23,16,86,0.00,1,138.0,70.7,115.0,0.00,0.00,1007.8,NaN
2020-05-04T10:00,23.9,3.88,348,65,0.00,1,350.0,411.9,147.0,0.00,0.00,1008.2,NaN
2020-05-04T11:00,24.7,4.42,322,58,0.00,1,323.0,136.0,239.0,0.00,0.00,1007.9,NaN
2020-05-04T12:00,25.3,4.96,298,55,0.00,1,438.0,216.9,288.0,0.00,0.00,1007.3,NaN
2020-05-04T13:00,24.3,6.22,281,67,0.00,1,434.0,163.5,318.0,0.00,0.00,1007.2,NaN
2020-05-04T14:00,23.6,5.86,297,72,0.00,1,379.0,197.1,247.0,0.00,0.00,1006.8,NaN
2020-05-04T15:00,23.7,5.10,305,70,0.00,1,278.0,90.4,226.0,0.00,0.00,1006.2,NaN
2020-05-04T16:00,23.2,4.91,303,74,0.00,1,157.0,32.3,143.0,0.00,0.00,1006.2,NaN
2020-05-04T17:00,22.7,4.61,300,79,0.00,1,108.0,107.2,81.0,0.00,0.00,1006.4,NaN
2020-05-04T18:00,21.9,4.12,284,84,0.00,0,16.0,20.4,14.0,0.00,0.00,1006.9,NaN
2020-05-04T19:00,20.7,4.07,242,89,0.20,0,0.0,0.0,0.0,0.20,0.00,1007.7,NaN
2020-05-04T20:00,20.5,2.83,302,93,0.00,0,0.0,0.0,0.0,0.00,0.00,1007.5,NaN
2020-05-04T21:00,20.1,1.75,283,94,0.00,0,0.0,0.0,0.0,0.00,0.00,1007.6,NaN
2020-05-04T22:00,19.7,1.41,262,94,0.00,0,0.0,0.0,0.0,0.00,0.00,1007.4,NaN
2020-05-04T23:00,18.9,1.50,266,94,0.00,0,0.0,0.0,0.0,0.00,0.00,1007.4,NaN
2020-05-05T00:00,18.6,1.50,266,93,0.00,0,0.0,0.0,0.0,0.00,0.00,1007.2,NaN
2020-05-05T01:00,18.6,1.51,262,93,0.00,0,0.0,0.0,0.0,0.00,0.00,1007.0,NaN
2020-05-05T02:00,18.4,1.71,263,93,0.00,0,0.0,0.0,0.0,0.00,0.00,1006.7,NaN
2020-05-05T03:00,18.1,1.84,248,93,0.00,0,0.0,0.0,0.0,0.00,0.00,1006.4,NaN
2020-05-05T04:00,18.6,1.65,194,95,0.60,0,0.0,0.0,0.0,0.60,0.00,1006.2,NaN
2020-05-05T05:00,19.2,1.20,138,92,0.10,0,0.0,0.0,0.0,0.10,0.00,1006.3,NaN
2020-05-05T06:00,18.7,1.00,90,96,0.30,0,0.0,0.0,0.0,0.30,0.00,1006.1,NaN
2020-05-05T07:00,18.7,0.86,36,95,0.20,1,0.0,0.0,0.0,0.20,0.00,1006.4,NaN
2020-05-05T08:00,19.0,2.20,273,94,0.10,1,48.0,139.0,29.0,0.10,0.00,1006.3,NaN
2020-05-05T09:00,20.6,2.78,330,84,0.00,1,175.0,303.8,77.0,0.00,0.00,1006.3,NaN
2020-05-05T10:00,22.3,3.58,333,76,0.10,1,299.0,222.5,190.0,0.10,0.00,1006.1,NaN
2020-05-05T11:00,21.1,6.93,303,83,4.00,1,321.0,231.1,179.0,4.00,0.00,1005.9,NaN
2020-05-05T12:00,20.8,8.07,304,84,1.90,1,380.0,268.8,195.0,1.90,0.00,1005.5,NaN
2020-05-05T13:00,20.4,9.12,291,85,0.40,1,352.0,205.4,207.0,0.40,0.00,1005.2,NaN
2020-05-05T14:00,21.1,7.62,293,83,0.20,1,288.0,175.6,171.0,0.20,0.00,1004.5,NaN
2020-05-05T15:00,21.4,8.22,288,79,0.50,1,341.0,220.3,215.0,0.50,0.00,1004.3,NaN
2020-05-05T16:00,20.8,8.63,283,75,0.30,1,142.0,81.5,107.0,0.30,0.00,1004.6,NaN
2020-05-05T17:00,21.2,8.13,291,69,0.10,1,52.0,52.2,39.0,0.10,0.00,1004.8,NaN
2020-05-05T18:00,20.5,8.60,279,72,0.20,0,24.0,135.0,11.0,0.20,0.00,1005.3,NaN
2020-05-05T19:00,20.5,8.77,277,65,0.10,0,0.0,0.0,0.0,0.10,0.00,1006.1,NaN
2020-05-05T20:00,20.9,8.32,288,56,0.00,0,0.0,0.0,0.0,0.00,0.00,1005.9,NaN
2020-05-05T21:00,20.7,8.61,268,61,0.10,0,0.0,0.0,0.0,0.10,0.00,1005.8,NaN
2020-05-05T22:00,18.2,8.27,262,89,1.00,0,0.0,0.0,0.0,1.00,0.00,1006.5,NaN
2020-05-05T23:00,18.0,7.78,242,83,0.60,0,0.0,0.0,0.0,0.60,0.00,1006.8,NaN
2020-05-06T00:00,18.5,8.58,238,71,0.20,0,0.0,0.0,0.0,0.20,0.00,1007.0,NaN
2020-05-06T01:00,18.5,9.26,237,63,0.00,0,0.0,0.0,0.0,0.00,0.00,1007.4,NaN
2020-05-06T02:00,18.9,9.54,240,57,0.00,0,0.0,0.0,0.0,0.00,0.00,1007.5,NaN
2020-05-06T03:00,18.1,8.54,235,55,0.00,0,0.0,0.0,0.0,0.00,0.00,1007.7,NaN
2020-05-06T04:00,17.7,8.38,234,57,0.00,0,0.0,0.0,0.0,0.00,0.00,1008.0,NaN
2020-05-06T05:00,17.4,8.06,233,58,0.00,0,0.0,0.0,0.0,0.00,0.00,1008.5,NaN
2020-05-06T06:00,17.6,7.96,231,55,0.00,0,0.0,0.0,0.0,0.00,0.00,1009.0,NaN
2020-05-06T07:00,17.6,7.89,231,51,0.00,1,0.0,0.0,0.0,0.00,0.00,1009.5,NaN
2020-05-06T08:00,18.2,7.74,234,53,0.00,1,35.0,59.1,27.0,0.00,0.00,1010.0,NaN
2020-05-06T09:00,18.8,7.76,232,50,0.00,1,200.0,356.3,86.0,0.00,0.00,1010.8,NaN
2020-05-06T10:00,19.2,7.99,226,49,0.00,1,373.0,410.8,173.0,0.00,0.00,1011.5,NaN
2020-05-06T11:00,19.4,7.35,225,47,0.00,1,439.0,425.3,179.0,0.00,0.00,1011.5,NaN
2020-05-06T12:00,19.6,7.43,222,45,0.00,1,435.0,353.4,193.0,0.00,0.00,1011.3,NaN
2020-05-06T13:00,19.8,6.94,221,42,0.00,1,476.0,290.5,272.0,0.00,0.00,1010.9,NaN
2020-05-06T14:00,19.7,7.58,221,46,0.00,1,489.0,339.5,264.0,0.00,0.00,1010.8,NaN
2020-05-06T15:00,19.4,6.44,216,45,0.00,1,258.0,103.8,199.0,0.00,0.00,1010.8,NaN
2020-05-06T16:00,18.8,7.02,206,53,0.00,1,222.0,183.0,144.0,0.00,0.00,1011.2,NaN
2020-05-06T17:00,18.5,6.11,201,52,0.00,1,135.0,260.4,71.0,0.00,0.00,1011.6,NaN
2020-05-06T18:00,17.5,5.97,194,60,0.00,0,25.0,137.2,12.0,0.00,0.00,1011.7,NaN
2020-05-06T19:00,17.9,5.47,189,52,0.00,0,0.0,0.0,0.0,0.00,0.00,1012.1,NaN
2020-05-06T20:00,17.2,4.23,187,51,0.00,0,0.0,0.0,0.0,0.00,0.00,1012.4,NaN
2020-05-06T21:00,17.0,3.10,180,55,0.00,0,0.0,0.0,0.0,0.00,0.00,1012.9,NaN
2020-05-06T22:00,17.5,4.13,173,53,0.00,0,0.0,0.0,0.0,0.00,0.00,1012.8,NaN
2020-05-06T23:00,17.1,4.59,169,55,0.00,0,0.0,0.0,0.0,0.00,0.00,1012.6,NaN
2020-05-07T00:00,15.9,3.31,155,61,0.00,0,0.0,0.0,0.0,0.00,0.00,1012.4,NaN
2020-05-07T01:00,14.8,2.70,129,66,0.00,0,0.0,0.0,0.0,0.00,0.00,1012.2,NaN
2020-05-07T02:00,14.5,3.60,92,65,0.00,0,0.0,0.0,0.0,0.00,0.00,1012.6,NaN
2020-05-07T03:00,14.2,3.93,75,66,0.00,0,0.0,0.0,0.0,0.00,0.00,1012.3,NaN
2020-05-07T04:00,14.1,3.79,78,67,0.00,0,0.0,0.0,0.0,0.00,0.00,1012.1,NaN
2020-05-07T05:00,14.1,3.71,76,66,0.00,0,0.0,0.0,0.0,0.00,0.00,1012.3,NaN
2020-05-07T06:00,13.8,3.67,64,67,0.00,0,0.0,0.0,0.0,0.00,0.00,1012.5,NaN
2020-05-07T07:00,13.6,3.83,57,67,0.00,1,0.0,0.0,0.0,0.00,0.00,1013.2,NaN
2020-05-07T08:00,14.9,4.10,56,64,0.00,1,47.0,59.7,39.0,0.00,0.00,1014.0,NaN
2020-05-07T09:00,16.6,4.12,61,56,0.00,1,167.0,239.5,91.0,0.00,0.00,1014.6,NaN
2020-05-07T10:00,17.9,3.38,71,51,0.00,1,300.0,291.4,159.0,0.00,0.00,1014.6,NaN
2020-05-07T11:00,18.9,2.04,101,49,0.00,1,482.0,504.8,175.0,0.00,0.00,1014.1,NaN
2020-05-07T12:00,19.9,2.26,167,47,0.00,1,612.0,645.7,172.0,0.00,0.00,1013.5,NaN
2020-05-07T13:00,19.9,3.01,186,48,0.00,1,513.0,373.5,252.0,0.00,0.00,1013.1,NaN
2020-05-07T14:00,19.5,4.05,196,50,0.00,1,405.0,191.1,279.0,0.00,0.00,1012.4,NaN
2020-05-07T15:00,18.9,4.53,202,54,0.00,1,280.0,152.2,194.0,0.00,0.00,1012.2,NaN
2020-05-07T16:00,18.4,4.68,200,57,0.00,1,215.0,160.7,147.0,0.00,0.00,1012.1,NaN
2020-05-07T17:00,17.8,4.41,184,59,0.00,1,155.0,329.5,75.0,0.00,0.00,1012.3,NaN
2020-05-07T18:00,17.0,3.50,178,66,0.00,0,24.0,117.9,13.0,0.00,0.00,1012.5,NaN
2020-05-07T19:00,16.5,3.26,169,72,0.00,0,0.0,0.0,0.0,0.00,0.00,1013.0,NaN
2020-05-07T20:00,16.3,2.46,153,73,0.00,0,0.0,0.0,0.0,0.00,0.00,1012.9,NaN
2020-05-07T21:00,15.7,2.12,135,77,0.00,0,0.0,0.0,0.0,0.00,0.00,1013.1,NaN
2020-05-07T22:00,15.6,2.42,128,77,0.00,0,0.0,0.0,0.0,0.00,0.00,1013.3,NaN
2020-05-07T23:00,15.2,2.56,141,81,0.00,0,0.0,0.0,0.0,0.00,0.00,1013.0,NaN
2020-05-08T00:00,15.3,2.82,153,84,0.00,0,0.0,0.0,0.0,0.00,0.00,1013.0,NaN
2020-05-08T01:00,14.9,2.06,157,90,0.10,0,0.0,0.0,0.0,0.10,0.00,1012.9,NaN
2020-05-08T02:00,14.7,1.58,145,93,0.10,0,0.0,0.0,0.0,0.10,0.00,1012.7,NaN
2020-05-08T03:00,14.4,1.42,141,93,0.10,0,0.0,0.0,0.0,0.10,0.00,1012.3,NaN
2020-05-08T04:00,13.8,1.53,122,95,0.00,0,0.0,0.0,0.0,0.00,0.00,1012.1,NaN
2020-05-08T05:00,13.2,1.58,72,95,0.00,0,0.0,0.0,0.0,0.00,0.00,1012.3,NaN
2020-05-08T06:00,12.9,1.61,97,94,0.00,0,0.0,0.0,0.0,0.00,0.00,1012.6,NaN
2020-05-08T07:00,13.6,1.71,97,92,0.00,1,0.0,0.0,0.0,0.00,0.00,1013.4,NaN
2020-05-08T08:00,15.3,2.38,105,84,0.00,1,53.0,226.0,23.0,0.00,0.00,1013.9,NaN
2020-05-08T09:00,16.3,2.24,80,80,0.10,1,93.0,73.1,70.0,0.10,0.00,1014.3,NaN
2020-05-08T10:00,18.2,2.13,139,71,0.00,1,349.0,484.4,116.0,0.00,0.00,1014.7,NaN
2020-05-08T11:00,19.7,2.33,149,61,0.00,1,502.0,609.9,133.0,0.00,0.00,1014.2,NaN
2020-05-08T12:00,21.3,3.32,164,52,0.00,1,665.0,842.0,94.0,0.00,0.00,1013.5,NaN
2020-05-08T13:00,22.2,3.91,177,46,0.00,1,633.0,740.5,118.0,0.00,0.00,1012.8,NaN
2020-05-08T14:00,21.6,5.38,198,56,0.00,1,552.0,638.9,133.0,0.00,0.00,1012.0,NaN
2020-05-08T15:00,20.7,6.32,198,62,0.00,1,485.0,619.4,137.0,0.00,0.00,1012.0,NaN
2020-05-08T16:00,20.2,6.24,186,60,0.00,1,387.0,769.1,64.0,0.00,0.00,1012.3,NaN
2020-05-08T17:00,19.5,6.36,172,64,0.00,1,189.0,579.5,50.0,0.00,0.00,1012.5,NaN
2020-05-08T18:00,18.3,5.75,167,74,0.00,0,27.0,163.4,12.0,0.00,0.00,1012.5,NaN
2020-05-08T19:00,17.8,5.77,154,76,0.00,0,0.0,0.0,0.0,0.00,0.00,1013.1,NaN
2020-05-08T20:00,17.3,5.25,149,78,0.00,0,0.0,0.0,0.0,0.00,0.00,1013.7,NaN
2020-05-08T21:00,16.6,4.47,124,77,0.00,0,0.0,0.0,0.0,0.00,0.00,1014.0,NaN
2020-05-08T22:00,16.0,4.58,126,70,0.00,0,0.0,0.0,0.0,0.00,0.00,1014.0,NaN
2020-05-08T23:00,15.5,4.22,126,66,0.00,0,0.0,0.0,0.0,0.00,0.00,1014.3,NaN
2020-05-09T00:00,14.7,3.85,118,68,0.00,0,0.0,0.0,0.0,0.00,0.00,1014.4,NaN
2020-05-09T01:00,14.0,4.02,109,69,0.00,0,0.0,0.0,0.0,0.00,0.00,1014.1,NaN
2020-05-09T02:00,13.6,4.24,105,69,0.00,0,0.0,0.0,0.0,0.00,0.00,1014.1,NaN
2020-05-09T03:00,13.2,4.54,98,69,0.00,0,0.0,0.0,0.0,0.00,0.00,1013.6,NaN
2020-05-09T04:00,13.0,5.02,95,68,0.00,0,0.0,0.0,0.0,0.00,0.00,1013.3,NaN
2020-05-09T05:00,12.7,5.20,92,67,0.00,0,0.0,0.0,0.0,0.00,0.00,1013.6,NaN
2020-05-09T06:00,12.2,5.61,87,66,0.00,0,0.0,0.0,0.0,0.00,0.00,1013.9,NaN
2020-05-09T07:00,11.9,5.70,88,65,0.00,1,0.0,0.0,0.0,0.00,0.00,1014.3,NaN
2020-05-09T08:00,13.1,6.00,89,60,0.00,1,81.0,403.2,28.0,0.00,0.00,1015.0,NaN
2020-05-09T09:00,15.4,6.10,88,51,0.00,1,203.0,224.4,133.0,0.00,0.00,1015.3,NaN
2020-05-09T10:00,18.0,5.81,87,44,0.00,1,384.0,426.7,180.0,0.00,0.00,1015.4,NaN
2020-05-09T11:00,20.4,5.61,86,39,0.00,1,527.0,546.6,198.0,0.00,0.00,1014.6,NaN
2020-05-09T12:00,22.1,4.93,84,35,0.00,1,608.0,555.6,233.0,0.00,0.00,1013.6,NaN
2020-05-09T13:00,23.3,4.40,91,32,0.00,1,643.0,624.2,211.0,0.00,0.00,1012.8,NaN
2020-05-09T14:00,23.6,3.95,99,30,0.00,1,520.0,370.9,278.0,0.00,0.00,1012.3,NaN
2020-05-09T15:00,23.8,3.61,104,29,0.00,1,401.0,282.9,243.0,0.00,0.00,1012.2,NaN
2020-05-09T16:00,23.4,3.13,117,29,0.00,1,272.0,203.9,187.0,0.00,0.00,1012.3,NaN
2020-05-09T17:00,22.1,2.88,146,33,0.00,1,113.0,63.3,98.0,0.00,0.00,1012.1,NaN
2020-05-09T18:00,20.0,3.22,150,39,0.00,0,17.0,11.1,16.0,0.00,0.00,1012.1,NaN
2020-05-09T19:00,19.3,3.78,143,41,0.00,0,0.0,0.0,0.0,0.00,0.00,1012.6,NaN
2020-05-09T20:00,18.3,4.33,124,40,0.00,0,0.0,0.0,0.0,0.00,0.00,1013.0,NaN
2020-05-09T21:00,17.8,4.36,122,41,0.00,0,0.0,0.0,0.0,0.00,0.00,1012.9,NaN
2020-05-09T22:00,17.4,4.29,118,43,0.00,0,0.0,0.0,0.0,0.00,0.00,1013.1,NaN
2020-05-09T23:00,16.7,3.86,111,44,0.00,0,0.0,0.0,0.0,0.00,0.00,1012.9,NaN
2020-05-10T00:00,16.6,4.02,109,44,0.00,0,0.0,0.0,0.0,0.00,0.00,1012.7,NaN
2020-05-10T01:00,16.7,4.47,100,42,0.00,0,0.0,0.0,0.0,0.00,0.00,1012.3,NaN
2020-05-10T02:00,17.0,5.20,91,40,0.00,0,0.0,0.0,0.0,0.00,0.00,1011.5,NaN
2020-05-10T03:00,17.2,5.61,86,40,0.00,0,0.0,0.0,0.0,0.00,0.00,1011.0,NaN
2020-05-10T04:00,17.2,6.15,83,39,0.00,0,0.0,0.0,0.0,0.00,0.00,1010.6,NaN
2020-05-10T05:00,17.5,6.79,76,38,0.00,0,0.0,0.0,0.0,0.00,0.00,1010.2,NaN
2020-05-10T06:00,17.5,7.27,72,38,0.00,0,0.0,0.0,0.0,0.00,0.00,1009.7,NaN
2020-05-10T07:00,17.6,7.21,66,38,0.00,1,0.0,0.0,0.0,0.00,0.00,1010.1,NaN
2020-05-10T08:00,18.5,6.58,66,37,0.00,1,52.0,61.5,44.0,0.00,0.00,1011.1,NaN
2020-05-10T09:00,21.4,6.58,62,31,0.00,1,241.0,468.6,96.0,0.00,0.00,1011.1,NaN
2020-05-10T10:00,24.4,5.83,51,26,0.00,1,441.0,742.8,88.0,0.00,0.00,1011.3,NaN
2020-05-10T11:00,26.4,4.03,46,23,0.00,1,584.0,821.6,92.0,0.00,0.00,1010.9,NaN
2020-05-10T12:00,27.5,2.47,14,22,0.00,1,672.0,868.0,89.0,0.00,0.00,1010.4,NaN
2020-05-10T13:00,27.2,2.70,268,26,0.00,1,693.0,888.4,81.0,0.00,0.00,1010.1,NaN
2020-05-10T14:00,23.8,6.29,226,43,0.00,1,645.0,868.8,81.0,0.00,0.00,1010.3,NaN
2020-05-10T15:00,23.4,3.71,243,44,0.00,1,524.0,799.4,80.0,0.00,0.00,1010.9,NaN
2020-05-10T16:00,22.3,3.04,226,47,0.00,1,306.0,517.0,92.0,0.00,0.00,1011.2,NaN
2020-05-10T17:00,21.8,1.53,238,46,0.00,1,167.0,482.3,54.0,0.00,0.00,1011.2,NaN
2020-05-10T18:00,21.1,0.67,297,51,0.00,0,24.0,146.0,11.0,0.00,0.00,1011.5,NaN
2020-05-10T19:00,20.7,1.21,336,52,0.00,0,0.0,0.0,0.0,0.00,0.00,1012.1,NaN
2020-05-10T20:00,18.3,1.80,161,66,0.00,0,0.0,0.0,0.0,0.00,0.00,1012.3,NaN
2020-05-10T21:00,17.4,2.70,178,71,0.00,0,0.0,0.0,0.0,0.00,0.00,1012.5,NaN
2020-05-10T22:00,17.6,2.12,161,75,0.00,0,0.0,0.0,0.0,0.00,0.00,1012.9,NaN
2020-05-10T23:00,16.9,1.97,120,81,0.00,0,0.0,0.0,0.0,0.00,0.00,1012.8,NaN
2020-05-11T00:00,16.2,1.70,87,79,0.00,0,0.0,0.0,0.0,0.00,0.00,1012.6,NaN
2020-05-11T01:00,15.6,1.90,72,83,0.00,0,0.0,0.0,0.0,0.00,0.00,1012.4,NaN
2020-05-11T02:00,15.3,2.10,65,83,0.00,0,0.0,0.0,0.0,0.00,0.00,1012.1,NaN
2020-05-11T03:00,14.9,1.79,63,84,0.00,0,0.0,0.0,0.0,0.00,0.00,1011.7,NaN
2020-05-11T04:00,14.2,1.61,60,86,0.00,0,0.0,0.0,0.0,0.00,0.00,1011.7,NaN
2020-05-11T05:00,13.4,1.04,73,88,0.00,0,0.0,0.0,0.0,0.00,0.00,1011.8,NaN
2020-05-11T06:00,13.3,2.20,120,87,0.00,0,0.0,0.0,0.0,0.00,0.00,1012.3,NaN
2020-05-11T07:00,14.9,1.98,135,77,0.00,1,0.0,0.0,0.0,0.00,0.00,1013.1,NaN
2020-05-11T08:00,16.5,3.00,120,59,0.00,1,68.0,271.6,33.0,0.00,0.00,1014.1,NaN
2020-05-11T09:00,18.9,2.91,131,47,0.00,1,248.0,573.6,72.0,0.00,0.00,1014.1,NaN
2020-05-11T10:00,21.1,2.82,153,40,0.00,1,427.0,717.6,88.0,0.00,0.00,1014.1,NaN
2020-05-11T11:00,22.4,3.21,176,38,0.00,1,576.0,832.5,80.0,0.00,0.00,1013.8,NaN
2020-05-11T12:00,22.9,4.06,190,39,0.00,1,661.0,866.1,82.0,0.00,0.00,1013.2,NaN
2020-05-11T13:00,22.4,5.82,192,48,0.00,1,681.0,872.2,83.0,0.00,0.00,1012.5,NaN
2020-05-11T14:00,21.9,6.43,185,51,0.00,1,636.0,860.7,80.0,0.00,0.00,1012.1,NaN
2020-05-11T15:00,21.8,6.41,183,50,0.00,1,528.0,820.1,75.0,0.00,0.00,1012.0,NaN
2020-05-11T16:00,21.2,6.40,179,52,0.00,1,370.0,739.7,66.0,0.00,0.00,1012.4,NaN
2020-05-11T17:00,20.1,5.97,171,57,0.00,1,182.0,578.5,48.0,0.00,0.00,1012.7,NaN
2020-05-11T18:00,18.9,4.62,162,62,0.00,0,24.0,148.1,11.0,0.00,0.00,1013.1,NaN
2020-05-11T19:00,18.2,4.07,152,65,0.00,0,0.0,0.0,0.0,0.00,0.00,1013.5,NaN
2020-05-11T20:00,17.5,3.83,147,71,0.00,0,0.0,0.0,0.0,0.00,0.00,1013.9,NaN
2020-05-11T21:00,17.0,3.64,143,78,0.00,0,0.0,0.0,0.0,0.00,0.00,1014.2,NaN
2020-05-11T22:00,16.7,3.55,140,80,0.00,0,0.0,0.0,0.0,0.00,0.00,1014.4,NaN
2020-05-11T23:00,16.2,3.32,134,81,0.00,0,0.0,0.0,0.0,0.00,0.00,1014.2,NaN
2020-05-12T00:00,15.5,3.34,129,79,0.00,0,0.0,0.0,0.0,0.00,0.00,1014.0,NaN
2020-05-12T01:00,14.8,3.05,122,74,0.00,0,0.0,0.0,0.0,0.00,0.00,1013.5,NaN
2020-05-12T02:00,14.4,2.68,117,68,0.00,0,0.0,0.0,0.0,0.00,0.00,1013.5,NaN
2020-05-12T03:00,14.2,2.73,114,60,0.00,0,0.0,0.0,0.0,0.00,0.00,1013.4,NaN
2020-05-12T04:00,14.1,3.08,103,54,0.00,0,0.0,0.0,0.0,0.00,0.00,1013.1,NaN
2020-05-12T05:00,14.3,3.61,93,50,0.00,0,0.0,0.0,0.0,0.00,0.00,1013.0,NaN
2020-05-12T06:00,14.6,4.21,86,49,0.00,0,0.0,0.0,0.0,0.00,0.00,1013.0,NaN
2020-05-12T07:00,14.6,4.44,82,49,0.00,1,0.0,0.0,0.0,0.00,0.00,1013.4,NaN
2020-05-12T08:00,16.5,4.96,81,47,0.00,1,73.0,376.2,25.0,0.00,0.00,1014.3,NaN
2020-05-12T09:00,20.0,4.47,80,39,0.00,1,258.0,663.8,56.0,0.00,0.00,1014.6,NaN
2020-05-12T10:00,23.2,3.82,84,33,0.00,1,438.0,785.7,69.0,0.00,0.00,1014.6,NaN
2020-05-12T11:00,25.7,3.31,95,30,0.00,1,578.0,845.2,77.0,0.00,0.00,1014.1,NaN
2020-05-12T12:00,26.9,2.51,119,29,0.00,1,662.0,874.7,80.0,0.00,0.00,1013.2,NaN
2020-05-12T13:00,27.3,2.24,170,30,0.00,1,682.0,880.6,81.0,0.00,0.00,1012.6,NaN
2020-05-12T14:00,26.7,4.20,192,36,0.00,1,635.0,864.8,79.0,0.00,0.00,1012.0,NaN
2020-05-12T15:00,25.7,4.95,188,45,0.00,1,527.0,824.6,74.0,0.00,0.00,1011.8,NaN
2020-05-12T16:00,24.4,5.32,185,52,0.00,1,369.0,744.7,65.0,0.00,0.00,1011.5,NaN
2020-05-12T17:00,22.6,5.22,176,56,0.00,1,180.0,580.6,47.0,0.00,0.00,1011.7,NaN
2020-05-12T18:00,21.0,4.87,161,56,0.00,0,23.0,150.3,10.0,0.00,0.00,1012.0,NaN
2020-05-12T19:00,20.3,4.43,152,58,0.00,0,0.0,0.0,0.0,0.00,0.00,1012.6,NaN
2020-05-12T20:00,19.4,4.53,135,57,0.00,0,0.0,0.0,0.0,0.00,0.00,1012.8,NaN
2020-05-12T21:00,18.9,3.91,122,56,0.00,0,0.0,0.0,0.0,0.00,0.00,1013.0,NaN
2020-05-12T22:00,18.8,3.42,105,52,0.00,0,0.0,0.0,0.0,0.00,0.00,1013.0,NaN
2020-05-12T23:00,19.1,4.00,90,44,0.00,0,0.0,0.0,0.0,0.00,0.00,1012.6,NaN
2020-05-13T00:00,19.4,5.02,85,39,0.00,0,0.0,0.0,0.0,0.00,0.00,1012.5,NaN
2020-05-13T01:00,19.3,5.65,77,39,0.00,0,0.0,0.0,0.0,0.00,0.00,1012.3,NaN
2020-05-13T02:00,19.3,6.04,74,38,0.00,0,0.0,0.0,0.0,0.00,0.00,1012.2,NaN
2020-05-13T03:00,19.2,6.10,72,38,0.00,0,0.0,0.0,0.0,0.00,0.00,1011.7,NaN
2020-05-13T04:00,19.2,6.43,69,37,0.00,0,0.0,0.0,0.0,0.00,0.00,1011.6,NaN
2020-05-13T05:00,19.1,6.54,67,36,0.00,0,0.0,0.0,0.0,0.00,0.00,1011.6,NaN
2020-05-13T06:00,18.8,6.75,65,36,0.00,0,0.0,0.0,0.0,0.00,0.00,1011.8,NaN
2020-05-13T07:00,18.8,6.88,57,35,0.00,1,0.0,0.0,0.0,0.00,0.00,1012.3,NaN
2020-05-13T08:00,21.0,7.71,44,28,0.00,1,67.0,300.7,29.0,0.00,0.00,1012.4,NaN
2020-05-13T09:00,23.0,7.50,43,24,0.00,1,179.0,222.0,112.0,0.00,0.00,1013.0,NaN
2020-05-13T10:00,24.9,7.17,40,21,0.00,1,280.0,188.5,192.0,0.00,0.00,1012.7,NaN
2020-05-13T11:00,27.6,6.91,31,18,0.00,1,505.0,535.7,189.0,0.00,0.00,1012.8,NaN
2020-05-13T12:00,29.0,6.53,25,16,0.00,1,515.0,350.3,283.0,0.00,0.00,1012.2,NaN
2020-05-13T13:00,30.0,5.82,19,15,0.00,1,555.0,403.3,281.0,0.00,0.00,1011.3,NaN
2020-05-13T14:00,30.4,4.61,13,16,0.00,1,540.0,490.7,226.0,0.00,0.00,1010.8,NaN
2020-05-13T15:00,30.7,3.21,5,17,0.00,1,525.0,814.4,80.0,0.00,0.00,1010.6,NaN
2020-05-13T16:00,27.8,3.13,253,29,0.00,1,369.0,749.7,65.0,0.00,0.00,1011.0,NaN
2020-05-13T17:00,22.9,4.11,221,63,0.00,1,180.0,586.9,47.0,0.00,0.00,1011.6,NaN
2020-05-13T18:00,20.4,1.70,130,69,0.00,0,22.0,140.7,10.0,0.00,0.00,1011.7,NaN
2020-05-13T19:00,18.5,2.62,137,73,0.00,0,0.0,0.0,0.0,0.00,0.00,1012.1,NaN
2020-05-13T20:00,17.6,2.51,113,71,0.00,0,0.0,0.0,0.0,0.00,0.00,1012.4,NaN
2020-05-13T21:00,18.0,1.82,99,65,0.00,0,0.0,0.0,0.0,0.00,0.00,1012.3,NaN
2020-05-13T22:00,18.0,2.70,90,62,0.00,0,0.0,0.0,0.0,0.00,0.00,1012.3,NaN
2020-05-13T23:00,17.7,3.16,79,56,0.00,0,0.0,0.0,0.0,0.00,0.00,1012.0,NaN
2020-05-14T00:00,18.8,3.83,57,33,0.00,0,0.0,0.0,0.0,0.00,0.00,1011.9,NaN
2020-05-14T01:00,19.1,4.04,48,24,0.00,0,0.0,0.0,0.0,0.00,0.00,1011.9,NaN
2020-05-14T02:00,19.0,4.68,48,23,0.00,0,0.0,0.0,0.0,0.00,0.00,1011.3,NaN
2020-05-14T03:00,19.2,5.84,52,22,0.00,0,0.0,0.0,0.0,0.00,0.00,1010.9,NaN
2020-05-14T04:00,19.2,6.20,52,21,0.00,0,0.0,0.0,0.0,0.00,0.00,1010.8,NaN
2020-05-14T05:00,19.0,6.20,52,20,0.00,0,0.0,0.0,0.0,0.00,0.00,1010.8,NaN
2020-05-14T06:00,18.8,6.17,50,20,0.00,0,0.0,0.0,0.0,0.00,0.00,1011.2,NaN
2020-05-14T07:00,18.4,6.37,48,21,0.00,1,0.0,0.0,0.0,0.00,0.00,1011.5,NaN
2020-05-14T08:00,19.6,6.58,43,21,0.00,1,71.0,375.7,24.0,0.00,0.00,1012.3,NaN
2020-05-14T09:00,22.8,6.38,41,18,0.00,1,260.0,685.0,55.0,0.00,0.00,1012.8,NaN
2020-05-14T10:00,25.8,6.30,36,16,0.00,1,443.0,808.0,68.0,0.00,0.00,1012.8,NaN
2020-05-14T11:00,28.2,5.97,31,14,0.00,1,585.0,867.2,76.0,0.00,0.00,1012.2,NaN
2020-05-14T12:00,29.8,4.94,21,13,0.00,1,670.0,894.8,80.0,0.00,0.00,1011.6,NaN
2020-05-14T13:00,29.8,2.18,344,13,0.00,1,690.0,901.9,80.0,0.00,0.00,1011.0,NaN
2020-05-14T14:00,27.5,3.64,233,27,0.00,1,644.0,887.1,79.0,0.00,0.00,1010.8,NaN
2020-05-14T15:00,25.2,4.53,225,38,0.00,1,533.0,848.0,72.0,0.00,0.00,1011.0,NaN
2020-05-14T16:00,23.8,3.14,217,42,0.00,1,372.0,764.6,64.0,0.00,0.00,1011.5,NaN
2020-05-14T17:00,22.7,2.24,190,49,0.00,1,180.0,597.6,46.0,0.00,0.00,1011.6,NaN
2020-05-14T18:00,19.2,2.18,164,69,0.00,0,22.0,142.7,10.0,0.00,0.00,1011.7,NaN
2020-05-14T19:00,18.3,2.14,127,72,0.00,0,0.0,0.0,0.0,0.00,0.00,1011.9,NaN
2020-05-14T20:00,16.9,2.92,121,66,0.00,0,0.0,0.0,0.0,0.00,0.00,1011.8,NaN
2020-05-14T21:00,15.7,2.67,103,57,0.00,0,0.0,0.0,0.0,0.00,0.00,1012.0,NaN
2020-05-14T22:00,15.7,2.00,93,49,0.00,0,0.0,0.0,0.0,0.00,0.00,1011.8,NaN
2020-05-14T23:00,15.1,2.18,74,48,0.00,0,0.0,0.0,0.0,0.00,0.00,1011.3,NaN
2020-05-15T00:00,15.8,2.78,60,36,0.00,0,0.0,0.0,0.0,0.00,0.00,1011.0,NaN
2020-05-15T01:00,16.9,3.24,56,25,0.00,0,0.0,0.0,0.0,0.00,0.00,1010.6,NaN
2020-05-15T02:00,17.7,4.02,55,24,0.00,0,0.0,0.0,0.0,0.00,0.00,1010.4,NaN
2020-05-15T03:00,18.0,4.86,53,23,0.00,0,0.0,0.0,0.0,0.00,0.00,1010.2,NaN
2020-05-15T04:00,18.2,5.40,51,21,0.00,0,0.0,0.0,0.0,0.00,0.00,1010.0,NaN
2020-05-15T05:00,18.3,5.83,51,21,0.00,0,0.0,0.0,0.0,0.00,0.00,1010.1,NaN
2020-05-15T06:00,18.1,5.16,46,21,0.00,0,0.0,0.0,0.0,0.00,0.00,1010.3,NaN
2020-05-15T07:00,16.4,2.56,31,23,0.00,1,0.0,0.0,0.0,0.00,0.00,1010.8,NaN
2020-05-15T08:00,19.0,3.86,37,22,0.00,1,70.0,379.5,23.0,0.00,0.00,1011.2,NaN
2020-05-15T09:00,22.5,2.67,13,18,0.00,1,259.0,687.4,55.0,0.00,0.00,1011.8,NaN
2020-05-15T10:00,24.9,1.64,322,16,0.00,1,443.0,812.7,68.0,0.00,0.00,1011.9,NaN
2020-05-15T11:00,26.0,2.10,267,19,0.00,1,585.0,873.2,75.0,0.00,0.00,1011.9,NaN
2020-05-15T12:00,24.9,3.66,235,29,0.00,1,669.0,898.9,79.0,0.00,0.00,1011.3,NaN
2020-05-15T13:00,24.8,3.54,223,25,0.00,1,688.0,902.9,80.0,0.00,0.00,1010.8,NaN
2020-05-15T14:00,24.7,3.76,230,25,0.00,1,641.0,889.6,77.0,0.00,0.00,1010.6,NaN
2020-05-15T15:00,24.2,3.75,222,30,0.00,1,532.0,845.0,75.0,0.00,0.00,1010.7,NaN
2020-05-15T16:00,23.0,3.96,201,43,0.00,1,369.0,749.5,69.0,0.00,0.00,1011.0,NaN
2020-05-15T17:00,21.6,4.43,186,62,0.00,1,180.0,603.8,46.0,0.00,0.00,1011.2,NaN
2020-05-15T18:00,20.1,4.57,170,79,0.00,0,21.0,132.6,10.0,0.00,0.00,1011.6,NaN
2020-05-15T19:00,19.5,5.37,153,80,0.00,0,0.0,0.0,0.0,0.00,0.00,1012.2,NaN
2020-05-15T20:00,18.7,4.60,146,81,0.00,0,0.0,0.0,0.0,0.00,0.00,1012.5,NaN
2020-05-15T21:00,18.1,3.69,147,90,0.00,0,0.0,0.0,0.0,0.00,0.00,1012.4,NaN
2020-05-15T22:00,17.5,3.26,130,91,0.00,0,0.0,0.0,0.0,0.00,0.00,1012.8,NaN
2020-05-15T23:00,17.2,3.18,136,90,0.00,0,0.0,0.0,0.0,0.00,0.00,1012.6,NaN
2020-05-16T00:00,16.5,3.12,130,89,0.00,0,0.0,0.0,0.0,0.00,0.00,1012.5,NaN
2020-05-16T01:00,15.9,3.11,123,89,0.00,0,0.0,0.0,0.0,0.00,0.00,1012.2,NaN
2020-05-16T02:00,15.5,3.05,131,89,0.00,0,0.0,0.0,0.0,0.00,0.00,1012.2,NaN
2020-05-16T03:00,15.0,3.20,129,88,0.00,0,0.0,0.0,0.0,0.00,0.00,1012.1,NaN
2020-05-16T04:00,14.6,2.98,130,86,0.00,0,0.0,0.0,0.0,0.00,0.00,1011.9,NaN
2020-05-16T05:00,14.2,3.26,137,86,0.00,0,0.0,0.0,0.0,0.00,0.00,1012.2,NaN
2020-05-16T06:00,13.8,3.54,133,87,0.00,0,0.0,0.0,0.0,0.00,0.00,1012.4,NaN
2020-05-16T07:00,13.4,3.56,128,87,0.00,1,0.0,0.0,0.0,0.00,0.00,1013.0,NaN
2020-05-16T08:00,15.2,4.47,117,79,0.00,1,66.0,334.4,25.0,0.00,0.00,1013.7,NaN
2020-05-16T09:00,18.1,4.53,112,63,0.00,1,246.0,621.9,63.0,0.00,0.00,1014.2,NaN
2020-05-16T10:00,21.4,3.89,108,46,0.00,1,425.0,749.9,81.0,0.00,0.00,1014.1,NaN
2020-05-16T11:00,24.3,3.16,108,33,0.00,1,563.0,810.4,92.0,0.00,0.00,1013.7,NaN
2020-05-16T12:00,26.5,2.46,117,25,0.00,1,648.0,850.9,92.0,0.00,0.00,1012.9,NaN
2020-05-16T13:00,27.5,2.33,155,20,0.00,1,670.0,865.1,90.0,0.00,0.00,1011.8,NaN
2020-05-16T14:00,27.1,4.20,180,27,0.00,1,623.0,846.1,89.0,0.00,0.00,1010.9,NaN
2020-05-16T15:00,25.6,5.10,180,46,0.00,1,518.0,813.9,80.0,0.00,0.00,1010.4,NaN
2020-05-16T16:00,23.9,5.81,183,63,0.00,1,360.0,736.6,67.0,0.00,0.00,1010.6,NaN
2020-05-16T17:00,21.8,6.05,172,67,0.00,1,170.0,546.2,50.0,0.00,0.00,1011.0,NaN
2020-05-16T18:00,20.2,5.59,153,69,0.00,0,19.0,122.1,9.0,0.00,0.00,1011.3,NaN
2020-05-16T19:00,19.8,4.84,150,71,0.00,0,0.0,0.0,0.0,0.00,0.00,1011.8,NaN
2020-05-16T20:00,19.1,4.83,153,83,0.00,0,0.0,0.0,0.0,0.00,0.00,1012.6,NaN
2020-05-16T21:00,18.4,3.89,138,85,0.00,0,0.0,0.0,0.0,0.00,0.00,1012.1,NaN
2020-05-16T22:00,17.5,3.09,119,82,0.00,0,0.0,0.0,0.0,0.00,0.00,1012.0,NaN
2020-05-16T23:00,17.3,3.10,105,62,0.00,0,0.0,0.0,0.0,0.00,0.00,1011.7,NaN
2020-05-17T00:00,17.7,3.61,95,36,0.00,0,0.0,0.0,0.0,0.00,0.00,1011.4,NaN
2020-05-17T01:00,17.7,4.43,84,35,0.00,0,0.0,0.0,0.0,0.00,0.00,1011.2,NaN
2020-05-17T02:00,17.2,4.37,79,38,0.00,0,0.0,0.0,0.0,0.00,0.00,1010.9,NaN
2020-05-17T03:00,16.7,3.91,77,40,0.00,0,0.0,0.0,0.0,0.00,0.00,1010.8,NaN
2020-05-17T04:00,16.0,3.04,73,41,0.00,0,0.0,0.0,0.0,0.00,0.00,1010.8,NaN
2020-05-17T05:00,15.3,2.50,74,40,0.00,0,0.0,0.0,0.0,0.00,0.00,1010.8,NaN
2020-05-17T06:00,14.8,2.44,71,37,0.00,0,0.0,0.0,0.0,0.00,0.00,1010.9,NaN
2020-05-17T07:00,13.4,2.88,70,37,0.00,1,0.0,0.0,0.0,0.00,0.00,1011.3,NaN
2020-05-17T08:00,16.8,1.40,94,32,0.00,1,66.0,362.5,22.0,0.00,0.00,1012.0,NaN
2020-05-17T09:00,20.2,1.06,131,22,0.00,1,251.0,668.3,56.0,0.00,0.00,1012.5,NaN
2020-05-17T10:00,22.9,0.51,169,19,0.00,1,424.0,754.4,80.0,0.00,0.00,1012.4,NaN
2020-05-17T11:00,24.6,1.49,200,20,0.00,1,540.0,715.8,126.0,0.00,0.00,1012.1,NaN
2020-05-17T12:00,24.7,3.27,203,25,0.00,1,558.0,564.2,191.0,0.00,0.00,1011.2,NaN
2020-05-17T13:00,24.3,4.96,199,29,0.00,1,561.0,524.3,211.0,0.00,0.00,1010.5,NaN
2020-05-17T14:00,24.1,5.32,192,32,0.00,1,621.0,822.8,104.0,0.00,0.00,1010.2,NaN
2020-05-17T15:00,22.9,6.13,186,40,0.00,1,514.0,803.0,84.0,0.00,0.00,1010.1,NaN
2020-05-17T16:00,21.7,7.03,175,57,0.00,1,339.0,607.0,99.0,0.00,0.00,1010.6,NaN
2020-05-17T17:00,20.3,6.55,168,68,0.00,1,164.0,482.7,59.0,0.00,0.00,1010.7,NaN
2020-05-17T18:00,18.9,6.65,164,82,0.00,0,19.0,111.3,10.0,0.00,0.00,1011.1,NaN
2020-05-17T19:00,18.5,6.39,163,87,0.00,0,0.0,0.0,0.0,0.00,0.00,1011.7,NaN
2020-05-17T20:00,18.2,6.29,162,90,0.00,0,0.0,0.0,0.0,0.00,0.00,1012.2,NaN
2020-05-17T21:00,18.0,6.84,159,89,0.00,0,0.0,0.0,0.0,0.00,0.00,1012.5,NaN
2020-05-17T22:00,17.3,6.44,154,89,0.00,0,0.0,0.0,0.0,0.00,0.00,1012.8,NaN
2020-05-17T23:00,16.7,6.16,148,83,0.00,0,0.0,0.0,0.0,0.00,0.00,1012.7,NaN
2020-05-18T00:00,15.9,6.24,148,83,0.00,0,0.0,0.0,0.0,0.00,0.00,1013.0,NaN
2020-05-18T01:00,15.4,6.16,144,82,0.00,0,0.0,0.0,0.0,0.00,0.00,1012.9,NaN
2020-05-18T02:00,14.9,6.02,144,83,0.00,0,0.0,0.0,0.0,0.00,0.00,1012.9,NaN
2020-05-18T03:00,14.6,5.84,142,81,0.00,0,0.0,0.0,0.0,0.00,0.00,1013.1,NaN
2020-05-18T04:00,14.2,5.75,140,79,0.00,0,0.0,0.0,0.0,0.00,0.00,1013.4,NaN
2020-05-18T05:00,14.1,5.73,136,74,0.00,0,0.0,0.0,0.0,0.00,0.00,1013.6,NaN
2020-05-18T06:00,13.7,5.80,136,72,0.00,0,0.0,0.0,0.0,0.00,0.00,1014.1,NaN
2020-05-18T07:00,13.8,5.88,132,64,0.00,1,0.0,0.0,0.0,0.00,0.00,1014.4,NaN
2020-05-18T08:00,14.6,5.75,130,65,0.00,1,64.0,349.6,22.0,0.00,0.00,1015.0,NaN
2020-05-18T09:00,16.8,6.16,132,52,0.00,1,248.0,670.5,54.0,0.00,0.00,1015.3,NaN
2020-05-18T10:00,19.3,6.61,141,37,0.00,1,430.0,798.5,68.0,0.00,0.00,1015.3,NaN
2020-05-18T11:00,20.9,7.24,145,30,0.00,1,572.0,863.5,75.0,0.00,0.00,1014.8,NaN
2020-05-18T12:00,22.1,7.52,147,27,0.00,1,658.0,895.5,78.0,0.00,0.00,1013.9,NaN
2020-05-18T13:00,23.0,7.29,153,26,0.00,1,679.0,901.1,80.0,0.00,0.00,1013.3,NaN
2020-05-18T14:00,23.0,7.37,162,29,0.00,1,632.0,887.2,77.0,0.00,0.00,1012.5,NaN
2020-05-18T15:00,22.6,7.62,166,33,0.00,1,523.0,844.4,73.0,0.00,0.00,1012.3,NaN
2020-05-18T16:00,21.6,7.81,170,42,0.00,1,362.0,760.8,63.0,0.00,0.00,1012.6,NaN
2020-05-18T17:00,19.5,8.22,176,61,0.00,1,172.0,584.8,46.0,0.00,0.00,1013.0,NaN
2020-05-18T18:00,18.2,8.12,170,69,0.00,0,19.0,125.3,9.0,0.00,0.00,1013.7,NaN
2020-05-18T19:00,17.9,8.00,162,65,0.00,0,0.0,0.0,0.0,0.00,0.00,1014.6,NaN
2020-05-18T20:00,17.2,5.81,153,61,0.00,0,0.0,0.0,0.0,0.00,0.00,1015.5,NaN
2020-05-18T21:00,16.4,5.16,148,57,0.00,0,0.0,0.0,0.0,0.00,0.00,1016.0,NaN
2020-05-18T22:00,15.7,5.69,146,54,0.00,0,0.0,0.0,0.0,0.00,0.00,1016.1,NaN
2020-05-18T23:00,14.9,5.70,142,52,0.00,0,0.0,0.0,0.0,0.00,0.00,1016.1,NaN
2020-05-19T00:00,14.3,5.45,134,50,0.00,0,0.0,0.0,0.0,0.00,0.00,1016.2,NaN
2020-05-19T01:00,13.8,5.32,131,50,0.00,0,0.0,0.0,0.0,0.00,0.00,1016.3,NaN
2020-05-19T02:00,13.4,5.24,132,50,0.00,0,0.0,0.0,0.0,0.00,0.00,1016.0,NaN
2020-05-19T03:00,12.9,5.39,130,52,0.00,0,0.0,0.0,0.0,0.00,0.00,1016.0,NaN
2020-05-19T04:00,12.5,5.69,124,54,0.00,0,0.0,0.0,0.0,0.00,0.00,1016.0,NaN
2020-05-19T05:00,12.1,5.80,122,57,0.00,0,0.0,0.0,0.0,0.00,0.00,1016.2,NaN
2020-05-19T06:00,11.7,5.81,117,59,0.00,0,0.0,0.0,0.0,0.00,0.00,1016.4,NaN
2020-05-19T07:00,11.4,5.68,116,60,0.00,1,0.0,0.0,0.0,0.00,0.00,1016.8,NaN
2020-05-19T08:00,12.4,6.17,110,55,0.00,1,64.0,353.3,22.0,0.00,0.00,1017.7,NaN
2020-05-19T09:00,14.1,7.05,108,47,0.00,1,251.0,683.2,55.0,0.00,0.00,1018.0,NaN
2020-05-19T10:00,16.2,6.91,104,40,0.00,1,434.0,812.0,68.0,0.00,0.00,1017.8,NaN
2020-05-19T11:00,18.2,6.38,104,34,0.00,1,576.0,874.6,75.0,0.00,0.00,1017.0,NaN
2020-05-19T12:00,20.1,5.76,107,29,0.00,1,662.0,904.1,79.0,0.00,0.00,1016.1,NaN
2020-05-19T13:00,21.5,5.20,113,26,0.00,1,682.0,909.4,80.0,0.00,0.00,1015.0,NaN
2020-05-19T14:00,22.3,5.10,118,24,0.00,1,635.0,895.8,77.0,0.00,0.00,1014.1,NaN
2020-05-19T15:00,22.6,5.20,120,23,0.00,1,526.0,855.9,72.0,0.00,0.00,1013.8,NaN
2020-05-19T16:00,22.3,5.44,122,23,0.00,1,366.0,775.4,63.0,0.00,0.00,1013.9,NaN
2020-05-19T17:00,21.1,4.40,129,25,0.00,1,174.0,604.3,45.0,0.00,0.00,1014.5,NaN
2020-05-19T18:00,18.8,3.75,136,29,0.00,0,19.0,126.8,9.0,0.00,0.00,1015.2,NaN
2020-05-19T19:00,17.6,3.97,131,31,0.00,0,0.0,0.0,0.0,0.00,0.00,1016.0,NaN
2020-05-19T20:00,16.5,4.76,129,33,0.00,0,0.0,0.0,0.0,0.00,0.00,1016.7,NaN
2020-05-19T21:00,15.4,4.80,126,36,0.00,0,0.0,0.0,0.0,0.00,0.00,1016.9,NaN
2020-05-19T22:00,14.7,4.83,124,38,0.00,0,0.0,0.0,0.0,0.00,0.00,1017.2,NaN
2020-05-19T23:00,14.0,4.70,119,41,0.00,0,0.0,0.0,0.0,0.00,0.00,1017.3,NaN
2020-05-20T00:00,13.4,4.65,115,43,0.00,0,0.0,0.0,0.0,0.00,0.00,1017.2,NaN
2020-05-20T01:00,13.0,4.70,114,45,0.00,0,0.0,0.0,0.0,0.00,0.00,1016.8,NaN
2020-05-20T02:00,12.6,4.88,113,46,0.00,0,0.0,0.0,0.0,0.00,0.00,1016.9,NaN
2020-05-20T03:00,12.3,5.06,108,46,0.00,0,0.0,0.0,0.0,0.00,0.00,1016.5,NaN
2020-05-20T04:00,12.0,5.04,104,47,0.00,0,0.0,0.0,0.0,0.00,0.00,1016.4,NaN
2020-05-20T05:00,11.7,5.14,103,48,0.00,0,0.0,0.0,0.0,0.00,0.00,1016.4,NaN
2020-05-20T06:00,11.4,5.30,101,49,0.00,0,0.0,0.0,0.0,0.00,0.00,1016.7,NaN
2020-05-20T07:00,11.2,5.26,99,51,0.00,1,0.0,0.0,0.0,0.00,0.00,1017.1,NaN
2020-05-20T08:00,13.0,6.00,90,45,0.00,1,63.0,348.4,22.0,0.00,0.00,1017.4,NaN
2020-05-20T09:00,15.6,6.21,94,38,0.00,1,248.0,682.0,54.0,0.00,0.00,1017.9,NaN
2020-05-20T10:00,18.0,6.25,97,33,0.00,1,429.0,805.6,68.0,0.00,0.00,1018.1,NaN
2020-05-20T11:00,19.8,6.26,98,29,0.00,1,568.0,866.5,74.0,0.00,0.00,1017.4,NaN
2020-05-20T12:00,21.2,6.08,99,26,0.00,1,651.0,892.4,78.0,0.00,0.00,1016.5,NaN
2020-05-20T13:00,22.3,5.85,103,23,0.00,1,670.0,896.5,79.0,0.00,0.00,1015.5,NaN
2020-05-20T14:00,22.9,5.51,106,22,0.00,1,624.0,883.4,76.0,0.00,0.00,1014.6,NaN
2020-05-20T15:00,23.1,5.09,110,21,0.00,1,517.0,842.8,72.0,0.00,0.00,1014.1,NaN
2020-05-20T16:00,22.9,4.97,115,20,0.00,1,359.0,761.8,63.0,0.00,0.00,1014.1,NaN
2020-05-20T17:00,21.7,3.77,122,22,0.00,1,170.0,590.9,45.0,0.00,0.00,1014.5,NaN
2020-05-20T18:00,19.0,3.20,129,26,0.00,0,18.0,128.3,8.0,0.00,0.00,1014.8,NaN
2020-05-20T19:00,18.0,3.56,128,29,0.00,0,0.0,0.0,0.0,0.00,0.00,1015.3,NaN
2020-05-20T20:00,17.0,4.00,122,30,0.00,0,0.0,0.0,0.0,0.00,0.00,1016.0,NaN
2020-05-20T21:00,16.0,4.16,114,32,0.00,0,0.0,0.0,0.0,0.00,0.00,1016.4,NaN
2020-05-20T22:00,15.4,4.18,111,34,0.00,0,0.0,0.0,0.0,0.00,0.00,1016.6,NaN
2020-05-20T23:00,14.7,4.05,110,37,0.00,0,0.0,0.0,0.0,0.00,0.00,1016.6,NaN
2020-05-21T00:00,14.2,4.40,107,40,0.00,0,0.0,0.0,0.0,0.00,0.00,1016.4,NaN
2020-05-21T01:00,13.9,4.44,104,44,0.00,0,0.0,0.0,0.0,0.00,0.00,1016.1,NaN
2020-05-21T02:00,13.5,4.22,104,47,0.00,0,0.0,0.0,0.0,0.00,0.00,1015.9,NaN
2020-05-21T03:00,13.1,4.12,104,49,0.00,0,0.0,0.0,0.0,0.00,0.00,1015.6,NaN
2020-05-21T04:00,12.7,4.16,100,51,0.00,0,0.0,0.0,0.0,0.00,0.00,1015.3,NaN
2020-05-21T05:00,12.4,4.31,94,52,0.00,0,0.0,0.0,0.0,0.00,0.00,1015.2,NaN
2020-05-21T06:00,12.2,4.30,91,53,0.00,0,0.0,0.0,0.0,0.00,0.00,1015.3,NaN
2020-05-21T07:00,11.9,4.20,90,54,0.00,0,0.0,0.0,0.0,0.00,0.00,1015.5,NaN
2020-05-21T08:00,13.6,4.01,86,47,0.00,1,60.0,334.9,21.0,0.00,0.00,1016.0,NaN
2020-05-21T09:00,16.8,4.32,85,37,0.00,1,242.0,666.6,54.0,0.00,0.00,1016.2,NaN
2020-05-21T10:00,19.7,4.30,78,30,0.00,1,421.0,796.8,66.0,0.00,0.00,1016.0,NaN
2020-05-21T11:00,21.8,4.03,76,26,0.00,1,561.0,858.3,74.0,0.00,0.00,1015.4,NaN
2020-05-21T12:00,23.1,3.49,77,23,0.00,1,645.0,886.8,78.0,0.00,0.00,1014.4,NaN
2020-05-21T13:00,24.1,3.00,92,21,0.00,1,665.0,894.0,78.0,0.00,0.00,1013.6,NaN
2020-05-21T14:00,24.6,2.85,108,20,0.00,1,619.0,879.0,76.0,0.00,0.00,1012.6,NaN
2020-05-21T15:00,24.5,3.04,134,20,0.00,1,512.0,837.1,72.0,0.00,0.00,1012.4,NaN
2020-05-21T16:00,23.3,4.30,168,25,0.00,1,354.0,755.6,62.0,0.00,0.00,1012.6,NaN
2020-05-21T17:00,21.2,4.36,171,46,0.00,1,166.0,581.8,44.0,0.00,0.00,1012.7,NaN
2020-05-21T18:00,19.0,4.14,172,60,0.00,0,17.0,116.9,8.0,0.00,0.00,1013.2,NaN
2020-05-21T19:00,18.1,3.73,160,64,0.00,0,0.0,0.0,0.0,0.00,0.00,1013.8,NaN
2020-05-21T20:00,16.9,3.47,139,55,0.00,0,0.0,0.0,0.0,0.00,0.00,1014.2,NaN
2020-05-21T21:00,15.9,3.30,125,43,0.00,0,0.0,0.0,0.0,0.00,0.00,1014.5,NaN
2020-05-21T22:00,15.0,2.95,114,40,0.00,0,0.0,0.0,0.0,0.00,0.00,1014.4,NaN
2020-05-21T23:00,14.7,3.40,92,39,0.00,0,0.0,0.0,0.0,0.00,0.00,1014.3,NaN
2020-05-22T00:00,14.8,4.42,85,39,0.00,0,0.0,0.0,0.0,0.00,0.00,1013.9,NaN
2020-05-22T01:00,14.8,5.26,81,40,0.00,0,0.0,0.0,0.0,0.00,0.00,1013.1,NaN
2020-05-22T02:00,15.0,5.82,78,40,0.00,0,0.0,0.0,0.0,0.00,0.00,1012.4,NaN
2020-05-22T03:00,14.9,5.77,76,41,0.00,0,0.0,0.0,0.0,0.00,0.00,1011.7,NaN
2020-05-22T04:00,14.6,5.63,70,42,0.00,0,0.0,0.0,0.0,0.00,0.00,1011.4,NaN
2020-05-22T05:00,14.4,5.73,65,43,0.00,0,0.0,0.0,0.0,0.00,0.00,1011.1,NaN
2020-05-22T06:00,14.2,5.73,61,43,0.00,0,0.0,0.0,0.0,0.00,0.00,1011.4,NaN
2020-05-22T07:00,13.9,5.69,59,45,0.00,0,0.0,0.0,0.0,0.00,0.00,1012.0,NaN
2020-05-22T08:00,15.7,6.52,49,41,0.00,1,58.0,329.7,20.0,0.00,0.00,1012.7,NaN
2020-05-22T09:00,18.5,6.38,49,34,0.00,1,239.0,665.1,53.0,0.00,0.00,1013.0,NaN
2020-05-22T10:00,21.3,6.01,46,29,0.00,1,418.0,792.3,67.0,0.00,0.00,1013.2,NaN
2020-05-22T11:00,23.4,5.09,43,24,0.00,1,558.0,857.0,74.0,0.00,0.00,1012.7,NaN
2020-05-22T12:00,24.8,3.89,44,21,0.00,1,642.0,887.3,77.0,0.00,0.00,1011.5,NaN
2020-05-22T13:00,25.5,2.42,60,19,0.00,1,663.0,894.5,78.0,0.00,0.00,1010.6,NaN
2020-05-22T14:00,25.6,1.80,93,18,0.00,1,618.0,880.9,76.0,0.00,0.00,1009.7,NaN
2020-05-22T15:00,25.4,1.75,121,18,0.00,1,511.0,840.7,71.0,0.00,0.00,1009.4,NaN
2020-05-22T16:00,24.8,2.37,152,19,0.00,1,354.0,759.6,62.0,0.00,0.00,1009.6,NaN
2020-05-22T17:00,22.6,2.38,165,32,0.00,1,166.0,586.7,44.0,0.00,0.00,1009.6,NaN
2020-05-22T18:00,19.4,2.20,150,50,0.00,0,17.0,118.2,8.0,0.00,0.00,1009.7,NaN
2020-05-22T19:00,18.0,2.31,108,45,0.00,0,0.0,0.0,0.0,0.00,0.00,1010.3,NaN
2020-05-22T20:00,17.8,3.40,88,32,0.00,0,0.0,0.0,0.0,0.00,0.00,1011.0,NaN
2020-05-22T21:00,17.7,4.46,70,28,0.00,0,0.0,0.0,0.0,0.00,0.00,1010.9,NaN
2020-05-22T22:00,17.7,4.92,66,28,0.00,0,0.0,0.0,0.0,0.00,0.00,1011.0,NaN
2020-05-22T23:00,17.6,4.88,62,28,0.00,0,0.0,0.0,0.0,0.00,0.00,1010.9,NaN
2020-05-23T00:00,17.3,5.02,59,29,0.00,0,0.0,0.0,0.0,0.00,0.00,1010.7,NaN
2020-05-23T01:00,17.1,5.35,57,30,0.00,0,0.0,0.0,0.0,0.00,0.00,1010.9,NaN
2020-05-23T02:00,16.9,5.96,55,30,0.00,0,0.0,0.0,0.0,0.00,0.00,1010.7,NaN
2020-05-23T03:00,16.8,6.44,54,31,0.00,0,0.0,0.0,0.0,0.00,0.00,1010.3,NaN
2020-05-23T04:00,16.5,6.78,53,32,0.00,0,0.0,0.0,0.0,0.00,0.00,1009.7,NaN
2020-05-23T05:00,16.3,6.82,51,33,0.00,0,0.0,0.0,0.0,0.00,0.00,1009.5,NaN
2020-05-23T06:00,16.1,7.11,51,34,0.00,0,0.0,0.0,0.0,0.00,0.00,1009.6,NaN
2020-05-23T07:00,15.8,7.39,50,34,0.00,0,0.0,0.0,0.0,0.00,0.00,1009.8,NaN
2020-05-23T08:00,17.4,8.41,45,32,0.00,1,58.0,333.1,20.0,0.00,0.00,1009.9,NaN
2020-05-23T09:00,20.0,8.07,43,27,0.00,1,241.0,681.5,52.0,0.00,0.00,1010.1,NaN
2020-05-23T10:00,22.7,7.96,35,21,0.00,1,423.0,810.4,66.0,0.00,0.00,1010.4,NaN
2020-05-23T11:00,24.9,7.57,29,18,0.00,1,564.0,871.6,74.0,0.00,0.00,1009.9,NaN
2020-05-23T12:00,26.6,6.95,23,16,0.00,1,647.0,898.8,77.0,0.00,0.00,1008.5,NaN
2020-05-23T13:00,27.6,6.50,14,14,0.00,1,667.0,904.1,78.0,0.00,0.00,1007.6,NaN
2020-05-23T14:00,28.2,6.24,16,13,0.00,1,622.0,889.2,77.0,0.00,0.00,1006.5,NaN
2020-05-23T15:00,28.2,6.50,23,13,0.00,1,515.0,851.9,71.0,0.00,0.00,1005.1,NaN
2020-05-23T16:00,27.9,6.53,27,12,0.00,1,356.0,768.7,62.0,0.00,0.00,1004.5,NaN
2020-05-23T17:00,26.6,4.12,14,14,0.00,1,166.0,591.5,44.0,0.00,0.00,1005.2,NaN
2020-05-23T18:00,22.4,2.02,303,20,0.00,0,16.0,119.4,7.0,0.00,0.00,1005.9,NaN
2020-05-23T19:00,22.2,1.22,215,37,0.00,0,0.0,0.0,0.0,0.00,0.00,1006.6,NaN
2020-05-23T20:00,22.4,0.60,180,24,0.00,0,0.0,0.0,0.0,0.00,0.00,1007.7,NaN
2020-05-23T21:00,20.5,2.60,67,22,0.00,0,0.0,0.0,0.0,0.00,0.00,1006.4,NaN
2020-05-23T22:00,22.3,4.38,45,17,0.00,0,0.0,0.0,0.0,0.00,0.00,1006.3,NaN
2020-05-23T23:00,22.3,5.10,48,17,0.00,0,0.0,0.0,0.0,0.00,0.00,1005.8,NaN
2020-05-24T00:00,22.4,5.97,50,17,0.00,0,0.0,0.0,0.0,0.00,0.00,1005.0,NaN
2020-05-24T01:00,22.3,6.34,52,17,0.00,0,0.0,0.0,0.0,0.00,0.00,1004.7,NaN
2020-05-24T02:00,22.2,7.53,50,18,0.00,0,0.0,0.0,0.0,0.00,0.00,1003.3,NaN
2020-05-24T03:00,22.3,7.78,45,18,0.00,0,0.0,0.0,0.0,0.00,0.00,1002.5,NaN
2020-05-24T04:00,22.4,8.42,44,18,0.00,0,0.0,0.0,0.0,0.00,0.00,1001.5,NaN
2020-05-24T05:00,22.4,11.40,38,19,0.00,0,0.0,0.0,0.0,0.00,0.00,998.7,NaN
2020-05-24T06:00,22.3,10.79,33,19,0.00,0,0.0,0.0,0.0,0.00,0.00,998.5,NaN
2020-05-24T07:00,21.9,11.73,30,22,0.00,0,0.0,0.0,0.0,0.00,0.00,998.8,NaN
2020-05-24T08:00,22.3,12.75,27,21,0.30,1,6.0,8.9,5.0,0.30,0.00,997.1,NaN
2020-05-24T09:00,21.8,12.15,33,24,0.00,1,43.0,3.6,42.0,0.00,0.00,996.3,NaN
2020-05-24T10:00,21.9,13.81,39,25,0.10,1,109.0,47.9,88.0,0.10,0.00,993.8,NaN
2020-05-24T11:00,22.9,16.28,31,22,0.60,1,165.0,17.9,155.0,0.60,0.00,992.2,NaN
2020-05-24T12:00,21.8,15.92,33,27,0.20,1,224.0,26.9,207.0,0.20,0.00,989.3,NaN
2020-05-24T13:00,20.2,14.49,27,36,0.90,1,191.0,9.2,185.0,0.90,0.00,989.0,NaN
2020-05-24T14:00,21.5,15.30,28,31,0.00,1,44.0,0.0,44.0,0.00,0.00,986.7,NaN
2020-05-24T15:00,21.0,15.76,24,36,0.10,1,24.0,0.0,24.0,0.10,0.00,986.5,NaN
2020-05-24T16:00,17.2,12.98,16,74,3.10,1,16.0,0.0,16.0,3.10,0.00,987.8,NaN
2020-05-24T17:00,17.6,5.52,316,83,6.70,1,18.0,0.0,18.0,6.70,0.00,991.8,NaN
2020-05-24T18:00,17.7,4.73,354,84,2.00,0,2.0,0.0,2.0,2.00,0.00,991.2,NaN
2020-05-24T19:00,18.2,3.18,283,90,1.90,0,0.0,0.0,0.0,1.90,0.00,991.8,NaN
2020-05-24T20:00,18.0,5.87,300,90,0.60,0,0.0,0.0,0.0,0.60,0.00,994.0,NaN
2020-05-24T21:00,19.0,9.37,286,76,0.20,0,0.0,0.0,0.0,0.20,0.00,994.7,NaN
2020-05-24T22:00,19.2,9.03,280,68,0.10,0,0.0,0.0,0.0,0.10,0.00,995.0,NaN
2020-05-24T23:00,18.9,9.80,278,65,0.10,0,0.0,0.0,0.0,0.10,0.00,995.8,NaN
2020-05-25T00:00,19.3,9.92,274,60,0.00,0,0.0,0.0,0.0,0.00,0.00,996.3,NaN
2020-05-25T01:00,19.2,9.91,267,62,0.10,0,0.0,0.0,0.0,0.10,0.00,996.6,NaN
2020-05-25T02:00,18.8,9.79,262,66,0.00,0,0.0,0.0,0.0,0.00,0.00,997.4,NaN
2020-05-25T03:00,18.6,9.60,262,67,0.10,0,0.0,0.0,0.0,0.10,0.00,997.8,NaN
2020-05-25T04:00,17.9,9.22,255,74,0.20,0,0.0,0.0,0.0,0.20,0.00,998.3,NaN
2020-05-25T05:00,18.4,8.56,256,71,0.00,0,0.0,0.0,0.0,0.00,0.00,998.9,NaN
2020-05-25T06:00,18.1,9.06,248,71,0.10,0,0.0,0.0,0.0,0.10,0.00,999.4,NaN
2020-05-25T07:00,17.5,8.86,242,78,0.20,0,0.0,0.0,0.0,0.20,0.00,1000.7,NaN
2020-05-25T08:00,18.3,7.93,241,65,0.10,1,35.0,170.0,16.0,0.10,0.00,1001.8,NaN
2020-05-25T09:00,19.2,9.18,232,59,0.10,1,127.0,223.6,66.0,0.10,0.00,1002.7,NaN
2020-05-25T10:00,19.9,8.94,234,49,0.00,1,338.0,589.9,81.0,0.00,0.00,1004.1,NaN
2020-05-25T11:00,20.3,8.15,237,50,0.00,1,445.0,520.4,155.0,0.00,0.00,1004.6,NaN
2020-05-25T12:00,19.4,8.13,236,59,0.10,1,335.0,193.9,213.0,0.10,0.00,1004.6,NaN
2020-05-25T13:00,19.8,8.35,238,53,0.00,1,277.0,68.0,233.0,0.00,0.00,1004.4,NaN
2020-05-25T14:00,20.3,7.69,242,52,0.00,1,395.0,337.0,190.0,0.00,0.00,1004.6,NaN
2020-05-25T15:00,18.1,7.94,234,68,0.20,1,288.0,251.4,158.0,0.20,0.00,1005.3,NaN
2020-05-25T16:00,17.8,8.08,221,70,0.30,1,128.0,76.6,99.0,0.30,0.00,1005.9,NaN
2020-05-25T17:00,18.0,8.38,213,64,0.10,1,94.0,270.8,39.0,0.10,0.00,1006.4,NaN
2020-05-25T18:00,17.3,8.56,210,64,0.00,0,7.0,13.5,6.0,0.00,0.00,1007.2,NaN
2020-05-25T19:00,17.3,7.83,207,62,0.00,0,0.0,0.0,0.0,0.00,0.00,1008.3,NaN
2020-05-25T20:00,16.9,6.44,208,62,0.00,0,0.0,0.0,0.0,0.00,0.00,1009.4,NaN
2020-05-25T21:00,16.9,6.11,201,66,0.00,0,0.0,0.0,0.0,0.00,0.00,1010.0,NaN
2020-05-25T22:00,16.9,6.78,202,65,0.00,0,0.0,0.0,0.0,0.00,0.00,1010.2,NaN
2020-05-25T23:00,16.6,5.91,199,65,0.00,0,0.0,0.0,0.0,0.00,0.00,1010.3,NaN
2020-05-26T00:00,17.0,5.39,191,59,0.00,0,0.0,0.0,0.0,0.00,0.00,1010.4,NaN
2020-05-26T01:00,16.8,5.56,188,66,0.00,0,0.0,0.0,0.0,0.00,0.00,1010.5,NaN
2020-05-26T02:00,16.6,5.21,183,61,0.00,0,0.0,0.0,0.0,0.00,0.00,1010.5,NaN
2020-05-26T03:00,16.5,4.43,186,63,0.00,0,0.0,0.0,0.0,0.00,0.00,1010.4,NaN
2020-05-26T04:00,16.4,4.41,184,63,0.00,0,0.0,0.0,0.0,0.00,0.00,1010.4,NaN
2020-05-26T05:00,15.9,3.81,175,66,0.00,0,0.0,0.0,0.0,0.00,0.00,1010.5,NaN
2020-05-26T06:00,16.1,4.02,174,68,0.00,0,0.0,0.0,0.0,0.00,0.00,1010.8,NaN
2020-05-26T07:00,16.4,4.30,180,67,0.00,0,0.0,0.0,0.0,0.00,0.00,1011.4,NaN
2020-05-26T08:00,14.8,2.55,101,76,0.00,1,30.0,81.3,21.0,0.00,0.00,1012.5,NaN
2020-05-26T09:00,15.6,2.28,75,72,0.00,1,91.0,7.4,89.0,0.00,0.00,1013.2,NaN
2020-05-26T10:00,16.3,1.50,90,70,0.00,1,191.0,66.9,162.0,0.00,0.00,1013.6,NaN
2020-05-26T11:00,17.0,2.00,127,67,0.00,1,223.0,63.1,188.0,0.00,0.00,1013.3,NaN
2020-05-26T12:00,17.9,2.60,164,63,0.00,1,348.0,186.7,231.0,0.00,0.00,1012.7,NaN
2020-05-26T13:00,18.0,2.86,168,65,0.10,1,336.0,189.4,214.0,0.10,0.00,1012.3,NaN
2020-05-26T14:00,18.3,2.51,175,61,0.00,1,289.0,136.9,206.0,0.00,0.00,1012.0,NaN
2020-05-26T15:00,18.2,3.20,194,66,0.00,1,294.0,205.8,188.0,0.00,0.00,1011.7,NaN
2020-05-26T16:00,17.2,3.98,198,75,0.10,1,226.0,307.6,110.0,0.10,0.00,1012.3,NaN
2020-05-26T17:00,16.5,3.21,184,77,0.00,1,121.0,362.0,48.0,0.00,0.00,1012.6,NaN
2020-05-26T18:00,15.8,2.32,173,80,0.00,0,11.0,54.7,7.0,0.00,0.00,1012.9,NaN
2020-05-26T19:00,15.1,2.21,162,84,0.00,0,0.0,0.0,0.0,0.00,0.00,1013.4,NaN
2020-05-26T20:00,14.8,2.22,144,86,0.00,0,0.0,0.0,0.0,0.00,0.00,1013.8,NaN
2020-05-26T21:00,14.3,2.08,125,88,0.00,0,0.0,0.0,0.0,0.00,0.00,1014.2,NaN
2020-05-26T22:00,13.8,1.71,111,90,0.00,0,0.0,0.0,0.0,0.00,0.00,1014.4,NaN
2020-05-26T23:00,13.5,1.70,90,89,0.00,0,0.0,0.0,0.0,0.00,0.00,1014.2,NaN
2020-05-27T00:00,13.3,2.02,81,89,0.00,0,0.0,0.0,0.0,0.00,0.00,1014.1,NaN
2020-05-27T01:00,13.6,2.16,77,87,0.00,0,0.0,0.0,0.0,0.00,0.00,1013.7,NaN
2020-05-27T02:00,13.2,1.87,74,89,0.00,0,0.0,0.0,0.0,0.00,0.00,1013.7,NaN
2020-05-27T03:00,13.0,1.68,73,90,0.00,0,0.0,0.0,0.0,0.00,0.00,1013.4,NaN
2020-05-27T04:00,13.2,1.62,68,89,0.00,0,0.0,0.0,0.0,0.00,0.00,1013.3,NaN
2020-05-27T05:00,13.2,1.62,68,89,0.00,0,0.0,0.0,0.0,0.00,0.00,1013.4,NaN
2020-05-27T06:00,12.8,1.88,65,89,0.00,0,0.0,0.0,0.0,0.00,0.00,1013.7,NaN
2020-05-27T07:00,13.4,1.84,61,85,0.00,0,0.0,0.0,0.0,0.00,0.00,1014.3,NaN
2020-05-27T08:00,14.5,2.79,21,73,0.00,1,21.0,9.1,20.0,0.00,0.00,1014.9,NaN
2020-05-27T09:00,16.1,2.33,10,65,0.00,1,105.0,74.5,85.0,0.00,0.00,1015.4,NaN
2020-05-27T10:00,17.1,2.41,5,58,0.00,1,156.0,95.1,115.0,0.00,0.00,1015.5,NaN
2020-05-27T11:00,17.8,2.06,337,56,0.00,1,275.0,182.8,174.0,0.00,0.00,1015.1,NaN
2020-05-27T12:00,18.2,1.72,306,56,0.00,1,342.0,132.9,259.0,0.00,0.00,1014.3,NaN
2020-05-27T13:00,18.4,2.10,270,57,0.00,1,375.0,171.3,265.0,0.00,0.00,1013.5,NaN
2020-05-27T14:00,18.1,2.56,249,61,0.00,1,351.0,183.7,240.0,0.00,0.00,1012.9,NaN
2020-05-27T15:00,18.3,2.14,233,63,0.00,1,369.0,319.6,205.0,0.00,0.00,1012.7,NaN
2020-05-27T16:00,18.0,2.55,228,66,0.00,1,303.0,588.6,82.0,0.00,0.00,1013.0,NaN
2020-05-27T17:00,17.1,1.92,231,73,0.00,1,133.0,434.3,46.0,0.00,0.00,1012.9,NaN
2020-05-27T18:00,14.6,2.15,208,87,0.00,0,12.0,68.9,7.0,0.00,0.00,1012.9,NaN
2020-05-27T19:00,14.8,1.87,164,86,0.00,0,0.0,0.0,0.0,0.00,0.00,1013.3,NaN
2020-05-27T20:00,14.2,1.77,137,90,0.00,0,0.0,0.0,0.0,0.00,0.00,1013.6,NaN
2020-05-27T21:00,13.2,1.51,82,91,0.00,0,0.0,0.0,0.0,0.00,0.00,1013.8,NaN
2020-05-27T22:00,12.9,1.34,63,90,0.00,0,0.0,0.0,0.0,0.00,0.00,1013.9,NaN
2020-05-27T23:00,12.6,1.30,58,91,0.00,0,0.0,0.0,0.0,0.00,0.00,1013.5,NaN
2020-05-28T00:00,12.1,1.66,57,91,0.00,0,0.0,0.0,0.0,0.00,0.00,1013.5,NaN
2020-05-28T01:00,12.0,1.92,51,90,0.00,0,0.0,0.0,0.0,0.00,0.00,1013.4,NaN
2020-05-28T02:00,12.1,1.98,49,90,0.00,0,0.0,0.0,0.0,0.00,0.00,1013.3,NaN
2020-05-28T03:00,12.2,1.84,49,89,0.00,0,0.0,0.0,0.0,0.00,0.00,1013.1,NaN
2020-05-28T04:00,12.1,1.64,52,89,0.00,0,0.0,0.0,0.0,0.00,0.00,1013.0,NaN
2020-05-28T05:00,11.8,1.72,54,90,0.00,0,0.0,0.0,0.0,0.00,0.00,1012.6,NaN
2020-05-28T06:00,11.9,2.41,48,88,0.00,0,0.0,0.0,0.0,0.00,0.00,1012.9,NaN
2020-05-28T07:00,11.8,2.69,45,88,0.00,0,0.0,0.0,0.0,0.00,0.00,1013.0,NaN
2020-05-28T08:00,15.0,2.72,36,70,0.00,1,46.0,248.9,19.0,0.00,0.00,1013.5,NaN
2020-05-28T09:00,16.5,3.01,21,63,0.00,1,84.0,41.3,73.0,0.00,0.00,1014.0,NaN
2020-05-28T10:00,18.3,2.92,354,54,0.00,1,204.0,144.6,142.0,0.00,0.00,1014.0,NaN
2020-05-28T11:00,19.0,3.02,326,48,0.00,1,294.0,205.4,181.0,0.00,0.00,1013.7,NaN
2020-05-28T12:00,19.1,2.86,295,50,0.00,1,271.0,86.8,217.0,0.00,0.00,1012.7,NaN
2020-05-28T13:00,19.2,3.91,274,52,0.00,1,322.0,96.9,260.0,0.00,0.00,1011.9,NaN
2020-05-28T14:00,19.3,3.96,286,52,0.00,1,395.0,282.3,225.0,0.00,0.00,1011.2,NaN
2020-05-28T15:00,19.6,3.49,297,49,0.00,1,389.0,477.1,145.0,0.00,0.00,1011.0,NaN
2020-05-28T16:00,19.3,3.14,292,51,0.00,1,270.0,414.5,115.0,0.00,0.00,1010.8,NaN
2020-05-28T17:00,18.2,1.89,302,60,0.00,1,130.0,346.7,61.0,0.00,0.00,1011.0,NaN
2020-05-28T18:00,15.6,1.81,354,70,0.00,0,13.0,83.4,7.0,0.00,0.00,1010.7,NaN
2020-05-28T19:00,15.0,1.94,12,68,0.00,0,0.0,0.0,0.0,0.00,0.00,1010.9,NaN
2020-05-28T20:00,15.8,1.73,10,71,0.00,0,0.0,0.0,0.0,0.00,0.00,1010.7,NaN
2020-05-28T21:00,15.6,2.60,23,68,0.00,0,0.0,0.0,0.0,0.00,0.00,1010.4,NaN
2020-05-28T22:00,15.7,2.26,13,67,0.00,0,0.0,0.0,0.0,0.00,0.00,1010.3,NaN
2020-05-28T23:00,15.7,2.55,11,65,0.00,0,0.0,0.0,0.0,0.00,0.00,1010.0,NaN
2020-05-29T00:00,15.2,2.85,18,66,0.00,0,0.0,0.0,0.0,0.00,0.00,1009.7,NaN
2020-05-29T01:00,15.0,3.70,358,67,0.00,0,0.0,0.0,0.0,0.00,0.00,1009.7,NaN
2020-05-29T02:00,15.1,3.42,353,67,0.00,0,0.0,0.0,0.0,0.00,0.00,1009.4,NaN
2020-05-29T03:00,15.6,3.60,2,64,0.00,0,0.0,0.0,0.0,0.00,0.00,1009.0,NaN
2020-05-29T04:00,15.7,3.51,355,64,0.00,0,0.0,0.0,0.0,0.00,0.00,1008.9,NaN
2020-05-29T05:00,15.1,3.91,356,67,0.00,0,0.0,0.0,0.0,0.00,0.00,1008.9,NaN
2020-05-29T06:00,14.8,4.00,3,71,0.00,0,0.0,0.0,0.0,0.00,0.00,1008.8,NaN
2020-05-29T07:00,15.1,3.83,353,75,0.10,0,0.0,0.0,0.0,0.10,0.00,1009.1,NaN
2020-05-29T08:00,15.7,4.44,352,76,0.10,1,21.0,55.9,15.0,0.10,0.00,1008.7,NaN
2020-05-29T09:00,17.4,4.61,336,78,0.30,1,134.0,291.5,57.0,0.30,0.00,1008.9,NaN
2020-05-29T10:00,19.4,5.37,333,66,0.10,1,272.0,372.7,113.0,0.10,0.00,1009.0,NaN
2020-05-29T11:00,20.8,6.67,310,59,0.00,1,396.0,527.4,107.0,0.00,0.00,1008.6,NaN
2020-05-29T12:00,20.7,7.79,294,61,0.00,1,474.0,553.2,131.0,0.00,0.00,1008.1,NaN
2020-05-29T13:00,21.2,8.25,293,56,0.10,1,532.0,625.5,133.0,0.10,0.00,1007.6,NaN
2020-05-29T14:00,20.5,9.34,286,60,0.10,1,424.0,503.1,122.0,0.10,0.00,1007.1,NaN
2020-05-29T15:00,18.7,8.76,287,77,0.40,1,321.0,445.4,94.0,0.40,0.00,1007.4,NaN
2020-05-29T16:00,18.2,7.13,285,84,0.60,1,211.0,394.7,64.0,0.60,0.00,1007.9,NaN
2020-05-29T17:00,17.6,6.33,291,89,0.30,1,67.0,101.1,47.0,0.30,0.00,1008.2,NaN
2020-05-29T18:00,18.1,6.31,274,84,0.10,0,8.0,42.1,5.0,0.10,0.00,1008.5,NaN
2020-05-29T19:00,17.3,8.20,257,81,0.60,0,0.0,0.0,0.0,0.60,0.00,1009.2,NaN
2020-05-29T20:00,16.9,8.62,248,87,1.00,0,0.0,0.0,0.0,1.00,0.00,1009.1,NaN
2020-05-29T21:00,17.5,5.95,228,87,0.30,0,0.0,0.0,0.0,0.30,0.00,1009.5,NaN
2020-05-29T22:00,16.8,6.06,218,85,0.30,0,0.0,0.0,0.0,0.30,0.00,1009.8,NaN
2020-05-29T23:00,17.4,7.17,210,73,0.10,0,0.0,0.0,0.0,0.10,0.00,1010.4,NaN
2020-05-30T00:00,16.8,7.07,207,70,0.00,0,0.0,0.0,0.0,0.00,0.00,1010.7,NaN
2020-05-30T01:00,16.6,6.82,202,68,0.00,0,0.0,0.0,0.0,0.00,0.00,1010.8,NaN
2020-05-30T02:00,16.4,5.91,199,66,0.00,0,0.0,0.0,0.0,0.00,0.00,1011.1,NaN
2020-05-30T03:00,16.0,4.94,201,57,0.00,0,0.0,0.0,0.0,0.00,0.00,1011.2,NaN
2020-05-30T04:00,15.6,4.44,203,58,0.00,0,0.0,0.0,0.0,0.00,0.00,1011.5,NaN
2020-05-30T05:00,15.5,3.98,198,58,0.00,0,0.0,0.0,0.0,0.00,0.00,1011.6,NaN
2020-05-30T06:00,16.0,3.79,192,57,0.00,0,0.0,0.0,0.0,0.00,0.00,1012.1,NaN
2020-05-30T07:00,15.8,2.83,188,55,0.00,0,0.0,0.0,0.0,0.00,0.00,1012.7,NaN
2020-05-30T08:00,15.7,1.75,167,65,0.00,1,26.0,56.4,20.0,0.00,0.00,1013.4,NaN
2020-05-30T09:00,17.2,1.94,168,59,0.00,1,133.0,198.3,81.0,0.00,0.00,1014.0,NaN
2020-05-30T10:00,17.9,3.31,183,56,0.00,1,270.0,296.8,144.0,0.00,0.00,1014.8,NaN
2020-05-30T11:00,17.8,3.83,200,58,0.10,1,288.0,194.2,182.0,0.10,0.00,1014.9,NaN
2020-05-30T12:00,18.2,3.76,209,56,0.00,1,412.0,357.6,191.0,0.00,0.00,1014.2,NaN
2020-05-30T13:00,18.3,4.07,208,55,0.00,1,443.0,457.6,152.0,0.00,0.00,1014.0,NaN
2020-05-30T14:00,18.2,4.16,204,55,0.00,1,436.0,479.6,149.0,0.00,0.00,1013.9,NaN
2020-05-30T15:00,17.7,4.20,205,60,0.00,1,365.0,456.6,133.0,0.00,0.00,1013.8,NaN
2020-05-30T16:00,17.4,3.89,206,60,0.00,1,200.0,221.0,118.0,0.00,0.00,1014.5,NaN
2020-05-30T17:00,16.9,3.44,206,61,0.00,1,101.0,183.0,65.0,0.00,0.00,1014.9,NaN
2020-05-30T18:00,16.0,2.00,183,67,0.00,0,9.0,42.4,6.0,0.00,0.00,1015.2,NaN
2020-05-30T19:00,15.6,1.94,145,71,0.00,0,0.0,0.0,0.0,0.00,0.00,1015.3,NaN
2020-05-30T20:00,15.1,2.46,153,78,0.00,0,0.0,0.0,0.0,0.00,0.00,1015.7,NaN
2020-05-30T21:00,14.5,2.10,115,82,0.00,0,0.0,0.0,0.0,0.00,0.00,1016.0,NaN
2020-05-30T22:00,14.1,2.51,95,84,0.00,0,0.0,0.0,0.0,0.00,0.00,1016.3,NaN
2020-05-30T23:00,13.8,2.60,90,82,0.00,0,0.0,0.0,0.0,0.00,0.00,1016.1,NaN
2020-05-31T00:00,13.7,2.24,80,82,0.00,0,0.0,0.0,0.0,0.00,0.00,1016.0,NaN
2020-05-31T01:00,13.3,2.02,70,84,0.00,0,0.0,0.0,0.0,0.00,0.00,1016.0,NaN
2020-05-31T02:00,12.4,1.71,69,88,0.00,0,0.0,0.0,0.0,0.00,0.00,1015.8,NaN
2020-05-31T03:00,12.1,1.75,59,88,0.00,0,0.0,0.0,0.0,0.00,0.00,1015.8,NaN
2020-05-31T04:00,11.8,1.98,49,89,0.00,0,0.0,0.0,0.0,0.00,0.00,1016.0,NaN
2020-05-31T05:00,11.8,2.05,47,88,0.00,0,0.0,0.0,0.0,0.00,0.00,1016.1,NaN
2020-05-31T06:00,12.0,2.14,53,87,0.00,0,0.0,0.0,0.0,0.00,0.00,1016.4,NaN
2020-05-31T07:00,12.0,2.44,55,86,0.00,0,0.0,0.0,0.0,0.00,0.00,1016.8,NaN
2020-05-31T08:00,12.6,3.31,65,85,0.00,1,38.0,189.7,18.0,0.00,0.00,1017.7,NaN
2020-05-31T09:00,15.7,2.51,67,75,0.00,1,194.0,522.6,58.0,0.00,0.00,1018.4,NaN
2020-05-31T10:00,17.5,2.20,93,67,0.00,1,301.0,468.6,103.0,0.00,0.00,1018.9,NaN
2020-05-31T11:00,18.5,2.62,137,66,0.00,1,398.0,378.8,192.0,0.00,0.00,1018.6,NaN
2020-05-31T12:00,18.8,2.73,152,64,0.10,1,305.0,141.2,218.0,0.10,0.00,1017.7,NaN
2020-05-31T13:00,19.4,2.82,157,62,0.00,1,381.0,280.7,203.0,0.00,0.00,1017.0,NaN
2020-05-31T14:00,19.4,3.28,149,62,0.10,1,358.0,268.1,198.0,0.10,0.00,1016.4,NaN
2020-05-31T15:00,19.4,3.32,136,61,0.00,1,256.0,157.9,176.0,0.00,0.00,1016.2,NaN
2020-05-31T16:00,19.7,3.24,124,57,0.00,1,225.0,275.8,123.0,0.00,0.00,1016.6,NaN
2020-05-31T17:00,19.2,2.48,137,58,0.00,1,95.0,173.7,61.0,0.00,0.00,1017.0,NaN
2020-05-31T18:00,17.9,2.62,173,72,0.00,0,8.0,14.2,7.0,0.00,0.00,1017.0,NaN
2020-05-31T19:00,16.7,3.03,172,85,0.00,0,0.0,0.0,0.0,0.00,0.00,1017.4,NaN
2020-05-31T20:00,15.9,2.48,140,86,0.00,0,0.0,0.0,0.0,0.00,0.00,1017.9,NaN
2020-05-31T21:00,15.6,2.82,117,84,0.00,0,0.0,0.0,0.0,0.00,0.00,1018.0,NaN
2020-05-31T22:00,14.1,2.28,105,88,0.00,0,0.0,0.0,0.0,0.00,0.00,1017.9,NaN
2020-05-31T23:00,13.4,2.22,98,88,0.00,0,0.0,0.0,0.0,0.00,0.00,1017.7,NaN
2020-06-01T00:00,13.0,2.57,103,86,0.00,0,0.0,0.0,0.0,0.00,0.00,1017.4,NaN
2020-06-01T01:00,12.9,2.98,104,83,0.00,0,0.0,0.0,0.0,0.00,0.00,1017.2,NaN
2020-06-01T02:00,12.6,3.01,94,81,0.00,0,0.0,0.0,0.0,0.00,0.00,1017.0,NaN
2020-06-01T03:00,12.3,3.00,92,82,0.00,0,0.0,0.0,0.0,0.00,0.00,1017.0,NaN
2020-06-01T04:00,12.2,3.51,93,82,0.00,0,0.0,0.0,0.0,0.00,0.00,1016.9,NaN
2020-06-01T05:00,12.5,3.95,99,83,0.00,0,0.0,0.0,0.0,0.00,0.00,1016.9,NaN
2020-06-01T06:00,12.6,4.34,98,85,0.00,0,0.0,0.0,0.0,0.00,0.00,1017.2,NaN
2020-06-01T07:00,12.4,4.70,92,86,0.00,0,0.0,0.0,0.0,0.00,0.00,1017.8,NaN
2020-06-01T08:00,13.2,5.32,86,79,0.00,1,43.0,220.2,20.0,0.00,0.00,1018.5,NaN
2020-06-01T09:00,15.7,5.61,86,69,0.00,1,206.0,572.9,58.0,0.00,0.00,1018.8,NaN
2020-06-01T10:00,18.0,5.83,84,61,0.00,1,385.0,758.5,66.0,0.00,0.00,1018.7,NaN
2020-06-01T11:00,19.8,5.79,80,53,0.00,1,517.0,804.6,81.0,0.00,0.00,1018.2,NaN
2020-06-01T12:00,20.5,5.43,77,50,0.00,1,447.0,291.5,268.0,0.00,0.00,1017.4,NaN
2020-06-01T13:00,21.7,5.16,81,45,0.00,1,603.0,765.5,119.0,0.00,0.00,1016.0,NaN
2020-06-01T14:00,22.1,4.70,88,44,0.00,1,569.0,791.5,98.0,0.00,0.00,1015.1,NaN
2020-06-01T15:00,22.2,4.31,94,43,0.00,1,450.0,665.1,114.0,0.00,0.00,1014.6,NaN
2020-06-01T16:00,21.9,3.85,99,44,0.00,1,311.0,613.1,85.0,0.00,0.00,1014.7,NaN
2020-06-01T17:00,20.1,2.77,116,50,0.00,1,142.0,472.4,50.0,0.00,0.00,1014.8,NaN
2020-06-01T18:00,17.7,3.05,122,56,0.00,0,13.0,85.8,7.0,0.00,0.00,1015.1,NaN
2020-06-01T19:00,16.8,3.54,119,58,0.00,0,0.0,0.0,0.0,0.00,0.00,1015.7,NaN
2020-06-01T20:00,16.8,4.02,117,57,0.00,0,0.0,0.0,0.0,0.00,0.00,1015.6,NaN
2020-06-01T21:00,16.0,4.74,108,60,0.00,0,0.0,0.0,0.0,0.00,0.00,1015.5,NaN
2020-06-01T22:00,15.3,4.49,102,63,0.00,0,0.0,0.0,0.0,0.00,0.00,1015.5,NaN
2020-06-01T23:00,14.9,4.70,92,66,0.00,0,0.0,0.0,0.0,0.00,0.00,1015.4,NaN
2020-06-02T00:00,14.6,4.90,91,67,0.00,0,0.0,0.0,0.0,0.00,0.00,1015.3,NaN
2020-06-02T01:00,14.5,5.12,84,67,0.00,0,0.0,0.0,0.0,0.00,0.00,1015.2,NaN
2020-06-02T02:00,14.6,6.05,82,65,0.00,0,0.0,0.0,0.0,0.00,0.00,1014.3,NaN
2020-06-02T03:00,14.7,6.30,80,64,0.00,0,0.0,0.0,0.0,0.00,0.00,1013.8,NaN
2020-06-02T04:00,15.2,6.26,77,60,0.00,0,0.0,0.0,0.0,0.00,0.00,1013.5,NaN
2020-06-02T05:00,14.6,6.09,76,60,0.00,0,0.0,0.0,0.0,0.00,0.00,1013.6,NaN
2020-06-02T06:00,14.6,6.26,73,58,0.00,0,0.0,0.0,0.0,0.00,0.00,1013.7,NaN
2020-06-02T07:00,14.8,6.05,68,54,0.00,0,0.0,0.0,0.0,0.00,0.00,1014.0,NaN
2020-06-02T08:00,15.2,6.71,65,54,0.00,1,41.0,202.8,20.0,0.00,0.00,1014.9,NaN
2020-06-02T09:00,17.2,6.94,65,49,0.00,1,191.0,452.2,75.0,0.00,0.00,1015.0,NaN
2020-06-02T10:00,19.7,6.69,58,43,0.00,1,372.0,687.9,84.0,0.00,0.00,1015.0,NaN
2020-06-02T11:00,21.5,6.47,51,39,0.00,1,493.0,714.8,107.0,0.00,0.00,1014.7,NaN
2020-06-02T12:00,22.9,6.10,49,37,0.00,1,583.0,756.2,120.0,0.00,0.00,1013.5,NaN
2020-06-02T13:00,23.9,5.45,46,35,0.00,1,601.0,758.1,123.0,0.00,0.00,1012.7,NaN
2020-06-02T14:00,24.5,4.53,43,33,0.00,1,568.0,780.0,105.0,0.00,0.00,1012.0,NaN
2020-06-02T15:00,24.6,3.97,49,31,0.00,1,476.0,793.9,76.0,0.00,0.00,1011.6,NaN
2020-06-02T16:00,23.8,3.35,63,36,0.00,1,275.0,492.5,94.0,0.00,0.00,1011.3,NaN
2020-06-02T17:00,21.8,2.77,64,40,0.00,1,140.0,500.2,43.0,0.00,0.00,1011.5,NaN
2020-06-02T18:00,18.6,2.47,58,47,0.00,0,10.0,57.6,6.0,0.00,0.00,1012.2,NaN
2020-06-02T19:00,18.4,2.02,70,46,0.00,0,0.0,0.0,0.0,0.00,0.00,1012.9,NaN
2020-06-02T20:00,18.8,3.13,83,44,0.00,0,0.0,0.0,0.0,0.00,0.00,1013.1,NaN
2020-06-02T21:00,18.2,4.24,75,46,0.00,0,0.0,0.0,0.0,0.00,0.00,1013.1,NaN
2020-06-02T22:00,17.9,4.48,66,46,0.00,0,0.0,0.0,0.0,0.00,0.00,1013.3,NaN
2020-06-02T23:00,18.3,4.70,61,42,0.00,0,0.0,0.0,0.0,0.00,0.00,1013.3,NaN
2020-06-03T00:00,18.5,5.22,58,40,0.00,0,0.0,0.0,0.0,0.00,0.00,1013.0,NaN
2020-06-03T01:00,18.0,5.72,54,41,0.00,0,0.0,0.0,0.0,0.00,0.00,1012.9,NaN
2020-06-03T02:00,18.0,6.04,51,41,0.00,0,0.0,0.0,0.0,0.00,0.00,1012.7,NaN
2020-06-03T03:00,17.8,6.45,49,41,0.00,0,0.0,0.0,0.0,0.00,0.00,1012.5,NaN
2020-06-03T04:00,17.3,4.98,52,42,0.00,0,0.0,0.0,0.0,0.00,0.00,1012.3,NaN
2020-06-03T05:00,17.3,3.31,65,43,0.00,0,0.0,0.0,0.0,0.00,0.00,1012.6,NaN
2020-06-03T06:00,16.0,1.90,72,49,0.00,0,0.0,0.0,0.0,0.00,0.00,1013.1,NaN
2020-06-03T07:00,15.5,3.20,76,49,0.00,0,0.0,0.0,0.0,0.00,0.00,1013.5,NaN
2020-06-03T08:00,16.7,5.69,56,46,0.00,1,30.0,155.9,14.0,0.00,0.00,1014.1,NaN
2020-06-03T09:00,17.7,6.07,57,46,0.00,1,76.0,117.7,46.0,0.00,0.00,1014.3,NaN
2020-06-03T10:00,19.1,5.92,53,43,0.00,1,178.0,213.5,89.0,0.00,0.00,1014.2,NaN
2020-06-03T11:00,20.6,5.39,50,40,0.00,1,266.0,278.7,116.0,0.00,0.00,1013.6,NaN
2020-06-03T12:00,22.1,4.39,47,38,0.00,1,315.0,286.6,140.0,0.00,0.00,1012.8,NaN
2020-06-03T13:00,23.7,3.82,47,34,0.00,1,449.0,437.2,174.0,0.00,0.00,1012.0,NaN
2020-06-03T14:00,24.4,2.92,38,32,0.00,1,410.0,401.9,172.0,0.00,0.00,1011.3,NaN
2020-06-03T15:00,24.4,1.84,41,32,0.00,1,345.0,449.6,119.0,0.00,0.00,1011.3,NaN
2020-06-03T16:00,24.1,0.82,76,35,0.00,1,286.0,583.8,72.0,0.00,0.00,1011.5,NaN
2020-06-03T17:00,21.6,1.27,135,56,0.00,1,136.0,486.7,42.0,0.00,0.00,1011.8,NaN
2020-06-03T18:00,18.4,2.28,105,53,0.00,0,11.0,72.3,6.0,0.00,0.00,1012.2,NaN
2020-06-03T19:00,17.7,1.81,84,50,0.00,0,0.0,0.0,0.0,0.00,0.00,1012.6,NaN
2020-06-03T20:00,17.2,2.00,87,52,0.00,0,0.0,0.0,0.0,0.00,0.00,1012.9,NaN
2020-06-03T21:00,16.6,2.35,78,54,0.00,0,0.0,0.0,0.0,0.00,0.00,1013.2,NaN
2020-06-03T22:00,16.2,2.62,72,53,0.00,0,0.0,0.0,0.0,0.00,0.00,1013.4,NaN
2020-06-03T23:00,15.9,2.94,72,52,0.00,0,0.0,0.0,0.0,0.00,0.00,1013.1,NaN
2020-06-04T00:00,15.8,3.38,71,50,0.00,0,0.0,0.0,0.0,0.00,0.00,1012.9,NaN
2020-06-04T01:00,16.1,3.61,71,48,0.00,0,0.0,0.0,0.0,0.00,0.00,1012.6,NaN
2020-06-04T02:00,16.5,3.89,64,46,0.00,0,0.0,0.0,0.0,0.00,0.00,1012.2,NaN
2020-06-04T03:00,16.6,4.03,60,45,0.00,0,0.0,0.0,0.0,0.00,0.00,1011.9,NaN
2020-06-04T04:00,16.5,3.98,62,45,0.00,0,0.0,0.0,0.0,0.00,0.00,1011.6,NaN
2020-06-04T05:00,16.3,3.94,60,45,0.00,0,0.0,0.0,0.0,0.00,0.00,1011.7,NaN
2020-06-04T06:00,16.1,3.81,60,45,0.00,0,0.0,0.0,0.0,0.00,0.00,1011.9,NaN
2020-06-04T07:00,15.8,3.81,60,46,0.00,0,0.0,0.0,0.0,0.00,0.00,1012.6,NaN
2020-06-04T08:00,16.4,3.94,60,46,0.00,1,39.0,235.8,15.0,0.00,0.00,1013.2,NaN
2020-06-04T09:00,19.8,3.91,58,42,0.00,1,203.0,604.6,50.0,0.00,0.00,1013.7,NaN
2020-06-04T10:00,23.1,3.06,52,37,0.00,1,366.0,710.6,71.0,0.00,0.00,1014.0,NaN
2020-06-04T11:00,25.3,2.05,43,33,0.00,1,479.0,736.3,84.0,0.00,0.00,1013.8,NaN
2020-06-04T12:00,26.4,0.60,360,30,0.00,1,578.0,806.4,87.0,0.00,0.00,1013.3,NaN
2020-06-04T13:00,26.2,1.35,222,35,0.00,1,591.0,793.7,93.0,0.00,0.00,1012.6,NaN
2020-06-04T14:00,25.3,2.58,216,46,0.00,1,529.0,732.9,96.0,0.00,0.00,1011.9,NaN
2020-06-04T15:00,24.4,2.86,205,52,0.00,1,398.0,552.3,121.0,0.00,0.00,1011.7,NaN
2020-06-04T16:00,23.3,2.67,193,56,0.00,1,250.0,443.0,88.0,0.00,0.00,1012.0,NaN
2020-06-04T17:00,21.6,1.82,171,58,0.00,1,121.0,374.1,49.0,0.00,0.00,1012.1,NaN
2020-06-04T18:00,20.6,2.15,152,56,0.00,0,9.0,29.0,7.0,0.00,0.00,1012.5,NaN
2020-06-04T19:00,20.7,2.37,152,56,0.00,0,0.0,0.0,0.0,0.00,0.00,1013.1,NaN
2020-06-04T20:00,19.0,1.98,135,72,0.00,0,0.0,0.0,0.0,0.00,0.00,1013.3,NaN
2020-06-04T21:00,18.3,1.87,106,65,0.00,0,0.0,0.0,0.0,0.00,0.00,1013.4,NaN
2020-06-04T22:00,17.9,1.80,87,55,0.00,0,0.0,0.0,0.0,0.00,0.00,1013.2,NaN
2020-06-04T23:00,18.8,2.14,79,47,0.00,0,0.0,0.0,0.0,0.00,0.00,1013.2,NaN
2020-06-05T00:00,19.1,2.14,79,45,0.00,0,0.0,0.0,0.0,0.00,0.00,1012.9,NaN
2020-06-05T01:00,19.2,2.53,72,45,0.00,0,0.0,0.0,0.0,0.00,0.00,1012.4,NaN
2020-06-05T02:00,19.0,2.79,69,45,0.00,0,0.0,0.0,0.0,0.00,0.00,1012.3,NaN
2020-06-05T03:00,18.6,2.73,66,45,0.00,0,0.0,0.0,0.0,0.00,0.00,1012.1,NaN
2020-06-05T04:00,18.1,2.88,70,47,0.00,0,0.0,0.0,0.0,0.00,0.00,1011.9,NaN
2020-06-05T05:00,17.8,3.29,70,48,0.00,0,0.0,0.0,0.0,0.00,0.00,1012.1,NaN
2020-06-05T06:00,17.9,3.49,66,46,0.00,0,0.0,0.0,0.0,0.00,0.00,1012.3,NaN
2020-06-05T07:00,17.2,2.82,63,46,0.00,0,0.0,0.0,0.0,0.00,0.00,1012.9,NaN
2020-06-05T08:00,18.8,3.62,62,40,0.00,1,36.0,208.1,15.0,0.00,0.00,1013.4,NaN
2020-06-05T09:00,21.3,4.25,49,36,0.00,1,167.0,433.6,58.0,0.00,0.00,1013.7,NaN
2020-06-05T10:00,23.9,4.31,44,32,0.00,1,338.0,599.9,90.0,0.00,0.00,1014.2,NaN
2020-06-05T11:00,26.0,3.89,42,29,0.00,1,499.0,781.6,81.0,0.00,0.00,1013.8,NaN
2020-06-05T12:00,27.4,3.02,34,28,0.00,1,583.0,826.6,81.0,0.00,0.00,1013.0,NaN
2020-06-05T13:00,28.1,1.93,21,27,0.00,1,608.0,843.5,80.0,0.00,0.00,1012.6,NaN
2020-06-05T14:00,27.8,0.32,252,30,0.00,1,564.0,824.4,78.0,0.00,0.00,1012.1,NaN
2020-06-05T15:00,26.3,1.84,209,44,0.00,1,465.0,787.2,71.0,0.00,0.00,1011.9,NaN
2020-06-05T16:00,25.1,2.10,180,57,0.00,1,320.0,712.6,60.0,0.00,0.00,1011.8,NaN
2020-06-05T17:00,22.9,1.58,162,67,0.00,1,144.0,536.7,41.0,0.00,0.00,1012.0,NaN
2020-06-05T18:00,19.7,2.50,127,68,0.00,0,12.0,87.5,6.0,0.00,0.00,1011.9,NaN
2020-06-05T19:00,19.7,2.30,90,51,0.00,0,0.0,0.0,0.0,0.00,0.00,1012.2,NaN
2020-06-05T20:00,17.6,3.05,58,61,0.00,0,0.0,0.0,0.0,0.00,0.00,1012.3,NaN
2020-06-05T21:00,17.0,2.78,38,54,0.00,0,0.0,0.0,0.0,0.00,0.00,1012.5,NaN
2020-06-05T22:00,16.8,2.84,51,50,0.00,0,0.0,0.0,0.0,0.00,0.00,1012.3,NaN
2020-06-05T23:00,16.7,3.28,59,48,0.00,0,0.0,0.0,0.0,0.00,0.00,1012.1,NaN
2020-06-06T00:00,16.7,3.19,41,49,0.00,0,0.0,0.0,0.0,0.00,0.00,1012.1,NaN
2020-06-06T01:00,17.4,2.61,32,45,0.00,0,0.0,0.0,0.0,0.00,0.00,1011.9,NaN
2020-06-06T02:00,14.9,3.41,40,53,0.00,0,0.0,0.0,0.0,0.00,0.00,1011.7,NaN
2020-06-06T03:00,16.6,2.66,34,41,0.00,0,0.0,0.0,0.0,0.00,0.00,1011.4,NaN
2020-06-06T04:00,17.6,3.74,34,36,0.00,0,0.0,0.0,0.0,0.00,0.00,1011.4,NaN
2020-06-06T05:00,17.9,4.72,36,34,0.00,0,0.0,0.0,0.0,0.00,0.00,1011.3,NaN
2020-06-06T06:00,18.1,5.28,37,33,0.00,0,0.0,0.0,0.0,0.00,0.00,1011.5,NaN
2020-06-06T07:00,17.9,5.81,41,33,0.00,0,0.0,0.0,0.0,0.00,0.00,1012.0,NaN
2020-06-06T08:00,18.8,5.61,40,33,0.00,1,33.0,90.0,24.0,0.00,0.00,1013.1,NaN
2020-06-06T09:00,20.9,5.56,38,31,0.00,1,159.0,276.3,90.0,0.00,0.00,1013.6,NaN
2020-06-06T10:00,22.9,3.32,21,30,0.00,1,293.0,325.4,159.0,0.00,0.00,1013.9,NaN
2020-06-06T11:00,24.1,1.84,283,30,0.00,1,456.0,585.2,144.0,0.00,0.00,1014.0,NaN
2020-06-06T12:00,23.6,1.94,258,40,0.00,1,459.0,386.3,225.0,0.00,0.00,1013.2,NaN
2020-06-06T13:00,24.1,1.88,245,43,0.00,1,544.0,566.7,190.0,0.00,0.00,1012.2,NaN
2020-06-06T14:00,23.5,2.83,222,46,0.00,1,468.0,445.3,206.0,0.00,0.00,1011.7,NaN
2020-06-06T15:00,22.4,2.92,218,44,0.00,1,339.0,262.2,208.0,0.00,0.00,1011.5,NaN
2020-06-06T16:00,21.7,1.02,191,43,0.00,1,215.0,184.0,148.0,0.00,0.00,1011.5,NaN
2020-06-06T17:00,20.4,1.06,131,62,0.00,1,82.0,62.7,70.0,0.00,0.00,1011.3,NaN
2020-06-06T18:00,19.0,1.52,113,55,0.00,0,7.0,14.6,6.0,0.00,0.00,1011.4,NaN
2020-06-06T19:00,18.6,1.80,87,46,0.00,0,0.0,0.0,0.0,0.00,0.00,1011.0,NaN
2020-06-06T20:00,17.9,2.66,70,48,0.00,0,0.0,0.0,0.0,0.00,0.00,1010.9,NaN
2020-06-06T21:00,16.1,2.12,71,55,0.00,0,0.0,0.0,0.0,0.00,0.00,1011.1,NaN
2020-06-06T22:00,17.8,0.63,108,49,0.00,0,0.0,0.0,0.0,0.00,0.00,1011.2,NaN
2020-06-06T23:00,17.9,0.70,90,49,0.00,0,0.0,0.0,0.0,0.00,0.00,1011.3,NaN
2020-06-07T00:00,15.9,1.41,98,56,0.00,0,0.0,0.0,0.0,0.00,0.00,1010.9,NaN
2020-06-07T01:00,15.5,2.01,117,58,0.00,0,0.0,0.0,0.0,0.00,0.00,1010.7,NaN
2020-06-07T02:00,16.1,1.91,133,57,0.00,0,0.0,0.0,0.0,0.00,0.00,1011.1,NaN
2020-06-07T03:00,17.6,3.62,152,70,0.00,0,0.0,0.0,0.0,0.00,0.00,1010.8,NaN
2020-06-07T04:00,17.5,2.97,138,82,0.00,0,0.0,0.0,0.0,0.00,0.00,1010.6,NaN
2020-06-07T05:00,16.5,1.84,193,92,0.40,0,0.0,0.0,0.0,0.40,0.00,1010.8,NaN
2020-06-07T06:00,16.6,2.31,175,93,0.90,0,0.0,0.0,0.0,0.90,0.00,1010.8,NaN
2020-06-07T07:00,16.8,3.94,144,92,0.50,0,0.0,0.0,0.0,0.50,0.00,1011.0,NaN
2020-06-07T08:00,16.9,5.11,121,94,0.30,1,25.0,70.6,18.0,0.30,0.00,1010.8,NaN
2020-06-07T09:00,18.1,6.59,112,89,0.00,1,159.0,366.8,68.0,0.00,0.00,1010.8,NaN
2020-06-07T10:00,19.3,5.59,114,78,0.00,1,237.0,256.0,132.0,0.00,0.00,1011.0,NaN
2020-06-07T11:00,20.7,4.81,107,57,0.00,1,335.0,316.0,167.0,0.00,0.00,1010.4,NaN
2020-06-07T12:00,21.2,4.10,93,41,0.00,1,309.0,201.9,187.0,0.00,0.00,1009.9,NaN
2020-06-07T13:00,21.8,3.34,81,36,0.00,1,357.0,237.4,209.0,0.00,0.00,1009.2,NaN
2020-06-07T14:00,22.9,2.41,85,33,0.00,1,473.0,534.6,159.0,0.00,0.00,1008.6,NaN
2020-06-07T15:00,23.1,1.91,96,31,0.00,1,381.0,501.3,131.0,0.00,0.00,1008.5,NaN
2020-06-07T16:00,22.6,1.98,135,32,0.00,1,292.0,594.2,76.0,0.00,0.00,1008.9,NaN
2020-06-07T17:00,20.3,1.84,151,45,0.00,1,131.0,444.9,46.0,0.00,0.00,1009.1,NaN
2020-06-07T18:00,18.2,2.28,142,47,0.00,0,11.0,73.3,6.0,0.00,0.00,1009.4,NaN
2020-06-07T19:00,17.3,2.34,130,46,0.00,0,0.0,0.0,0.0,0.00,0.00,1009.9,NaN
2020-06-07T20:00,16.0,2.77,103,46,0.00,0,0.0,0.0,0.0,0.00,0.00,1010.5,NaN
2020-06-07T21:00,15.2,2.60,88,47,0.00,0,0.0,0.0,0.0,0.00,0.00,1010.7,NaN
2020-06-07T22:00,14.7,2.41,85,47,0.00,0,0.0,0.0,0.0,0.00,0.00,1010.9,NaN
2020-06-07T23:00,14.5,2.82,84,48,0.00,0,0.0,0.0,0.0,0.00,0.00,1010.9,NaN
2020-06-08T00:00,14.5,3.42,83,47,0.00,0,0.0,0.0,0.0,0.00,0.00,1010.9,NaN
2020-06-08T01:00,14.3,4.03,83,46,0.00,0,0.0,0.0,0.0,0.00,0.00,1010.5,NaN
2020-06-08T02:00,14.3,4.26,81,44,0.00,0,0.0,0.0,0.0,0.00,0.00,1010.3,NaN
2020-06-08T03:00,14.3,4.57,80,43,0.00,0,0.0,0.0,0.0,0.00,0.00,1010.1,NaN
2020-06-08T04:00,14.3,5.22,78,43,0.00,0,0.0,0.0,0.0,0.00,0.00,1009.9,NaN
2020-06-08T05:00,14.1,5.47,72,42,0.00,0,0.0,0.0,0.0,0.00,0.00,1010.0,NaN
2020-06-08T06:00,14.1,5.44,70,39,0.00,0,0.0,0.0,0.0,0.00,0.00,1010.0,NaN
2020-06-08T07:00,14.0,5.54,70,37,0.00,0,0.0,0.0,0.0,0.00,0.00,1010.6,NaN
2020-06-08T08:00,14.4,5.50,65,38,0.00,1,38.0,243.9,14.0,0.00,0.00,1011.4,NaN
2020-06-08T09:00,17.0,5.59,66,35,0.00,1,203.0,624.6,49.0,0.00,0.00,1011.8,NaN
2020-06-08T10:00,19.7,5.23,64,31,0.00,1,377.0,768.5,63.0,0.00,0.00,1012.0,NaN
2020-06-08T11:00,21.8,4.52,62,28,0.00,1,515.0,839.4,70.0,0.00,0.00,1011.7,NaN
2020-06-08T12:00,23.3,3.64,58,26,0.00,1,600.0,872.3,74.0,0.00,0.00,1011.2,NaN
2020-06-08T13:00,24.1,3.24,56,23,0.00,1,623.0,880.8,75.0,0.00,0.00,1010.2,NaN
2020-06-08T14:00,24.4,2.25,58,23,0.00,1,582.0,868.1,73.0,0.00,0.00,1009.7,NaN
2020-06-08T15:00,24.2,1.30,90,23,0.00,1,480.0,827.4,68.0,0.00,0.00,1009.5,NaN
2020-06-08T16:00,23.2,1.91,186,31,0.00,1,329.0,743.8,59.0,0.00,0.00,1009.8,NaN
2020-06-08T17:00,20.5,3.24,189,56,0.00,1,148.0,566.2,40.0,0.00,0.00,1009.9,NaN
2020-06-08T18:00,18.4,3.57,169,67,0.00,0,12.0,88.1,6.0,0.00,0.00,1010.0,NaN
2020-06-08T19:00,17.5,3.44,144,59,0.00,0,0.0,0.0,0.0,0.00,0.00,1010.2,NaN
2020-06-08T20:00,16.9,3.48,129,50,0.00,0,0.0,0.0,0.0,0.00,0.00,1010.5,NaN
2020-06-08T21:00,15.7,3.04,117,49,0.00,0,0.0,0.0,0.0,0.00,0.00,1010.9,NaN
2020-06-08T22:00,14.6,3.01,94,48,0.00,0,0.0,0.0,0.0,0.00,0.00,1011.2,NaN
2020-06-08T23:00,14.8,3.81,85,36,0.00,0,0.0,0.0,0.0,0.00,0.00,1010.8,NaN
2020-06-09T00:00,15.4,4.64,83,33,0.00,0,0.0,0.0,0.0,0.00,0.00,1010.5,NaN
2020-06-09T01:00,15.0,5.34,77,33,0.00,0,0.0,0.0,0.0,0.00,0.00,1010.1,NaN
2020-06-09T02:00,15.0,5.79,72,33,0.00,0,0.0,0.0,0.0,0.00,0.00,1010.1,NaN
2020-06-09T03:00,14.9,5.85,70,32,0.00,0,0.0,0.0,0.0,0.00,0.00,1009.7,NaN
2020-06-09T04:00,14.8,5.70,68,32,0.00,0,0.0,0.0,0.0,0.00,0.00,1009.8,NaN
2020-06-09T05:00,14.5,5.87,67,33,0.00,0,0.0,0.0,0.0,0.00,0.00,1009.9,NaN
2020-06-09T06:00,14.3,6.13,64,33,0.00,0,0.0,0.0,0.0,0.00,0.00,1010.0,NaN
2020-06-09T07:00,14.2,6.26,61,33,0.00,0,0.0,0.0,0.0,0.00,0.00,1010.3,NaN
2020-06-09T08:00,15.0,6.24,55,33,0.00,1,38.0,245.8,14.0,0.00,0.00,1010.6,NaN
2020-06-09T09:00,18.0,6.26,51,31,0.00,1,206.0,640.7,49.0,0.00,0.00,1010.9,NaN
2020-06-09T10:00,20.9,5.74,49,27,0.00,1,381.0,778.7,64.0,0.00,0.00,1010.9,NaN
2020-06-09T11:00,23.1,5.23,45,25,0.00,1,516.0,828.4,78.0,0.00,0.00,1010.4,NaN
2020-06-09T12:00,24.8,4.40,39,24,0.00,1,593.0,826.0,96.0,0.00,0.00,1010.0,NaN
2020-06-09T13:00,25.9,3.76,29,22,0.00,1,620.0,861.4,85.0,0.00,0.00,1009.6,NaN
2020-06-09T14:00,26.4,3.23,22,21,0.00,1,565.0,785.7,105.0,0.00,0.00,1008.7,NaN
2020-06-09T15:00,26.3,2.52,7,21,0.00,1,459.0,707.9,107.0,0.00,0.00,1008.2,NaN
2020-06-09T16:00,25.6,1.13,45,29,0.00,1,310.0,615.0,87.0,0.00,0.00,1008.0,NaN
2020-06-09T17:00,23.4,1.06,131,36,0.00,1,131.0,351.7,64.0,0.00,0.00,1008.0,NaN
2020-06-09T18:00,17.9,2.82,297,59,0.00,0,12.0,58.8,8.0,0.00,0.00,1008.3,NaN
2020-06-09T19:00,17.0,2.93,262,83,0.00,0,0.0,0.0,0.0,0.00,0.00,1008.7,NaN
2020-06-09T20:00,21.0,1.73,280,63,0.00,0,0.0,0.0,0.0,0.00,0.00,1009.5,NaN
2020-06-09T21:00,17.1,1.30,4,74,0.00,0,0.0,0.0,0.0,0.00,0.00,1009.4,NaN
2020-06-09T22:00,14.4,1.66,25,79,0.00,0,0.0,0.0,0.0,0.00,0.00,1009.3,NaN
2020-06-09T23:00,14.7,1.52,23,72,0.00,0,0.0,0.0,0.0,0.00,0.00,1009.1,NaN
2020-06-10T00:00,14.0,1.44,34,71,0.00,0,0.0,0.0,0.0,0.00,0.00,1008.6,NaN
2020-06-10T01:00,13.7,1.63,43,65,0.00,0,0.0,0.0,0.0,0.00,0.00,1008.0,NaN
2020-06-10T02:00,13.8,2.28,38,59,0.00,0,0.0,0.0,0.0,0.00,0.00,1007.7,NaN
2020-06-10T03:00,13.9,2.60,23,57,0.00,0,0.0,0.0,0.0,0.00,0.00,1007.3,NaN
2020-06-10T04:00,14.2,3.27,23,60,0.00,0,0.0,0.0,0.0,0.00,0.00,1007.2,NaN
2020-06-10T05:00,14.2,3.32,21,62,0.00,0,0.0,0.0,0.0,0.00,0.00,1007.0,NaN
2020-06-10T06:00,14.2,3.27,23,60,0.00,0,0.0,0.0,0.0,0.00,0.00,1006.9,NaN
2020-06-10T07:00,14.2,3.49,27,58,0.00,0,0.0,0.0,0.0,0.00,0.00,1007.4,NaN
2020-06-10T08:00,15.6,3.18,28,63,0.00,1,35.0,185.8,17.0,0.00,0.00,1008.0,NaN
2020-06-10T09:00,19.0,3.44,26,55,0.00,1,194.0,562.5,57.0,0.00,0.00,1008.2,NaN
2020-06-10T10:00,22.2,2.91,16,46,0.00,1,372.0,764.2,62.0,0.00,0.00,1008.3,NaN
2020-06-10T11:00,24.1,2.94,350,34,0.00,1,509.0,832.4,70.0,0.00,0.00,1008.0,NaN
2020-06-10T12:00,25.0,3.58,333,29,0.00,1,594.0,865.9,74.0,0.00,0.00,1007.2,NaN
2020-06-10T13:00,25.4,3.75,318,28,0.00,1,617.0,874.1,75.0,0.00,0.00,1006.3,NaN
2020-06-10T14:00,25.4,3.71,297,30,0.00,1,572.0,850.1,75.0,0.00,0.00,1005.5,NaN
2020-06-10T15:00,23.8,4.01,266,45,0.00,1,466.0,791.2,73.0,0.00,0.00,1005.0,NaN
2020-06-10T16:00,22.8,3.01,255,51,0.00,1,311.0,684.6,63.0,0.00,0.00,1004.5,NaN
2020-06-10T17:00,20.6,1.68,287,59,0.00,1,143.0,541.0,40.0,0.00,0.00,1004.6,NaN
2020-06-10T18:00,19.0,2.52,304,67,0.00,0,12.0,88.2,6.0,0.00,0.00,1004.8,NaN
2020-06-10T19:00,18.1,2.39,327,78,0.00,0,0.0,0.0,0.0,0.00,0.00,1004.9,NaN
2020-06-10T20:00,17.7,2.32,353,79,0.00,0,0.0,0.0,0.0,0.00,0.00,1005.2,NaN
2020-06-10T21:00,17.7,2.82,354,77,0.00,0,0.0,0.0,0.0,0.00,0.00,1005.3,NaN
2020-06-10T22:00,18.4,3.22,353,77,0.40,0,0.0,0.0,0.0,0.40,0.00,1004.9,NaN
2020-06-10T23:00,18.8,3.41,3,75,0.00,0,0.0,0.0,0.0,0.00,0.00,1004.0,NaN
2020-06-11T00:00,18.9,4.71,343,64,0.00,0,0.0,0.0,0.0,0.00,0.00,1003.7,NaN
2020-06-11T01:00,18.2,3.40,358,65,0.00,0,0.0,0.0,0.0,0.00,0.00,1003.3,NaN
2020-06-11T02:00,18.4,4.37,340,71,0.00,0,0.0,0.0,0.0,0.00,0.00,1002.9,NaN
2020-06-11T03:00,18.0,3.04,351,76,0.00,0,0.0,0.0,0.0,0.00,0.00,1002.5,NaN
2020-06-11T04:00,17.7,4.70,2,78,0.20,0,0.0,0.0,0.0,0.20,0.00,1002.2,NaN
2020-06-11T05:00,17.7,5.92,355,86,1.20,0,0.0,0.0,0.0,1.20,0.00,1001.7,NaN
2020-06-11T06:00,17.5,6.00,349,87,1.40,0,0.0,0.0,0.0,1.40,0.00,1001.9,NaN
2020-06-11T07:00,17.5,5.41,344,89,1.00,0,0.0,0.0,0.0,1.00,0.00,1002.5,NaN
2020-06-11T08:00,19.3,6.81,300,90,1.00,1,15.0,31.2,12.0,1.00,0.00,1002.7,NaN
2020-06-11T09:00,19.4,5.85,303,90,3.20,1,53.0,61.9,38.0,3.20,0.00,1003.3,NaN
2020-06-11T10:00,20.1,5.25,320,87,0.40,1,152.0,103.9,110.0,0.40,0.00,1003.2,NaN
2020-06-11T11:00,21.4,5.94,316,80,0.10,1,336.0,412.4,119.0,0.10,0.00,1002.8,NaN
2020-06-11T12:00,22.3,6.58,306,71,0.10,1,508.0,680.7,100.0,0.10,0.00,1002.2,NaN
2020-06-11T13:00,22.9,6.99,304,65,0.00,1,551.0,741.4,92.0,0.00,0.00,1001.9,NaN
2020-06-11T14:00,22.7,7.12,299,64,0.00,1,514.0,715.9,96.0,0.00,0.00,1001.6,NaN
2020-06-11T15:00,21.4,7.24,290,72,0.20,1,403.0,622.7,94.0,0.20,0.00,1001.5,NaN
2020-06-11T16:00,20.1,6.38,302,82,0.30,1,176.0,251.4,85.0,0.30,0.00,1002.1,NaN
2020-06-11T17:00,19.8,5.80,306,87,0.20,1,78.0,194.4,41.0,0.20,0.00,1002.2,NaN
2020-06-11T18:00,18.9,5.65,293,91,0.40,0,7.0,29.4,5.0,0.40,0.00,1002.4,NaN
2020-06-11T19:00,19.1,4.02,289,92,0.20,0,0.0,0.0,0.0,0.20,0.00,1002.9,NaN
2020-06-11T20:00,19.1,3.16,288,92,0.60,0,0.0,0.0,0.0,0.60,0.00,1002.8,NaN
2020-06-11T21:00,19.1,3.75,279,90,0.70,0,0.0,0.0,0.0,0.70,0.00,1003.2,NaN
2020-06-11T22:00,19.2,3.91,273,87,0.40,0,0.0,0.0,0.0,0.40,0.00,1002.9,NaN
2020-06-11T23:00,18.8,3.81,265,87,0.20,0,0.0,0.0,0.0,0.20,0.00,1002.8,NaN
2020-06-12T00:00,18.5,3.93,263,88,0.20,0,0.0,0.0,0.0,0.20,0.00,1002.7,NaN
2020-06-12T01:00,18.3,4.41,257,90,0.30,0,0.0,0.0,0.0,0.30,0.00,1002.6,NaN
2020-06-12T02:00,18.8,4.28,259,83,0.20,0,0.0,0.0,0.0,0.20,0.00,1002.6,NaN
2020-06-12T03:00,18.7,5.07,255,82,0.10,0,0.0,0.0,0.0,0.10,0.00,1002.5,NaN
2020-06-12T04:00,18.2,6.00,240,85,0.00,0,0.0,0.0,0.0,0.00,0.00,1002.5,NaN
2020-06-12T05:00,17.8,5.80,238,82,0.10,0,0.0,0.0,0.0,0.10,0.00,1002.9,NaN
2020-06-12T06:00,17.6,5.19,230,90,0.30,0,0.0,0.0,0.0,0.30,0.00,1003.4,NaN
2020-06-12T07:00,17.1,5.53,229,91,0.60,0,0.0,0.0,0.0,0.60,0.00,1004.4,NaN
2020-06-12T08:00,18.6,7.03,230,76,0.50,1,18.0,41.9,14.0,0.50,0.00,1004.6,NaN
2020-06-12T09:00,19.1,6.68,219,79,0.20,1,128.0,323.9,50.0,0.20,0.00,1005.8,NaN
2020-06-12T10:00,18.4,7.16,216,80,0.50,1,182.0,141.4,125.0,0.50,0.00,1006.9,NaN
2020-06-12T11:00,18.8,6.63,214,83,0.20,1,347.0,453.4,109.0,0.20,0.00,1006.8,NaN
2020-06-12T12:00,19.5,7.84,210,69,0.20,1,274.0,192.2,159.0,0.20,0.00,1006.5,NaN
2020-06-12T13:00,19.9,8.38,200,63,0.20,1,409.0,412.4,154.0,0.20,0.00,1006.1,NaN
2020-06-12T14:00,18.7,7.55,187,76,0.20,1,421.0,526.3,114.0,0.20,0.00,1006.4,NaN
2020-06-12T15:00,18.4,7.50,182,74,0.10,1,299.0,314.6,143.0,0.10,0.00,1006.8,NaN
2020-06-12T16:00,18.2,7.61,178,68,0.20,1,204.0,293.0,98.0,0.20,0.00,1007.5,NaN
2020-06-12T17:00,17.9,7.05,173,64,0.10,1,110.0,357.2,42.0,0.10,0.00,1008.0,NaN
2020-06-12T18:00,17.1,6.43,168,63,0.00,0,10.0,58.8,6.0,0.00,0.00,1008.3,NaN
2020-06-12T19:00,16.5,5.98,159,65,0.00,0,0.0,0.0,0.0,0.00,0.00,1009.1,NaN
2020-06-12T20:00,15.5,5.30,144,72,0.00,0,0.0,0.0,0.0,0.00,0.00,1010.0,NaN
2020-06-12T21:00,14.9,5.24,125,72,0.10,0,0.0,0.0,0.0,0.10,0.00,1010.7,NaN
2020-06-12T22:00,14.4,5.34,128,64,0.00,0,0.0,0.0,0.0,0.00,0.00,1011.1,NaN
2020-06-12T23:00,14.2,4.94,122,63,0.00,0,0.0,0.0,0.0,0.00,0.00,1011.4,NaN
2020-06-13T00:00,13.2,4.98,100,64,0.00,0,0.0,0.0,0.0,0.00,0.00,1011.5,NaN
2020-06-13T01:00,12.8,4.53,96,63,0.00,0,0.0,0.0,0.0,0.00,0.00,1011.6,NaN
2020-06-13T02:00,12.3,3.81,85,65,0.00,0,0.0,0.0,0.0,0.00,0.00,1011.8,NaN
2020-06-13T03:00,12.0,3.44,82,66,0.00,0,0.0,0.0,0.0,0.00,0.00,1011.8,NaN
2020-06-13T04:00,11.6,3.42,75,68,0.00,0,0.0,0.0,0.0,0.00,0.00,1011.9,NaN
2020-06-13T05:00,11.5,3.52,75,68,0.00,0,0.0,0.0,0.0,0.00,0.00,1011.9,NaN
2020-06-13T06:00,11.3,3.47,78,68,0.00,0,0.0,0.0,0.0,0.00,0.00,1012.6,NaN
2020-06-13T07:00,11.1,3.89,72,69,0.00,0,0.0,0.0,0.0,0.00,0.00,1013.1,NaN
2020-06-13T08:00,12.1,4.59,70,68,0.00,1,33.0,190.0,15.0,0.00,0.00,1014.2,NaN
2020-06-13T09:00,14.7,4.52,72,61,0.00,1,192.0,592.8,50.0,0.00,0.00,1014.9,NaN
2020-06-13T10:00,16.8,4.47,80,53,0.00,1,367.0,754.2,64.0,0.00,0.00,1015.4,NaN
2020-06-13T11:00,18.0,4.23,97,49,0.00,1,504.0,819.0,75.0,0.00,0.00,1015.0,NaN
2020-06-13T12:00,18.8,3.72,114,48,0.00,1,589.0,857.0,77.0,0.00,0.00,1014.5,NaN
2020-06-13T13:00,19.4,3.39,135,47,0.00,1,609.0,850.2,84.0,0.00,0.00,1014.3,NaN
2020-06-13T14:00,19.8,4.33,161,44,0.00,1,573.0,851.1,77.0,0.00,0.00,1013.7,NaN
2020-06-13T15:00,19.4,4.26,171,45,0.00,1,322.0,371.3,138.0,0.00,0.00,1013.7,NaN
2020-06-13T16:00,18.3,5.18,190,61,0.00,1,262.0,420.2,110.0,0.00,0.00,1013.6,NaN
2020-06-13T17:00,17.1,4.30,183,68,0.00,1,135.0,425.3,54.0,0.00,0.00,1014.1,NaN
2020-06-13T18:00,16.0,3.76,163,70,0.00,0,11.0,58.7,7.0,0.00,0.00,1014.3,NaN
2020-06-13T19:00,15.2,2.86,144,74,0.00,0,0.0,0.0,0.0,0.00,0.00,1014.7,NaN
2020-06-13T20:00,14.3,2.76,134,77,0.00,0,0.0,0.0,0.0,0.00,0.00,1015.1,NaN
2020-06-13T21:00,13.4,2.82,113,80,0.00,0,0.0,0.0,0.0,0.00,0.00,1015.6,NaN
2020-06-13T22:00,13.0,2.94,100,81,0.00,0,0.0,0.0,0.0,0.00,0.00,1015.9,NaN
2020-06-13T23:00,12.8,3.30,90,82,0.00,0,0.0,0.0,0.0,0.00,0.00,1016.1,NaN
2020-06-14T00:00,12.4,3.69,77,83,0.00,0,0.0,0.0,0.0,0.00,0.00,1016.1,NaN
2020-06-14T01:00,12.0,4.18,69,83,0.00,0,0.0,0.0,0.0,0.00,0.00,1016.1,NaN
2020-06-14T02:00,11.7,4.39,66,79,0.00,0,0.0,0.0,0.0,0.00,0.00,1015.9,NaN
2020-06-14T03:00,11.2,4.07,62,74,0.00,0,0.0,0.0,0.0,0.00,0.00,1015.7,NaN
2020-06-14T04:00,10.9,3.89,61,73,0.00,0,0.0,0.0,0.0,0.00,0.00,1015.8,NaN
2020-06-14T05:00,10.6,3.71,63,73,0.00,0,0.0,0.0,0.0,0.00,0.00,1016.0,NaN
2020-06-14T06:00,10.5,3.76,65,71,0.00,0,0.0,0.0,0.0,0.00,0.00,1016.5,NaN
2020-06-14T07:00,10.5,4.25,63,70,0.00,0,0.0,0.0,0.0,0.00,0.00,1016.9,NaN
2020-06-14T08:00,11.5,4.34,64,69,0.00,1,34.0,212.5,14.0,0.00,0.00,1017.6,NaN
2020-06-14T09:00,14.7,4.16,66,60,0.00,1,194.0,612.6,48.0,0.00,0.00,1018.2,NaN
2020-06-14T10:00,17.3,3.81,67,53,0.00,1,368.0,761.3,63.0,0.00,0.00,1018.5,NaN
2020-06-14T11:00,18.8,3.49,77,48,0.00,1,505.0,830.1,71.0,0.00,0.00,1018.2,NaN
2020-06-14T12:00,19.7,2.90,90,46,0.00,1,587.0,858.2,75.0,0.00,0.00,1017.3,NaN
2020-06-14T13:00,20.2,2.25,122,46,0.00,1,610.0,864.1,77.0,0.00,0.00,1016.8,NaN
2020-06-14T14:00,20.3,2.60,157,47,0.00,1,568.0,841.5,78.0,0.00,0.00,1016.3,NaN
2020-06-14T15:00,20.1,3.31,183,50,0.00,1,468.0,801.6,71.0,0.00,0.00,1016.3,NaN
2020-06-14T16:00,18.9,4.32,193,61,0.00,1,320.0,713.3,62.0,0.00,0.00,1016.4,NaN
2020-06-14T17:00,17.6,3.70,182,67,0.00,1,144.0,535.1,42.0,0.00,0.00,1016.8,NaN
2020-06-14T18:00,16.2,3.14,158,75,0.00,0,12.0,87.9,6.0,0.00,0.00,1017.1,NaN
2020-06-14T19:00,15.6,3.11,147,79,0.00,0,0.0,0.0,0.0,0.00,0.00,1017.5,NaN
2020-06-14T20:00,15.1,2.90,134,81,0.00,0,0.0,0.0,0.0,0.00,0.00,1017.6,NaN
2020-06-14T21:00,14.0,2.89,104,84,0.00,0,0.0,0.0,0.0,0.00,0.00,1017.8,NaN
2020-06-14T22:00,13.3,3.41,87,87,0.00,0,0.0,0.0,0.0,0.00,0.00,1017.9,NaN
2020-06-14T23:00,13.0,3.30,92,86,0.00,0,0.0,0.0,0.0,0.00,0.00,1017.9,NaN
2020-06-15T00:00,12.9,3.10,92,85,0.00,0,0.0,0.0,0.0,0.00,0.00,1017.7,NaN
2020-06-15T01:00,12.5,3.04,81,87,0.00,0,0.0,0.0,0.0,0.00,0.00,1017.5,NaN
2020-06-15T02:00,12.0,2.83,82,88,0.00,0,0.0,0.0,0.0,0.00,0.00,1017.2,NaN
2020-06-15T03:00,11.6,3.13,83,89,0.00,0,0.0,0.0,0.0,0.00,0.00,1017.2,NaN
2020-06-15T04:00,11.3,3.47,78,89,0.00,0,0.0,0.0,0.0,0.00,0.00,1017.2,NaN
2020-06-15T05:00,11.1,3.49,77,86,0.00,0,0.0,0.0,0.0,0.00,0.00,1017.4,NaN
2020-06-15T06:00,10.8,3.83,75,83,0.00,0,0.0,0.0,0.0,0.00,0.00,1017.7,NaN
2020-06-15T07:00,10.9,4.11,72,80,0.00,0,0.0,0.0,0.0,0.00,0.00,1018.2,NaN
2020-06-15T08:00,12.2,4.63,76,77,0.00,1,34.0,213.9,14.0,0.00,0.00,1018.5,NaN
2020-06-15T09:00,15.3,4.34,75,66,0.00,1,195.0,619.8,48.0,0.00,0.00,1018.6,NaN
2020-06-15T10:00,17.7,4.49,73,56,0.00,1,370.0,765.9,64.0,0.00,0.00,1018.6,NaN
2020-06-15T11:00,19.1,4.79,79,44,0.00,1,509.0,839.3,71.0,0.00,0.00,1018.1,NaN
2020-06-15T12:00,19.9,3.92,84,39,0.00,1,597.0,876.1,75.0,0.00,0.00,1017.1,NaN
2020-06-15T13:00,20.5,3.32,97,36,0.00,1,622.0,887.6,75.0,0.00,0.00,1016.1,NaN
2020-06-15T14:00,20.8,3.01,111,35,0.00,1,582.0,874.6,73.0,0.00,0.00,1015.5,NaN
2020-06-15T15:00,20.9,3.18,114,35,0.00,1,481.0,832.1,69.0,0.00,0.00,1015.3,NaN
2020-06-15T16:00,20.4,3.20,104,36,0.00,1,331.0,749.2,60.0,0.00,0.00,1015.2,NaN
2020-06-15T17:00,18.3,2.24,100,46,0.00,1,150.0,571.1,41.0,0.00,0.00,1015.1,NaN
2020-06-15T18:00,15.5,2.28,105,51,0.00,0,13.0,87.7,7.0,0.00,0.00,1015.4,NaN
2020-06-15T19:00,14.7,2.56,111,52,0.00,0,0.0,0.0,0.0,0.00,0.00,1015.9,NaN
2020-06-15T20:00,14.1,3.37,102,57,0.00,0,0.0,0.0,0.0,0.00,0.00,1016.3,NaN
2020-06-15T21:00,13.5,3.81,95,59,0.00,0,0.0,0.0,0.0,0.00,0.00,1016.5,NaN
2020-06-15T22:00,13.0,3.70,92,60,0.00,0,0.0,0.0,0.0,0.00,0.00,1016.4,NaN
2020-06-15T23:00,12.6,3.90,90,62,0.00,0,0.0,0.0,0.0,0.00,0.00,1016.1,NaN
2020-06-16T00:00,12.4,4.50,89,63,0.00,0,0.0,0.0,0.0,0.00,0.00,1015.5,NaN
2020-06-16T01:00,12.1,4.50,89,64,0.00,0,0.0,0.0,0.0,0.00,0.00,1015.1,NaN
2020-06-16T02:00,11.8,4.70,91,63,0.00,0,0.0,0.0,0.0,0.00,0.00,1014.9,NaN
2020-06-16T03:00,11.3,4.80,88,63,0.00,0,0.0,0.0,0.0,0.00,0.00,1014.9,NaN
2020-06-16T04:00,11.2,5.15,82,64,0.00,0,0.0,0.0,0.0,0.00,0.00,1014.7,NaN
2020-06-16T05:00,11.1,5.57,81,65,0.00,0,0.0,0.0,0.0,0.00,0.00,1014.8,NaN
2020-06-16T06:00,10.9,5.97,76,66,0.00,0,0.0,0.0,0.0,0.00,0.00,1014.7,NaN
2020-06-16T07:00,10.9,6.58,73,65,0.00,0,0.0,0.0,0.0,0.00,0.00,1014.9,NaN
2020-06-16T08:00,11.6,6.99,66,66,0.00,1,35.0,225.9,14.0,0.00,0.00,1014.8,NaN
2020-06-16T09:00,14.0,7.34,62,56,0.00,1,201.0,652.2,47.0,0.00,0.00,1014.5,NaN
2020-06-16T10:00,16.6,6.85,56,44,0.00,1,382.0,800.4,63.0,0.00,0.00,1014.1,NaN
2020-06-16T11:00,18.8,6.31,49,36,0.00,1,525.0,873.3,70.0,0.00,0.00,1013.4,NaN
2020-06-16T12:00,20.4,6.31,41,29,0.00,1,614.0,907.4,74.0,0.00,0.00,1012.5,NaN
2020-06-16T13:00,21.5,5.71,33,24,0.00,1,639.0,917.5,74.0,0.00,0.00,1011.7,NaN
2020-06-16T14:00,21.9,5.63,33,23,0.00,1,598.0,902.5,73.0,0.00,0.00,1010.7,NaN
2020-06-16T15:00,22.1,5.30,32,22,0.00,1,496.0,862.5,69.0,0.00,0.00,1009.7,NaN
2020-06-16T16:00,21.5,3.31,29,26,0.00,1,342.0,779.3,60.0,0.00,0.00,1009.5,NaN
2020-06-16T17:00,17.5,2.73,24,50,0.00,1,156.0,601.6,41.0,0.00,0.00,1009.7,NaN
2020-06-16T18:00,14.1,2.62,40,45,0.00,0,13.0,102.1,6.0,0.00,0.00,1009.7,NaN
2020-06-16T19:00,14.0,2.40,45,42,0.00,0,0.0,0.0,0.0,0.00,0.00,1009.9,NaN
2020-06-16T20:00,13.8,2.92,38,40,0.00,0,0.0,0.0,0.0,0.00,0.00,1009.6,NaN
2020-06-16T21:00,13.6,3.33,41,38,0.00,0,0.0,0.0,0.0,0.00,0.00,1009.6,NaN
2020-06-16T22:00,13.3,3.40,43,36,0.00,0,0.0,0.0,0.0,0.00,0.00,1009.3,NaN
2020-06-16T23:00,13.3,3.97,41,35,0.00,0,0.0,0.0,0.0,0.00,0.00,1009.0,NaN
2020-06-17T00:00,13.6,4.36,37,32,0.00,0,0.0,0.0,0.0,0.00,0.00,1008.5,NaN
2020-06-17T01:00,14.3,5.00,37,30,0.00,0,0.0,0.0,0.0,0.00,0.00,1007.8,NaN
2020-06-17T02:00,14.7,5.23,26,29,0.00,0,0.0,0.0,0.0,0.00,0.00,1007.2,NaN
2020-06-17T03:00,15.1,5.85,17,27,0.00,0,0.0,0.0,0.0,0.00,0.00,1006.8,NaN
2020-06-17T04:00,15.8,6.14,16,25,0.00,0,0.0,0.0,0.0,0.00,0.00,1006.1,NaN
2020-06-17T05:00,16.4,6.07,20,25,0.00,0,0.0,0.0,0.0,0.00,0.00,1005.8,NaN
2020-06-17T06:00,16.7,6.32,18,27,0.00,0,0.0,0.0,0.0,0.00,0.00,1005.5,NaN
2020-06-17T07:00,17.1,6.62,15,34,0.00,0,0.0,0.0,0.0,0.00,0.00,1005.7,NaN
2020-06-17T08:00,18.9,7.02,356,37,0.00,1,30.0,183.9,13.0,0.00,0.00,1006.3,NaN
2020-06-17T09:00,20.7,7.38,347,38,0.00,1,165.0,476.4,53.0,0.00,0.00,1006.5,NaN
2020-06-17T10:00,22.0,6.96,342,39,0.00,1,307.0,590.9,72.0,0.00,0.00,1006.6,NaN
2020-06-17T11:00,22.7,6.95,330,46,0.00,1,355.0,470.9,110.0,0.00,0.00,1006.3,NaN
2020-06-17T12:00,22.2,8.32,321,63,0.00,1,411.0,471.0,131.0,0.00,0.00,1005.9,NaN
2020-06-17T13:00,22.7,8.91,313,67,0.10,1,449.0,557.3,106.0,0.10,0.00,1005.0,NaN
2020-06-17T14:00,22.4,9.10,309,71,0.30,1,428.0,570.9,96.0,0.30,0.00,1004.4,NaN
2020-06-17T15:00,21.9,7.90,308,80,1.00,1,366.0,549.4,94.0,1.00,0.00,1004.2,NaN
2020-06-17T16:00,21.9,8.03,301,73,0.00,1,254.0,510.9,69.0,0.00,0.00,1004.5,NaN
2020-06-17T17:00,21.1,6.86,301,75,0.00,1,130.0,464.7,41.0,0.00,0.00,1004.5,NaN
2020-06-17T18:00,19.7,6.31,285,83,0.40,0,9.0,58.1,5.0,0.40,0.00,1005.3,NaN
2020-06-17T19:00,18.2,5.61,266,92,0.90,0,0.0,0.0,0.0,0.90,0.00,1006.0,NaN
2020-06-17T20:00,18.4,3.81,256,89,1.30,0,0.0,0.0,0.0,1.30,0.00,1005.9,NaN
2020-06-17T21:00,18.3,4.46,254,91,0.80,0,0.0,0.0,0.0,0.80,0.00,1006.6,NaN
2020-06-17T22:00,18.1,5.08,260,91,0.90,0,0.0,0.0,0.0,0.90,0.00,1007.1,NaN
2020-06-17T23:00,18.3,5.70,248,86,1.20,0,0.0,0.0,0.0,1.20,0.00,1007.2,NaN
2020-06-18T00:00,18.9,6.74,252,73,0.20,0,0.0,0.0,0.0,0.20,0.00,1007.3,NaN
2020-06-18T01:00,18.5,6.82,248,72,0.00,0,0.0,0.0,0.0,0.00,0.00,1007.5,NaN
2020-06-18T02:00,18.6,7.28,249,64,0.00,0,0.0,0.0,0.0,0.00,0.00,1007.7,NaN
2020-06-18T03:00,18.6,6.61,250,61,0.00,0,0.0,0.0,0.0,0.00,0.00,1007.6,NaN
2020-06-18T04:00,18.3,6.87,249,65,0.00,0,0.0,0.0,0.0,0.00,0.00,1007.8,NaN
2020-06-18T05:00,16.6,7.02,234,78,0.00,0,0.0,0.0,0.0,0.00,0.00,1008.5,NaN
2020-06-18T06:00,17.0,6.85,236,72,0.20,0,0.0,0.0,0.0,0.20,0.00,1009.2,NaN
2020-06-18T07:00,17.0,6.89,230,68,0.10,0,0.0,0.0,0.0,0.10,0.00,1010.1,NaN
2020-06-18T08:00,16.4,6.11,230,83,0.00,1,12.0,10.9,11.0,0.00,0.00,1010.9,NaN
2020-06-18T09:00,17.5,6.58,226,71,0.50,1,103.0,230.6,49.0,0.50,0.00,1011.4,NaN
2020-06-18T10:00,18.2,6.94,223,59,0.00,1,204.0,206.6,122.0,0.00,0.00,1012.2,NaN
2020-06-18T11:00,18.6,7.15,222,51,0.00,1,315.0,290.6,164.0,0.00,0.00,1012.4,NaN
2020-06-18T12:00,18.8,6.67,220,48,0.00,1,485.0,638.0,106.0,0.00,0.00,1012.0,NaN
2020-06-18T13:00,19.0,5.82,215,49,0.00,1,595.0,834.0,82.0,0.00,0.00,1011.8,NaN
2020-06-18T14:00,18.8,5.44,212,49,0.00,1,528.0,720.7,109.0,0.00,0.00,1011.8,NaN
2020-06-18T15:00,18.2,5.10,206,52,0.00,1,277.0,185.8,185.0,0.00,0.00,1011.9,NaN
2020-06-18T16:00,18.1,4.30,198,52,0.00,1,267.0,488.5,90.0,0.00,0.00,1012.5,NaN
2020-06-18T17:00,17.3,3.51,185,56,0.00,1,108.0,302.1,50.0,0.00,0.00,1013.1,NaN
2020-06-18T18:00,16.5,3.06,169,59,0.00,0,9.0,43.5,6.0,0.00,0.00,1013.4,NaN
2020-06-18T19:00,15.8,2.83,148,64,0.00,0,0.0,0.0,0.0,0.00,0.00,1014.0,NaN
2020-06-18T20:00,14.9,2.51,119,70,0.00,0,0.0,0.0,0.0,0.00,0.00,1014.5,NaN
2020-06-18T21:00,14.1,2.72,96,70,0.00,0,0.0,0.0,0.0,0.00,0.00,1014.8,NaN
2020-06-18T22:00,13.9,3.57,101,69,0.00,0,0.0,0.0,0.0,0.00,0.00,1015.2,NaN
2020-06-18T23:00,13.2,4.02,96,71,0.00,0,0.0,0.0,0.0,0.00,0.00,1015.4,NaN
2020-06-19T00:00,12.5,4.00,90,73,0.00,0,0.0,0.0,0.0,0.00,0.00,1015.2,NaN
2020-06-19T01:00,12.0,4.32,85,74,0.00,0,0.0,0.0,0.0,0.00,0.00,1015.1,NaN
2020-06-19T02:00,11.7,4.43,84,75,0.00,0,0.0,0.0,0.0,0.00,0.00,1015.1,NaN
2020-06-19T03:00,11.4,4.73,84,76,0.00,0,0.0,0.0,0.0,0.00,0.00,1015.0,NaN
2020-06-19T04:00,11.1,4.83,84,77,0.00,0,0.0,0.0,0.0,0.00,0.00,1015.0,NaN
2020-06-19T05:00,10.6,4.75,82,78,0.00,0,0.0,0.0,0.0,0.00,0.00,1015.3,NaN
2020-06-19T06:00,10.3,4.65,81,78,0.00,0,0.0,0.0,0.0,0.00,0.00,1015.8,NaN
2020-06-19T07:00,10.1,4.65,81,79,0.00,0,0.0,0.0,0.0,0.00,0.00,1016.5,NaN
2020-06-19T08:00,10.7,4.83,77,80,0.00,1,32.0,207.6,13.0,0.00,0.00,1017.3,NaN
2020-06-19T09:00,13.1,4.85,82,70,0.00,1,192.0,617.0,48.0,0.00,0.00,1017.8,NaN
2020-06-19T10:00,15.5,4.61,86,61,0.00,1,367.0,767.4,63.0,0.00,0.00,1018.6,NaN
2020-06-19T11:00,17.2,4.84,83,47,0.00,1,507.0,840.0,71.0,0.00,0.00,1018.0,NaN
2020-06-19T12:00,18.0,3.83,75,42,0.00,1,594.0,874.3,75.0,0.00,0.00,1017.3,NaN
2020-06-19T13:00,18.5,3.13,73,40,0.00,1,618.0,881.4,76.0,0.00,0.00,1016.2,NaN
2020-06-19T14:00,18.8,2.92,84,38,0.00,1,578.0,866.8,74.0,0.00,0.00,1015.5,NaN
2020-06-19T15:00,18.9,3.20,90,36,0.00,1,479.0,827.6,69.0,0.00,0.00,1015.4,NaN
2020-06-19T16:00,18.5,3.41,93,34,0.00,1,331.0,747.1,60.0,0.00,0.00,1015.1,NaN
2020-06-19T17:00,16.7,2.67,103,41,0.00,1,152.0,576.8,41.0,0.00,0.00,1015.2,NaN
2020-06-19T18:00,14.7,3.40,114,45,0.00,0,14.0,101.0,7.0,0.00,0.00,1015.3,NaN
2020-06-19T19:00,13.8,3.59,103,47,0.00,0,0.0,0.0,0.0,0.00,0.00,1015.9,NaN
2020-06-19T20:00,13.4,4.30,102,53,0.00,0,0.0,0.0,0.0,0.00,0.00,1016.2,NaN
2020-06-19T21:00,12.9,4.79,101,54,0.00,0,0.0,0.0,0.0,0.00,0.00,1016.4,NaN
2020-06-19T22:00,12.5,5.04,97,56,0.00,0,0.0,0.0,0.0,0.00,0.00,1016.2,NaN
2020-06-19T23:00,12.2,5.50,92,57,0.00,0,0.0,0.0,0.0,0.00,0.00,1015.9,NaN
2020-06-20T00:00,12.0,6.10,88,57,0.00,0,0.0,0.0,0.0,0.00,0.00,1015.5,NaN
2020-06-20T01:00,11.9,6.54,84,56,0.00,0,0.0,0.0,0.0,0.00,0.00,1015.0,NaN
2020-06-20T02:00,11.8,6.99,81,55,0.00,0,0.0,0.0,0.0,0.00,0.00,1014.4,NaN
2020-06-20T03:00,11.7,7.35,78,54,0.00,0,0.0,0.0,0.0,0.00,0.00,1013.7,NaN
2020-06-20T04:00,11.7,7.69,74,54,0.00,0,0.0,0.0,0.0,0.00,0.00,1013.3,NaN
2020-06-20T05:00,11.5,7.84,71,53,0.00,0,0.0,0.0,0.0,0.00,0.00,1013.0,NaN
2020-06-20T06:00,11.4,7.80,67,52,0.00,0,0.0,0.0,0.0,0.00,0.00,1013.1,NaN
2020-06-20T07:00,11.4,7.87,64,51,0.00,0,0.0,0.0,0.0,0.00,0.00,1013.3,NaN
2020-06-20T08:00,11.7,7.66,66,53,0.00,1,31.0,197.6,13.0,0.00,0.00,1014.2,NaN
2020-06-20T09:00,13.9,7.34,66,49,0.00,1,191.0,618.9,47.0,0.00,0.00,1014.1,NaN
2020-06-20T10:00,16.4,6.94,62,45,0.00,1,363.0,761.0,62.0,0.00,0.00,1014.3,NaN
2020-06-20T11:00,18.7,6.11,58,42,0.00,1,500.0,829.2,70.0,0.00,0.00,1014.1,NaN
2020-06-20T12:00,20.5,5.02,55,42,0.00,1,583.0,857.8,74.0,0.00,0.00,1013.1,NaN
2020-06-20T13:00,21.9,3.78,53,41,0.00,1,605.0,862.0,75.0,0.00,0.00,1012.3,NaN
2020-06-20T14:00,22.8,2.50,53,41,0.00,1,565.0,844.4,74.0,0.00,0.00,1011.6,NaN
2020-06-20T15:00,23.1,1.30,58,41,0.00,1,467.0,803.0,69.0,0.00,0.00,1011.4,NaN
2020-06-20T16:00,22.9,0.41,194,42,0.00,1,320.0,715.9,60.0,0.00,0.00,1011.4,NaN
2020-06-20T17:00,19.5,1.75,204,69,0.00,1,146.0,538.9,42.0,0.00,0.00,1011.1,NaN
2020-06-20T18:00,17.1,2.43,189,71,0.00,0,13.0,86.2,7.0,0.00,0.00,1011.1,NaN
2020-06-20T19:00,16.8,2.21,175,76,0.00,0,0.0,0.0,0.0,0.00,0.00,1011.5,NaN
2020-06-20T20:00,15.8,2.78,128,65,0.00,0,0.0,0.0,0.0,0.00,0.00,1012.3,NaN
2020-06-20T21:00,15.0,2.94,125,64,0.00,0,0.0,0.0,0.0,0.00,0.00,1012.3,NaN
2020-06-20T22:00,14.5,2.82,113,66,0.00,0,0.0,0.0,0.0,0.00,0.00,1012.3,NaN
2020-06-20T23:00,13.9,2.55,101,67,0.00,0,0.0,0.0,0.0,0.00,0.00,1012.1,NaN
2020-06-21T00:00,13.3,2.53,81,69,0.00,0,0.0,0.0,0.0,0.00,0.00,1011.6,NaN
2020-06-21T01:00,12.8,2.34,70,72,0.00,0,0.0,0.0,0.0,0.00,0.00,1011.4,NaN
2020-06-21T02:00,11.5,2.40,92,78,0.00,0,0.0,0.0,0.0,0.00,0.00,1011.3,NaN
2020-06-21T03:00,10.8,2.09,107,81,0.00,0,0.0,0.0,0.0,0.00,0.00,1010.9,NaN
2020-06-21T04:00,11.7,1.60,86,76,0.00,0,0.0,0.0,0.0,0.00,0.00,1010.5,NaN
2020-06-21T05:00,12.0,2.31,72,73,0.00,0,0.0,0.0,0.0,0.00,0.00,1010.3,NaN
2020-06-21T06:00,11.7,2.34,70,71,0.00,0,0.0,0.0,0.0,0.00,0.00,1010.6,NaN
2020-06-21T07:00,11.4,1.92,62,69,0.00,0,0.0,0.0,0.0,0.00,0.00,1011.0,NaN
2020-06-21T08:00,13.1,1.73,80,64,0.00,1,29.0,176.3,13.0,0.00,0.00,1011.4,NaN
2020-06-21T09:00,16.8,2.64,53,51,0.00,1,175.0,534.4,51.0,0.00,0.00,1011.4,NaN
2020-06-21T10:00,19.5,4.02,35,43,0.00,1,318.0,607.6,78.0,0.00,0.00,1011.5,NaN
2020-06-21T11:00,21.3,5.91,34,38,0.00,1,401.0,548.1,117.0,0.00,0.00,1010.5,NaN
2020-06-21T12:00,22.9,6.93,33,35,0.00,1,501.0,632.2,126.0,0.00,0.00,1009.5,NaN
2020-06-21T13:00,23.5,7.16,33,33,0.00,1,559.0,727.0,112.0,0.00,0.00,1008.5,NaN
2020-06-21T14:00,23.9,6.71,33,33,0.00,1,539.0,790.8,79.0,0.00,0.00,1007.7,NaN
2020-06-21T15:00,24.1,6.35,33,33,0.00,1,466.0,804.4,67.0,0.00,0.00,1007.2,NaN
2020-06-21T16:00,23.6,5.34,38,35,0.00,1,318.0,706.7,61.0,0.00,0.00,1006.9,NaN
2020-06-21T17:00,22.1,4.75,41,37,0.00,1,145.0,537.2,41.0,0.00,0.00,1006.9,NaN
2020-06-21T18:00,20.3,4.32,42,37,0.00,0,13.0,85.8,7.0,0.00,0.00,1006.9,NaN
2020-06-21T19:00,19.5,4.14,37,37,0.00,0,0.0,0.0,0.0,0.00,0.00,1007.3,NaN
2020-06-21T20:00,18.9,3.64,37,39,0.00,0,0.0,0.0,0.0,0.00,0.00,1007.2,NaN
2020-06-21T21:00,19.2,4.53,43,37,0.00,0,0.0,0.0,0.0,0.00,0.00,1007.3,NaN
2020-06-21T22:00,19.5,5.26,39,36,0.00,0,0.0,0.0,0.0,0.00,0.00,1007.3,NaN
2020-06-21T23:00,19.6,6.02,36,36,0.00,0,0.0,0.0,0.0,0.00,0.00,1007.5,NaN
2020-06-22T00:00,19.3,6.22,37,36,0.00,0,0.0,0.0,0.0,0.00,0.00,1007.2,NaN
2020-06-22T01:00,19.2,6.90,39,35,0.00,0,0.0,0.0,0.0,0.00,0.00,1006.9,NaN
2020-06-22T02:00,18.8,7.54,39,35,0.00,0,0.0,0.0,0.0,0.00,0.00,1006.4,NaN
2020-06-22T03:00,18.2,7.44,36,35,0.00,0,0.0,0.0,0.0,0.00,0.00,1005.8,NaN
2020-06-22T04:00,17.7,7.35,34,35,0.00,0,0.0,0.0,0.0,0.00,0.00,1005.7,NaN
2020-06-22T05:00,17.4,7.72,31,33,0.00,0,0.0,0.0,0.0,0.00,0.00,1005.7,NaN
2020-06-22T06:00,17.2,7.70,30,30,0.00,0,0.0,0.0,0.0,0.00,0.00,1006.1,NaN
2020-06-22T07:00,16.9,7.98,30,28,0.00,0,0.0,0.0,0.0,0.00,0.00,1006.4,NaN
2020-06-22T08:00,16.7,8.16,31,29,0.00,1,27.0,165.8,12.0,0.00,0.00,1007.0,NaN
2020-06-22T09:00,18.3,8.51,30,29,0.00,1,172.0,531.3,49.0,0.00,0.00,1007.0,NaN
2020-06-22T10:00,19.9,8.41,28,29,0.00,1,323.0,615.8,80.0,0.00,0.00,1006.9,NaN
2020-06-22T11:00,21.9,8.05,25,28,0.00,1,478.0,780.0,74.0,0.00,0.00,1006.1,NaN
2020-06-22T12:00,23.5,7.37,21,28,0.00,1,570.0,839.7,72.0,0.00,0.00,1005.0,NaN
2020-06-22T13:00,24.0,6.48,9,30,0.00,1,352.0,152.9,258.0,0.00,0.00,1004.0,NaN
2020-06-22T14:00,24.4,6.10,350,32,0.00,1,272.0,151.2,184.0,0.00,0.00,1002.9,NaN
2020-06-22T15:00,23.4,5.35,339,36,0.00,1,94.0,28.2,80.0,0.00,0.00,1002.6,NaN
2020-06-22T16:00,22.4,6.52,339,42,0.30,1,91.0,30.2,80.0,0.30,0.00,1002.5,NaN
2020-06-22T17:00,19.0,6.49,331,76,1.10,1,21.0,0.0,21.0,1.10,0.00,1003.1,NaN
2020-06-22T18:00,18.8,11.04,325,92,3.20,0,3.0,0.0,3.0,3.20,0.00,1003.5,NaN
2020-06-22T19:00,18.7,8.32,267,88,5.80,0,0.0,0.0,0.0,5.80,0.00,1004.7,NaN
2020-06-22T20:00,18.8,7.53,259,80,2.20,0,0.0,0.0,0.0,2.20,0.00,1005.5,NaN
2020-06-22T21:00,19.0,8.00,257,74,0.50,0,0.0,0.0,0.0,0.50,0.00,1005.9,NaN
2020-06-22T22:00,18.8,7.10,260,70,0.20,0,0.0,0.0,0.0,0.20,0.00,1006.2,NaN
2020-06-22T23:00,18.8,7.40,261,71,0.00,0,0.0,0.0,0.0,0.00,0.00,1006.5,NaN
2020-06-23T00:00,18.1,7.11,256,71,0.00,0,0.0,0.0,0.0,0.00,0.00,1006.7,NaN
2020-06-23T01:00,18.0,6.00,259,67,0.00,0,0.0,0.0,0.0,0.00,0.00,1006.9,NaN
2020-06-23T02:00,17.8,5.47,261,66,0.00,0,0.0,0.0,0.0,0.00,0.00,1006.9,NaN
2020-06-23T03:00,17.7,5.73,258,67,0.00,0,0.0,0.0,0.0,0.00,0.00,1006.9,NaN
2020-06-23T04:00,17.7,5.53,257,64,0.00,0,0.0,0.0,0.0,0.00,0.00,1007.1,NaN
2020-06-23T05:00,17.3,5.17,255,67,0.00,0,0.0,0.0,0.0,0.00,0.00,1007.4,NaN
2020-06-23T06:00,17.4,5.19,251,69,0.00,0,0.0,0.0,0.0,0.00,0.00,1008.0,NaN
2020-06-23T07:00,17.4,4.68,254,68,0.00,0,0.0,0.0,0.0,0.00,0.00,1009.0,NaN
2020-06-23T08:00,17.7,5.29,255,69,0.00,1,14.0,22.2,12.0,0.00,0.00,1009.7,NaN
2020-06-23T09:00,18.5,6.09,256,66,0.00,1,117.0,264.0,56.0,0.00,0.00,1010.5,NaN
2020-06-23T10:00,19.0,6.16,257,62,0.00,1,231.0,312.0,108.0,0.00,0.00,1011.2,NaN
2020-06-23T11:00,19.1,6.20,252,63,0.10,1,376.0,432.6,152.0,0.10,0.00,1011.2,NaN
2020-06-23T12:00,19.1,6.13,246,63,0.00,1,374.0,301.8,195.0,0.00,0.00,1010.8,NaN
2020-06-23T13:00,19.1,5.28,243,64,0.10,1,445.0,456.8,164.0,0.10,0.00,1010.2,NaN
2020-06-23T14:00,18.9,4.80,239,62,0.00,1,329.0,290.2,160.0,0.00,0.00,1009.8,NaN
2020-06-23T15:00,19.1,4.47,230,61,0.10,1,348.0,364.2,167.0,0.10,0.00,1009.8,NaN
2020-06-23T16:00,18.9,4.32,222,59,0.00,1,211.0,309.7,98.0,0.00,0.00,1010.1,NaN
2020-06-23T17:00,18.0,3.11,228,61,0.00,1,117.0,379.5,43.0,0.00,0.00,1010.8,NaN
2020-06-23T18:00,17.1,2.34,220,65,0.00,0,10.0,56.6,6.0,0.00,0.00,1011.2,NaN
2020-06-23T19:00,16.4,1.84,209,69,0.00,0,0.0,0.0,0.0,0.00,0.00,1011.8,NaN
2020-06-23T20:00,15.5,2.30,214,69,0.00,0,0.0,0.0,0.0,0.00,0.00,1012.4,NaN
2020-06-23T21:00,17.7,1.57,243,57,0.00,0,0.0,0.0,0.0,0.00,0.00,1012.9,NaN
2020-06-23T22:00,13.6,2.11,5,74,0.00,0,0.0,0.0,0.0,0.00,0.00,1012.8,NaN
2020-06-23T23:00,13.4,1.68,17,77,0.00,0,0.0,0.0,0.0,0.00,0.00,1012.8,NaN
2020-06-24T00:00,14.9,0.78,50,69,0.00,0,0.0,0.0,0.0,0.00,0.00,1013.1,NaN
2020-06-24T01:00,15.3,0.14,45,67,0.00,0,0.0,0.0,0.0,0.00,0.00,1013.4,NaN
2020-06-24T02:00,13.9,0.67,27,74,0.00,0,0.0,0.0,0.0,0.00,0.00,1013.2,NaN
2020-06-24T03:00,13.0,1.08,34,79,0.00,0,0.0,0.0,0.0,0.00,0.00,1013.1,NaN
2020-06-24T04:00,15.3,1.08,124,69,0.10,0,0.0,0.0,0.0,0.10,0.00,1013.1,NaN
2020-06-24T05:00,13.0,1.84,103,86,0.00,0,0.0,0.0,0.0,0.00,0.00,1013.0,NaN
2020-06-24T06:00,13.2,1.57,63,86,0.00,0,0.0,0.0,0.0,0.00,0.00,1013.1,NaN
2020-06-24T07:00,12.4,1.80,56,90,0.00,0,0.0,0.0,0.0,0.00,0.00,1013.5,NaN
2020-06-24T08:00,16.3,1.22,261,71,0.00,1,25.0,144.5,12.0,0.00,0.00,1013.8,NaN
2020-06-24T09:00,17.1,1.77,196,75,0.00,1,142.0,355.5,60.0,0.00,0.00,1014.4,NaN
2020-06-24T10:00,17.9,1.71,173,73,0.00,1,257.0,380.7,107.0,0.00,0.00,1014.8,NaN
2020-06-24T11:00,18.2,2.32,173,71,0.00,1,337.0,353.5,154.0,0.00,0.00,1014.0,NaN
2020-06-24T12:00,18.6,2.51,175,71,0.00,1,394.0,396.2,159.0,0.00,0.00,1013.5,NaN
2020-06-24T13:00,18.8,1.92,171,70,0.00,1,441.0,539.5,109.0,0.00,0.00,1012.7,NaN
2020-06-24T14:00,18.9,1.80,183,70,0.00,1,355.0,348.3,152.0,0.00,0.00,1012.0,NaN
2020-06-24T15:00,18.5,2.71,184,71,0.00,1,287.0,303.5,136.0,0.00,0.00,1011.9,NaN
2020-06-24T16:00,17.8,3.01,165,76,0.10,1,205.0,284.5,101.0,0.10,0.00,1012.0,NaN
2020-06-24T17:00,17.2,3.06,169,82,0.10,1,94.0,291.0,37.0,0.10,0.00,1011.9,NaN
2020-06-24T18:00,16.4,3.35,163,85,0.10,0,8.0,42.2,5.0,0.10,0.00,1011.9,NaN
2020-06-24T19:00,16.2,3.64,148,83,0.00,0,0.0,0.0,0.0,0.00,0.00,1012.3,NaN
2020-06-24T20:00,15.9,3.11,135,79,0.00,0,0.0,0.0,0.0,0.00,0.00,1012.5,NaN
2020-06-24T21:00,15.2,3.01,111,79,0.00,0,0.0,0.0,0.0,0.00,0.00,1012.9,NaN
2020-06-24T22:00,14.6,3.01,105,80,0.00,0,0.0,0.0,0.0,0.00,0.00,1012.8,NaN
2020-06-24T23:00,14.1,3.22,97,81,0.00,0,0.0,0.0,0.0,0.00,0.00,1012.8,NaN
2020-06-25T00:00,13.7,3.72,84,81,0.00,0,0.0,0.0,0.0,0.00,0.00,1012.4,NaN
2020-06-25T01:00,13.6,4.26,81,79,0.00,0,0.0,0.0,0.0,0.00,0.00,1012.0,NaN
2020-06-25T02:00,13.3,4.74,83,77,0.00,0,0.0,0.0,0.0,0.00,0.00,1011.8,NaN
2020-06-25T03:00,13.0,4.98,80,76,0.00,0,0.0,0.0,0.0,0.00,0.00,1011.1,NaN
2020-06-25T04:00,12.7,5.10,79,76,0.00,0,0.0,0.0,0.0,0.00,0.00,1011.1,NaN
2020-06-25T05:00,12.5,5.53,77,76,0.00,0,0.0,0.0,0.0,0.00,0.00,1010.7,NaN
2020-06-25T06:00,12.5,5.77,76,74,0.00,0,0.0,0.0,0.0,0.00,0.00,1010.8,NaN
2020-06-25T07:00,12.4,6.04,74,72,0.00,0,0.0,0.0,0.0,0.00,0.00,1011.1,NaN
2020-06-25T08:00,12.9,6.58,73,66,0.00,1,28.0,167.1,13.0,0.00,0.00,1011.7,NaN
2020-06-25T09:00,14.5,6.80,70,61,0.00,1,172.0,525.4,51.0,0.00,0.00,1011.7,NaN
2020-06-25T10:00,16.4,6.22,66,56,0.00,1,344.0,703.3,67.0,0.00,0.00,1011.4,NaN
2020-06-25T11:00,18.4,5.08,58,52,0.00,1,484.0,786.2,77.0,0.00,0.00,1010.9,NaN
2020-06-25T12:00,20.0,4.10,45,48,0.00,1,572.0,830.9,79.0,0.00,0.00,1009.7,NaN
2020-06-25T13:00,21.0,3.05,23,44,0.00,1,602.0,854.2,76.0,0.00,0.00,1008.9,NaN
2020-06-25T14:00,21.3,1.93,339,39,0.00,1,568.0,848.6,73.0,0.00,0.00,1008.2,NaN
2020-06-25T15:00,21.2,2.12,289,40,0.00,1,472.0,810.7,68.0,0.00,0.00,1007.8,NaN
2020-06-25T16:00,20.4,2.93,262,46,0.00,1,326.0,728.6,59.0,0.00,0.00,1007.8,NaN
2020-06-25T17:00,18.4,2.40,253,57,0.00,1,150.0,554.0,41.0,0.00,0.00,1007.9,NaN
2020-06-25T18:00,15.8,2.38,248,67,0.00,0,14.0,97.8,7.0,0.00,0.00,1007.9,NaN
2020-06-25T19:00,14.8,3.00,240,73,0.00,0,0.0,0.0,0.0,0.00,0.00,1008.2,NaN
2020-06-25T20:00,17.5,1.93,291,63,0.00,0,0.0,0.0,0.0,0.00,0.00,1008.3,NaN
2020-06-25T21:00,16.9,1.20,5,65,0.00,0,0.0,0.0,0.0,0.00,0.00,1008.0,NaN
2020-06-25T22:00,12.9,1.66,33,83,0.00,0,0.0,0.0,0.0,0.00,0.00,1007.8,NaN
2020-06-25T23:00,12.9,1.41,45,83,0.00,0,0.0,0.0,0.0,0.00,0.00,1007.5,NaN
2020-06-26T00:00,12.4,1.56,45,84,0.00,0,0.0,0.0,0.0,0.00,0.00,1007.3,NaN
2020-06-26T01:00,12.4,1.56,40,83,0.00,0,0.0,0.0,0.0,0.00,0.00,1007.3,NaN
2020-06-26T02:00,12.9,1.89,32,80,0.00,0,0.0,0.0,0.0,0.00,0.00,1007.3,NaN
2020-06-26T03:00,13.6,2.00,3,77,0.00,0,0.0,0.0,0.0,0.00,0.00,1007.0,NaN
2020-06-26T04:00,13.8,1.91,6,78,0.00,0,0.0,0.0,0.0,0.00,0.00,1006.9,NaN
2020-06-26T05:00,14.0,2.93,352,81,0.00,0,0.0,0.0,0.0,0.00,0.00,1006.9,NaN
2020-06-26T06:00,13.6,2.72,17,84,0.00,0,0.0,0.0,0.0,0.00,0.00,1007.1,NaN
2020-06-26T07:00,13.0,2.37,28,87,0.00,0,0.0,0.0,0.0,0.00,0.00,1007.7,NaN
2020-06-26T08:00,14.2,3.94,30,81,0.00,1,23.0,133.9,11.0,0.00,0.00,1007.8,NaN
2020-06-26T09:00,16.5,3.73,20,72,0.00,1,154.0,465.1,47.0,0.00,0.00,1008.0,NaN
2020-06-26T10:00,18.5,3.73,8,68,0.00,1,279.0,497.8,83.0,0.00,0.00,1008.4,NaN
2020-06-26T11:00,19.9,3.89,342,66,0.00,1,416.0,631.6,89.0,0.00,0.00,1008.1,NaN
2020-06-26T12:00,20.5,4.04,312,60,0.00,1,514.0,697.4,100.0,0.00,0.00,1007.4,NaN
2020-06-26T13:00,20.1,4.88,296,62,0.20,1,495.0,655.6,91.0,0.20,0.00,1007.0,NaN
2020-06-26T14:00,19.3,4.38,305,71,0.20,1,388.0,500.0,96.0,0.20,0.00,1006.8,NaN
2020-06-26T15:00,18.8,4.65,295,74,0.10,1,340.0,486.8,97.0,0.10,0.00,1006.8,NaN
2020-06-26T16:00,18.9,2.86,306,74,0.10,1,222.0,413.7,70.0,0.10,0.00,1006.9,NaN
2020-06-26T17:00,18.2,2.13,311,77,0.00,1,125.0,409.6,44.0,0.00,0.00,1007.3,NaN
2020-06-26T18:00,16.5,2.14,307,86,0.00,0,13.0,83.2,7.0,0.00,0.00,1007.6,NaN
2020-06-26T19:00,16.3,2.56,321,88,0.10,0,0.0,0.0,0.0,0.10,0.00,1008.1,NaN
2020-06-26T20:00,16.0,2.51,355,88,0.00,0,0.0,0.0,0.0,0.00,0.00,1008.2,NaN
2020-06-26T21:00,15.5,2.50,2,88,0.00,0,0.0,0.0,0.0,0.00,0.00,1008.1,NaN
2020-06-26T22:00,15.3,2.53,351,88,0.00,0,0.0,0.0,0.0,0.00,0.00,1008.3,NaN
2020-06-26T23:00,14.9,2.43,9,89,0.00,0,0.0,0.0,0.0,0.00,0.00,1008.2,NaN
2020-06-27T00:00,14.6,1.84,347,90,0.10,0,0.0,0.0,0.0,0.10,0.00,1008.2,NaN
2020-06-27T01:00,14.8,2.40,2,90,0.00,0,0.0,0.0,0.0,0.00,0.00,1008.2,NaN
2020-06-27T02:00,14.7,1.90,360,90,0.00,0,0.0,0.0,0.0,0.00,0.00,1008.2,NaN
2020-06-27T03:00,14.5,1.90,3,90,0.00,0,0.0,0.0,0.0,0.00,0.00,1007.9,NaN
2020-06-27T04:00,14.4,2.26,13,89,0.00,0,0.0,0.0,0.0,0.00,0.00,1007.8,NaN
2020-06-27T05:00,14.4,2.53,9,89,0.00,0,0.0,0.0,0.0,0.00,0.00,1007.6,NaN
2020-06-27T06:00,14.3,2.18,16,90,0.00,0,0.0,0.0,0.0,0.00,0.00,1007.6,NaN
2020-06-27T07:00,14.5,2.61,4,90,0.00,0,0.0,0.0,0.0,0.00,0.00,1008.0,NaN
2020-06-27T08:00,15.2,3.31,5,88,0.00,1,19.0,111.7,9.0,0.00,0.00,1008.4,NaN
2020-06-27T09:00,16.9,3.71,3,84,0.00,1,131.0,348.0,51.0,0.00,0.00,1008.6,NaN
2020-06-27T10:00,18.5,4.00,347,79,0.00,1,275.0,477.5,87.0,0.00,0.00,1008.9,NaN
2020-06-27T11:00,19.2,4.56,334,75,0.00,1,356.0,492.3,101.0,0.00,0.00,1008.6,NaN
2020-06-27T12:00,19.8,4.66,325,73,0.00,1,414.0,523.5,103.0,0.00,0.00,1007.7,NaN
2020-06-27T13:00,20.1,4.32,318,72,0.00,1,405.0,492.8,101.0,0.00,0.00,1006.7,NaN
2020-06-27T14:00,20.0,5.04,309,70,0.00,1,413.0,487.4,128.0,0.00,0.00,1006.1,NaN
2020-06-27T15:00,19.2,6.10,319,72,0.10,1,337.0,494.0,90.0,0.10,0.00,1006.2,NaN
2020-06-27T16:00,18.5,5.78,323,81,0.10,1,218.0,418.0,64.0,0.10,0.00,1006.4,NaN
2020-06-27T17:00,18.4,5.52,315,80,0.10,1,103.0,311.8,41.0,0.10,0.00,1006.6,NaN
2020-06-27T18:00,17.7,4.72,328,83,0.30,0,10.0,55.0,6.0,0.30,0.00,1006.5,NaN
2020-06-27T19:00,17.9,5.02,313,80,0.40,0,0.0,0.0,0.0,0.40,0.00,1006.9,NaN
2020-06-27T20:00,17.7,4.78,307,79,0.30,0,0.0,0.0,0.0,0.30,0.00,1007.6,NaN
2020-06-27T21:00,18.0,4.86,307,78,0.20,0,0.0,0.0,0.0,0.20,0.00,1007.4,NaN
2020-06-27T22:00,17.9,4.64,307,77,0.00,0,0.0,0.0,0.0,0.00,0.00,1007.5,NaN
2020-06-27T23:00,18.0,4.86,307,75,0.00,0,0.0,0.0,0.0,0.00,0.00,1007.2,NaN
2020-06-28T00:00,18.1,4.96,312,74,0.00,0,0.0,0.0,0.0,0.00,0.00,1006.9,NaN
2020-06-28T01:00,18.2,5.17,313,74,0.00,0,0.0,0.0,0.0,0.00,0.00,1006.5,NaN
2020-06-28T02:00,17.5,5.08,324,78,0.00,0,0.0,0.0,0.0,0.00,0.00,1006.4,NaN
2020-06-28T03:00,17.0,4.53,338,81,0.00,0,0.0,0.0,0.0,0.00,0.00,1006.0,NaN
2020-06-28T04:00,16.0,4.50,3,85,0.00,0,0.0,0.0,0.0,0.00,0.00,1005.7,NaN
2020-06-28T05:00,15.6,4.10,359,88,0.00,0,0.0,0.0,0.0,0.00,0.00,1005.7,NaN
2020-06-28T06:00,16.0,3.77,349,88,0.00,0,0.0,0.0,0.0,0.00,0.00,1006.0,NaN
2020-06-28T07:00,16.3,4.08,349,86,0.00,0,0.0,0.0,0.0,0.00,0.00,1006.0,NaN
2020-06-28T08:00,17.0,4.91,356,80,0.00,1,21.0,123.0,10.0,0.00,0.00,1006.2,NaN
2020-06-28T09:00,18.4,4.75,345,78,0.00,1,126.0,330.8,50.0,0.00,0.00,1006.6,NaN
2020-06-28T10:00,19.5,5.14,323,74,0.20,1,224.0,347.9,87.0,0.20,0.00,1006.9,NaN
2020-06-28T11:00,20.1,6.59,311,69,0.30,1,275.0,293.3,123.0,0.30,0.00,1006.6,NaN
2020-06-28T12:00,21.3,8.63,305,59,0.00,1,457.0,573.6,116.0,0.00,0.00,1005.8,NaN
2020-06-28T13:00,21.4,8.93,304,57,0.00,1,555.0,743.3,96.0,0.00,0.00,1005.0,NaN
2020-06-28T14:00,21.4,8.60,303,57,0.00,1,538.0,777.0,83.0,0.00,0.00,1004.5,NaN
2020-06-28T15:00,21.2,10.07,302,56,0.00,1,418.0,652.7,91.0,0.00,0.00,1004.5,NaN
2020-06-28T16:00,20.7,8.42,307,60,0.00,1,239.0,408.7,88.0,0.00,0.00,1004.5,NaN
2020-06-28T17:00,20.1,7.60,305,61,0.00,1,143.0,485.0,46.0,0.00,0.00,1004.0,NaN
2020-06-28T18:00,19.4,7.42,307,66,0.00,0,15.0,109.2,7.0,0.00,0.00,1004.3,NaN
2020-06-28T19:00,19.4,7.64,316,65,0.00,0,0.0,0.0,0.0,0.00,0.00,1004.3,NaN
2020-06-28T20:00,20.3,7.81,310,63,0.00,0,0.0,0.0,0.0,0.00,0.00,1004.4,NaN
2020-06-28T21:00,20.0,8.45,297,66,0.10,0,0.0,0.0,0.0,0.10,0.00,1005.1,NaN
2020-06-28T22:00,18.3,9.66,286,82,0.40,0,0.0,0.0,0.0,0.40,0.00,1005.6,NaN
2020-06-28T23:00,18.4,7.98,292,86,0.40,0,0.0,0.0,0.0,0.40,0.00,1005.2,NaN
2020-06-29T00:00,17.7,8.23,291,88,0.50,0,0.0,0.0,0.0,0.50,0.00,1005.2,NaN
2020-06-29T01:00,17.9,7.11,284,89,0.70,0,0.0,0.0,0.0,0.70,0.00,1004.9,NaN
2020-06-29T02:00,18.8,7.50,270,73,0.40,0,0.0,0.0,0.0,0.40,0.00,1004.9,NaN
2020-06-29T03:00,18.8,7.80,270,69,0.00,0,0.0,0.0,0.0,0.00,0.00,1004.9,NaN
2020-06-29T04:00,18.7,8.31,267,69,0.00,0,0.0,0.0,0.0,0.00,0.00,1005.0,NaN
2020-06-29T05:00,18.6,7.85,263,65,0.00,0,0.0,0.0,0.0,0.00,0.00,1005.2,NaN
2020-06-29T06:00,19.1,7.03,276,57,0.00,0,0.0,0.0,0.0,0.00,0.00,1005.3,NaN
2020-06-29T07:00,18.2,8.39,255,74,0.00,0,0.0,0.0,0.0,0.00,0.00,1006.0,NaN
2020-06-29T08:00,18.9,7.35,255,68,0.00,1,21.0,111.9,11.0,0.00,0.00,1006.6,NaN
2020-06-29T09:00,19.5,8.00,252,65,0.00,1,147.0,435.3,47.0,0.00,0.00,1007.4,NaN
2020-06-29T10:00,19.5,8.02,247,68,0.00,1,286.0,510.2,85.0,0.00,0.00,1008.2,NaN
2020-06-29T11:00,19.6,7.76,248,65,0.00,1,398.0,590.1,92.0,0.00,0.00,1008.5,NaN
2020-06-29T12:00,19.6,7.60,249,60,0.10,1,369.0,354.6,158.0,0.10,0.00,1008.2,NaN
2020-06-29T13:00,19.8,7.62,256,56,0.00,1,441.0,482.0,143.0,0.00,0.00,1007.9,NaN
2020-06-29T14:00,19.0,6.76,246,66,0.10,1,330.0,293.2,158.0,0.10,0.00,1007.9,NaN
2020-06-29T15:00,19.4,6.13,244,58,0.00,1,334.0,386.4,140.0,0.00,0.00,1008.1,NaN
2020-06-29T16:00,18.9,6.19,239,59,0.00,1,194.0,151.1,138.0,0.00,0.00,1008.5,NaN
2020-06-29T17:00,18.5,4.77,237,58,0.00,1,81.0,119.3,57.0,0.00,0.00,1008.6,NaN
2020-06-29T18:00,17.6,4.06,232,63,0.00,0,13.0,67.6,8.0,0.00,0.00,1008.8,NaN
2020-06-29T19:00,17.3,3.36,233,67,0.00,0,0.0,0.0,0.0,0.00,0.00,1009.2,NaN
2020-06-29T20:00,16.9,3.62,231,72,0.00,0,0.0,0.0,0.0,0.00,0.00,1009.6,NaN
2020-06-29T21:00,17.0,3.04,243,72,0.00,0,0.0,0.0,0.0,0.00,0.00,1009.9,NaN
2020-06-29T22:00,17.1,2.73,246,71,0.00,0,0.0,0.0,0.0,0.00,0.00,1010.2,NaN
2020-06-29T23:00,17.2,3.47,237,68,0.00,0,0.0,0.0,0.0,0.00,0.00,1010.3,NaN
2020-06-30T00:00,16.8,3.34,231,75,0.00,0,0.0,0.0,0.0,0.00,0.00,1010.0,NaN
2020-06-30T01:00,16.1,2.47,238,83,0.10,0,0.0,0.0,0.0,0.10,0.00,1009.8,NaN
2020-06-30T02:00,15.1,2.02,261,88,0.00,0,0.0,0.0,0.0,0.00,0.00,1009.6,NaN
2020-06-30T03:00,15.8,1.66,237,81,0.10,0,0.0,0.0,0.0,0.10,0.00,1009.1,NaN
2020-06-30T04:00,16.1,1.66,237,80,0.00,0,0.0,0.0,0.0,0.00,0.00,1009.2,NaN
2020-06-30T05:00,15.3,1.75,246,83,0.00,0,0.0,0.0,0.0,0.00,0.00,1009.3,NaN
2020-06-30T06:00,15.1,1.90,252,84,0.10,0,0.0,0.0,0.0,0.10,0.00,1009.5,NaN
2020-06-30T07:00,15.4,1.75,257,83,0.00,0,0.0,0.0,0.0,0.00,0.00,1010.1,NaN
2020-06-30T08:00,16.4,1.77,286,83,0.00,1,16.0,78.4,9.0,0.00,0.00,1010.4,NaN
2020-06-30T09:00,17.5,2.01,297,81,0.20,1,88.0,113.2,62.0,0.20,0.00,1011.0,NaN
2020-06-30T10:00,18.5,2.31,275,72,0.00,1,237.0,304.4,117.0,0.00,0.00,1011.3,NaN
2020-06-30T11:00,18.9,3.65,261,65,0.00,1,284.0,244.7,157.0,0.00,0.00,1011.0,NaN
2020-06-30T12:00,19.0,4.59,254,67,0.20,1,396.0,251.8,246.0,0.20,0.00,1010.3,NaN
2020-06-30T13:00,19.0,4.73,257,68,0.20,1,391.0,281.0,217.0,0.20,0.00,1009.6,NaN
2020-06-30T14:00,19.3,4.61,257,61,0.00,1,284.0,204.2,164.0,0.00,0.00,1009.5,NaN
2020-06-30T15:00,19.1,4.93,252,63,0.00,1,334.0,343.7,161.0,0.00,0.00,1009.6,NaN
2020-06-30T16:00,18.4,4.66,247,71,0.20,1,173.0,134.4,123.0,0.20,0.00,1009.8,NaN
2020-06-30T17:00,18.4,3.81,247,68,0.00,1,86.0,153.1,55.0,0.00,0.00,1010.0,NaN
2020-06-30T18:00,17.6,2.88,250,69,0.00,0,11.0,67.0,6.0,0.00,0.00,1010.1,NaN
2020-06-30T19:00,16.6,4.55,230,81,0.10,0,0.0,0.0,0.0,0.10,0.00,1011.1,NaN
2020-06-30T20:00,16.7,2.72,234,83,0.10,0,0.0,0.0,0.0,0.10,0.00,1011.1,NaN
2020-06-30T21:00,17.3,2.26,225,77,0.30,0,0.0,0.0,0.0,0.30,0.00,1011.3,NaN
2020-06-30T22:00,17.6,3.40,227,71,0.00,0,0.0,0.0,0.0,0.00,0.00,1011.2,NaN
2020-06-30T23:00,17.5,4.08,216,70,0.00,0,0.0,0.0,0.0,0.00,0.00,1011.1,NaN
2020-07-01T00:00,17.3,4.00,217,69,0.00,0,0.0,0.0,0.0,0.00,0.00,1011.0,NaN
2020-07-01T01:00,16.9,3.41,220,71,0.00,0,0.0,0.0,0.0,0.00,0.00,1010.6,NaN
2020-07-01T02:00,16.7,4.24,199,75,0.00,0,0.0,0.0,0.0,0.00,0.00,1010.5,NaN
2020-07-01T03:00,16.4,4.33,199,82,0.00,0,0.0,0.0,0.0,0.00,0.00,1010.5,NaN
2020-07-01T04:00,16.1,3.30,194,84,0.00,0,0.0,0.0,0.0,0.00,0.00,1010.6,NaN
2020-07-01T05:00,15.7,2.20,183,86,0.20,0,0.0,0.0,0.0,0.20,0.00,1010.6,NaN
2020-07-01T06:00,16.6,3.11,174,79,0.20,0,0.0,0.0,0.0,0.20,0.00,1011.2,NaN
2020-07-01T07:00,16.8,3.41,177,71,0.10,0,0.0,0.0,0.0,0.10,0.00,1011.7,NaN
2020-07-01T08:00,15.7,2.58,126,86,0.00,1,7.0,0.0,7.0,0.00,0.00,1012.5,NaN
2020-07-01T09:00,16.2,3.10,105,83,0.00,1,95.0,134.9,64.0,0.00,0.00,1013.2,NaN
2020-07-01T10:00,16.7,3.83,110,80,0.10,1,191.0,200.3,112.0,0.10,0.00,1013.7,NaN
2020-07-01T11:00,17.6,4.60,124,74,0.10,1,361.0,427.3,139.0,0.10,0.00,1013.7,NaN
2020-07-01T12:00,17.4,4.66,121,70,0.00,1,317.0,224.7,183.0,0.00,0.00,1013.1,NaN
2020-07-01T13:00,17.9,4.11,139,66,0.10,1,305.0,182.2,192.0,0.10,0.00,1012.5,NaN
2020-07-01T14:00,18.0,4.00,148,64,0.00,1,234.0,115.5,166.0,0.00,0.00,1012.1,NaN
2020-07-01T15:00,18.4,4.62,162,61,0.00,1,336.0,323.1,173.0,0.00,0.00,1012.1,NaN
2020-07-01T16:00,17.6,5.22,168,64,0.00,1,149.0,101.8,111.0,0.00,0.00,1012.4,NaN
2020-07-01T17:00,17.2,4.59,160,65,0.00,1,95.0,127.5,69.0,0.00,0.00,1012.8,NaN
2020-07-01T18:00,15.9,3.80,153,69,0.00,0,14.0,79.7,8.0,0.00,0.00,1013.0,NaN
2020-07-01T19:00,15.1,4.04,138,75,0.00,0,0.0,0.0,0.0,0.00,0.00,1013.6,NaN
2020-07-01T20:00,14.4,3.61,134,81,0.00,0,0.0,0.0,0.0,0.00,0.00,1013.6,NaN
2020-07-01T21:00,14.4,4.16,125,80,0.00,0,0.0,0.0,0.0,0.00,0.00,1014.0,NaN
2020-07-01T22:00,14.2,4.08,121,79,0.00,0,0.0,0.0,0.0,0.00,0.00,1014.2,NaN
2020-07-01T23:00,14.0,3.89,119,79,0.00,0,0.0,0.0,0.0,0.00,0.00,1014.2,NaN
2020-07-02T00:00,13.8,3.86,111,79,0.00,0,0.0,0.0,0.0,0.00,0.00,1013.9,NaN
2020-07-02T01:00,13.6,3.61,109,79,0.00,0,0.0,0.0,0.0,0.00,0.00,1013.8,NaN
2020-07-02T02:00,13.5,3.32,111,78,0.00,0,0.0,0.0,0.0,0.00,0.00,1013.8,NaN
2020-07-02T03:00,13.1,3.35,107,79,0.00,0,0.0,0.0,0.0,0.00,0.00,1013.9,NaN
2020-07-02T04:00,12.9,3.64,106,78,0.00,0,0.0,0.0,0.0,0.00,0.00,1014.2,NaN
2020-07-02T05:00,12.6,4.15,105,78,0.00,0,0.0,0.0,0.0,0.00,0.00,1014.2,NaN
2020-07-02T06:00,12.7,4.63,96,76,0.00,0,0.0,0.0,0.0,0.00,0.00,1014.5,NaN
2020-07-02T07:00,12.5,4.90,91,76,0.00,0,0.0,0.0,0.0,0.00,0.00,1015.0,NaN
2020-07-02T08:00,11.3,5.41,93,80,0.00,1,25.0,145.4,12.0,0.00,0.00,1015.6,NaN
2020-07-02T09:00,13.0,5.42,95,70,0.00,1,181.0,578.2,48.0,0.00,0.00,1016.3,NaN
2020-07-02T10:00,14.7,5.41,93,62,0.00,1,353.0,734.4,63.0,0.00,0.00,1016.6,NaN
2020-07-02T11:00,16.1,5.71,93,53,0.00,1,494.0,809.4,73.0,0.00,0.00,1016.1,NaN
2020-07-02T12:00,17.1,5.72,95,49,0.00,1,583.0,848.8,76.0,0.00,0.00,1015.2,NaN
2020-07-02T13:00,17.8,5.43,96,45,0.00,1,613.0,864.6,76.0,0.00,0.00,1014.3,NaN
2020-07-02T14:00,18.3,5.15,98,44,0.00,1,580.0,857.8,74.0,0.00,0.00,1013.3,NaN
2020-07-02T15:00,18.7,5.00,102,43,0.00,1,486.0,824.4,69.0,0.00,0.00,1013.0,NaN
2020-07-02T16:00,18.5,4.65,109,44,0.00,1,339.0,744.7,60.0,0.00,0.00,1013.0,NaN
2020-07-02T17:00,17.3,3.76,119,49,0.00,1,162.0,574.8,44.0,0.00,0.00,1013.3,NaN
2020-07-02T18:00,15.5,3.70,128,51,0.00,0,17.0,118.4,8.0,0.00,0.00,1013.7,NaN
2020-07-02T19:00,14.5,4.06,128,51,0.00,0,0.0,0.0,0.0,0.00,0.00,1014.4,NaN
2020-07-02T20:00,13.3,4.33,124,52,0.00,0,0.0,0.0,0.0,0.00,0.00,1014.9,NaN
2020-07-02T21:00,12.6,4.30,115,52,0.00,0,0.0,0.0,0.0,0.00,0.00,1015.5,NaN
2020-07-02T22:00,12.4,4.46,110,54,0.00,0,0.0,0.0,0.0,0.00,0.00,1015.7,NaN
2020-07-02T23:00,12.3,4.74,108,55,0.00,0,0.0,0.0,0.0,0.00,0.00,1015.8,NaN
2020-07-03T00:00,12.3,4.75,105,57,0.00,0,0.0,0.0,0.0,0.00,0.00,1015.7,NaN
2020-07-03T01:00,12.3,4.98,100,57,0.00,0,0.0,0.0,0.0,0.00,0.00,1015.2,NaN
2020-07-03T02:00,12.4,5.41,93,57,0.00,0,0.0,0.0,0.0,0.00,0.00,1014.9,NaN
2020-07-03T03:00,12.5,6.62,86,57,0.00,0,0.0,0.0,0.0,0.00,0.00,1014.4,NaN
2020-07-03T04:00,12.6,7.73,80,57,0.00,0,0.0,0.0,0.0,0.00,0.00,1014.3,NaN
2020-07-03T05:00,12.5,8.44,76,57,0.00,0,0.0,0.0,0.0,0.00,0.00,1014.2,NaN
2020-07-03T06:00,12.4,8.89,73,57,0.00,0,0.0,0.0,0.0,0.00,0.00,1014.7,NaN
2020-07-03T07:00,12.3,8.92,72,57,0.00,0,0.0,0.0,0.0,0.00,0.00,1015.3,NaN
2020-07-03T08:00,12.2,8.52,68,58,0.00,1,28.0,189.9,11.0,0.00,0.00,1016.2,NaN
2020-07-03T09:00,14.1,8.47,67,54,0.00,1,185.0,603.5,46.0,0.00,0.00,1016.5,NaN
2020-07-03T10:00,16.5,8.50,65,47,0.00,1,358.0,751.2,61.0,0.00,0.00,1016.5,NaN
2020-07-03T11:00,18.8,8.27,63,43,0.00,1,496.0,819.8,69.0,0.00,0.00,1015.8,NaN
2020-07-03T12:00,20.8,8.01,62,40,0.00,1,582.0,852.5,72.0,0.00,0.00,1015.1,NaN
2020-07-03T13:00,22.4,7.43,61,38,0.00,1,609.0,859.8,74.0,0.00,0.00,1014.2,NaN
2020-07-03T14:00,23.4,6.75,63,37,0.00,1,571.0,844.1,72.0,0.00,0.00,1013.6,NaN
2020-07-03T15:00,23.7,6.17,63,38,0.00,1,462.0,755.1,79.0,0.00,0.00,1013.3,NaN
2020-07-03T16:00,23.2,5.01,64,41,0.00,1,325.0,693.9,64.0,0.00,0.00,1013.5,NaN
2020-07-03T17:00,21.5,3.86,69,43,0.00,1,159.0,561.1,43.0,0.00,0.00,1013.7,NaN
2020-07-03T18:00,19.6,3.57,72,44,0.00,0,17.0,117.3,8.0,0.00,0.00,1014.3,NaN
2020-07-03T19:00,19.1,4.62,68,42,0.00,0,0.0,0.0,0.0,0.00,0.00,1014.8,NaN
2020-07-03T20:00,18.8,5.44,70,41,0.00,0,0.0,0.0,0.0,0.00,0.00,1014.8,NaN
2020-07-03T21:00,18.8,6.78,68,40,0.00,0,0.0,0.0,0.0,0.00,0.00,1015.1,NaN
2020-07-03T22:00,18.3,7.80,67,40,0.00,0,0.0,0.0,0.0,0.00,0.00,1015.1,NaN
2020-07-03T23:00,17.7,8.23,66,39,0.00,0,0.0,0.0,0.0,0.00,0.00,1015.0,NaN
2020-07-04T00:00,17.3,8.23,63,38,0.00,0,0.0,0.0,0.0,0.00,0.00,1014.9,NaN
2020-07-04T01:00,16.9,8.39,59,38,0.00,0,0.0,0.0,0.0,0.00,0.00,1014.7,NaN
2020-07-04T02:00,16.5,8.57,56,38,0.00,0,0.0,0.0,0.0,0.00,0.00,1014.5,NaN
2020-07-04T03:00,16.1,8.66,54,39,0.00,0,0.0,0.0,0.0,0.00,0.00,1014.1,NaN
2020-07-04T04:00,15.8,8.70,52,39,0.00,0,0.0,0.0,0.0,0.00,0.00,1014.1,NaN
2020-07-04T05:00,15.4,8.75,51,40,0.00,0,0.0,0.0,0.0,0.00,0.00,1013.9,NaN
2020-07-04T06:00,15.1,8.66,50,41,0.00,0,0.0,0.0,0.0,0.00,0.00,1014.2,NaN
2020-07-04T07:00,14.9,8.66,50,41,0.00,0,0.0,0.0,0.0,0.00,0.00,1014.4,NaN
2020-07-04T08:00,15.3,8.59,50,43,0.00,1,28.0,167.3,13.0,0.00,0.00,1014.6,NaN
2020-07-04T09:00,16.8,8.66,50,43,0.00,1,170.0,442.2,68.0,0.00,0.00,1014.9,NaN
2020-07-04T10:00,18.8,8.15,48,41,0.00,1,346.0,669.3,81.0,0.00,0.00,1015.1,NaN
2020-07-04T11:00,20.7,7.64,47,39,0.00,1,477.0,711.2,106.0,0.00,0.00,1014.5,NaN
2020-07-04T12:00,22.5,6.93,46,37,0.00,1,566.0,766.0,107.0,0.00,0.00,1013.8,NaN
2020-07-04T13:00,23.9,6.15,44,35,0.00,1,596.0,789.2,104.0,0.00,0.00,1012.8,NaN
2020-07-04T14:00,24.6,5.37,45,34,0.00,1,564.0,793.2,94.0,0.00,0.00,1012.1,NaN
2020-07-04T15:00,24.7,4.74,48,35,0.00,1,474.0,774.5,80.0,0.00,0.00,1011.8,NaN
2020-07-04T16:00,24.0,1.84,29,44,0.00,1,331.0,699.1,67.0,0.00,0.00,1012.0,NaN
2020-07-04T17:00,23.7,1.00,307,39,0.00,1,157.0,528.2,47.0,0.00,0.00,1012.1,NaN
2020-07-04T18:00,22.2,0.00,270,46,0.00,0,18.0,129.0,8.0,0.00,0.00,1012.4,NaN
2020-07-04T19:00,16.1,1.80,71,62,0.00,0,0.0,0.0,0.0,0.00,0.00,1012.8,NaN
2020-07-04T20:00,15.3,1.57,63,63,0.00,0,0.0,0.0,0.0,0.00,0.00,1013.2,NaN
2020-07-04T21:00,14.2,1.34,63,66,0.00,0,0.0,0.0,0.0,0.00,0.00,1013.2,NaN
2020-07-04T22:00,13.2,2.33,65,67,0.00,0,0.0,0.0,0.0,0.00,0.00,1013.0,NaN
2020-07-04T23:00,14.8,3.71,63,51,0.00,0,0.0,0.0,0.0,0.00,0.00,1012.7,NaN
2020-07-05T00:00,15.9,4.80,59,43,0.00,0,0.0,0.0,0.0,0.00,0.00,1012.3,NaN
2020-07-05T01:00,15.9,5.38,55,41,0.00,0,0.0,0.0,0.0,0.00,0.00,1011.7,NaN
2020-07-05T02:00,15.9,5.40,51,41,0.00,0,0.0,0.0,0.0,0.00,0.00,1011.4,NaN
2020-07-05T03:00,15.7,5.38,47,40,0.00,0,0.0,0.0,0.0,0.00,0.00,1010.9,NaN
2020-07-05T04:00,15.7,5.09,43,40,0.00,0,0.0,0.0,0.0,0.00,0.00,1010.4,NaN
2020-07-05T05:00,15.6,4.88,43,40,0.00,0,0.0,0.0,0.0,0.00,0.00,1010.1,NaN
2020-07-05T06:00,15.5,4.67,43,40,0.00,0,0.0,0.0,0.0,0.00,0.00,1009.9,NaN
2020-07-05T07:00,15.5,4.53,41,40,0.00,0,0.0,0.0,0.0,0.00,0.00,1009.9,NaN
2020-07-05T08:00,16.1,5.25,40,41,0.00,1,28.0,178.1,12.0,0.00,0.00,1010.0,NaN
2020-07-05T09:00,18.8,6.18,39,40,0.00,1,184.0,601.5,45.0,0.00,0.00,1009.9,NaN
2020-07-05T10:00,21.5,6.82,39,38,0.00,1,350.0,711.1,68.0,0.00,0.00,1009.6,NaN
2020-07-05T11:00,23.7,6.63,34,35,0.00,1,494.0,809.5,71.0,0.00,0.00,1009.0,NaN
2020-07-05T12:00,24.9,6.13,34,33,0.00,1,514.0,613.0,146.0,0.00,0.00,1008.2,NaN
2020-07-05T13:00,25.6,4.85,22,34,0.00,1,443.0,365.0,215.0,0.00,0.00,1007.1,NaN
2020-07-05T14:00,22.6,6.30,269,59,0.00,1,427.0,355.2,216.0,0.00,0.00,1007.2,NaN
2020-07-05T15:00,21.8,4.78,290,58,0.00,1,433.0,607.6,123.0,0.00,0.00,1007.3,NaN
2020-07-05T16:00,21.7,3.35,280,68,0.00,1,287.0,487.9,102.0,0.00,0.00,1007.3,NaN
2020-07-05T17:00,20.5,2.26,283,80,0.00,1,120.0,243.1,69.0,0.00,0.00,1007.3,NaN
2020-07-05T18:00,19.4,2.82,253,90,0.00,0,14.0,76.6,8.0,0.00,0.00,1007.6,NaN
2020-07-05T19:00,19.3,3.22,240,91,0.00,0,0.0,0.0,0.0,0.00,0.00,1008.2,NaN
2020-07-05T20:00,19.0,3.91,238,92,0.00,0,0.0,0.0,0.0,0.00,0.00,1008.4,NaN
2020-07-05T21:00,18.9,4.24,227,92,0.20,0,0.0,0.0,0.0,0.20,0.00,1009.0,NaN
2020-07-05T22:00,18.3,3.75,224,92,0.60,0,0.0,0.0,0.0,0.60,0.00,1009.2,NaN
2020-07-05T23:00,17.8,3.88,215,92,0.50,0,0.0,0.0,0.0,0.50,0.00,1009.2,NaN
2020-07-06T00:00,17.7,3.40,204,89,0.20,0,0.0,0.0,0.0,0.20,0.00,1009.2,NaN
2020-07-06T01:00,17.7,1.72,216,86,0.00,0,0.0,0.0,0.0,0.00,0.00,1009.0,NaN
2020-07-06T02:00,17.3,1.49,250,86,0.00,0,0.0,0.0,0.0,0.00,0.00,1008.9,NaN
2020-07-06T03:00,16.7,3.45,253,84,0.10,0,0.0,0.0,0.0,0.10,0.00,1009.1,NaN
2020-07-06T04:00,16.8,4.24,251,81,0.00,0,0.0,0.0,0.0,0.00,0.00,1009.3,NaN
2020-07-06T05:00,16.4,3.79,252,75,0.00,0,0.0,0.0,0.0,0.00,0.00,1009.8,NaN
2020-07-06T06:00,15.9,3.07,251,75,0.00,0,0.0,0.0,0.0,0.00,0.00,1010.3,NaN
2020-07-06T07:00,15.9,3.72,246,75,0.00,0,0.0,0.0,0.0,0.00,0.00,1011.1,NaN
2020-07-06T08:00,16.9,3.45,260,68,0.00,1,21.0,111.0,11.0,0.00,0.00,1011.8,NaN
2020-07-06T09:00,18.1,3.98,258,63,0.00,1,144.0,392.9,53.0,0.00,0.00,1012.2,NaN
2020-07-06T10:00,18.5,4.49,258,60,0.00,1,251.0,375.0,102.0,0.00,0.00,1012.8,NaN
2020-07-06T11:00,19.0,4.20,270,57,0.00,1,391.0,475.7,142.0,0.00,0.00,1012.6,NaN
2020-07-06T12:00,19.4,4.60,271,54,0.00,1,566.0,791.3,90.0,0.00,0.00,1012.6,NaN
2020-07-06T13:00,19.5,4.60,268,52,0.00,1,591.0,782.7,101.0,0.00,0.00,1012.3,NaN
2020-07-06T14:00,19.4,4.96,261,50,0.00,1,522.0,668.4,124.0,0.00,0.00,1012.1,NaN
2020-07-06T15:00,18.9,4.90,253,53,0.00,1,382.0,418.1,168.0,0.00,0.00,1012.2,NaN
2020-07-06T16:00,18.7,4.14,250,54,0.00,1,265.0,367.6,125.0,0.00,0.00,1012.4,NaN
2020-07-06T17:00,17.7,3.09,245,57,0.00,1,152.0,454.1,56.0,0.00,0.00,1012.5,NaN
2020-07-06T18:00,16.6,2.92,239,60,0.00,0,17.0,101.1,9.0,0.00,0.00,1012.9,NaN
2020-07-06T19:00,16.8,3.02,236,59,0.00,0,0.0,0.0,0.0,0.00,0.00,1013.7,NaN
2020-07-06T20:00,15.6,2.40,225,58,0.00,0,0.0,0.0,0.0,0.00,0.00,1014.2,NaN
2020-07-06T21:00,13.4,2.83,228,68,0.00,0,0.0,0.0,0.0,0.00,0.00,1014.3,NaN
2020-07-06T22:00,16.0,2.88,214,64,0.00,0,0.0,0.0,0.0,0.00,0.00,1014.4,NaN
2020-07-06T23:00,16.3,3.55,212,57,0.00,0,0.0,0.0,0.0,0.00,0.00,1014.5,NaN
2020-07-07T00:00,15.4,2.58,216,58,0.00,0,0.0,0.0,0.0,0.00,0.00,1014.6,NaN
2020-07-07T01:00,14.1,2.06,219,66,0.00,0,0.0,0.0,0.0,0.00,0.00,1014.4,NaN
2020-07-07T02:00,15.4,1.64,218,62,0.00,0,0.0,0.0,0.0,0.00,0.00,1014.2,NaN
2020-07-07T03:00,15.8,1.57,207,61,0.00,0,0.0,0.0,0.0,0.00,0.00,1014.1,NaN
2020-07-07T04:00,15.3,1.53,212,63,0.00,0,0.0,0.0,0.0,0.00,0.00,1014.0,NaN
2020-07-07T05:00,14.2,2.15,208,68,0.00,0,0.0,0.0,0.0,0.00,0.00,1014.1,NaN
2020-07-07T06:00,14.0,1.75,156,74,0.00,0,0.0,0.0,0.0,0.00,0.00,1014.2,NaN
2020-07-07T07:00,13.7,1.57,117,80,0.00,0,0.0,0.0,0.0,0.00,0.00,1015.0,NaN
2020-07-07T08:00,14.4,2.56,51,74,0.00,1,16.0,55.3,11.0,0.00,0.00,1015.7,NaN
2020-07-07T09:00,15.1,2.92,38,71,0.00,1,76.0,47.4,65.0,0.00,0.00,1016.4,NaN
2020-07-07T10:00,16.3,2.16,34,67,0.00,1,123.0,37.7,108.0,0.00,0.00,1016.8,NaN
2020-07-07T11:00,17.4,0.81,330,61,0.00,1,242.0,104.9,187.0,0.00,0.00,1016.5,NaN
2020-07-07T12:00,17.9,2.14,259,60,0.00,1,425.0,365.0,205.0,0.00,0.00,1016.0,NaN
2020-07-07T13:00,17.7,2.62,252,63,0.00,1,376.0,223.1,236.0,0.00,0.00,1015.3,NaN
2020-07-07T14:00,17.9,2.08,235,61,0.00,1,413.0,383.5,184.0,0.00,0.00,1014.5,NaN
2020-07-07T15:00,18.2,2.72,216,57,0.00,1,367.0,414.8,154.0,0.00,0.00,1014.1,NaN
2020-07-07T16:00,17.6,3.72,204,60,0.00,1,288.0,491.5,100.0,0.00,0.00,1014.4,NaN
2020-07-07T17:00,16.7,3.45,197,66,0.00,1,120.0,328.5,50.0,0.00,0.00,1014.7,NaN
2020-07-07T18:00,15.5,3.35,190,75,0.00,0,16.0,87.5,9.0,0.00,0.00,1014.8,NaN
2020-07-07T19:00,15.1,2.38,165,79,0.00,0,0.0,0.0,0.0,0.00,0.00,1015.5,NaN
2020-07-07T20:00,14.5,1.98,139,84,0.00,0,0.0,0.0,0.0,0.00,0.00,1015.7,NaN
2020-07-07T21:00,14.0,2.02,99,86,0.00,0,0.0,0.0,0.0,0.00,0.00,1016.0,NaN
2020-07-07T22:00,13.4,2.53,81,87,0.00,0,0.0,0.0,0.0,0.00,0.00,1015.8,NaN
2020-07-07T23:00,13.1,2.24,80,87,0.00,0,0.0,0.0,0.0,0.00,0.00,1015.5,NaN
2020-07-08T00:00,13.0,1.55,75,88,0.00,0,0.0,0.0,0.0,0.00,0.00,1015.4,NaN
2020-07-08T01:00,12.3,1.26,72,91,0.00,0,0.0,0.0,0.0,0.00,0.00,1015.5,NaN
2020-07-08T02:00,12.6,1.20,95,89,0.10,0,0.0,0.0,0.0,0.10,0.00,1015.4,NaN
2020-07-08T03:00,13.6,1.50,90,84,0.10,0,0.0,0.0,0.0,0.10,0.00,1015.1,NaN
2020-07-08T04:00,13.7,2.11,85,83,0.00,0,0.0,0.0,0.0,0.00,0.00,1014.5,NaN
2020-07-08T05:00,12.4,2.00,90,89,0.00,0,0.0,0.0,0.0,0.00,0.00,1014.6,NaN
2020-07-08T06:00,11.7,1.90,90,90,0.00,0,0.0,0.0,0.0,0.00,0.00,1014.9,NaN
2020-07-08T07:00,11.5,2.47,76,88,0.00,0,0.0,0.0,0.0,0.00,0.00,1015.3,NaN
2020-07-08T08:00,11.8,2.83,58,85,0.00,1,29.0,187.5,12.0,0.00,0.00,1015.7,NaN
2020-07-08T09:00,14.6,2.62,50,76,0.00,1,153.0,416.4,56.0,0.00,0.00,1016.2,NaN
2020-07-08T10:00,17.3,1.84,61,60,0.00,1,334.0,613.9,89.0,0.00,0.00,1016.3,NaN
2020-07-08T11:00,18.3,1.34,153,56,0.00,1,457.0,656.3,112.0,0.00,0.00,1016.0,NaN
2020-07-08T12:00,18.2,3.00,217,60,0.00,1,397.0,357.5,181.0,0.00,0.00,1015.3,NaN
2020-07-08T13:00,17.6,3.71,207,68,0.00,1,354.0,263.9,188.0,0.00,0.00,1014.4,NaN
2020-07-08T14:00,17.5,3.42,195,72,0.00,1,444.0,509.4,139.0,0.00,0.00,1013.8,NaN
2020-07-08T15:00,17.2,3.35,190,72,0.00,1,316.0,359.1,131.0,0.00,0.00,1013.4,NaN
2020-07-08T16:00,17.2,4.23,173,71,0.00,1,242.0,406.0,86.0,0.00,0.00,1013.3,NaN
2020-07-08T17:00,16.9,4.75,165,69,0.00,1,127.0,340.0,54.0,0.00,0.00,1013.6,NaN
2020-07-08T18:00,15.8,4.74,162,71,0.00,0,16.0,86.6,9.0,0.00,0.00,1014.0,NaN
2020-07-08T19:00,15.4,4.63,147,72,0.00,0,0.0,0.0,0.0,0.00,0.00,1014.6,NaN
2020-07-08T20:00,13.9,3.61,138,80,0.00,0,0.0,0.0,0.0,0.00,0.00,1014.6,NaN
2020-07-08T21:00,13.3,3.14,127,82,0.00,0,0.0,0.0,0.0,0.00,0.00,1014.9,NaN
2020-07-08T22:00,13.0,3.16,125,83,0.00,0,0.0,0.0,0.0,0.00,0.00,1015.1,NaN
2020-07-08T23:00,12.9,3.28,121,82,0.00,0,0.0,0.0,0.0,0.00,0.00,1015.0,NaN
2020-07-09T00:00,12.7,3.13,117,80,0.00,0,0.0,0.0,0.0,0.00,0.00,1014.7,NaN
2020-07-09T01:00,12.0,2.60,106,82,0.00,0,0.0,0.0,0.0,0.00,0.00,1014.6,NaN
2020-07-09T02:00,11.1,2.44,109,85,0.00,0,0.0,0.0,0.0,0.00,0.00,1014.7,NaN
2020-07-09T03:00,10.8,2.82,107,86,0.00,0,0.0,0.0,0.0,0.00,0.00,1014.5,NaN
2020-07-09T04:00,10.7,2.84,100,84,0.00,0,0.0,0.0,0.0,0.00,0.00,1014.5,NaN
2020-07-09T05:00,10.5,2.90,88,83,0.00,0,0.0,0.0,0.0,0.00,0.00,1014.9,NaN
2020-07-09T06:00,10.2,3.31,85,84,0.00,0,0.0,0.0,0.0,0.00,0.00,1015.0,NaN
2020-07-09T07:00,9.8,3.22,83,86,0.00,0,0.0,0.0,0.0,0.00,0.00,1015.7,NaN
2020-07-09T08:00,10.7,4.16,80,82,0.00,1,30.0,186.7,13.0,0.00,0.00,1016.0,NaN
2020-07-09T09:00,13.2,3.92,84,73,0.00,1,187.0,599.0,47.0,0.00,0.00,1016.6,NaN
2020-07-09T10:00,15.6,3.50,88,65,0.00,1,359.0,734.8,65.0,0.00,0.00,1017.0,NaN
2020-07-09T11:00,17.1,3.49,103,57,0.00,1,505.0,823.6,71.0,0.00,0.00,1016.9,NaN
2020-07-09T12:00,17.9,3.54,119,52,0.00,1,595.0,860.3,74.0,0.00,0.00,1016.2,NaN
2020-07-09T13:00,18.5,3.69,131,49,0.00,1,625.0,870.5,76.0,0.00,0.00,1015.3,NaN
2020-07-09T14:00,18.9,4.33,140,45,0.00,1,590.0,852.7,78.0,0.00,0.00,1014.4,NaN
2020-07-09T15:00,18.9,4.56,142,45,0.00,1,497.0,825.9,70.0,0.00,0.00,1014.3,NaN
2020-07-09T16:00,18.5,4.60,146,45,0.00,1,351.0,748.7,62.0,0.00,0.00,1014.4,NaN
2020-07-09T17:00,17.3,4.12,151,51,0.00,1,172.0,586.8,45.0,0.00,0.00,1014.6,NaN
2020-07-09T18:00,15.6,4.08,149,58,0.00,0,21.0,146.9,9.0,0.00,0.00,1014.8,NaN
2020-07-09T19:00,14.8,4.52,145,61,0.00,0,0.0,0.0,0.0,0.00,0.00,1015.6,NaN
2020-07-09T20:00,13.9,4.60,136,61,0.00,0,0.0,0.0,0.0,0.00,0.00,1015.7,NaN
2020-07-09T21:00,12.7,4.00,127,64,0.00,0,0.0,0.0,0.0,0.00,0.00,1016.1,NaN
2020-07-09T22:00,12.1,4.05,123,65,0.00,0,0.0,0.0,0.0,0.00,0.00,1016.7,NaN
2020-07-09T23:00,11.7,4.88,118,66,0.00,0,0.0,0.0,0.0,0.00,0.00,1017.0,NaN
2020-07-10T00:00,11.2,5.00,110,67,0.00,0,0.0,0.0,0.0,0.00,0.00,1017.4,NaN
2020-07-10T01:00,10.8,4.85,104,67,0.00,0,0.0,0.0,0.0,0.00,0.00,1017.5,NaN
2020-07-10T02:00,10.5,4.57,100,66,0.00,0,0.0,0.0,0.0,0.00,0.00,1017.4,NaN
2020-07-10T03:00,10.0,4.37,101,67,0.00,0,0.0,0.0,0.0,0.00,0.00,1017.3,NaN
2020-07-10T04:00,9.5,3.91,103,68,0.00,0,0.0,0.0,0.0,0.00,0.00,1017.1,NaN
2020-07-10T05:00,9.4,4.05,106,68,0.00,0,0.0,0.0,0.0,0.00,0.00,1017.0,NaN
2020-07-10T06:00,9.1,3.83,105,68,0.00,0,0.0,0.0,0.0,0.00,0.00,1017.5,NaN
2020-07-10T07:00,9.1,4.34,105,68,0.00,0,0.0,0.0,0.0,0.00,0.00,1018.0,NaN
2020-07-10T08:00,9.9,6.01,93,68,0.00,1,29.0,131.2,17.0,0.00,0.00,1018.4,NaN
2020-07-10T09:00,11.7,6.32,95,63,0.00,1,187.0,537.1,61.0,0.00,0.00,1018.9,NaN
2020-07-10T10:00,13.8,6.60,92,56,0.00,1,350.0,608.1,106.0,0.00,0.00,1018.7,NaN
2020-07-10T11:00,15.7,6.40,91,51,0.00,1,503.0,749.6,107.0,0.00,0.00,1018.1,NaN
2020-07-10T12:00,17.2,5.90,89,46,0.00,1,586.0,749.5,131.0,0.00,0.00,1017.4,NaN
2020-07-10T13:00,18.4,5.40,91,42,0.00,1,635.0,857.2,93.0,0.00,0.00,1016.5,NaN
2020-07-10T14:00,19.2,5.02,95,39,0.00,1,601.0,861.8,82.0,0.00,0.00,1016.0,NaN
2020-07-10T15:00,19.5,4.84,97,37,0.00,1,507.0,840.4,71.0,0.00,0.00,1015.7,NaN
2020-07-10T16:00,19.3,4.28,101,38,0.00,1,360.0,771.0,61.0,0.00,0.00,1015.4,NaN
2020-07-10T17:00,17.7,2.95,114,44,0.00,1,178.0,614.2,44.0,0.00,0.00,1015.5,NaN
2020-07-10T18:00,15.1,2.80,125,48,0.00,0,23.0,157.5,10.0,0.00,0.00,1015.7,NaN
2020-07-10T19:00,14.1,3.14,121,50,0.00,0,0.0,0.0,0.0,0.00,0.00,1016.4,NaN
2020-07-10T20:00,13.1,3.45,112,52,0.00,0,0.0,0.0,0.0,0.00,0.00,1017.2,NaN
2020-07-10T21:00,12.3,3.93,105,53,0.00,0,0.0,0.0,0.0,0.00,0.00,1017.4,NaN
2020-07-10T22:00,12.0,4.26,99,54,0.00,0,0.0,0.0,0.0,0.00,0.00,1017.4,NaN
2020-07-10T23:00,11.9,4.80,92,56,0.00,0,0.0,0.0,0.0,0.00,0.00,1017.4,NaN
2020-07-11T00:00,11.9,5.61,86,57,0.00,0,0.0,0.0,0.0,0.00,0.00,1017.3,NaN
2020-07-11T01:00,11.8,6.49,80,59,0.00,0,0.0,0.0,0.0,0.00,0.00,1016.8,NaN
2020-07-11T02:00,11.8,7.30,77,59,0.00,0,0.0,0.0,0.0,0.00,0.00,1016.6,NaN
2020-07-11T03:00,11.6,7.56,72,60,0.00,0,0.0,0.0,0.0,0.00,0.00,1016.2,NaN
2020-07-11T04:00,11.4,7.73,69,60,0.00,0,0.0,0.0,0.0,0.00,0.00,1016.0,NaN
2020-07-11T05:00,11.2,7.89,68,60,0.00,0,0.0,0.0,0.0,0.00,0.00,1015.8,NaN
2020-07-11T06:00,11.0,8.06,67,60,0.00,0,0.0,0.0,0.0,0.00,0.00,1016.0,NaN
2020-07-11T07:00,10.7,8.37,65,60,0.00,0,0.0,0.0,0.0,0.00,0.00,1016.2,NaN
2020-07-11T08:00,10.8,8.68,64,58,0.00,1,33.0,217.6,13.0,0.00,0.00,1017.0,NaN
2020-07-11T09:00,12.5,8.54,63,53,0.00,1,202.0,657.9,47.0,0.00,0.00,1017.1,NaN
2020-07-11T10:00,14.9,8.29,60,46,0.00,1,386.0,805.1,62.0,0.00,0.00,1017.2,NaN
2020-07-11T11:00,17.1,7.74,57,41,0.00,1,533.0,875.9,69.0,0.00,0.00,1016.8,NaN
2020-07-11T12:00,18.8,6.88,54,37,0.00,1,626.0,906.8,74.0,0.00,0.00,1016.0,NaN
2020-07-11T13:00,20.2,5.33,50,34,0.00,1,655.0,914.7,75.0,0.00,0.00,1015.6,NaN
2020-07-11T14:00,21.1,4.25,49,32,0.00,1,618.0,902.3,73.0,0.00,0.00,1014.9,NaN
2020-07-11T15:00,21.4,3.62,51,31,0.00,1,519.0,864.3,69.0,0.00,0.00,1014.3,NaN
2020-07-11T16:00,21.0,2.52,56,35,0.00,1,368.0,787.8,61.0,0.00,0.00,1014.1,NaN
2020-07-11T17:00,18.0,2.26,77,57,0.00,1,183.0,632.0,44.0,0.00,0.00,1013.9,NaN
2020-07-11T18:00,15.7,2.12,109,46,0.00,0,24.0,167.8,10.0,0.00,0.00,1013.9,NaN
2020-07-11T19:00,13.4,1.91,96,52,0.00,0,0.0,0.0,0.0,0.00,0.00,1014.2,NaN
2020-07-11T20:00,13.1,2.70,88,49,0.00,0,0.0,0.0,0.0,0.00,0.00,1014.5,NaN
2020-07-11T21:00,12.1,3.49,77,47,0.00,0,0.0,0.0,0.0,0.00,0.00,1014.1,NaN
2020-07-11T22:00,12.4,4.59,70,39,0.00,0,0.0,0.0,0.0,0.00,0.00,1013.8,NaN
2020-07-11T23:00,13.7,5.50,65,34,0.00,0,0.0,0.0,0.0,0.00,0.00,1013.5,NaN
2020-07-12T00:00,13.7,5.95,63,33,0.00,0,0.0,0.0,0.0,0.00,0.00,1013.2,NaN
2020-07-12T01:00,13.4,6.50,59,33,0.00,0,0.0,0.0,0.0,0.00,0.00,1012.6,NaN
2020-07-12T02:00,13.2,7.13,56,33,0.00,0,0.0,0.0,0.0,0.00,0.00,1012.3,NaN
2020-07-12T03:00,13.0,7.42,53,33,0.00,0,0.0,0.0,0.0,0.00,0.00,1012.0,NaN
2020-07-12T04:00,12.9,7.95,50,32,0.00,0,0.0,0.0,0.0,0.00,0.00,1011.5,NaN
2020-07-12T05:00,12.7,8.13,45,32,0.00,0,0.0,0.0,0.0,0.00,0.00,1011.3,NaN
2020-07-12T06:00,12.6,8.42,44,32,0.00,0,0.0,0.0,0.0,0.00,0.00,1011.2,NaN
2020-07-12T07:00,12.5,8.57,42,32,0.00,0,0.0,0.0,0.0,0.00,0.00,1011.4,NaN
2020-07-12T08:00,12.4,8.85,42,35,0.00,1,33.0,216.4,13.0,0.00,0.00,1011.6,NaN
2020-07-12T09:00,14.2,8.61,39,35,0.00,1,203.0,659.1,47.0,0.00,0.00,1011.7,NaN
2020-07-12T10:00,16.6,8.46,35,33,0.00,1,386.0,802.5,62.0,0.00,0.00,1011.7,NaN
2020-07-12T11:00,19.0,8.11,30,30,0.00,1,531.0,871.6,68.0,0.00,0.00,1011.3,NaN
2020-07-12T12:00,20.9,7.83,27,27,0.00,1,623.0,902.7,72.0,0.00,0.00,1010.4,NaN
2020-07-12T13:00,22.3,7.00,22,26,0.00,1,652.0,910.5,73.0,0.00,0.00,1009.4,NaN
2020-07-12T14:00,23.2,6.28,14,25,0.00,1,616.0,897.8,72.0,0.00,0.00,1008.5,NaN
2020-07-12T15:00,23.6,5.21,3,26,0.00,1,515.0,857.2,67.0,0.00,0.00,1008.4,NaN
2020-07-12T16:00,22.8,2.58,324,34,0.00,1,364.0,776.4,60.0,0.00,0.00,1008.6,NaN
2020-07-12T17:00,19.9,2.82,276,59,0.00,1,180.0,617.9,43.0,0.00,0.00,1008.7,NaN
2020-07-12T18:00,16.7,2.42,322,70,0.00,0,24.0,166.0,10.0,0.00,0.00,1008.5,NaN
2020-07-12T19:00,16.3,2.40,2,62,0.00,0,0.0,0.0,0.0,0.00,0.00,1008.5,NaN
2020-07-12T20:00,15.0,2.50,16,37,0.00,0,0.0,0.0,0.0,0.00,0.00,1008.5,NaN
2020-07-12T21:00,14.0,2.50,16,41,0.00,0,0.0,0.0,0.0,0.00,0.00,1008.7,NaN
2020-07-12T22:00,14.0,2.79,15,44,0.00,0,0.0,0.0,0.0,0.00,0.00,1009.0,NaN
2020-07-12T23:00,14.2,3.16,11,42,0.00,0,0.0,0.0,0.0,0.00,0.00,1008.8,NaN
2020-07-13T00:00,14.3,3.42,7,41,0.00,0,0.0,0.0,0.0,0.00,0.00,1008.4,NaN
2020-07-13T01:00,14.5,3.51,5,48,0.00,0,0.0,0.0,0.0,0.00,0.00,1008.2,NaN
2020-07-13T02:00,14.5,3.34,9,62,0.00,0,0.0,0.0,0.0,0.00,0.00,1007.9,NaN
2020-07-13T03:00,14.5,3.04,9,74,0.00,0,0.0,0.0,0.0,0.00,0.00,1007.9,NaN
2020-07-13T04:00,14.4,3.10,15,83,0.00,0,0.0,0.0,0.0,0.00,0.00,1007.7,NaN
2020-07-13T05:00,14.1,3.20,20,88,0.00,0,0.0,0.0,0.0,0.00,0.00,1007.4,NaN
2020-07-13T06:00,13.8,3.32,21,88,0.00,0,0.0,0.0,0.0,0.00,0.00,1007.6,NaN
2020-07-13T07:00,13.6,3.55,22,88,0.00,0,0.0,0.0,0.0,0.00,0.00,1007.8,NaN
2020-07-13T08:00,14.7,4.18,17,86,0.00,1,30.0,182.8,13.0,0.00,0.00,1008.3,NaN
2020-07-13T09:00,17.3,4.57,10,79,0.00,1,177.0,529.7,51.0,0.00,0.00,1008.7,NaN
2020-07-13T10:00,19.5,4.51,356,76,0.00,1,300.0,518.3,90.0,0.00,0.00,1008.9,NaN
2020-07-13T11:00,21.1,5.11,329,71,0.00,1,442.0,651.2,95.0,0.00,0.00,1008.4,NaN
2020-07-13T12:00,21.7,5.80,314,66,0.00,1,515.0,663.2,109.0,0.00,0.00,1007.5,NaN
2020-07-13T13:00,21.9,6.20,308,64,0.00,1,523.0,613.0,132.0,0.00,0.00,1006.4,NaN
2020-07-13T14:00,21.7,6.60,302,67,0.00,1,537.0,732.0,92.0,0.00,0.00,1005.8,NaN
2020-07-13T15:00,21.4,6.69,305,68,0.10,1,442.0,678.6,86.0,0.10,0.00,1005.7,NaN
2020-07-13T16:00,20.9,6.30,306,70,0.00,1,304.0,584.5,74.0,0.00,0.00,1005.8,NaN
2020-07-13T17:00,20.0,5.36,307,74,0.00,1,146.0,429.5,50.0,0.00,0.00,1005.9,NaN
2020-07-13T18:00,18.9,5.10,312,79,0.00,0,19.0,117.3,9.0,0.00,0.00,1006.0,NaN
2020-07-13T19:00,18.5,4.88,317,82,0.00,0,0.0,0.0,0.0,0.00,0.00,1006.4,NaN
2020-07-13T20:00,18.5,5.49,327,80,0.00,0,0.0,0.0,0.0,0.00,0.00,1006.2,NaN
2020-07-13T21:00,18.1,5.72,341,82,0.00,0,0.0,0.0,0.0,0.00,0.00,1006.1,NaN
2020-07-13T22:00,17.7,6.26,335,85,0.10,0,0.0,0.0,0.0,0.10,0.00,1006.0,NaN
2020-07-13T23:00,17.2,6.52,328,90,0.30,0,0.0,0.0,0.0,0.30,0.00,1005.5,NaN
2020-07-14T00:00,17.5,8.00,318,89,0.20,0,0.0,0.0,0.0,0.20,0.00,1005.3,NaN
2020-07-14T01:00,17.4,7.63,304,90,0.70,0,0.0,0.0,0.0,0.70,0.00,1005.5,NaN
2020-07-14T02:00,17.3,7.29,295,89,0.70,0,0.0,0.0,0.0,0.70,0.00,1005.3,NaN
2020-07-14T03:00,17.8,6.99,289,85,0.30,0,0.0,0.0,0.0,0.30,0.00,1005.5,NaN
2020-07-14T04:00,18.2,8.25,276,75,0.40,0,0.0,0.0,0.0,0.40,0.00,1005.4,NaN
2020-07-14T05:00,17.2,7.55,263,81,0.10,0,0.0,0.0,0.0,0.10,0.00,1005.6,NaN
2020-07-14T06:00,16.8,7.40,251,83,0.20,0,0.0,0.0,0.0,0.20,0.00,1006.1,NaN
2020-07-14T07:00,16.2,6.60,238,84,0.10,0,0.0,0.0,0.0,0.10,0.00,1007.1,NaN
2020-07-14T08:00,15.9,6.52,238,88,0.20,1,20.0,106.8,10.0,0.20,0.00,1008.1,NaN
2020-07-14T09:00,16.0,5.89,230,86,0.60,1,60.0,20.9,55.0,0.60,0.00,1008.7,NaN
2020-07-14T10:00,16.6,5.73,226,80,0.30,1,113.0,14.8,107.0,0.30,0.00,1009.5,NaN
2020-07-14T11:00,16.8,5.32,221,74,0.20,1,118.0,18.7,108.0,0.20,0.00,1009.4,NaN
2020-07-14T12:00,17.6,6.08,224,61,0.00,1,245.0,86.3,192.0,0.00,0.00,1009.1,NaN
2020-07-14T13:00,17.5,4.98,218,59,0.00,1,210.0,84.4,156.0,0.00,0.00,1008.6,NaN
2020-07-14T14:00,17.9,4.69,220,56,0.00,1,338.0,145.9,249.0,0.00,0.00,1008.5,NaN
2020-07-14T15:00,17.7,3.97,221,56,0.00,1,271.0,138.6,198.0,0.00,0.00,1008.9,NaN
2020-07-14T16:00,17.6,3.54,227,56,0.00,1,244.0,336.3,111.0,0.00,0.00,1009.4,NaN
2020-07-14T17:00,16.9,2.33,227,60,0.00,1,148.0,403.7,57.0,0.00,0.00,1009.6,NaN
2020-07-14T18:00,15.9,1.42,219,66,0.00,0,14.0,34.8,11.0,0.00,0.00,1009.8,NaN
2020-07-14T19:00,15.4,1.84,221,72,0.00,0,0.0,0.0,0.0,0.00,0.00,1010.2,NaN
2020-07-14T20:00,15.5,1.50,127,76,0.00,0,0.0,0.0,0.0,0.00,0.00,1010.2,NaN
2020-07-14T21:00,14.7,1.17,70,77,0.00,0,0.0,0.0,0.0,0.00,0.00,1010.6,NaN
2020-07-14T22:00,13.9,1.20,48,78,0.00,0,0.0,0.0,0.0,0.00,0.00,1010.8,NaN
2020-07-14T23:00,14.3,1.94,55,72,0.00,0,0.0,0.0,0.0,0.00,0.00,1010.8,NaN
2020-07-15T00:00,14.0,1.94,55,72,0.00,0,0.0,0.0,0.0,0.00,0.00,1010.7,NaN
2020-07-15T01:00,14.3,1.84,68,70,0.00,0,0.0,0.0,0.0,0.00,0.00,1010.1,NaN
2020-07-15T02:00,13.8,1.75,59,74,0.00,0,0.0,0.0,0.0,0.00,0.00,1009.7,NaN
2020-07-15T03:00,13.3,1.86,54,76,0.00,0,0.0,0.0,0.0,0.00,0.00,1009.8,NaN
2020-07-15T04:00,12.8,2.41,48,78,0.00,0,0.0,0.0,0.0,0.00,0.00,1009.4,NaN
2020-07-15T05:00,12.6,2.76,46,78,0.00,0,0.0,0.0,0.0,0.00,0.00,1009.1,NaN
2020-07-15T06:00,12.5,2.97,42,77,0.00,0,0.0,0.0,0.0,0.00,0.00,1009.2,NaN
2020-07-15T07:00,12.5,3.48,39,77,0.00,0,0.0,0.0,0.0,0.00,0.00,1009.5,NaN
2020-07-15T08:00,12.8,4.39,43,76,0.00,1,27.0,137.9,14.0,0.00,0.00,1009.6,NaN
2020-07-15T09:00,15.4,4.24,34,68,0.00,1,180.0,511.5,57.0,0.00,0.00,1010.2,NaN
2020-07-15T10:00,17.6,3.92,19,61,0.00,1,310.0,526.6,95.0,0.00,0.00,1010.6,NaN
2020-07-15T11:00,18.5,3.81,355,58,0.00,1,303.0,203.2,194.0,0.00,0.00,1010.4,NaN
2020-07-15T12:00,19.1,3.88,325,55,0.00,1,378.0,206.1,251.0,0.00,0.00,1009.7,NaN
2020-07-15T13:00,19.8,4.77,303,52,0.00,1,502.0,531.2,161.0,0.00,0.00,1008.9,NaN
2020-07-15T14:00,19.4,4.57,293,55,0.00,1,350.0,147.0,260.0,0.00,0.00,1008.0,NaN
2020-07-15T15:00,19.3,4.24,289,57,0.00,1,436.0,546.5,147.0,0.00,0.00,1007.8,NaN
2020-07-15T16:00,19.1,3.49,297,56,0.00,1,329.0,608.7,87.0,0.00,0.00,1007.7,NaN
2020-07-15T17:00,18.1,2.73,294,64,0.00,1,172.0,536.6,50.0,0.00,0.00,1007.7,NaN
2020-07-15T18:00,16.2,2.25,302,73,0.00,0,23.0,137.7,11.0,0.00,0.00,1007.7,NaN
2020-07-15T19:00,14.5,2.36,324,81,0.00,0,0.0,0.0,0.0,0.00,0.00,1007.9,NaN
2020-07-15T20:00,14.7,2.12,352,82,0.00,0,0.0,0.0,0.0,0.00,0.00,1008.1,NaN
2020-07-15T21:00,13.9,2.10,3,83,0.00,0,0.0,0.0,0.0,0.00,0.00,1008.4,NaN
2020-07-15T22:00,13.3,2.42,7,84,0.00,0,0.0,0.0,0.0,0.00,0.00,1008.4,NaN
2020-07-15T23:00,13.6,2.72,354,82,0.00,0,0.0,0.0,0.0,0.00,0.00,1008.3,NaN
2020-07-16T00:00,13.6,2.32,353,82,0.00,0,0.0,0.0,0.0,0.00,0.00,1007.7,NaN
2020-07-16T01:00,13.9,2.89,14,81,0.00,0,0.0,0.0,0.0,0.00,0.00,1007.0,NaN
2020-07-16T02:00,13.9,3.40,14,83,0.00,0,0.0,0.0,0.0,0.00,0.00,1006.5,NaN
2020-07-16T03:00,14.2,3.11,4,84,0.00,0,0.0,0.0,0.0,0.00,0.00,1006.3,NaN
2020-07-16T04:00,14.4,3.13,7,84,0.00,0,0.0,0.0,0.0,0.00,0.00,1006.1,NaN
2020-07-16T05:00,14.6,3.20,14,83,0.00,0,0.0,0.0,0.0,0.00,0.00,1005.8,NaN
2020-07-16T06:00,14.4,2.96,12,84,0.00,0,0.0,0.0,0.0,0.00,0.00,1006.1,NaN
2020-07-16T07:00,14.7,3.40,14,82,0.00,0,0.0,0.0,0.0,0.00,0.00,1006.5,NaN
2020-07-16T08:00,15.9,3.28,12,80,0.20,1,21.0,94.8,12.0,0.20,0.00,1005.9,NaN
2020-07-16T09:00,17.2,3.61,14,78,0.00,1,64.0,49.6,52.0,0.00,0.00,1006.0,NaN
2020-07-16T10:00,18.2,4.04,9,76,0.20,1,116.0,43.9,98.0,0.20,0.00,1006.0,NaN
2020-07-16T11:00,19.0,3.81,355,75,0.30,1,122.0,11.1,116.0,0.30,0.00,1005.5,NaN
2020-07-16T12:00,19.1,4.53,301,85,1.50,1,338.0,370.5,109.0,1.50,0.00,1004.9,NaN
2020-07-16T13:00,17.8,4.72,275,94,3.20,1,129.0,54.3,94.0,3.20,0.00,1004.1,NaN
2020-07-16T14:00,18.4,4.16,294,87,0.60,1,201.0,63.5,162.0,0.60,0.00,1003.6,NaN
2020-07-16T15:00,18.0,3.11,315,91,0.60,1,124.0,0.0,124.0,0.60,0.00,1003.1,NaN
2020-07-16T16:00,18.2,2.97,340,88,0.30,1,107.0,77.6,76.0,0.30,0.00,1002.9,NaN
2020-07-16T17:00,17.8,4.16,336,89,0.10,1,45.0,52.3,33.0,0.10,0.00,1003.7,NaN
2020-07-16T18:00,17.3,3.35,350,91,1.10,0,4.0,0.0,4.0,1.10,0.00,1003.4,NaN
2020-07-16T19:00,17.0,3.69,327,92,1.00,0,0.0,0.0,0.0,1.00,0.00,1004.3,NaN
2020-07-16T20:00,17.2,3.61,326,92,1.70,0,0.0,0.0,0.0,1.70,0.00,1003.6,NaN
2020-07-16T21:00,17.2,3.20,321,94,1.80,0,0.0,0.0,0.0,1.80,0.00,1003.2,NaN
2020-07-16T22:00,17.2,4.22,301,94,6.90,0,0.0,0.0,0.0,6.90,0.00,1002.8,NaN
2020-07-16T23:00,17.2,4.61,274,92,4.30,0,0.0,0.0,0.0,4.30,0.00,1002.8,NaN
2020-07-17T00:00,16.7,4.10,267,91,3.30,0,0.0,0.0,0.0,3.30,0.00,1003.1,NaN
2020-07-17T01:00,16.4,7.23,221,90,7.90,0,0.0,0.0,0.0,7.90,0.00,1003.0,NaN
2020-07-17T02:00,15.9,6.30,223,90,3.50,0,0.0,0.0,0.0,3.50,0.00,1003.5,NaN
2020-07-17T03:00,15.5,6.65,225,88,2.40,0,0.0,0.0,0.0,2.40,0.00,1003.8,NaN
2020-07-17T04:00,15.1,5.53,221,83,1.40,0,0.0,0.0,0.0,1.40,0.00,1004.1,NaN
2020-07-17T05:00,15.0,5.52,235,79,1.00,0,0.0,0.0,0.0,1.00,0.00,1004.6,NaN
2020-07-17T06:00,14.6,6.72,233,78,0.60,0,0.0,0.0,0.0,0.60,0.00,1005.3,NaN
2020-07-17T07:00,14.9,6.72,233,78,0.20,0,0.0,0.0,0.0,0.20,0.00,1006.1,NaN
2020-07-17T08:00,14.7,6.37,226,72,0.30,1,11.0,52.3,6.0,0.30,0.00,1006.9,NaN
2020-07-17T09:00,15.5,7.30,229,61,0.10,1,91.0,221.8,37.0,0.10,0.00,1007.6,NaN
2020-07-17T10:00,16.0,7.86,222,57,0.00,1,234.0,361.9,85.0,0.00,0.00,1008.4,NaN
2020-07-17T11:00,16.1,8.20,218,56,0.00,1,436.0,646.0,87.0,0.00,0.00,1008.6,NaN
2020-07-17T12:00,16.4,8.07,214,54,0.00,1,541.0,719.0,95.0,0.00,0.00,1008.5,NaN
2020-07-17T13:00,16.7,7.98,210,52,0.00,1,591.0,750.4,106.0,0.00,0.00,1008.1,NaN
2020-07-17T14:00,16.6,8.01,204,51,0.00,1,538.0,669.7,125.0,0.00,0.00,1007.8,NaN
2020-07-17T15:00,16.3,7.66,200,52,0.00,1,368.0,341.3,186.0,0.00,0.00,1008.0,NaN
2020-07-17T16:00,16.0,7.23,194,54,0.00,1,252.0,360.8,107.0,0.00,0.00,1008.7,NaN
2020-07-17T17:00,15.4,6.68,189,57,0.00,1,121.0,263.6,60.0,0.00,0.00,1009.2,NaN
2020-07-17T18:00,14.9,6.00,180,60,0.00,0,19.0,89.7,11.0,0.00,0.00,1009.7,NaN
2020-07-17T19:00,14.5,5.22,175,62,0.00,0,0.0,0.0,0.0,0.00,0.00,1010.6,NaN
2020-07-17T20:00,14.1,3.45,150,63,0.00,0,0.0,0.0,0.0,0.00,0.00,1010.8,NaN
2020-07-17T21:00,14.4,3.91,148,62,0.00,0,0.0,0.0,0.0,0.00,0.00,1011.3,NaN
2020-07-17T22:00,14.2,3.42,142,61,0.00,0,0.0,0.0,0.0,0.00,0.00,1011.7,NaN
2020-07-17T23:00,13.7,3.04,107,64,0.00,0,0.0,0.0,0.0,0.00,0.00,1012.2,NaN
2020-07-18T00:00,13.0,3.10,92,65,0.00,0,0.0,0.0,0.0,0.00,0.00,1012.2,NaN
2020-07-18T01:00,11.6,2.92,96,68,0.00,0,0.0,0.0,0.0,0.00,0.00,1012.0,NaN
2020-07-18T02:00,10.9,2.83,98,69,0.00,0,0.0,0.0,0.0,0.00,0.00,1012.2,NaN
2020-07-18T03:00,11.0,2.96,102,66,0.00,0,0.0,0.0,0.0,0.00,0.00,1012.2,NaN
2020-07-18T04:00,10.8,3.00,92,66,0.00,0,0.0,0.0,0.0,0.00,0.00,1012.3,NaN
2020-07-18T05:00,10.5,3.72,84,65,0.00,0,0.0,0.0,0.0,0.00,0.00,1012.4,NaN
2020-07-18T06:00,10.3,4.34,75,65,0.00,0,0.0,0.0,0.0,0.00,0.00,1012.4,NaN
2020-07-18T07:00,10.0,3.98,78,65,0.00,0,0.0,0.0,0.0,0.00,0.00,1012.9,NaN
2020-07-18T08:00,10.5,4.22,76,67,0.00,1,34.0,207.3,14.0,0.00,0.00,1013.6,NaN
2020-07-18T09:00,12.6,4.62,72,64,0.00,1,186.0,546.8,52.0,0.00,0.00,1014.0,NaN
2020-07-18T10:00,14.8,4.21,72,59,0.00,1,366.0,715.7,70.0,0.00,0.00,1014.9,NaN
2020-07-18T11:00,16.1,3.30,88,55,0.00,1,509.0,780.0,86.0,0.00,0.00,1014.8,NaN
2020-07-18T12:00,16.8,2.94,125,56,0.00,1,605.0,844.9,79.0,0.00,0.00,1014.5,NaN
2020-07-18T13:00,17.3,4.27,159,55,0.00,1,624.0,827.8,87.0,0.00,0.00,1013.5,NaN
2020-07-18T14:00,17.3,4.63,166,56,0.00,1,482.0,533.1,152.0,0.00,0.00,1013.0,NaN
2020-07-18T15:00,17.0,4.70,182,59,0.00,1,392.0,397.6,179.0,0.00,0.00,1013.0,NaN
2020-07-18T16:00,16.3,4.80,180,64,0.00,1,317.0,551.8,94.0,0.00,0.00,1013.1,NaN
2020-07-18T17:00,15.4,4.32,175,69,0.00,1,166.0,445.4,62.0,0.00,0.00,1013.2,NaN
2020-07-18T18:00,14.2,3.61,161,74,0.00,0,25.0,155.2,11.0,0.00,0.00,1013.4,NaN
2020-07-18T19:00,13.4,3.58,153,79,0.00,0,0.0,0.0,0.0,0.00,0.00,1014.0,NaN
2020-07-18T20:00,12.8,3.78,143,82,0.00,0,0.0,0.0,0.0,0.00,0.00,1014.1,NaN
2020-07-18T21:00,12.0,2.92,128,87,0.00,0,0.0,0.0,0.0,0.00,0.00,1014.3,NaN
2020-07-18T22:00,11.6,2.68,117,88,0.00,0,0.0,0.0,0.0,0.00,0.00,1014.7,NaN
2020-07-18T23:00,11.2,2.62,108,87,0.00,0,0.0,0.0,0.0,0.00,0.00,1014.8,NaN
2020-07-19T00:00,11.1,2.82,113,86,0.00,0,0.0,0.0,0.0,0.00,0.00,1014.8,NaN
2020-07-19T01:00,11.0,2.94,100,85,0.00,0,0.0,0.0,0.0,0.00,0.00,1014.8,NaN
2020-07-19T02:00,10.6,3.01,86,86,0.00,0,0.0,0.0,0.0,0.00,0.00,1015.0,NaN
2020-07-19T03:00,10.4,3.11,86,87,0.00,0,0.0,0.0,0.0,0.00,0.00,1014.8,NaN
2020-07-19T04:00,10.4,3.41,87,86,0.00,0,0.0,0.0,0.0,0.00,0.00,1014.7,NaN
2020-07-19T05:00,10.2,3.82,84,87,0.00,0,0.0,0.0,0.0,0.00,0.00,1014.7,NaN
2020-07-19T06:00,10.0,3.83,83,87,0.00,0,0.0,0.0,0.0,0.00,0.00,1014.9,NaN
2020-07-19T07:00,9.8,3.54,82,88,0.00,0,0.0,0.0,0.0,0.00,0.00,1015.4,NaN
2020-07-19T08:00,10.4,4.23,83,85,0.00,1,35.0,215.8,14.0,0.00,0.00,1016.1,NaN
2020-07-19T09:00,12.7,4.39,78,78,0.00,1,199.0,603.8,50.0,0.00,0.00,1016.6,NaN
2020-07-19T10:00,15.0,4.54,82,73,0.00,1,381.0,760.4,65.0,0.00,0.00,1016.6,NaN
2020-07-19T11:00,16.5,5.20,89,64,0.00,1,514.0,811.7,72.0,0.00,0.00,1016.6,NaN
2020-07-19T12:00,17.3,5.22,94,55,0.00,1,615.0,859.4,78.0,0.00,0.00,1015.9,NaN
2020-07-19T13:00,17.7,4.71,102,53,0.00,1,647.0,875.4,77.0,0.00,0.00,1015.0,NaN
2020-07-19T14:00,18.0,4.61,117,52,0.00,1,612.0,864.0,75.0,0.00,0.00,1014.4,NaN
2020-07-19T15:00,18.0,4.21,118,51,0.00,1,481.0,693.2,108.0,0.00,0.00,1014.2,NaN
2020-07-19T16:00,17.7,3.97,124,52,0.00,1,369.0,750.4,64.0,0.00,0.00,1014.3,NaN
2020-07-19T17:00,16.5,3.00,127,60,0.00,1,187.0,581.4,50.0,0.00,0.00,1014.6,NaN
2020-07-19T18:00,14.5,2.83,132,66,0.00,0,28.0,175.3,12.0,0.00,0.00,1015.2,NaN
2020-07-19T19:00,13.8,3.04,134,68,0.00,0,0.0,0.0,0.0,0.00,0.00,1015.9,NaN
2020-07-19T20:00,13.5,3.82,137,71,0.00,0,0.0,0.0,0.0,0.00,0.00,1015.8,NaN
2020-07-19T21:00,12.2,3.64,122,74,0.00,0,0.0,0.0,0.0,0.00,0.00,1016.2,NaN
2020-07-19T22:00,11.4,3.79,108,75,0.00,0,0.0,0.0,0.0,0.00,0.00,1016.4,NaN
2020-07-19T23:00,10.9,3.77,101,76,0.00,0,0.0,0.0,0.0,0.00,0.00,1016.5,NaN
2020-07-20T00:00,10.4,3.77,101,78,0.00,0,0.0,0.0,0.0,0.00,0.00,1016.2,NaN
2020-07-20T01:00,10.1,3.83,105,79,0.00,0,0.0,0.0,0.0,0.00,0.00,1015.7,NaN
2020-07-20T02:00,9.7,3.96,106,82,0.00,0,0.0,0.0,0.0,0.00,0.00,1015.1,NaN
2020-07-20T03:00,9.4,3.83,105,84,0.00,0,0.0,0.0,0.0,0.00,0.00,1014.6,NaN
2020-07-20T04:00,9.2,4.03,104,84,0.00,0,0.0,0.0,0.0,0.00,0.00,1014.3,NaN
2020-07-20T05:00,9.0,4.03,97,83,0.00,0,0.0,0.0,0.0,0.00,0.00,1014.2,NaN
2020-07-20T06:00,8.8,4.10,90,81,0.00,0,0.0,0.0,0.0,0.00,0.00,1014.4,NaN
2020-07-20T07:00,8.8,4.52,85,80,0.00,0,0.0,0.0,0.0,0.00,0.00,1014.6,NaN
2020-07-20T08:00,10.1,5.85,77,75,0.00,1,37.0,234.2,14.0,0.00,0.00,1015.0,NaN
2020-07-20T09:00,12.4,6.55,74,68,0.00,1,209.0,643.7,49.0,0.00,0.00,1015.2,NaN
2020-07-20T10:00,14.6,6.80,70,60,0.00,1,393.0,790.2,63.0,0.00,0.00,1015.3,NaN
2020-07-20T11:00,16.4,6.58,66,54,0.00,1,541.0,859.6,71.0,0.00,0.00,1014.8,NaN
2020-07-20T12:00,17.9,6.17,65,50,0.00,1,634.0,892.8,74.0,0.00,0.00,1014.0,NaN
2020-07-20T13:00,18.9,5.82,61,45,0.00,1,665.0,901.1,76.0,0.00,0.00,1012.9,NaN
2020-07-20T14:00,19.5,5.33,60,42,0.00,1,630.0,889.4,75.0,0.00,0.00,1012.4,NaN
2020-07-20T15:00,19.5,4.96,62,41,0.00,1,532.0,852.9,71.0,0.00,0.00,1011.9,NaN
2020-07-20T16:00,19.1,3.90,67,45,0.00,1,382.0,780.3,63.0,0.00,0.00,1011.8,NaN
2020-07-20T17:00,17.2,2.24,80,54,0.00,1,197.0,630.8,47.0,0.00,0.00,1012.0,NaN
2020-07-20T18:00,14.0,2.30,92,61,0.00,0,31.0,194.9,13.0,0.00,0.00,1012.1,NaN
2020-07-20T19:00,13.0,2.61,86,63,0.00,0,0.0,0.0,0.0,0.00,0.00,1012.4,NaN
2020-07-20T20:00,12.3,3.10,88,64,0.00,0,0.0,0.0,0.0,0.00,0.00,1012.5,NaN
2020-07-20T21:00,11.9,3.31,87,65,0.00,0,0.0,0.0,0.0,0.00,0.00,1012.7,NaN
2020-07-20T22:00,11.9,3.71,85,64,0.00,0,0.0,0.0,0.0,0.00,0.00,1012.8,NaN
2020-07-20T23:00,11.9,3.93,83,62,0.00,0,0.0,0.0,0.0,0.00,0.00,1012.6,NaN
2020-07-21T00:00,11.9,4.39,78,61,0.00,0,0.0,0.0,0.0,0.00,0.00,1012.1,NaN
2020-07-21T01:00,12.0,4.71,73,60,0.00,0,0.0,0.0,0.0,0.00,0.00,1011.7,NaN
2020-07-21T02:00,12.1,5.07,68,58,0.00,0,0.0,0.0,0.0,0.00,0.00,1011.3,NaN
2020-07-21T03:00,12.1,5.14,63,57,0.00,0,0.0,0.0,0.0,0.00,0.00,1011.1,NaN
2020-07-21T04:00,12.0,5.64,60,57,0.00,0,0.0,0.0,0.0,0.00,0.00,1011.2,NaN
2020-07-21T05:00,12.0,6.38,58,58,0.00,0,0.0,0.0,0.0,0.00,0.00,1011.3,NaN
2020-07-21T06:00,12.0,6.99,56,59,0.00,0,0.0,0.0,0.0,0.00,0.00,1011.5,NaN
2020-07-21T07:00,12.0,7.38,54,59,0.00,0,0.0,0.0,0.0,0.00,0.00,1011.8,NaN
2020-07-21T08:00,12.8,7.38,49,61,0.00,1,38.0,232.1,15.0,0.00,0.00,1012.2,NaN
2020-07-21T09:00,14.6,7.16,49,60,0.00,1,208.0,634.8,49.0,0.00,0.00,1012.7,NaN
2020-07-21T10:00,16.9,7.50,44,56,0.00,1,389.0,776.7,63.0,0.00,0.00,1012.5,NaN
2020-07-21T11:00,19.0,6.88,41,53,0.00,1,535.0,845.0,71.0,0.00,0.00,1012.1,NaN
2020-07-21T12:00,20.7,6.08,36,51,0.00,1,627.0,876.6,75.0,0.00,0.00,1011.2,NaN
2020-07-21T13:00,21.8,5.25,31,49,0.00,1,657.0,883.9,77.0,0.00,0.00,1010.6,NaN
2020-07-21T14:00,22.5,4.47,27,48,0.00,1,621.0,871.3,75.0,0.00,0.00,1009.6,NaN
2020-07-21T15:00,22.8,3.90,23,47,0.00,1,524.0,834.2,71.0,0.00,0.00,1009.2,NaN
2020-07-21T16:00,22.5,2.50,16,52,0.00,1,375.0,758.8,63.0,0.00,0.00,1009.2,NaN
2020-07-21T17:00,20.1,1.92,39,70,0.00,1,193.0,608.3,47.0,0.00,0.00,1009.3,NaN
2020-07-21T18:00,16.8,2.20,51,70,0.00,0,30.0,181.9,13.0,0.00,0.00,1009.8,NaN
2020-07-21T19:00,17.6,1.28,39,65,0.00,0,0.0,0.0,0.0,0.00,0.00,1010.3,NaN
2020-07-21T20:00,18.4,2.36,216,71,0.00,0,0.0,0.0,0.0,0.00,0.00,1010.8,NaN
2020-07-21T21:00,17.1,2.34,160,77,0.00,0,0.0,0.0,0.0,0.00,0.00,1010.7,NaN
2020-07-21T22:00,16.2,2.55,154,81,0.00,0,0.0,0.0,0.0,0.00,0.00,1010.9,NaN
2020-07-21T23:00,16.0,2.19,133,82,0.00,0,0.0,0.0,0.0,0.00,0.00,1010.9,NaN
2020-07-22T00:00,14.0,1.75,77,86,0.00,0,0.0,0.0,0.0,0.00,0.00,1010.6,NaN
2020-07-22T01:00,12.9,1.36,54,88,0.00,0,0.0,0.0,0.0,0.00,0.00,1010.2,NaN
2020-07-22T02:00,11.5,1.03,61,90,0.00,0,0.0,0.0,0.0,0.00,0.00,1009.6,NaN
2020-07-22T03:00,10.8,1.84,68,89,0.00,0,0.0,0.0,0.0,0.00,0.00,1009.2,NaN
2020-07-22T04:00,11.5,2.95,66,81,0.00,0,0.0,0.0,0.0,0.00,0.00,1009.0,NaN
2020-07-22T05:00,11.8,3.58,67,79,0.00,0,0.0,0.0,0.0,0.00,0.00,1008.9,NaN
2020-07-22T06:00,12.4,4.09,68,75,0.00,0,0.0,0.0,0.0,0.00,0.00,1009.0,NaN
2020-07-22T07:00,12.7,4.79,67,72,0.00,0,0.0,0.0,0.0,0.00,0.00,1009.4,NaN
2020-07-22T08:00,13.2,4.92,61,72,0.00,1,38.0,229.8,15.0,0.00,0.00,1009.5,NaN
2020-07-22T09:00,15.7,5.16,54,65,0.00,1,208.0,633.9,48.0,0.00,0.00,1009.9,NaN
2020-07-22T10:00,18.6,3.48,39,58,0.00,1,390.0,775.0,63.0,0.00,0.00,1010.4,NaN
2020-07-22T11:00,20.7,2.01,354,53,0.00,1,536.0,845.0,70.0,0.00,0.00,1010.3,NaN
2020-07-22T12:00,21.5,2.15,292,54,0.00,1,628.0,876.2,74.0,0.00,0.00,1010.0,NaN
2020-07-22T13:00,21.3,2.51,265,60,0.00,1,657.0,883.4,75.0,0.00,0.00,1009.4,NaN
2020-07-22T14:00,20.7,2.94,252,65,0.00,1,622.0,870.9,74.0,0.00,0.00,1008.9,NaN
2020-07-22T15:00,20.0,2.94,252,65,0.00,1,527.0,837.6,70.0,0.00,0.00,1008.8,NaN
2020-07-22T16:00,19.7,2.55,244,70,0.00,1,380.0,768.8,62.0,0.00,0.00,1009.0,NaN
2020-07-22T17:00,18.7,1.06,229,83,0.00,1,197.0,619.2,47.0,0.00,0.00,1009.2,NaN
2020-07-22T18:00,17.9,1.94,215,82,0.00,0,32.0,200.9,13.0,0.00,0.00,1009.6,NaN
2020-07-22T19:00,18.5,1.43,192,80,0.00,0,0.0,0.0,0.0,0.00,0.00,1010.3,NaN
2020-07-22T20:00,18.9,1.77,227,81,0.00,0,0.0,0.0,0.0,0.00,0.00,1010.6,NaN
2020-07-22T21:00,16.1,2.78,232,88,0.00,0,0.0,0.0,0.0,0.00,0.00,1010.8,NaN
2020-07-22T22:00,16.9,2.56,231,86,0.00,0,0.0,0.0,0.0,0.00,0.00,1011.2,NaN
2020-07-22T23:00,16.9,2.62,230,85,0.00,0,0.0,0.0,0.0,0.00,0.00,1011.3,NaN
2020-07-23T00:00,15.9,2.34,230,80,0.00,0,0.0,0.0,0.0,0.00,0.00,1011.3,NaN
2020-07-23T01:00,15.8,2.55,228,81,0.00,0,0.0,0.0,0.0,0.00,0.00,1011.0,NaN
2020-07-23T02:00,16.4,2.97,222,84,0.00,0,0.0,0.0,0.0,0.00,0.00,1011.1,NaN
2020-07-23T03:00,16.6,4.00,212,89,0.00,0,0.0,0.0,0.0,0.00,0.00,1010.9,NaN
2020-07-23T04:00,16.9,2.96,192,88,0.10,0,0.0,0.0,0.0,0.10,0.00,1011.1,NaN
2020-07-23T05:00,16.3,3.31,183,89,0.00,0,0.0,0.0,0.0,0.00,0.00,1011.1,NaN
2020-07-23T06:00,16.0,2.19,156,88,0.10,0,0.0,0.0,0.0,0.10,0.00,1011.3,NaN
2020-07-23T07:00,15.7,2.08,145,90,0.10,0,0.0,0.0,0.0,0.10,0.00,1011.9,NaN
2020-07-23T08:00,16.1,2.50,143,89,0.00,1,31.0,158.3,15.0,0.00,0.00,1012.6,NaN
2020-07-23T09:00,17.5,2.88,146,87,0.10,1,148.0,361.6,56.0,0.10,0.00,1013.3,NaN
2020-07-23T10:00,18.6,4.08,163,78,0.20,1,331.0,577.6,86.0,0.20,0.00,1014.0,NaN
2020-07-23T11:00,19.1,6.20,180,74,0.10,1,420.0,574.0,102.0,0.10,0.00,1014.1,NaN
2020-07-23T12:00,19.1,6.40,179,66,0.00,1,488.0,470.9,189.0,0.00,0.00,1013.8,NaN
2020-07-23T13:00,19.0,6.22,175,64,0.00,1,573.0,642.5,148.0,0.00,0.00,1013.5,NaN
2020-07-23T14:00,18.7,6.24,174,62,0.00,1,609.0,821.3,90.0,0.00,0.00,1013.3,NaN
2020-07-23T15:00,18.3,6.20,170,60,0.00,1,526.0,815.3,79.0,0.00,0.00,1013.3,NaN
2020-07-23T16:00,17.6,6.24,164,61,0.00,1,384.0,761.9,67.0,0.00,0.00,1013.6,NaN
2020-07-23T17:00,16.5,5.26,159,64,0.00,1,200.0,609.4,51.0,0.00,0.00,1013.9,NaN
2020-07-23T18:00,15.0,4.48,151,68,0.00,0,34.0,209.0,14.0,0.00,0.00,1014.0,NaN
2020-07-23T19:00,14.1,3.80,145,72,0.00,0,0.0,0.0,0.0,0.00,0.00,1014.5,NaN
2020-07-23T20:00,13.2,2.83,138,77,0.00,0,0.0,0.0,0.0,0.00,0.00,1015.1,NaN
2020-07-23T21:00,12.4,2.78,128,80,0.00,0,0.0,0.0,0.0,0.00,0.00,1014.9,NaN
2020-07-23T22:00,12.0,3.24,124,79,0.00,0,0.0,0.0,0.0,0.00,0.00,1015.2,NaN
2020-07-23T23:00,11.7,3.54,119,76,0.00,0,0.0,0.0,0.0,0.00,0.00,1015.3,NaN
2020-07-24T00:00,11.3,3.83,110,75,0.00,0,0.0,0.0,0.0,0.00,0.00,1015.1,NaN
2020-07-24T01:00,11.0,3.88,102,75,0.00,0,0.0,0.0,0.0,0.00,0.00,1014.9,NaN
2020-07-24T02:00,10.6,4.02,96,75,0.00,0,0.0,0.0,0.0,0.00,0.00,1014.8,NaN
2020-07-24T03:00,10.2,4.11,94,76,0.00,0,0.0,0.0,0.0,0.00,0.00,1014.7,NaN
2020-07-24T04:00,9.8,4.10,93,76,0.00,0,0.0,0.0,0.0,0.00,0.00,1014.6,NaN
2020-07-24T05:00,9.6,4.40,91,77,0.00,0,0.0,0.0,0.0,0.00,0.00,1014.7,NaN
2020-07-24T06:00,9.3,4.60,88,80,0.00,0,0.0,0.0,0.0,0.00,0.00,1015.0,NaN
2020-07-24T07:00,9.2,4.93,84,81,0.00,0,0.0,0.0,0.0,0.00,0.00,1015.4,NaN
2020-07-24T08:00,10.2,5.22,85,79,0.00,1,42.0,254.6,16.0,0.00,0.00,1016.4,NaN
2020-07-24T09:00,12.6,5.53,84,72,0.00,1,218.0,654.8,50.0,0.00,0.00,1016.7,NaN
2020-07-24T10:00,15.1,5.69,80,63,0.00,1,405.0,799.4,64.0,0.00,0.00,1016.7,NaN
2020-07-24T11:00,17.0,5.85,73,56,0.00,1,556.0,869.7,72.0,0.00,0.00,1016.4,NaN
2020-07-24T12:00,18.5,5.39,68,49,0.00,1,651.0,901.8,76.0,0.00,0.00,1015.7,NaN
2020-07-24T13:00,19.5,4.97,65,45,0.00,1,681.0,909.3,77.0,0.00,0.00,1014.9,NaN
2020-07-24T14:00,20.2,4.47,63,43,0.00,1,645.0,896.5,76.0,0.00,0.00,1014.1,NaN
2020-07-24T15:00,20.5,4.16,63,42,0.00,1,547.0,862.2,72.0,0.00,0.00,1013.5,NaN
2020-07-24T16:00,20.3,3.04,63,45,0.00,1,395.0,793.2,63.0,0.00,0.00,1013.5,NaN
2020-07-24T17:00,18.2,1.75,77,62,0.00,1,208.0,644.3,49.0,0.00,0.00,1013.7,NaN
2020-07-24T18:00,13.9,2.83,98,67,0.00,0,36.0,227.2,14.0,0.00,0.00,1013.7,NaN
2020-07-24T19:00,13.1,2.11,85,66,0.00,0,0.0,0.0,0.0,0.00,0.00,1014.1,NaN
2020-07-24T20:00,12.5,3.13,73,67,0.00,0,0.0,0.0,0.0,0.00,0.00,1014.1,NaN
2020-07-24T21:00,12.4,3.96,69,62,0.00,0,0.0,0.0,0.0,0.00,0.00,1013.5,NaN
2020-07-24T22:00,12.7,4.11,64,57,0.00,0,0.0,0.0,0.0,0.00,0.00,1013.1,NaN
2020-07-24T23:00,12.9,3.91,58,53,0.00,0,0.0,0.0,0.0,0.00,0.00,1012.9,NaN
2020-07-25T00:00,12.8,3.98,51,52,0.00,0,0.0,0.0,0.0,0.00,0.00,1012.7,NaN
2020-07-25T01:00,12.7,4.33,50,50,0.00,0,0.0,0.0,0.0,0.00,0.00,1012.4,NaN
2020-07-25T02:00,12.7,4.68,42,48,0.00,0,0.0,0.0,0.0,0.00,0.00,1012.4,NaN
2020-07-25T03:00,12.4,4.82,42,45,0.00,0,0.0,0.0,0.0,0.00,0.00,1012.7,NaN
2020-07-25T04:00,12.5,5.81,42,43,0.00,0,0.0,0.0,0.0,0.00,0.00,1012.4,NaN
2020-07-25T05:00,12.5,5.95,41,41,0.00,0,0.0,0.0,0.0,0.00,0.00,1012.5,NaN
2020-07-25T06:00,12.4,6.17,40,40,0.00,0,0.0,0.0,0.0,0.00,0.00,1013.0,NaN
2020-07-25T07:00,12.4,6.53,40,39,0.00,0,0.0,0.0,0.0,0.00,0.00,1013.7,NaN
2020-07-25T08:00,12.6,6.90,39,43,0.00,1,43.0,261.6,16.0,0.00,0.00,1014.3,NaN
2020-07-25T09:00,14.9,6.99,34,43,0.00,1,220.0,660.8,49.0,0.00,0.00,1014.3,NaN
2020-07-25T10:00,17.5,6.71,28,41,0.00,1,405.0,794.9,64.0,0.00,0.00,1014.3,NaN
2020-07-25T11:00,19.9,6.22,24,38,0.00,1,551.0,860.2,70.0,0.00,0.00,1014.2,NaN
2020-07-25T12:00,21.6,5.53,13,36,0.00,1,643.0,887.0,75.0,0.00,0.00,1013.7,NaN
2020-07-25T13:00,22.8,5.33,6,35,0.00,1,672.0,893.5,76.0,0.00,0.00,1012.8,NaN
2020-07-25T14:00,23.4,4.55,351,36,0.00,1,637.0,881.6,75.0,0.00,0.00,1012.8,NaN
2020-07-25T15:00,23.4,3.54,315,38,0.00,1,536.0,829.2,77.0,0.00,0.00,1013.0,NaN
2020-07-25T16:00,22.0,3.13,277,56,0.00,1,382.0,738.5,71.0,0.00,0.00,1013.3,NaN
2020-07-25T17:00,19.8,3.00,270,67,0.00,1,186.0,457.7,72.0,0.00,0.00,1014.1,NaN
2020-07-25T18:00,17.6,2.50,272,77,0.00,0,33.0,163.3,17.0,0.00,0.00,1014.4,NaN
2020-07-25T19:00,15.6,2.95,298,85,0.00,0,0.0,0.0,0.0,0.00,0.00,1014.9,NaN
2020-07-25T20:00,17.9,1.65,346,76,0.00,0,0.0,0.0,0.0,0.00,0.00,1015.6,NaN
2020-07-25T21:00,15.2,1.21,24,81,0.00,0,0.0,0.0,0.0,0.00,0.00,1015.6,NaN
2020-07-25T22:00,13.6,1.20,48,82,0.00,0,0.0,0.0,0.0,0.00,0.00,1015.7,NaN
2020-07-25T23:00,13.1,1.48,62,84,0.00,0,0.0,0.0,0.0,0.00,0.00,1015.8,NaN
2020-07-26T00:00,14.0,1.30,67,84,0.00,0,0.0,0.0,0.0,0.00,0.00,1015.5,NaN
2020-07-26T01:00,13.2,1.39,69,88,0.00,0,0.0,0.0,0.0,0.00,0.00,1015.5,NaN
2020-07-26T02:00,12.6,1.75,77,90,0.00,0,0.0,0.0,0.0,0.00,0.00,1015.4,NaN
2020-07-26T03:00,12.9,2.38,75,90,0.00,0,0.0,0.0,0.0,0.00,0.00,1015.0,NaN
2020-07-26T04:00,13.1,2.67,77,90,0.00,0,0.0,0.0,0.0,0.00,0.00,1014.5,NaN
2020-07-26T05:00,12.9,3.08,77,90,0.00,0,0.0,0.0,0.0,0.00,0.00,1014.5,NaN
2020-07-26T06:00,12.7,3.45,73,90,0.00,0,0.0,0.0,0.0,0.00,0.00,1014.6,NaN
2020-07-26T07:00,12.6,3.48,72,90,0.00,0,0.0,0.0,0.0,0.00,0.00,1014.8,NaN
2020-07-26T08:00,13.7,4.21,72,89,0.00,1,41.0,239.7,16.0,0.00,0.00,1015.4,NaN
2020-07-26T09:00,16.5,4.31,68,82,0.00,1,212.0,620.6,50.0,0.00,0.00,1015.6,NaN
2020-07-26T10:00,19.0,3.73,70,73,0.00,1,393.0,762.4,64.0,0.00,0.00,1015.6,NaN
2020-07-26T11:00,21.0,3.38,71,62,0.00,1,539.0,831.2,72.0,0.00,0.00,1015.3,NaN
2020-07-26T12:00,22.3,3.31,65,51,0.00,1,631.0,862.9,76.0,0.00,0.00,1014.6,NaN
2020-07-26T13:00,23.1,2.66,56,45,0.00,1,661.0,871.7,77.0,0.00,0.00,1013.9,NaN
2020-07-26T14:00,23.4,1.84,49,42,0.00,1,626.0,859.0,76.0,0.00,0.00,1013.3,NaN
2020-07-26T15:00,23.3,0.67,63,40,0.00,1,531.0,826.9,71.0,0.00,0.00,1012.9,NaN
2020-07-26T16:00,22.5,1.33,193,52,0.00,1,385.0,760.1,63.0,0.00,0.00,1013.0,NaN
2020-07-26T17:00,20.3,2.40,182,77,0.00,1,203.0,616.6,48.0,0.00,0.00,1012.9,NaN
2020-07-26T18:00,17.8,2.73,172,89,0.00,0,36.0,222.0,14.0,0.00,0.00,1013.0,NaN
2020-07-26T19:00,16.9,2.62,140,87,0.00,0,0.0,0.0,0.0,0.00,0.00,1013.4,NaN
2020-07-26T20:00,15.6,2.60,106,77,0.00,0,0.0,0.0,0.0,0.00,0.00,1013.5,NaN
2020-07-26T21:00,14.6,2.72,84,67,0.00,0,0.0,0.0,0.0,0.00,0.00,1013.2,NaN
2020-07-26T22:00,14.2,2.98,76,61,0.00,0,0.0,0.0,0.0,0.00,0.00,1012.9,NaN
2020-07-26T23:00,14.0,3.54,74,60,0.00,0,0.0,0.0,0.0,0.00,0.00,1012.6,NaN
2020-07-27T00:00,14.0,3.92,71,59,0.00,0,0.0,0.0,0.0,0.00,0.00,1012.0,NaN
2020-07-27T01:00,14.1,4.25,66,56,0.00,0,0.0,0.0,0.0,0.00,0.00,1011.5,NaN
2020-07-27T02:00,14.1,4.74,62,53,0.00,0,0.0,0.0,0.0,0.00,0.00,1010.9,NaN
2020-07-27T03:00,14.1,4.99,57,51,0.00,0,0.0,0.0,0.0,0.00,0.00,1010.3,NaN
2020-07-27T04:00,14.0,5.33,56,50,0.00,0,0.0,0.0,0.0,0.00,0.00,1009.9,NaN
2020-07-27T05:00,13.7,5.26,51,49,0.00,0,0.0,0.0,0.0,0.00,0.00,1009.6,NaN
2020-07-27T06:00,13.6,5.37,45,45,0.00,0,0.0,0.0,0.0,0.00,0.00,1009.9,NaN
2020-07-27T07:00,13.8,5.40,39,39,0.00,0,0.0,0.0,0.0,0.00,0.00,1010.4,NaN
2020-07-27T08:00,14.7,4.84,30,43,0.00,1,45.0,274.9,16.0,0.00,0.00,1011.0,NaN
2020-07-27T09:00,17.7,4.94,21,39,0.00,1,225.0,664.4,50.0,0.00,0.00,1011.5,NaN
2020-07-27T10:00,20.5,4.44,8,38,0.00,1,412.0,804.0,63.0,0.00,0.00,1012.0,NaN
2020-07-27T11:00,22.5,3.68,338,35,0.00,1,562.0,869.6,71.0,0.00,0.00,1012.2,NaN
2020-07-27T12:00,23.0,4.12,293,37,0.00,1,656.0,899.3,75.0,0.00,0.00,1011.7,NaN
2020-07-27T13:00,22.1,4.71,287,44,0.00,1,684.0,905.1,75.0,0.00,0.00,1011.3,NaN
2020-07-27T14:00,21.9,4.52,298,46,0.00,1,648.0,890.9,75.0,0.00,0.00,1011.0,NaN
2020-07-27T15:00,21.7,4.08,306,54,0.00,1,551.0,858.6,71.0,0.00,0.00,1010.6,NaN
2020-07-27T16:00,21.3,3.41,302,60,0.00,1,400.0,790.7,63.0,0.00,0.00,1010.6,NaN
2020-07-27T17:00,19.8,2.66,304,73,0.00,1,213.0,650.3,48.0,0.00,0.00,1011.1,NaN
2020-07-27T18:00,17.0,2.20,309,85,0.00,0,38.0,239.4,14.0,0.00,0.00,1011.4,NaN
2020-07-27T19:00,16.5,2.19,313,88,0.00,0,0.0,0.0,0.0,0.00,0.00,1012.2,NaN
2020-07-27T20:00,15.8,2.62,317,92,0.00,0,0.0,0.0,0.0,0.00,0.00,1013.0,NaN
2020-07-27T21:00,15.5,2.83,312,91,0.00,0,0.0,0.0,0.0,0.00,0.00,1012.9,NaN
2020-07-27T22:00,17.6,2.61,238,86,0.00,0,0.0,0.0,0.0,0.00,0.00,1013.2,NaN
2020-07-27T23:00,16.4,2.92,202,91,0.00,0,0.0,0.0,0.0,0.00,0.00,1012.5,NaN
2020-07-28T00:00,14.7,3.16,198,93,0.00,0,0.0,0.0,0.0,0.00,0.00,1011.9,NaN
2020-07-28T01:00,17.0,2.82,174,92,0.00,0,0.0,0.0,0.0,0.00,0.00,1011.4,NaN
2020-07-28T02:00,16.8,3.19,148,94,0.00,0,0.0,0.0,0.0,0.00,0.00,1011.2,NaN
2020-07-28T03:00,15.9,2.64,143,94,0.00,0,0.0,0.0,0.0,0.00,0.00,1011.5,NaN
2020-07-28T04:00,15.7,2.78,128,93,0.00,0,0.0,0.0,0.0,0.00,0.00,1011.9,NaN
2020-07-28T05:00,15.7,2.86,102,91,0.00,0,0.0,0.0,0.0,0.00,0.00,1012.1,NaN
2020-07-28T06:00,14.8,2.55,101,92,0.00,0,0.0,0.0,0.0,0.00,0.00,1012.3,NaN
2020-07-28T07:00,14.5,2.63,99,92,0.00,0,0.0,0.0,0.0,0.00,0.00,1013.0,NaN
2020-07-28T08:00,15.2,3.01,84,88,0.00,1,30.0,103.1,19.0,0.00,0.00,1014.3,NaN
2020-07-28T09:00,16.5,3.14,99,83,0.00,1,89.0,41.4,78.0,0.00,0.00,1015.1,NaN
2020-07-28T10:00,17.3,3.29,110,79,0.00,1,168.0,73.3,136.0,0.00,0.00,1015.8,NaN
2020-07-28T11:00,18.3,3.98,118,74,0.00,1,264.0,107.5,203.0,0.00,0.00,1015.3,NaN
2020-07-28T12:00,19.7,4.12,129,67,0.00,1,549.0,585.5,169.0,0.00,0.00,1014.6,NaN
2020-07-28T13:00,20.2,3.06,142,62,0.00,1,546.0,534.2,185.0,0.00,0.00,1014.0,NaN
2020-07-28T14:00,20.3,3.01,165,60,0.00,1,471.0,394.7,216.0,0.00,0.00,1013.5,NaN
2020-07-28T15:00,19.7,4.00,181,64,0.00,1,274.0,179.8,173.0,0.00,0.00,1013.6,NaN
2020-07-28T16:00,18.9,5.20,182,69,0.00,1,205.0,130.6,149.0,0.00,0.00,1014.1,NaN
2020-07-28T17:00,18.1,5.45,173,69,0.00,1,107.0,132.8,73.0,0.00,0.00,1014.5,NaN
2020-07-28T18:00,17.4,4.93,162,68,0.00,0,24.0,78.9,16.0,0.00,0.00,1014.8,NaN
2020-07-28T19:00,16.8,4.65,155,67,0.00,0,0.0,0.0,0.0,0.00,0.00,1015.2,NaN
2020-07-28T20:00,16.4,4.17,150,65,0.00,0,0.0,0.0,0.0,0.00,0.00,1015.5,NaN
2020-07-28T21:00,15.6,3.52,145,68,0.00,0,0.0,0.0,0.0,0.00,0.00,1015.5,NaN
2020-07-28T22:00,15.4,3.44,144,67,0.00,0,0.0,0.0,0.0,0.00,0.00,1015.7,NaN
2020-07-28T23:00,15.0,3.96,133,67,0.00,0,0.0,0.0,0.0,0.00,0.00,1015.6,NaN
2020-07-29T00:00,14.4,4.78,127,72,0.00,0,0.0,0.0,0.0,0.00,0.00,1015.4,NaN
2020-07-29T01:00,13.8,4.55,123,76,0.00,0,0.0,0.0,0.0,0.00,0.00,1015.0,NaN
2020-07-29T02:00,12.8,3.94,120,82,0.00,0,0.0,0.0,0.0,0.00,0.00,1014.6,NaN
2020-07-29T03:00,11.9,3.49,117,87,0.00,0,0.0,0.0,0.0,0.00,0.00,1014.3,NaN
2020-07-29T04:00,11.4,3.55,112,88,0.00,0,0.0,0.0,0.0,0.00,0.00,1014.2,NaN
2020-07-29T05:00,11.1,3.57,108,85,0.00,0,0.0,0.0,0.0,0.00,0.00,1014.2,NaN
2020-07-29T06:00,10.8,3.88,102,82,0.00,0,0.0,0.0,0.0,0.00,0.00,1014.6,NaN
2020-07-29T07:00,10.6,4.18,101,79,0.00,0,0.0,0.0,0.0,0.00,0.00,1014.9,NaN
2020-07-29T08:00,11.1,5.02,95,75,0.00,1,47.0,278.0,17.0,0.00,0.00,1016.1,NaN
2020-07-29T09:00,13.3,4.96,99,68,0.00,1,229.0,659.7,52.0,0.00,0.00,1016.5,NaN
2020-07-29T10:00,15.4,5.04,97,61,0.00,1,416.0,796.4,66.0,0.00,0.00,1016.2,NaN
2020-07-29T11:00,17.4,4.62,95,56,0.00,1,565.0,860.9,74.0,0.00,0.00,1015.5,NaN
2020-07-29T12:00,19.0,4.22,95,52,0.00,1,658.0,889.6,78.0,0.00,0.00,1014.5,NaN
2020-07-29T13:00,20.2,3.61,95,49,0.00,1,689.0,898.6,79.0,0.00,0.00,1013.4,NaN
2020-07-29T14:00,21.2,3.01,96,47,0.00,1,653.0,887.5,77.0,0.00,0.00,1012.5,NaN
2020-07-29T15:00,21.7,2.56,111,45,0.00,1,555.0,853.6,73.0,0.00,0.00,1011.8,NaN
2020-07-29T16:00,21.6,2.48,137,46,0.00,1,403.0,783.5,65.0,0.00,0.00,1011.7,NaN
2020-07-29T17:00,19.9,2.92,174,58,0.00,1,216.0,638.5,51.0,0.00,0.00,1012.0,NaN
2020-07-29T18:00,17.7,3.72,174,64,0.00,0,40.0,243.7,15.0,0.00,0.00,1012.2,NaN
2020-07-29T19:00,16.7,3.58,157,69,0.00,0,0.0,0.0,0.0,0.00,0.00,1012.6,NaN
2020-07-29T20:00,15.3,3.12,130,66,0.00,0,0.0,0.0,0.0,0.00,0.00,1012.9,NaN
2020-07-29T21:00,14.3,3.00,120,65,0.00,0,0.0,0.0,0.0,0.00,0.00,1012.7,NaN
2020-07-29T22:00,13.8,3.35,117,65,0.00,0,0.0,0.0,0.0,0.00,0.00,1012.7,NaN
2020-07-29T23:00,13.4,3.48,108,65,0.00,0,0.0,0.0,0.0,0.00,0.00,1012.6,NaN
2020-07-30T00:00,13.1,4.00,93,66,0.00,0,0.0,0.0,0.0,0.00,0.00,1011.8,NaN
2020-07-30T01:00,13.2,4.62,85,65,0.00,0,0.0,0.0,0.0,0.00,0.00,1010.8,NaN
2020-07-30T02:00,13.1,4.57,80,64,0.00,0,0.0,0.0,0.0,0.00,0.00,1010.6,NaN
2020-07-30T03:00,12.9,4.08,79,65,0.00,0,0.0,0.0,0.0,0.00,0.00,1010.5,NaN
2020-07-30T04:00,12.8,3.79,78,65,0.00,0,0.0,0.0,0.0,0.00,0.00,1010.2,NaN
2020-07-30T05:00,12.5,2.96,78,66,0.00,0,0.0,0.0,0.0,0.00,0.00,1010.0,NaN
2020-07-30T06:00,10.7,2.73,82,72,0.00,0,0.0,0.0,0.0,0.00,0.00,1009.8,NaN
2020-07-30T07:00,13.0,2.28,105,60,0.00,0,0.0,0.0,0.0,0.00,0.00,1010.0,NaN
2020-07-30T08:00,13.4,2.25,58,65,0.00,1,49.0,293.0,17.0,0.00,0.00,1010.4,NaN
2020-07-30T09:00,16.3,1.14,38,57,0.00,1,231.0,664.5,51.0,0.00,0.00,1010.9,NaN
2020-07-30T10:00,18.1,1.44,236,55,0.00,1,417.0,795.9,65.0,0.00,0.00,1011.2,NaN
2020-07-30T11:00,18.8,2.27,221,59,0.00,1,566.0,861.7,72.0,0.00,0.00,1010.9,NaN
2020-07-30T12:00,19.6,2.22,216,56,0.00,1,659.0,890.1,76.0,0.00,0.00,1010.3,NaN
2020-07-30T13:00,20.3,1.84,221,51,0.00,1,691.0,899.0,78.0,0.00,0.00,1009.4,NaN
2020-07-30T14:00,20.7,1.75,211,50,0.00,1,657.0,892.6,75.0,0.00,0.00,1008.6,NaN
2020-07-30T15:00,20.8,2.06,203,54,0.00,1,561.0,861.7,72.0,0.00,0.00,1008.3,NaN
2020-07-30T16:00,19.5,3.68,202,64,0.00,1,408.0,794.9,63.0,0.00,0.00,1008.7,NaN
2020-07-30T17:00,17.9,4.18,191,75,0.00,1,219.0,648.1,50.0,0.00,0.00,1009.4,NaN
2020-07-30T18:00,16.7,4.31,176,81,0.00,0,41.0,250.6,15.0,0.00,0.00,1009.9,NaN
2020-07-30T19:00,16.8,5.05,172,83,0.00,0,0.0,0.0,0.0,0.00,0.00,1010.7,NaN
2020-07-30T20:00,16.9,5.92,168,84,0.00,0,0.0,0.0,0.0,0.00,0.00,1011.6,NaN
2020-07-30T21:00,16.7,5.57,171,83,0.00,0,0.0,0.0,0.0,0.00,0.00,1011.7,NaN
2020-07-30T22:00,16.2,5.03,159,83,0.00,0,0.0,0.0,0.0,0.00,0.00,1011.8,NaN
2020-07-30T23:00,15.4,4.08,149,87,0.00,0,0.0,0.0,0.0,0.00,0.00,1011.8,NaN
2020-07-31T00:00,14.4,3.55,130,89,0.00,0,0.0,0.0,0.0,0.00,0.00,1011.5,NaN
2020-07-31T01:00,13.4,3.58,117,88,0.00,0,0.0,0.0,0.0,0.00,0.00,1011.2,NaN
2020-07-31T02:00,13.0,3.50,121,85,0.00,0,0.0,0.0,0.0,0.00,0.00,1011.1,NaN
2020-07-31T03:00,12.8,3.64,122,84,0.00,0,0.0,0.0,0.0,0.00,0.00,1011.0,NaN
2020-07-31T04:00,12.8,3.33,123,82,0.00,0,0.0,0.0,0.0,0.00,0.00,1011.1,NaN
2020-07-31T05:00,12.7,3.41,122,81,0.00,0,0.0,0.0,0.0,0.00,0.00,1011.3,NaN
2020-07-31T06:00,12.6,3.51,110,80,0.00,0,0.0,0.0,0.0,0.00,0.00,1011.7,NaN
2020-07-31T07:00,12.6,3.49,103,79,0.00,0,0.0,0.0,0.0,0.00,0.00,1012.1,NaN
2020-07-31T08:00,13.7,4.39,102,75,0.00,1,41.0,162.9,23.0,0.00,0.00,1012.6,NaN
2020-07-31T09:00,15.5,4.33,109,70,0.00,1,167.0,296.1,86.0,0.00,0.00,1013.1,NaN
2020-07-31T10:00,17.2,4.39,120,64,0.00,1,314.0,372.9,148.0,0.00,0.00,1013.5,NaN
2020-07-31T11:00,18.6,5.19,140,59,0.00,1,525.0,692.3,126.0,0.00,0.00,1013.3,NaN
2020-07-31T12:00,19.4,5.35,163,55,0.00,1,649.0,861.6,82.0,0.00,0.00,1012.8,NaN
2020-07-31T13:00,19.5,5.16,171,54,0.00,1,681.0,870.1,85.0,0.00,0.00,1012.4,NaN
2020-07-31T14:00,19.6,4.92,175,49,0.00,1,640.0,847.3,85.0,0.00,0.00,1011.8,NaN
2020-07-31T15:00,19.3,5.40,178,50,0.00,1,550.0,827.6,78.0,0.00,0.00,1011.7,NaN
2020-07-31T16:00,18.6,5.60,181,56,0.00,1,402.0,765.0,68.0,0.00,0.00,1011.9,NaN
2020-07-31T17:00,17.6,5.10,179,62,0.00,1,218.0,634.8,51.0,0.00,0.00,1012.0,NaN
2020-07-31T18:00,16.6,4.39,168,67,0.00,0,42.0,247.9,16.0,0.00,0.00,1012.5,NaN
2020-07-31T19:00,16.1,4.30,155,70,0.00,0,0.0,0.0,0.0,0.00,0.00,1013.0,NaN
2020-07-31T20:00,15.6,4.39,150,84,0.00,0,0.0,0.0,0.0,0.00,0.00,1013.9,NaN
2020-07-31T21:00,15.3,4.22,144,85,0.00,0,0.0,0.0,0.0,0.00,0.00,1014.1,NaN
2020-07-31T22:00,14.6,3.96,137,88,0.00,0,0.0,0.0,0.0,0.00,0.00,1014.4,NaN
2020-07-31T23:00,14.2,4.18,138,86,0.00,0,0.0,0.0,0.0,0.00,0.00,1014.2,NaN
2020-08-01T00:00,13.5,4.04,138,88,0.00,0,0.0,0.0,0.0,0.00,0.00,1013.9,NaN
2020-08-01T01:00,13.1,4.10,137,89,0.00,0,0.0,0.0,0.0,0.00,0.00,1013.8,NaN
2020-08-01T02:00,12.7,3.92,128,90,0.00,0,0.0,0.0,0.0,0.00,0.00,1013.7,NaN
2020-08-01T03:00,12.4,3.91,122,90,0.00,0,0.0,0.0,0.0,0.00,0.00,1013.2,NaN
2020-08-01T04:00,12.2,3.98,118,90,0.00,0,0.0,0.0,0.0,0.00,0.00,1013.0,NaN
2020-08-01T05:00,12.0,4.02,109,90,0.00,0,0.0,0.0,0.0,0.00,0.00,1013.2,NaN
2020-08-01T06:00,11.9,4.46,99,88,0.00,0,0.0,0.0,0.0,0.00,0.00,1013.4,NaN
2020-08-01T07:00,11.7,4.62,95,87,0.00,0,0.0,0.0,0.0,0.00,0.00,1013.9,NaN
2020-08-01T08:00,12.7,5.30,92,84,0.00,1,50.0,277.1,19.0,0.00,0.00,1014.8,NaN
2020-08-01T09:00,14.9,5.33,96,75,0.00,1,231.0,644.4,53.0,0.00,0.00,1015.2,NaN
2020-08-01T10:00,17.0,5.32,102,66,0.00,1,418.0,783.4,67.0,0.00,0.00,1015.1,NaN
2020-08-01T11:00,18.7,5.00,110,57,0.00,1,564.0,835.4,80.0,0.00,0.00,1014.7,NaN
2020-08-01T12:00,19.8,4.63,123,49,0.00,1,625.0,706.3,158.0,0.00,0.00,1014.0,NaN
2020-08-01T13:00,20.4,4.24,135,46,0.00,1,655.0,719.4,160.0,0.00,0.00,1012.7,NaN
2020-08-01T14:00,20.7,4.00,148,44,0.00,1,598.0,606.4,199.0,0.00,0.00,1011.9,NaN
2020-08-01T15:00,20.6,4.27,164,44,0.00,1,485.0,514.7,190.0,0.00,0.00,1011.4,NaN
2020-08-01T16:00,19.6,5.81,177,54,0.00,1,395.0,696.7,89.0,0.00,0.00,1011.3,NaN
2020-08-01T17:00,17.8,6.80,180,71,0.00,1,214.0,572.7,62.0,0.00,0.00,1011.6,NaN
2020-08-01T18:00,16.5,6.57,167,74,0.00,0,42.0,226.3,18.0,0.00,0.00,1012.2,NaN
2020-08-01T19:00,16.2,5.50,161,77,0.00,0,0.0,0.0,0.0,0.00,0.00,1012.7,NaN
2020-08-01T20:00,16.0,5.13,159,80,0.00,0,0.0,0.0,0.0,0.00,0.00,1013.0,NaN
2020-08-01T21:00,16.0,4.97,155,80,0.00,0,0.0,0.0,0.0,0.00,0.00,1012.9,NaN
2020-08-01T22:00,15.1,4.49,148,83,0.00,0,0.0,0.0,0.0,0.00,0.00,1012.8,NaN
2020-08-01T23:00,14.3,4.33,140,78,0.00,0,0.0,0.0,0.0,0.00,0.00,1012.5,NaN
2020-08-02T00:00,13.5,4.33,130,67,0.00,0,0.0,0.0,0.0,0.00,0.00,1012.3,NaN
2020-08-02T01:00,13.0,4.49,122,67,0.00,0,0.0,0.0,0.0,0.00,0.00,1011.9,NaN
2020-08-02T02:00,12.4,4.34,119,69,0.00,0,0.0,0.0,0.0,0.00,0.00,1011.6,NaN
2020-08-02T03:00,12.2,4.07,118,69,0.00,0,0.0,0.0,0.0,0.00,0.00,1011.1,NaN
2020-08-02T04:00,11.5,3.72,121,71,0.00,0,0.0,0.0,0.0,0.00,0.00,1010.8,NaN
2020-08-02T05:00,11.0,3.36,120,73,0.00,0,0.0,0.0,0.0,0.00,0.00,1010.6,NaN
2020-08-02T06:00,10.6,2.92,128,75,0.00,0,0.0,0.0,0.0,0.00,0.00,1010.9,NaN
2020-08-02T07:00,10.1,2.90,134,78,0.00,0,0.0,0.0,0.0,0.00,0.00,1011.4,NaN
2020-08-02T08:00,11.0,3.54,135,77,0.00,1,52.0,291.3,19.0,0.00,0.00,1011.7,NaN
2020-08-02T09:00,12.9,3.61,134,68,0.00,1,235.0,652.3,53.0,0.00,0.00,1011.8,NaN
2020-08-02T10:00,15.4,3.55,140,61,0.00,1,422.0,787.0,67.0,0.00,0.00,1011.8,NaN
2020-08-02T11:00,17.4,3.94,156,55,0.00,1,572.0,853.2,75.0,0.00,0.00,1011.0,NaN
2020-08-02T12:00,18.5,4.46,171,51,0.00,1,667.0,886.5,78.0,0.00,0.00,1010.2,NaN
2020-08-02T13:00,18.7,5.12,186,52,0.00,1,698.0,895.5,79.0,0.00,0.00,1009.2,NaN
2020-08-02T14:00,18.3,6.05,188,53,0.00,1,664.0,886.4,78.0,0.00,0.00,1008.4,NaN
2020-08-02T15:00,18.1,6.41,183,52,0.00,1,566.0,855.9,73.0,0.00,0.00,1008.0,NaN
2020-08-02T16:00,17.8,6.30,181,54,0.00,1,416.0,792.1,66.0,0.00,0.00,1007.8,NaN
2020-08-02T17:00,17.0,5.70,181,62,0.00,1,226.0,653.5,51.0,0.00,0.00,1007.6,NaN
2020-08-02T18:00,15.9,5.00,180,73,0.00,0,45.0,261.2,17.0,0.00,0.00,1007.7,NaN
2020-08-02T19:00,15.8,4.91,176,76,0.00,0,0.0,0.0,0.0,0.00,0.00,1007.9,NaN
2020-08-02T20:00,15.9,4.60,181,73,0.00,0,0.0,0.0,0.0,0.00,0.00,1007.8,NaN
2020-08-02T21:00,15.6,3.70,180,75,0.00,0,0.0,0.0,0.0,0.00,0.00,1008.1,NaN
2020-08-02T22:00,15.1,3.00,178,77,0.00,0,0.0,0.0,0.0,0.00,0.00,1007.8,NaN
2020-08-02T23:00,15.1,3.59,193,79,0.00,0,0.0,0.0,0.0,0.00,0.00,1007.4,NaN
2020-08-03T00:00,15.2,4.15,195,80,0.10,0,0.0,0.0,0.0,0.10,0.00,1007.1,NaN
2020-08-03T01:00,15.3,4.90,200,80,0.10,0,0.0,0.0,0.0,0.10,0.00,1006.7,NaN
2020-08-03T02:00,14.7,5.22,200,84,0.20,0,0.0,0.0,0.0,0.20,0.00,1006.4,NaN
2020-08-03T03:00,14.5,5.70,195,82,0.20,0,0.0,0.0,0.0,0.20,0.00,1005.8,NaN
2020-08-03T04:00,14.3,6.12,191,83,0.10,0,0.0,0.0,0.0,0.10,0.00,1005.7,NaN
2020-08-03T05:00,13.8,6.32,191,83,0.20,0,0.0,0.0,0.0,0.20,0.00,1005.9,NaN
2020-08-03T06:00,13.8,6.59,190,75,0.20,0,0.0,0.0,0.0,0.20,0.00,1006.1,NaN
2020-08-03T07:00,13.9,5.82,199,66,0.00,0,0.0,0.0,0.0,0.00,0.00,1006.4,NaN
2020-08-03T08:00,14.6,5.86,207,62,0.00,1,14.0,8.7,13.0,0.00,0.00,1006.1,NaN
2020-08-03T09:00,15.5,6.57,213,53,0.00,1,178.0,418.6,60.0,0.00,0.00,1006.0,NaN
2020-08-03T10:00,15.9,6.62,218,49,0.00,1,391.0,665.0,89.0,0.00,0.00,1006.3,NaN
2020-08-03T11:00,15.4,6.58,227,56,0.00,1,487.0,626.6,120.0,0.00,0.00,1006.4,NaN
2020-08-03T12:00,15.7,6.49,236,54,0.00,1,536.0,615.5,125.0,0.00,0.00,1005.9,NaN
2020-08-03T13:00,15.6,7.17,230,55,0.00,1,518.0,511.2,163.0,0.00,0.00,1005.4,NaN
2020-08-03T14:00,15.4,7.18,231,55,0.00,1,410.0,386.9,153.0,0.00,0.00,1004.7,NaN
2020-08-03T15:00,14.5,6.47,231,66,0.10,1,363.0,393.8,135.0,0.10,0.00,1004.8,NaN
2020-08-03T16:00,14.6,6.45,240,67,0.00,1,255.0,323.9,111.0,0.00,0.00,1004.5,NaN
2020-08-03T17:00,14.5,6.31,243,69,0.10,1,167.0,396.1,60.0,0.10,0.00,1004.5,NaN
2020-08-03T18:00,14.3,5.98,249,62,0.10,0,35.0,175.3,16.0,0.10,0.00,1004.3,NaN
2020-08-03T19:00,14.5,6.84,249,57,0.00,0,0.0,0.0,0.0,0.00,0.00,1004.3,NaN
2020-08-03T20:00,15.3,6.93,252,53,0.00,0,0.0,0.0,0.0,0.00,0.00,1003.7,NaN
2020-08-03T21:00,15.8,7.72,253,49,0.00,0,0.0,0.0,0.0,0.00,0.00,1003.5,NaN
2020-08-03T22:00,14.9,9.00,240,60,0.10,0,0.0,0.0,0.0,0.10,0.00,1003.4,NaN
2020-08-03T23:00,13.8,9.17,243,86,1.20,0,0.0,0.0,0.0,1.20,0.00,1003.3,NaN
2020-08-04T00:00,14.0,8.32,244,89,0.60,0,0.0,0.0,0.0,0.60,0.00,1002.8,NaN
2020-08-04T01:00,14.3,7.93,236,90,1.40,0,0.0,0.0,0.0,1.40,0.00,1002.2,NaN
2020-08-04T02:00,15.0,7.29,228,76,0.80,0,0.0,0.0,0.0,0.80,0.00,1001.6,NaN
2020-08-04T03:00,14.7,6.03,220,76,0.30,0,0.0,0.0,0.0,0.30,0.00,1001.4,NaN
2020-08-04T04:00,14.5,5.66,216,76,0.10,0,0.0,0.0,0.0,0.10,0.00,1001.2,NaN
2020-08-04T05:00,14.8,5.75,220,72,0.10,0,0.0,0.0,0.0,0.10,0.00,1000.9,NaN
2020-08-04T06:00,14.9,5.60,221,72,0.00,0,0.0,0.0,0.0,0.00,0.00,1000.9,NaN
2020-08-04T07:00,15.0,5.74,215,73,0.00,0,0.0,0.0,0.0,0.00,0.00,1001.5,NaN
2020-08-04T08:00,15.2,5.50,207,79,0.00,1,41.0,197.9,18.0,0.00,0.00,1001.9,NaN
2020-08-04T09:00,15.9,6.36,199,78,0.20,1,161.0,368.5,56.0,0.20,0.00,1002.7,NaN
2020-08-04T10:00,16.4,5.69,190,74,0.10,1,286.0,389.2,108.0,0.10,0.00,1003.5,NaN
2020-08-04T11:00,17.0,5.91,184,70,0.00,1,382.0,361.6,169.0,0.00,0.00,1003.9,NaN
2020-08-04T12:00,16.6,5.26,171,69,0.00,1,480.0,502.2,143.0,0.00,0.00,1004.0,NaN
2020-08-04T13:00,16.8,5.02,174,67,0.00,1,520.0,548.9,137.0,0.00,0.00,1004.0,NaN
2020-08-04T14:00,16.9,6.35,187,66,0.00,1,591.0,686.3,133.0,0.00,0.00,1004.0,NaN
2020-08-04T15:00,16.9,6.82,194,69,0.00,1,470.0,541.3,155.0,0.00,0.00,1004.3,NaN
2020-08-04T16:00,17.1,7.15,198,65,0.00,1,244.0,275.0,121.0,0.00,0.00,1004.8,NaN
2020-08-04T17:00,16.3,6.40,190,70,0.00,1,153.0,344.9,59.0,0.00,0.00,1005.2,NaN
2020-08-04T18:00,16.0,5.80,181,70,0.00,0,32.0,164.3,14.0,0.00,0.00,1005.7,NaN
2020-08-04T19:00,15.9,6.00,180,71,0.00,0,0.0,0.0,0.0,0.00,0.00,1006.5,NaN
2020-08-04T20:00,15.3,6.81,177,80,0.00,0,0.0,0.0,0.0,0.00,0.00,1007.0,NaN
2020-08-04T21:00,15.3,5.80,181,79,0.00,0,0.0,0.0,0.0,0.00,0.00,1007.2,NaN
2020-08-04T22:00,15.5,6.00,180,76,0.00,0,0.0,0.0,0.0,0.00,0.00,1007.6,NaN
2020-08-04T23:00,14.8,5.82,168,81,0.10,0,0.0,0.0,0.0,0.10,0.00,1007.7,NaN
2020-08-05T00:00,14.3,4.05,160,87,0.00,0,0.0,0.0,0.0,0.00,0.00,1007.8,NaN
2020-08-05T01:00,14.0,3.35,163,89,0.00,0,0.0,0.0,0.0,0.00,0.00,1008.0,NaN
2020-08-05T02:00,14.6,4.42,175,83,0.10,0,0.0,0.0,0.0,0.10,0.00,1008.0,NaN
2020-08-05T03:00,14.9,5.00,178,80,0.00,0,0.0,0.0,0.0,0.00,0.00,1007.8,NaN
2020-08-05T04:00,15.3,5.80,178,77,0.10,0,0.0,0.0,0.0,0.10,0.00,1007.8,NaN
2020-08-05T05:00,14.9,6.48,171,82,0.10,0,0.0,0.0,0.0,0.10,0.00,1008.0,NaN
2020-08-05T06:00,14.5,5.97,166,86,0.10,0,0.0,0.0,0.0,0.10,0.00,1008.2,NaN
2020-08-05T07:00,13.9,4.88,145,88,0.00,0,0.0,0.0,0.0,0.00,0.00,1008.7,NaN
2020-08-05T08:00,13.4,5.38,138,80,0.00,1,50.0,246.2,21.0,0.00,0.00,1009.6,NaN
2020-08-05T09:00,14.0,5.83,141,73,0.00,1,219.0,555.6,59.0,0.00,0.00,1010.0,NaN
2020-08-05T10:00,15.3,5.42,142,67,0.00,1,414.0,727.3,79.0,0.00,0.00,1010.6,NaN
2020-08-05T11:00,16.8,6.13,154,62,0.00,1,578.0,845.7,77.0,0.00,0.00,1010.6,NaN
2020-08-05T12:00,17.8,5.41,161,58,0.00,1,674.0,882.2,79.0,0.00,0.00,1010.0,NaN
2020-08-05T13:00,18.1,5.56,172,61,0.00,1,705.0,891.5,80.0,0.00,0.00,1009.9,NaN
2020-08-05T14:00,19.0,6.04,164,54,0.00,1,668.0,879.9,78.0,0.00,0.00,1009.7,NaN
2020-08-05T15:00,19.2,6.56,172,52,0.00,1,506.0,610.4,149.0,0.00,0.00,1009.5,NaN
2020-08-05T16:00,19.5,6.20,162,49,0.00,1,398.0,686.7,89.0,0.00,0.00,1009.8,NaN
2020-08-05T17:00,18.2,4.61,150,56,0.00,1,222.0,600.1,57.0,0.00,0.00,1010.6,NaN
2020-08-05T18:00,16.6,3.75,171,62,0.00,0,48.0,271.0,18.0,0.00,0.00,1010.8,NaN
2020-08-05T19:00,15.6,3.62,156,69,0.00,0,0.0,0.0,0.0,0.00,0.00,1011.9,NaN
2020-08-05T20:00,13.7,2.36,126,68,0.00,0,0.0,0.0,0.0,0.00,0.00,1012.9,NaN
2020-08-05T21:00,13.1,2.40,135,70,0.00,0,0.0,0.0,0.0,0.00,0.00,1013.6,NaN
2020-08-05T22:00,12.7,2.62,133,71,0.00,0,0.0,0.0,0.0,0.00,0.00,1014.1,NaN
2020-08-05T23:00,12.6,3.26,130,72,0.00,0,0.0,0.0,0.0,0.00,0.00,1014.4,NaN
2020-08-06T00:00,12.5,3.72,126,72,0.00,0,0.0,0.0,0.0,0.00,0.00,1014.1,NaN
2020-08-06T01:00,12.1,3.67,119,75,0.00,0,0.0,0.0,0.0,0.00,0.00,1013.9,NaN
2020-08-06T02:00,11.7,3.68,112,75,0.00,0,0.0,0.0,0.0,0.00,0.00,1013.9,NaN
2020-08-06T03:00,11.4,4.05,110,75,0.00,0,0.0,0.0,0.0,0.00,0.00,1013.5,NaN
2020-08-06T04:00,10.9,4.02,109,77,0.00,0,0.0,0.0,0.0,0.00,0.00,1013.6,NaN
2020-08-06T05:00,10.4,3.89,108,80,0.00,0,0.0,0.0,0.0,0.00,0.00,1013.6,NaN
2020-08-06T06:00,10.0,3.93,105,82,0.00,0,0.0,0.0,0.0,0.00,0.00,1014.0,NaN
2020-08-06T07:00,9.7,4.24,105,84,0.00,0,0.0,0.0,0.0,0.00,0.00,1014.6,NaN
2020-08-06T08:00,10.7,4.54,98,81,0.00,1,61.0,335.1,21.0,0.00,0.00,1015.3,NaN
2020-08-06T09:00,12.8,5.22,102,74,0.00,1,251.0,673.2,55.0,0.00,0.00,1016.0,NaN
2020-08-06T10:00,14.5,5.46,98,70,0.00,1,441.0,804.0,68.0,0.00,0.00,1015.9,NaN
2020-08-06T11:00,16.2,4.95,98,64,0.00,1,594.0,869.3,76.0,0.00,0.00,1015.6,NaN
2020-08-06T12:00,17.6,4.12,104,59,0.00,1,687.0,893.9,81.0,0.00,0.00,1014.9,NaN
2020-08-06T13:00,18.6,3.73,110,56,0.00,1,718.0,904.2,81.0,0.00,0.00,1014.2,NaN
2020-08-06T14:00,19.2,3.58,117,54,0.00,1,681.0,893.4,79.0,0.00,0.00,1013.6,NaN
2020-08-06T15:00,19.5,3.55,122,52,0.00,1,581.0,860.7,75.0,0.00,0.00,1013.2,NaN
2020-08-06T16:00,19.4,3.58,126,51,0.00,1,427.0,793.0,68.0,0.00,0.00,1013.1,NaN
2020-08-06T17:00,18.4,2.91,131,57,0.00,1,235.0,656.1,53.0,0.00,0.00,1012.7,NaN
2020-08-06T18:00,15.8,2.70,129,63,0.00,0,50.0,286.0,18.0,0.00,0.00,1012.7,NaN
2020-08-06T19:00,15.0,3.64,127,63,0.00,0,0.0,0.0,0.0,0.00,0.00,1012.9,NaN
2020-08-06T20:00,14.2,4.60,124,64,0.00,0,0.0,0.0,0.0,0.00,0.00,1013.0,NaN
2020-08-06T21:00,13.7,4.96,118,65,0.00,0,0.0,0.0,0.0,0.00,0.00,1013.1,NaN
2020-08-06T22:00,13.1,4.66,113,66,0.00,0,0.0,0.0,0.0,0.00,0.00,1013.6,NaN
2020-08-06T23:00,12.5,4.51,103,67,0.00,0,0.0,0.0,0.0,0.00,0.00,1013.6,NaN
2020-08-07T00:00,12.1,4.94,97,68,0.00,0,0.0,0.0,0.0,0.00,0.00,1013.5,NaN
2020-08-07T01:00,11.9,4.90,91,68,0.00,0,0.0,0.0,0.0,0.00,0.00,1013.5,NaN
2020-08-07T02:00,11.7,5.62,85,68,0.00,0,0.0,0.0,0.0,0.00,0.00,1013.2,NaN
2020-08-07T03:00,11.6,5.57,81,69,0.00,0,0.0,0.0,0.0,0.00,0.00,1012.9,NaN
2020-08-07T04:00,11.5,5.60,74,71,0.00,0,0.0,0.0,0.0,0.00,0.00,1012.6,NaN
2020-08-07T05:00,11.4,5.76,73,72,0.00,0,0.0,0.0,0.0,0.00,0.00,1012.3,NaN
2020-08-07T06:00,11.4,6.36,71,72,0.00,0,0.0,0.0,0.0,0.00,0.00,1012.1,NaN
2020-08-07T07:00,11.6,6.33,69,70,0.00,0,0.0,0.0,0.0,0.00,0.00,1012.0,NaN
2020-08-07T08:00,12.0,6.85,67,73,0.00,1,35.0,16.5,33.0,0.00,0.00,1013.1,NaN
2020-08-07T09:00,13.5,6.80,66,69,0.00,1,174.0,186.8,119.0,0.00,0.00,1013.3,NaN
2020-08-07T10:00,15.6,7.02,62,62,0.00,1,361.0,383.0,182.0,0.00,0.00,1013.6,NaN
2020-08-07T11:00,16.7,6.95,60,58,0.00,1,377.0,163.5,279.0,0.00,0.00,1013.1,NaN
2020-08-07T12:00,18.6,6.72,53,50,0.00,1,572.0,462.2,257.0,0.00,0.00,1012.0,NaN
2020-08-07T13:00,18.5,5.64,53,49,0.00,1,295.0,35.3,270.0,0.00,0.00,1010.8,NaN
2020-08-07T14:00,19.0,4.69,56,48,0.00,1,262.0,26.6,244.0,0.00,0.00,1010.0,NaN
2020-08-07T15:00,18.7,3.00,60,51,0.00,1,147.0,6.8,143.0,0.00,0.00,1009.4,NaN
2020-08-07T16:00,18.7,2.22,54,52,0.00,1,137.0,4.4,135.0,0.00,0.00,1009.3,NaN
2020-08-07T17:00,18.0,3.04,73,50,0.00,1,58.0,28.6,50.0,0.00,0.00,1008.6,NaN
2020-08-07T18:00,17.9,3.99,68,45,0.00,0,14.0,26.5,11.0,0.00,0.00,1008.0,NaN
2020-08-07T19:00,17.5,4.05,57,44,0.00,0,0.0,0.0,0.0,0.00,0.00,1008.1,NaN
2020-08-07T20:00,14.8,3.00,60,54,0.00,0,0.0,0.0,0.0,0.00,0.00,1008.8,NaN
2020-08-07T21:00,14.8,3.91,58,53,0.00,0,0.0,0.0,0.0,0.00,0.00,1009.0,NaN
2020-08-07T22:00,15.4,4.97,60,50,0.00,0,0.0,0.0,0.0,0.00,0.00,1009.0,NaN
2020-08-07T23:00,15.9,6.48,52,48,0.00,0,0.0,0.0,0.0,0.00,0.00,1008.7,NaN
2020-08-08T00:00,15.9,6.69,55,49,0.00,0,0.0,0.0,0.0,0.00,0.00,1007.8,NaN
2020-08-08T01:00,16.3,6.78,53,46,0.00,0,0.0,0.0,0.0,0.00,0.00,1007.2,NaN
2020-08-08T02:00,16.2,6.92,53,45,0.00,0,0.0,0.0,0.0,0.00,0.00,1007.0,NaN
2020-08-08T03:00,16.2,6.62,52,44,0.00,0,0.0,0.0,0.0,0.00,0.00,1006.4,NaN
2020-08-08T04:00,16.2,6.66,49,43,0.00,0,0.0,0.0,0.0,0.00,0.00,1006.3,NaN
2020-08-08T05:00,16.2,6.73,48,43,0.00,0,0.0,0.0,0.0,0.00,0.00,1006.0,NaN
2020-08-08T06:00,15.7,6.72,44,43,0.00,0,0.0,0.0,0.0,0.00,0.00,1005.9,NaN
2020-08-08T07:00,15.6,6.72,43,43,0.00,1,0.0,0.0,0.0,0.00,0.00,1006.1,NaN
2020-08-08T08:00,15.3,7.30,49,46,0.00,1,46.0,212.0,20.0,0.00,0.00,1006.0,NaN
2020-08-08T09:00,17.0,7.57,46,45,0.00,1,222.0,557.6,56.0,0.00,0.00,1006.4,NaN
2020-08-08T10:00,18.9,7.43,42,42,0.00,1,375.0,594.7,95.0,0.00,0.00,1006.0,NaN
2020-08-08T11:00,20.8,7.34,38,38,0.00,1,572.0,816.0,80.0,0.00,0.00,1005.3,NaN
2020-08-08T12:00,22.5,7.05,32,35,0.00,1,681.0,878.8,79.0,0.00,0.00,1004.2,NaN
2020-08-08T13:00,23.8,6.65,21,33,0.00,1,710.0,886.9,79.0,0.00,0.00,1002.8,NaN
2020-08-08T14:00,24.4,6.75,7,32,0.00,1,637.0,796.6,95.0,0.00,0.00,1001.3,NaN
2020-08-08T15:00,24.3,6.84,6,34,0.00,1,569.0,834.9,73.0,0.00,0.00,1000.4,NaN
2020-08-08T16:00,23.4,5.63,6,38,0.00,1,380.0,652.5,81.0,0.00,0.00,1000.7,NaN
2020-08-08T17:00,22.0,4.18,17,42,0.00,1,184.0,354.3,84.0,0.00,0.00,1000.5,NaN
2020-08-08T18:00,21.5,4.00,13,40,0.00,0,35.0,131.2,20.0,0.00,0.00,1000.4,NaN
2020-08-08T19:00,21.0,4.14,8,40,0.00,0,0.0,0.0,0.0,0.00,0.00,1000.7,NaN
2020-08-08T20:00,20.7,4.10,3,38,0.00,0,0.0,0.0,0.0,0.00,0.00,1000.5,NaN
2020-08-08T21:00,21.6,7.03,5,34,0.00,0,0.0,0.0,0.0,0.00,0.00,999.8,NaN
2020-08-08T22:00,19.9,6.85,7,43,0.50,0,0.0,0.0,0.0,0.50,0.00,999.3,NaN
2020-08-08T23:00,19.8,6.51,4,41,0.00,0,0.0,0.0,0.0,0.00,0.00,998.6,NaN
2020-08-09T00:00,19.7,7.51,10,50,0.20,0,0.0,0.0,0.0,0.20,0.00,997.4,NaN
2020-08-09T01:00,19.0,8.86,16,51,0.50,0,0.0,0.0,0.0,0.50,0.00,996.2,NaN
2020-08-09T02:00,19.5,11.20,20,43,0.00,0,0.0,0.0,0.0,0.00,0.00,993.7,NaN
2020-08-09T03:00,17.6,11.21,8,67,0.70,0,0.0,0.0,0.0,0.70,0.00,992.5,NaN
2020-08-09T04:00,17.8,10.62,356,81,4.00,0,0.0,0.0,0.0,4.00,0.00,993.1,NaN
2020-08-09T05:00,18.0,10.81,2,83,5.10,0,0.0,0.0,0.0,5.10,0.00,991.7,NaN
2020-08-09T06:00,18.0,13.28,354,85,3.80,0,0.0,0.0,0.0,3.80,0.00,992.6,NaN
2020-08-09T07:00,17.6,8.30,347,89,5.40,1,0.0,0.0,0.0,5.40,0.00,992.8,NaN
2020-08-09T08:00,17.7,6.80,334,92,3.80,1,6.0,0.0,6.0,3.80,0.00,993.1,NaN
2020-08-09T09:00,17.2,9.55,301,92,5.40,1,46.0,29.9,37.0,5.40,0.00,993.7,NaN
2020-08-09T10:00,16.8,9.23,293,89,2.50,1,66.0,6.3,63.0,2.50,0.00,994.2,NaN
2020-08-09T11:00,16.5,9.22,294,87,1.60,1,78.0,0.0,78.0,1.60,0.00,994.3,NaN
2020-08-09T12:00,17.2,9.05,290,79,0.70,1,87.0,0.0,87.0,0.70,0.00,993.7,NaN
2020-08-09T13:00,17.5,10.88,289,71,0.30,1,324.0,198.6,182.0,0.30,0.00,993.4,NaN
2020-08-09T14:00,17.1,9.97,296,70,0.50,1,122.0,14.6,112.0,0.50,0.00,993.2,NaN
2020-08-09T15:00,16.9,11.09,296,68,0.40,1,142.0,28.5,125.0,0.40,0.00,993.8,NaN
2020-08-09T16:00,16.3,9.96,289,75,0.20,1,188.0,225.6,84.0,0.20,0.00,994.0,NaN
2020-08-09T17:00,16.0,10.12,293,77,0.10,1,150.0,333.7,55.0,0.10,0.00,994.4,NaN
2020-08-09T18:00,15.9,10.02,296,74,0.10,0,33.0,173.2,13.0,0.10,0.00,994.8,NaN
2020-08-09T19:00,15.1,9.06,301,81,0.40,0,0.0,0.0,0.0,0.40,0.00,995.6,NaN
2020-08-09T20:00,14.8,8.39,292,84,0.60,0,0.0,0.0,0.0,0.60,0.00,996.1,NaN
2020-08-09T21:00,14.9,8.77,281,77,0.20,0,0.0,0.0,0.0,0.20,0.00,996.5,NaN
2020-08-09T22:00,14.5,8.44,284,82,0.60,0,0.0,0.0,0.0,0.60,0.00,996.9,NaN
2020-08-09T23:00,14.9,9.07,277,76,0.90,0,0.0,0.0,0.0,0.90,0.00,997.1,NaN
2020-08-10T00:00,15.9,8.96,276,74,0.10,0,0.0,0.0,0.0,0.10,0.00,997.3,NaN
2020-08-10T01:00,15.5,7.72,274,73,0.50,0,0.0,0.0,0.0,0.50,0.00,997.7,NaN
2020-08-10T02:00,15.6,7.41,272,69,0.00,0,0.0,0.0,0.0,0.00,0.00,997.7,NaN
2020-08-10T03:00,15.7,7.51,273,67,0.10,0,0.0,0.0,0.0,0.10,0.00,997.6,NaN
2020-08-10T04:00,15.7,7.83,275,74,0.00,0,0.0,0.0,0.0,0.00,0.00,997.7,NaN
2020-08-10T05:00,15.4,8.85,280,72,0.30,0,0.0,0.0,0.0,0.30,0.00,998.2,NaN
2020-08-10T06:00,16.3,8.35,281,70,0.00,0,0.0,0.0,0.0,0.00,0.00,998.2,NaN
2020-08-10T07:00,16.1,9.56,277,65,0.10,1,0.0,0.0,0.0,0.10,0.00,998.8,NaN
2020-08-10T08:00,16.0,8.56,284,80,0.20,1,38.0,150.7,19.0,0.20,0.00,998.7,NaN
2020-08-10T09:00,17.0,9.14,280,76,0.00,1,182.0,394.0,62.0,0.00,0.00,999.3,NaN
2020-08-10T10:00,17.1,9.16,281,75,0.10,1,215.0,148.5,144.0,0.10,0.00,999.7,NaN
2020-08-10T11:00,17.4,10.26,276,69,0.10,1,374.0,383.4,140.0,0.10,0.00,999.9,NaN
2020-08-10T12:00,18.1,9.63,275,73,0.00,1,395.0,379.9,132.0,0.00,0.00,999.8,NaN
2020-08-10T13:00,18.0,9.40,271,73,0.60,1,367.0,279.7,166.0,0.60,0.00,999.6,NaN
2020-08-10T14:00,18.4,9.81,272,66,0.10,1,458.0,422.0,168.0,0.10,0.00,999.8,NaN
2020-08-10T15:00,18.6,10.10,262,61,0.10,1,435.0,523.1,121.0,0.10,0.00,999.8,NaN
2020-08-10T16:00,17.5,9.70,256,73,0.00,1,259.0,364.3,90.0,0.00,0.00,1000.4,NaN
2020-08-10T17:00,17.2,8.88,258,70,0.10,1,128.0,226.3,63.0,0.10,0.00,1001.0,NaN
2020-08-10T18:00,16.7,7.55,259,74,0.20,0,38.0,188.5,16.0,0.20,0.00,1001.4,NaN
2020-08-10T19:00,16.8,7.97,252,72,0.10,0,0.0,0.0,0.0,0.10,0.00,1001.8,NaN
2020-08-10T20:00,16.1,7.91,254,78,0.10,0,0.0,0.0,0.0,0.10,0.00,1002.5,NaN
2020-08-10T21:00,16.6,6.96,254,74,0.20,0,0.0,0.0,0.0,0.20,0.00,1002.8,NaN
2020-08-10T22:00,16.7,7.19,249,73,0.10,0,0.0,0.0,0.0,0.10,0.00,1003.0,NaN
2020-08-10T23:00,16.8,7.47,245,68,0.00,0,0.0,0.0,0.0,0.00,0.00,1003.1,NaN
2020-08-11T00:00,16.6,6.84,245,69,0.00,0,0.0,0.0,0.0,0.00,0.00,1003.3,NaN
2020-08-11T01:00,15.8,6.15,248,78,0.00,0,0.0,0.0,0.0,0.00,0.00,1003.4,NaN
2020-08-11T02:00,16.1,5.55,247,76,0.20,0,0.0,0.0,0.0,0.20,0.00,1003.6,NaN
2020-08-11T03:00,16.5,6.45,229,73,0.10,0,0.0,0.0,0.0,0.10,0.00,1003.2,NaN
2020-08-11T04:00,16.1,5.78,233,75,0.00,0,0.0,0.0,0.0,0.00,0.00,1003.4,NaN
2020-08-11T05:00,16.2,5.41,242,70,0.00,0,0.0,0.0,0.0,0.00,0.00,1003.7,NaN
2020-08-11T06:00,16.0,5.10,235,74,0.00,0,0.0,0.0,0.0,0.00,0.00,1004.0,NaN
2020-08-11T07:00,15.8,5.36,233,71,0.00,1,0.0,0.0,0.0,0.00,0.00,1004.6,NaN
2020-08-11T08:00,16.2,4.52,235,69,0.00,1,53.0,218.9,25.0,0.00,0.00,1005.4,NaN
2020-08-11T09:00,16.0,5.62,231,79,0.00,1,93.0,29.2,84.0,0.00,0.00,1005.9,NaN
2020-08-11T10:00,16.6,4.92,232,73,0.10,1,178.0,85.1,137.0,0.10,0.00,1006.3,NaN
2020-08-11T11:00,17.2,5.06,240,69,0.00,1,375.0,283.4,201.0,0.00,0.00,1006.4,NaN
2020-08-11T12:00,17.1,5.85,237,69,0.10,1,371.0,252.9,195.0,0.10,0.00,1006.0,NaN
2020-08-11T13:00,16.8,5.96,235,73,0.00,1,449.0,277.0,249.0,0.00,0.00,1005.8,NaN
2020-08-11T14:00,16.5,4.84,240,75,0.00,1,401.0,263.6,219.0,0.00,0.00,1005.5,NaN
2020-08-11T15:00,16.2,4.66,239,76,0.50,1,338.0,212.1,210.0,0.50,0.00,1005.5,NaN
2020-08-11T16:00,16.2,4.30,239,74,0.30,1,183.0,87.9,142.0,0.30,0.00,1005.8,NaN
2020-08-11T17:00,16.0,3.54,241,74,0.10,1,118.0,162.3,71.0,0.10,0.00,1006.1,NaN
2020-08-11T18:00,15.5,2.88,236,75,0.00,0,29.0,118.8,15.0,0.00,0.00,1006.4,NaN
2020-08-11T19:00,15.0,2.30,236,77,0.00,0,0.0,0.0,0.0,0.00,0.00,1007.0,NaN
2020-08-11T20:00,14.3,1.56,225,83,0.00,0,0.0,0.0,0.0,0.00,0.00,1007.3,NaN
2020-08-11T21:00,14.1,1.63,223,84,0.00,0,0.0,0.0,0.0,0.00,0.00,1007.7,NaN
2020-08-11T22:00,14.0,2.50,217,87,0.00,0,0.0,0.0,0.0,0.00,0.00,1008.0,NaN
2020-08-11T23:00,13.8,2.28,203,91,0.20,0,0.0,0.0,0.0,0.20,0.00,1007.7,NaN
2020-08-12T00:00,13.2,1.39,201,93,0.30,0,0.0,0.0,0.0,0.30,0.00,1007.4,NaN
2020-08-12T01:00,13.6,1.30,184,91,0.30,0,0.0,0.0,0.0,0.30,0.00,1007.6,NaN
2020-08-12T02:00,13.9,1.58,162,89,0.40,0,0.0,0.0,0.0,0.40,0.00,1007.5,NaN
2020-08-12T03:00,13.9,1.79,153,89,0.40,0,0.0,0.0,0.0,0.40,0.00,1007.0,NaN
2020-08-12T04:00,13.3,1.70,140,90,0.40,0,0.0,0.0,0.0,0.40,0.00,1006.9,NaN
2020-08-12T05:00,13.2,1.57,117,90,0.20,0,0.0,0.0,0.0,0.20,0.00,1006.9,NaN
2020-08-12T06:00,12.7,1.40,90,91,0.10,0,0.0,0.0,0.0,0.10,0.00,1007.4,NaN
2020-08-12T07:00,12.2,1.24,76,92,0.20,1,0.0,0.0,0.0,0.20,0.00,1008.1,NaN
2020-08-12T08:00,13.6,1.28,129,89,0.10,1,55.0,239.0,24.0,0.10,0.00,1008.9,NaN
2020-08-12T09:00,14.8,1.84,151,83,0.10,1,145.0,227.8,74.0,0.10,0.00,1009.6,NaN
2020-08-12T10:00,15.4,2.82,157,79,0.10,1,295.0,395.5,103.0,0.10,0.00,1009.8,NaN
2020-08-12T11:00,15.9,3.49,153,77,0.10,1,411.0,467.8,122.0,0.10,0.00,1009.5,NaN
2020-08-12T12:00,16.6,3.79,168,73,0.10,1,539.0,583.0,131.0,0.10,0.00,1008.7,NaN
2020-08-12T13:00,17.1,4.72,185,67,0.10,1,614.0,665.5,131.0,0.10,0.00,1008.2,NaN
2020-08-12T14:00,16.8,5.02,186,67,0.10,1,528.0,600.9,111.0,0.10,0.00,1008.0,NaN
2020-08-12T15:00,16.7,4.94,187,69,0.10,1,458.0,547.4,126.0,0.10,0.00,1007.9,NaN
2020-08-12T16:00,16.4,4.94,187,69,0.00,1,333.0,532.5,83.0,0.00,0.00,1008.2,NaN
2020-08-12T17:00,15.7,4.31,184,73,0.10,1,196.0,462.2,61.0,0.10,0.00,1008.6,NaN
2020-08-12T18:00,14.7,3.20,180,77,0.00,0,45.0,209.9,20.0,0.00,0.00,1009.0,NaN
2020-08-12T19:00,14.1,2.71,176,79,0.00,0,0.0,0.0,0.0,0.00,0.00,1009.6,NaN
2020-08-12T20:00,14.0,3.01,165,80,0.00,0,0.0,0.0,0.0,0.00,0.00,1009.9,NaN
2020-08-12T21:00,13.8,2.75,161,80,0.00,0,0.0,0.0,0.0,0.00,0.00,1010.2,NaN
2020-08-12T22:00,13.0,2.28,151,84,0.00,0,0.0,0.0,0.0,0.00,0.00,1010.4,NaN
2020-08-12T23:00,12.3,2.00,143,87,0.00,0,0.0,0.0,0.0,0.00,0.00,1010.4,NaN
2020-08-13T00:00,12.0,2.57,103,89,0.00,0,0.0,0.0,0.0,0.00,0.00,1010.3,NaN
2020-08-13T01:00,11.1,3.21,95,91,0.00,0,0.0,0.0,0.0,0.00,0.00,1010.2,NaN
2020-08-13T02:00,11.1,3.00,120,90,0.00,0,0.0,0.0,0.0,0.00,0.00,1010.1,NaN
2020-08-13T03:00,11.0,2.84,100,90,0.00,0,0.0,0.0,0.0,0.00,0.00,1009.8,NaN
2020-08-13T04:00,10.8,2.80,90,91,0.00,0,0.0,0.0,0.0,0.00,0.00,1009.6,NaN
2020-08-13T05:00,10.8,3.22,83,91,0.00,0,0.0,0.0,0.0,0.00,0.00,1009.5,NaN
2020-08-13T06:00,10.6,2.81,86,91,0.00,0,0.0,0.0,0.0,0.00,0.00,1010.0,NaN
2020-08-13T07:00,10.6,2.72,84,90,0.00,1,0.0,0.0,0.0,0.00,0.00,1010.8,NaN
2020-08-13T08:00,12.3,3.00,60,84,0.00,1,61.0,266.0,26.0,0.00,0.00,1011.5,NaN
2020-08-13T09:00,14.3,2.22,54,78,0.00,1,174.0,120.5,136.0,0.00,0.00,1012.2,NaN
2020-08-13T10:00,16.0,1.79,63,68,0.00,1,361.0,449.7,141.0,0.00,0.00,1012.7,NaN
2020-08-13T11:00,16.9,0.63,198,59,0.00,1,520.0,582.3,158.0,0.00,0.00,1012.3,NaN
2020-08-13T12:00,17.2,2.14,233,61,0.00,1,586.0,621.1,149.0,0.00,0.00,1011.6,NaN
2020-08-13T13:00,16.8,2.50,233,64,0.00,1,457.0,412.7,156.0,0.00,0.00,1010.8,NaN
2020-08-13T14:00,17.2,2.88,236,62,0.00,1,645.0,755.7,118.0,0.00,0.00,1010.4,NaN
2020-08-13T15:00,16.8,3.14,233,64,0.00,1,521.0,667.6,114.0,0.00,0.00,1010.6,NaN
2020-08-13T16:00,16.3,3.30,235,69,0.00,1,342.0,512.4,100.0,0.00,0.00,1010.7,NaN
2020-08-13T17:00,15.8,2.79,249,74,0.00,1,178.0,278.4,96.0,0.00,0.00,1010.8,NaN
2020-08-13T18:00,14.1,1.70,242,84,0.00,0,44.0,182.9,22.0,0.00,0.00,1010.7,NaN
2020-08-13T19:00,13.8,1.79,207,82,0.00,0,0.0,0.0,0.0,0.00,0.00,1011.0,NaN
2020-08-13T20:00,13.0,2.14,191,84,0.00,0,0.0,0.0,0.0,0.00,0.00,1011.0,NaN
2020-08-13T21:00,12.8,2.11,175,84,0.00,0,0.0,0.0,0.0,0.00,0.00,1011.1,NaN
2020-08-13T22:00,12.6,1.64,128,85,0.00,0,0.0,0.0,0.0,0.00,0.00,1011.1,NaN
2020-08-13T23:00,11.0,1.55,75,90,0.00,0,0.0,0.0,0.0,0.00,0.00,1010.5,NaN
2020-08-14T00:00,10.8,2.42,66,90,0.00,0,0.0,0.0,0.0,0.00,0.00,1010.1,NaN
2020-08-14T01:00,10.5,2.95,66,90,0.00,0,0.0,0.0,0.0,0.00,0.00,1009.4,NaN
2020-08-14T02:00,10.2,3.14,68,90,0.00,0,0.0,0.0,0.0,0.00,0.00,1009.0,NaN
2020-08-14T03:00,10.0,3.35,63,90,0.00,0,0.0,0.0,0.0,0.00,0.00,1008.6,NaN
2020-08-14T04:00,9.7,3.31,61,91,0.00,0,0.0,0.0,0.0,0.00,0.00,1008.4,NaN
2020-08-14T05:00,9.6,3.22,60,90,0.00,0,0.0,0.0,0.0,0.00,0.00,1008.5,NaN
2020-08-14T06:00,9.3,2.97,57,90,0.00,0,0.0,0.0,0.0,0.00,0.00,1009.0,NaN
2020-08-14T07:00,9.1,3.08,54,90,0.00,1,0.0,0.0,0.0,0.00,0.00,1009.7,NaN
2020-08-14T08:00,11.6,3.89,44,83,0.00,1,79.0,389.7,27.0,0.00,0.00,1010.7,NaN
2020-08-14T09:00,14.9,3.94,30,74,0.00,1,244.0,529.8,75.0,0.00,0.00,1011.1,NaN
2020-08-14T10:00,17.1,4.15,15,64,0.00,1,423.0,647.0,104.0,0.00,0.00,1011.2,NaN
2020-08-14T11:00,18.3,4.00,1,54,0.00,1,568.0,738.6,106.0,0.00,0.00,1010.7,NaN
2020-08-14T12:00,19.0,3.24,351,52,0.00,1,681.0,812.9,106.0,0.00,0.00,1010.1,NaN
2020-08-14T13:00,19.5,2.73,336,50,0.00,1,715.0,833.5,104.0,0.00,0.00,1009.4,NaN
2020-08-14T14:00,19.7,2.48,320,49,0.00,1,670.0,804.8,106.0,0.00,0.00,1008.7,NaN
2020-08-14T15:00,19.5,2.59,298,48,0.00,1,554.0,709.8,119.0,0.00,0.00,1008.2,NaN
2020-08-14T16:00,18.5,3.50,268,58,0.00,1,432.0,738.8,81.0,0.00,0.00,1008.1,NaN
2020-08-14T17:00,17.1,2.90,268,67,0.00,1,251.0,656.5,56.0,0.00,0.00,1008.1,NaN
2020-08-14T18:00,13.5,2.73,298,79,0.00,0,60.0,321.0,21.0,0.00,0.00,1008.0,NaN
2020-08-14T19:00,14.4,1.80,360,71,0.00,0,0.0,0.0,0.0,0.00,0.00,1008.3,NaN
2020-08-14T20:00,12.2,1.66,65,81,0.00,0,0.0,0.0,0.0,0.00,0.00,1008.2,NaN
2020-08-14T21:00,11.8,1.39,69,83,0.00,0,0.0,0.0,0.0,0.00,0.00,1007.9,NaN
2020-08-14T22:00,10.7,1.90,72,87,0.00,0,0.0,0.0,0.0,0.00,0.00,1007.6,NaN
2020-08-14T23:00,10.8,2.42,66,84,0.00,0,0.0,0.0,0.0,0.00,0.00,1007.1,NaN
2020-08-15T00:00,10.5,2.94,55,81,0.00,0,0.0,0.0,0.0,0.00,0.00,1006.7,NaN
2020-08-15T01:00,11.3,4.05,40,73,0.00,0,0.0,0.0,0.0,0.00,0.00,1006.0,NaN
2020-08-15T02:00,11.8,4.28,37,69,0.00,0,0.0,0.0,0.0,0.00,0.00,1005.3,NaN
2020-08-15T03:00,11.4,4.33,40,70,0.00,0,0.0,0.0,0.0,0.00,0.00,1004.6,NaN
2020-08-15T04:00,11.2,4.28,37,70,0.00,0,0.0,0.0,0.0,0.00,0.00,1004.3,NaN
2020-08-15T05:00,11.3,4.58,32,68,0.00,0,0.0,0.0,0.0,0.00,0.00,1004.3,NaN
2020-08-15T06:00,11.8,5.11,31,66,0.00,0,0.0,0.0,0.0,0.00,0.00,1004.3,NaN
2020-08-15T07:00,11.8,5.47,31,65,0.00,1,0.0,0.0,0.0,0.00,0.00,1004.4,NaN
2020-08-15T08:00,12.9,6.44,33,66,0.00,1,82.0,406.4,27.0,0.00,0.00,1004.3,NaN
2020-08-15T09:00,15.5,6.45,30,61,0.00,1,282.0,694.1,58.0,0.00,0.00,1003.6,NaN
2020-08-15T10:00,18.1,5.57,18,55,0.00,1,472.0,811.0,69.0,0.00,0.00,1003.5,NaN
2020-08-15T11:00,20.0,5.51,356,50,0.00,1,609.0,837.3,82.0,0.00,0.00,1003.3,NaN
2020-08-15T12:00,21.0,6.54,331,45,0.00,1,711.0,885.8,81.0,0.00,0.00,1002.4,NaN
2020-08-15T13:00,21.1,6.95,320,47,0.00,1,740.0,894.5,81.0,0.00,0.00,1001.6,NaN
2020-08-15T14:00,20.4,7.42,314,50,0.00,1,667.0,792.3,109.0,0.00,0.00,1001.1,NaN
2020-08-15T15:00,19.3,6.61,321,55,0.00,1,241.0,56.8,206.0,0.00,0.00,1001.0,NaN
2020-08-15T16:00,18.2,6.04,341,66,0.10,1,133.0,20.9,123.0,0.10,0.00,1000.8,NaN
2020-08-15T17:00,17.7,6.51,349,77,0.30,1,77.0,6.7,75.0,0.30,0.00,1000.8,NaN
2020-08-15T18:00,16.9,6.70,1,87,0.80,0,9.0,8.2,8.0,0.80,0.00,1000.2,NaN
2020-08-15T19:00,16.7,7.20,359,87,1.40,0,0.0,0.0,0.0,1.40,0.00,1000.4,NaN
2020-08-15T20:00,17.2,8.61,345,89,2.20,0,0.0,0.0,0.0,2.20,0.00,1000.5,NaN
2020-08-15T21:00,16.9,7.32,292,88,2.50,0,0.0,0.0,0.0,2.50,0.00,1000.9,NaN
2020-08-15T22:00,16.5,7.12,294,88,1.70,0,0.0,0.0,0.0,1.70,0.00,1000.8,NaN
2020-08-15T23:00,16.4,6.76,299,90,2.70,0,0.0,0.0,0.0,2.70,0.00,1000.8,NaN
2020-08-16T00:00,16.6,7.65,281,85,1.00,0,0.0,0.0,0.0,1.00,0.00,1000.3,NaN
2020-08-16T01:00,16.2,8.49,262,79,0.50,0,0.0,0.0,0.0,0.50,0.00,1000.6,NaN
2020-08-16T02:00,15.8,7.40,254,81,0.50,0,0.0,0.0,0.0,0.50,0.00,1000.6,NaN
2020-08-16T03:00,15.0,7.21,246,81,0.20,0,0.0,0.0,0.0,0.20,0.00,1000.7,NaN
2020-08-16T04:00,14.7,7.16,242,77,0.20,0,0.0,0.0,0.0,0.20,0.00,1001.2,NaN
2020-08-16T05:00,14.0,7.16,243,84,0.20,0,0.0,0.0,0.0,0.20,0.00,1002.0,NaN
2020-08-16T06:00,13.6,6.91,248,83,0.10,0,0.0,0.0,0.0,0.10,0.00,1002.8,NaN
2020-08-16T07:00,14.3,7.24,237,78,0.10,1,0.0,0.0,0.0,0.10,0.00,1003.5,NaN
2020-08-16T08:00,14.7,8.14,244,71,0.00,1,35.0,72.9,25.0,0.00,0.00,1004.1,NaN
2020-08-16T09:00,15.4,8.72,245,67,0.40,1,186.0,376.7,63.0,0.40,0.00,1004.8,NaN
2020-08-16T10:00,15.7,9.03,244,61,0.10,1,363.0,479.2,123.0,0.10,0.00,1005.8,NaN
2020-08-16T11:00,15.8,8.99,238,59,0.00,1,451.0,513.2,126.0,0.00,0.00,1006.2,NaN
2020-08-16T12:00,16.0,8.65,236,55,0.00,1,568.0,569.2,161.0,0.00,0.00,1005.8,NaN
2020-08-16T13:00,16.0,8.18,237,55,0.00,1,569.0,572.6,145.0,0.00,0.00,1005.6,NaN
2020-08-16T14:00,15.9,7.99,238,55,0.00,1,563.0,568.0,161.0,0.00,0.00,1005.4,NaN
2020-08-16T15:00,15.5,7.63,238,56,0.10,1,449.0,526.5,123.0,0.10,0.00,1005.7,NaN
2020-08-16T16:00,15.2,7.05,238,57,0.10,1,320.0,447.2,105.0,0.10,0.00,1006.5,NaN
2020-08-16T17:00,14.8,5.97,239,58,0.00,1,174.0,370.9,62.0,0.00,0.00,1006.9,NaN
2020-08-16T18:00,14.5,5.46,235,56,0.10,0,47.0,234.1,18.0,0.10,0.00,1007.2,NaN
2020-08-16T19:00,14.3,5.38,235,54,0.00,0,0.0,0.0,0.0,0.00,0.00,1007.7,NaN
2020-08-16T20:00,14.0,5.52,238,57,0.00,0,0.0,0.0,0.0,0.00,0.00,1008.2,NaN
2020-08-16T21:00,13.9,5.22,238,58,0.00,0,0.0,0.0,0.0,0.00,0.00,1008.4,NaN
2020-08-16T22:00,13.9,5.20,240,58,0.00,0,0.0,0.0,0.0,0.00,0.00,1008.8,NaN
2020-08-16T23:00,13.8,5.33,240,57,0.00,0,0.0,0.0,0.0,0.00,0.00,1008.8,NaN
2020-08-17T00:00,14.0,5.15,241,58,0.00,0,0.0,0.0,0.0,0.00,0.00,1008.7,NaN
2020-08-17T01:00,14.2,4.92,246,56,0.00,0,0.0,0.0,0.0,0.00,0.00,1008.6,NaN
2020-08-17T02:00,14.5,5.42,240,56,0.00,0,0.0,0.0,0.0,0.00,0.00,1008.3,NaN
2020-08-17T03:00,14.5,5.11,239,58,0.00,0,0.0,0.0,0.0,0.00,0.00,1008.0,NaN
2020-08-17T04:00,14.2,4.61,243,61,0.00,0,0.0,0.0,0.0,0.00,0.00,1007.9,NaN
2020-08-17T05:00,14.4,4.34,244,60,0.00,0,0.0,0.0,0.0,0.00,0.00,1007.9,NaN
2020-08-17T06:00,14.6,4.72,238,59,0.00,0,0.0,0.0,0.0,0.00,0.00,1008.4,NaN
2020-08-17T07:00,14.9,5.02,235,59,0.00,1,0.0,0.0,0.0,0.00,0.00,1009.0,NaN
2020-08-17T08:00,15.7,5.15,241,62,0.00,1,54.0,179.6,29.0,0.00,0.00,1009.3,NaN
2020-08-17T09:00,16.6,5.97,239,59,0.00,1,182.0,269.4,93.0,0.00,0.00,1010.0,NaN
2020-08-17T10:00,16.9,6.16,238,58,0.00,1,273.0,328.9,107.0,0.00,0.00,1010.4,NaN
2020-08-17T11:00,17.3,6.38,238,57,0.00,1,411.0,448.8,125.0,0.00,0.00,1010.5,NaN
2020-08-17T12:00,17.3,6.32,235,58,0.00,1,421.0,300.4,205.0,0.00,0.00,1010.1,NaN
2020-08-17T13:00,16.8,6.58,227,62,0.00,1,509.0,466.3,162.0,0.00,0.00,1009.3,NaN
2020-08-17T14:00,16.0,6.20,218,71,0.10,1,454.0,435.9,144.0,0.10,0.00,1008.9,NaN
2020-08-17T15:00,16.2,4.75,221,74,0.10,1,363.0,347.1,147.0,0.10,0.00,1008.9,NaN
2020-08-17T16:00,15.6,5.30,224,73,0.10,1,219.0,213.0,116.0,0.10,0.00,1009.0,NaN
2020-08-17T17:00,15.8,4.39,223,71,0.10,1,176.0,331.8,75.0,0.10,0.00,1009.1,NaN
2020-08-17T18:00,15.0,3.41,220,73,0.20,1,48.0,207.9,22.0,0.20,0.00,1009.4,NaN
2020-08-17T19:00,14.6,3.36,210,75,0.00,0,0.0,0.0,0.0,0.00,0.00,1010.0,NaN
2020-08-17T20:00,13.8,2.47,194,79,0.00,0,0.0,0.0,0.0,0.00,0.00,1010.3,NaN
2020-08-17T21:00,13.0,1.73,190,84,0.10,0,0.0,0.0,0.0,0.10,0.00,1010.4,NaN
2020-08-17T22:00,12.8,1.61,187,86,0.00,0,0.0,0.0,0.0,0.00,0.00,1010.8,NaN
2020-08-17T23:00,13.1,1.84,202,86,0.00,0,0.0,0.0,0.0,0.00,0.00,1010.9,NaN
2020-08-18T00:00,13.4,2.44,199,84,0.10,0,0.0,0.0,0.0,0.10,0.00,1010.6,NaN
2020-08-18T01:00,13.9,3.20,194,80,0.20,0,0.0,0.0,0.0,0.20,0.00,1010.2,NaN
2020-08-18T02:00,13.4,2.53,189,85,0.10,0,0.0,0.0,0.0,0.10,0.00,1010.1,NaN
2020-08-18T03:00,12.6,1.77,196,88,0.10,0,0.0,0.0,0.0,0.10,0.00,1009.7,NaN
2020-08-18T04:00,12.3,2.02,200,86,0.10,0,0.0,0.0,0.0,0.10,0.00,1009.5,NaN
2020-08-18T05:00,13.6,2.24,190,82,0.20,0,0.0,0.0,0.0,0.20,0.00,1009.5,NaN
2020-08-18T06:00,13.8,2.42,187,80,0.00,0,0.0,0.0,0.0,0.00,0.00,1010.0,NaN
2020-08-18T07:00,13.6,3.40,182,81,0.00,1,0.0,0.0,0.0,0.00,0.00,1010.7,NaN
2020-08-18T08:00,14.3,2.61,184,85,0.00,1,59.0,212.5,29.0,0.00,0.00,1011.7,NaN
2020-08-18T09:00,15.4,2.46,153,81,0.10,1,172.0,266.3,83.0,0.10,0.00,1012.2,NaN
2020-08-18T10:00,16.1,2.06,151,76,0.00,1,282.0,328.3,115.0,0.00,0.00,1012.3,NaN
2020-08-18T11:00,16.7,3.22,154,69,0.10,1,412.0,360.2,181.0,0.10,0.00,1012.5,NaN
2020-08-18T12:00,17.5,3.45,170,64,0.00,1,554.0,516.0,181.0,0.00,0.00,1012.0,NaN
2020-08-18T13:00,17.9,4.50,183,60,0.00,1,635.0,617.8,173.0,0.00,0.00,1011.3,NaN
2020-08-18T14:00,17.9,4.32,185,56,0.00,1,619.0,674.5,137.0,0.00,0.00,1010.9,NaN
2020-08-18T15:00,17.8,4.65,189,54,0.00,1,547.0,681.1,121.0,0.00,0.00,1010.4,NaN
2020-08-18T16:00,16.9,5.08,190,63,0.00,1,373.0,505.8,127.0,0.00,0.00,1010.5,NaN
2020-08-18T17:00,16.2,4.61,184,66,0.00,1,247.0,583.4,68.0,0.00,0.00,1010.9,NaN
2020-08-18T18:00,14.8,3.37,168,74,0.00,1,63.0,301.0,25.0,0.00,0.00,1011.1,NaN
2020-08-18T19:00,14.1,2.39,147,78,0.00,0,0.0,0.0,0.0,0.00,0.00,1011.5,NaN
2020-08-18T20:00,13.7,2.92,149,77,0.00,0,0.0,0.0,0.0,0.00,0.00,1012.3,NaN
2020-08-18T21:00,13.5,2.33,133,79,0.00,0,0.0,0.0,0.0,0.00,0.00,1012.2,NaN
2020-08-18T22:00,12.9,2.13,131,82,0.00,0,0.0,0.0,0.0,0.00,0.00,1012.3,NaN
2020-08-18T23:00,13.1,2.14,127,81,0.00,0,0.0,0.0,0.0,0.00,0.00,1012.1,NaN
2020-08-19T00:00,12.6,2.06,113,81,0.00,0,0.0,0.0,0.0,0.00,0.00,1011.7,NaN
2020-08-19T01:00,11.9,2.10,93,78,0.00,0,0.0,0.0,0.0,0.00,0.00,1011.7,NaN
2020-08-19T02:00,11.4,2.67,77,71,0.00,0,0.0,0.0,0.0,0.00,0.00,1011.1,NaN
2020-08-19T03:00,11.0,2.75,80,71,0.00,0,0.0,0.0,0.0,0.00,0.00,1010.6,NaN
2020-08-19T04:00,10.4,2.91,74,73,0.00,0,0.0,0.0,0.0,0.00,0.00,1010.5,NaN
2020-08-19T05:00,10.7,2.97,70,72,0.00,0,0.0,0.0,0.0,0.00,0.00,1010.7,NaN
2020-08-19T06:00,11.0,3.04,81,71,0.00,0,0.0,0.0,0.0,0.00,0.00,1011.0,NaN
2020-08-19T07:00,10.2,3.13,83,76,0.00,1,0.0,0.0,0.0,0.00,0.00,1011.6,NaN
2020-08-19T08:00,12.3,4.21,72,72,0.00,1,76.0,258.5,39.0,0.00,0.00,1012.7,NaN
2020-08-19T09:00,13.6,4.24,75,71,0.00,1,196.0,201.1,128.0,0.00,0.00,1013.3,NaN
2020-08-19T10:00,15.6,4.44,82,65,0.00,1,436.0,593.0,132.0,0.00,0.00,1013.9,NaN
2020-08-19T11:00,16.8,4.30,93,59,0.00,1,599.0,695.9,150.0,0.00,0.00,1013.6,NaN
2020-08-19T12:00,17.6,4.01,94,56,0.00,1,708.0,767.9,150.0,0.00,0.00,1013.0,NaN
2020-08-19T13:00,18.3,3.57,101,52,0.00,1,760.0,872.9,104.0,0.00,0.00,1012.0,NaN
2020-08-19T14:00,18.7,3.28,102,50,0.00,1,602.0,479.1,258.0,0.00,0.00,1011.1,NaN
2020-08-19T15:00,18.7,3.16,101,48,0.00,1,557.0,666.6,138.0,0.00,0.00,1010.7,NaN
2020-08-19T16:00,18.6,2.86,102,49,0.00,1,427.0,642.0,113.0,0.00,0.00,1010.7,NaN
2020-08-19T17:00,17.7,1.65,104,59,0.00,1,252.0,562.7,78.0,0.00,0.00,1010.9,NaN
2020-08-19T18:00,14.2,2.36,126,75,0.00,1,52.0,117.7,37.0,0.00,0.00,1011.0,NaN
2020-08-19T19:00,13.0,2.25,111,76,0.00,0,0.0,0.0,0.0,0.00,0.00,1011.6,NaN
2020-08-19T20:00,12.8,1.80,124,77,0.00,0,0.0,0.0,0.0,0.00,0.00,1012.5,NaN
2020-08-19T21:00,12.6,2.06,113,76,0.00,0,0.0,0.0,0.0,0.00,0.00,1012.7,NaN
2020-08-19T22:00,12.5,2.61,94,72,0.00,0,0.0,0.0,0.0,0.00,0.00,1012.9,NaN
2020-08-19T23:00,12.3,3.30,92,69,0.00,0,0.0,0.0,0.0,0.00,0.00,1012.6,NaN
2020-08-20T00:00,12.1,3.82,84,68,0.00,0,0.0,0.0,0.0,0.00,0.00,1012.6,NaN
2020-08-20T01:00,11.6,4.32,85,68,0.00,0,0.0,0.0,0.0,0.00,0.00,1012.2,NaN
2020-08-20T02:00,11.6,4.31,86,68,0.00,0,0.0,0.0,0.0,0.00,0.00,1011.8,NaN
2020-08-20T03:00,10.9,4.00,87,70,0.00,0,0.0,0.0,0.0,0.00,0.00,1011.2,NaN
2020-08-20T04:00,11.3,4.02,84,68,0.00,0,0.0,0.0,0.0,0.00,0.00,1011.2,NaN
2020-08-20T05:00,11.3,3.81,87,68,0.00,0,0.0,0.0,0.0,0.00,0.00,1011.3,NaN
2020-08-20T06:00,10.9,3.71,93,69,0.00,0,0.0,0.0,0.0,0.00,0.00,1011.9,NaN
2020-08-20T07:00,10.5,4.22,95,71,0.00,1,1.0,0.0,1.0,0.00,0.00,1012.3,NaN
2020-08-20T08:00,11.6,5.46,82,69,0.00,1,84.0,254.9,47.0,0.00,0.00,1012.9,NaN
2020-08-20T09:00,13.6,5.76,82,64,0.00,1,229.0,312.9,122.0,0.00,0.00,1013.1,NaN
2020-08-20T10:00,15.8,5.75,77,58,0.00,1,428.0,503.2,168.0,0.00,0.00,1012.8,NaN
2020-08-20T11:00,17.8,5.20,67,53,0.00,1,644.0,814.8,115.0,0.00,0.00,1012.6,NaN
2020-08-20T12:00,18.8,4.31,68,49,0.00,1,611.0,501.0,245.0,0.00,0.00,1012.0,NaN
2020-08-20T13:00,20.1,2.62,72,46,0.00,1,780.0,913.6,90.0,0.00,0.00,1011.3,NaN
2020-08-20T14:00,20.5,1.21,114,45,0.00,1,720.0,827.4,123.0,0.00,0.00,1010.5,NaN
2020-08-20T15:00,20.0,2.82,186,49,0.00,1,485.0,362.5,256.0,0.00,0.00,1010.1,NaN
2020-08-20T16:00,18.2,5.22,185,63,0.00,1,275.0,152.5,200.0,0.00,0.00,1010.3,NaN
2020-08-20T17:00,17.1,5.52,175,70,0.00,1,179.0,163.6,128.0,0.00,0.00,1010.5,NaN
2020-08-20T18:00,16.1,4.48,156,67,0.00,1,47.0,101.1,34.0,0.00,0.00,1010.9,NaN
2020-08-20T19:00,15.0,3.92,142,69,0.00,0,0.0,0.0,0.0,0.00,0.00,1011.6,NaN
2020-08-20T20:00,15.3,3.61,136,66,0.00,0,0.0,0.0,0.0,0.00,0.00,1012.2,NaN
2020-08-20T21:00,14.4,3.16,125,69,0.00,0,0.0,0.0,0.0,0.00,0.00,1012.6,NaN
2020-08-20T22:00,14.1,3.04,117,68,0.00,0,0.0,0.0,0.0,0.00,0.00,1012.9,NaN
2020-08-20T23:00,13.7,3.23,106,65,0.00,0,0.0,0.0,0.0,0.00,0.00,1012.7,NaN
2020-08-21T00:00,13.7,3.49,103,61,0.00,0,0.0,0.0,0.0,0.00,0.00,1012.5,NaN
2020-08-21T01:00,13.3,4.12,96,63,0.00,0,0.0,0.0,0.0,0.00,0.00,1012.4,NaN
2020-08-21T02:00,12.7,4.50,87,64,0.00,0,0.0,0.0,0.0,0.00,0.00,1012.1,NaN
2020-08-21T03:00,12.7,5.40,88,62,0.00,0,0.0,0.0,0.0,0.00,0.00,1011.5,NaN
2020-08-21T04:00,13.0,5.40,88,60,0.00,0,0.0,0.0,0.0,0.00,0.00,1011.2,NaN
2020-08-21T05:00,12.8,5.42,85,60,0.00,0,0.0,0.0,0.0,0.00,0.00,1011.4,NaN
2020-08-21T06:00,12.6,5.53,84,61,0.00,0,0.0,0.0,0.0,0.00,0.00,1011.6,NaN
2020-08-21T07:00,12.4,5.66,82,62,0.00,1,1.0,0.0,1.0,0.00,0.00,1012.1,NaN
2020-08-21T08:00,13.6,5.81,79,63,0.00,1,59.0,61.2,50.0,0.00,0.00,1013.2,NaN
2020-08-21T09:00,14.9,6.03,84,64,0.00,1,148.0,46.3,132.0,0.00,0.00,1013.4,NaN
2020-08-21T10:00,16.3,5.54,83,61,0.00,1,269.0,73.0,231.0,0.00,0.00,1013.9,NaN
2020-08-21T11:00,17.8,5.30,79,57,0.00,1,388.0,107.2,318.0,0.00,0.00,1013.5,NaN
2020-08-21T12:00,19.1,4.66,75,54,0.00,1,463.0,144.3,357.0,0.00,0.00,1013.0,NaN
2020-08-21T13:00,20.2,4.03,76,51,0.00,1,504.0,237.2,324.0,0.00,0.00,1012.5,NaN
2020-08-21T14:00,20.5,3.32,83,51,0.00,1,423.0,106.2,346.0,0.00,0.00,1011.7,NaN
2020-08-21T15:00,20.6,3.20,90,51,0.00,1,340.0,115.0,267.0,0.00,0.00,1011.4,NaN
2020-08-21T16:00,20.2,2.45,102,58,0.00,1,229.0,91.0,184.0,0.00,0.00,1011.2,NaN
2020-08-21T17:00,19.2,1.79,117,64,0.00,1,140.0,86.0,113.0,0.00,0.00,1011.3,NaN
2020-08-21T18:00,17.0,1.75,114,69,0.00,1,33.0,23.1,30.0,0.00,0.00,1011.6,NaN
2020-08-21T19:00,16.1,2.01,96,68,0.00,0,0.0,0.0,0.0,0.00,0.00,1012.1,NaN
2020-08-21T20:00,15.6,2.20,93,66,0.00,0,0.0,0.0,0.0,0.00,0.00,1013.0,NaN
2020-08-21T21:00,15.7,2.30,90,64,0.00,0,0.0,0.0,0.0,0.00,0.00,1013.1,NaN
2020-08-21T22:00,15.6,2.35,78,62,0.00,0,0.0,0.0,0.0,0.00,0.00,1013.0,NaN
2020-08-21T23:00,15.6,2.19,66,62,0.00,0,0.0,0.0,0.0,0.00,0.00,1012.7,NaN
2020-08-22T00:00,16.0,2.97,57,58,0.00,0,0.0,0.0,0.0,0.00,0.00,1012.2,NaN
2020-08-22T01:00,16.3,3.69,49,55,0.00,0,0.0,0.0,0.0,0.00,0.00,1011.5,NaN
2020-08-22T02:00,16.4,3.75,46,54,0.00,0,0.0,0.0,0.0,0.00,0.00,1010.7,NaN
2020-08-22T03:00,15.4,2.83,45,58,0.00,0,0.0,0.0,0.0,0.00,0.00,1010.0,NaN
2020-08-22T04:00,14.4,2.47,32,71,0.00,0,0.0,0.0,0.0,0.00,0.00,1010.0,NaN
2020-08-22T05:00,16.1,0.78,230,57,0.00,0,0.0,0.0,0.0,0.00,0.00,1010.5,NaN
2020-08-22T06:00,16.3,0.61,171,59,0.00,0,0.0,0.0,0.0,0.00,0.00,1011.2,NaN
2020-08-22T07:00,14.5,1.08,56,73,0.00,1,0.0,0.0,0.0,0.00,0.00,1011.6,NaN
2020-08-22T08:00,15.9,0.71,45,74,0.00,1,17.0,0.0,17.0,0.00,0.00,1012.4,NaN
2020-08-22T09:00,16.9,1.35,42,74,0.00,1,81.0,8.6,78.0,0.00,0.00,1012.7,NaN
2020-08-22T10:00,17.8,0.81,83,67,0.00,1,130.0,19.1,120.0,0.00,0.00,1012.6,NaN
2020-08-22T11:00,18.9,1.52,157,62,0.00,1,211.0,7.6,206.0,0.00,0.00,1012.3,NaN
2020-08-22T12:00,19.0,1.36,163,62,0.00,1,204.0,10.8,196.0,0.00,0.00,1012.2,NaN
2020-08-22T13:00,19.3,1.75,149,62,0.00,1,201.0,3.9,198.0,0.00,0.00,1011.7,NaN
2020-08-22T14:00,19.7,1.58,162,50,0.00,1,238.0,5.5,234.0,0.00,0.00,1010.9,NaN
2020-08-22T15:00,19.8,0.71,135,49,0.00,1,255.0,31.4,235.0,0.00,0.00,1011.1,NaN
2020-08-22T16:00,19.5,0.99,45,55,0.00,1,147.0,8.0,143.0,0.00,0.00,1011.4,NaN
2020-08-22T17:00,18.5,1.14,38,67,0.00,1,70.0,3.2,69.0,0.00,0.00,1011.6,NaN
2020-08-22T18:00,17.3,1.35,48,69,0.00,1,18.0,7.6,17.0,0.00,0.00,1011.5,NaN
2020-08-22T19:00,17.3,0.78,40,67,0.00,0,0.0,0.0,0.0,0.00,0.00,1011.8,NaN
2020-08-22T20:00,16.1,0.63,72,70,0.00,0,0.0,0.0,0.0,0.00,0.00,1013.0,NaN
2020-08-22T21:00,16.3,0.91,84,70,0.00,0,0.0,0.0,0.0,0.00,0.00,1013.1,NaN
2020-08-22T22:00,18.2,0.54,22,52,0.10,0,0.0,0.0,0.0,0.10,0.00,1013.4,NaN
2020-08-22T23:00,16.9,1.49,312,64,0.00,0,0.0,0.0,0.0,0.00,0.00,1013.0,NaN
2020-08-23T00:00,15.9,2.04,281,78,0.00,0,0.0,0.0,0.0,0.00,0.00,1012.9,NaN
2020-08-23T01:00,16.0,2.01,207,87,0.00,0,0.0,0.0,0.0,0.00,0.00,1012.6,NaN
2020-08-23T02:00,16.3,1.46,164,89,0.00,0,0.0,0.0,0.0,0.00,0.00,1011.8,NaN
2020-08-23T03:00,16.4,2.32,173,89,0.00,0,0.0,0.0,0.0,0.00,0.00,1011.4,NaN
2020-08-23T04:00,16.2,2.00,177,90,0.00,0,0.0,0.0,0.0,0.00,0.00,1011.1,NaN
2020-08-23T05:00,15.8,2.00,177,92,0.00,0,0.0,0.0,0.0,0.00,0.00,1011.3,NaN
2020-08-23T06:00,15.8,2.52,187,93,0.30,0,0.0,0.0,0.0,0.30,0.00,1011.7,NaN
2020-08-23T07:00,16.1,3.70,180,92,0.20,1,1.0,0.0,1.0,0.20,0.00,1012.3,NaN
2020-08-23T08:00,16.5,3.30,166,92,0.10,1,64.0,171.8,38.0,0.10,0.00,1013.0,NaN
2020-08-23T09:00,17.4,4.05,164,87,0.20,1,225.0,406.8,81.0,0.20,0.00,1013.5,NaN
2020-08-23T10:00,18.3,4.40,179,82,0.20,1,393.0,501.1,128.0,0.20,0.00,1013.6,NaN
2020-08-23T11:00,18.9,4.74,187,72,0.10,1,509.0,497.5,180.0,0.10,0.00,1013.4,NaN
2020-08-23T12:00,19.0,4.63,194,68,0.00,1,497.0,239.8,319.0,0.00,0.00,1012.7,NaN
2020-08-23T13:00,19.2,5.04,194,68,0.00,1,695.0,653.7,194.0,0.00,0.00,1012.0,NaN
2020-08-23T14:00,18.9,5.22,200,69,0.00,1,654.0,709.2,135.0,0.00,0.00,1012.0,NaN
2020-08-23T15:00,18.5,5.32,196,71,0.00,1,592.0,734.8,121.0,0.00,0.00,1012.1,NaN
2020-08-23T16:00,17.6,5.49,190,75,0.00,1,379.0,493.9,132.0,0.00,0.00,1012.1,NaN
2020-08-23T17:00,17.3,4.81,184,74,0.00,1,219.0,423.4,84.0,0.00,0.00,1012.2,NaN
2020-08-23T18:00,16.1,3.60,178,77,0.00,1,67.0,287.8,29.0,0.00,0.00,1012.4,NaN
2020-08-23T19:00,15.3,2.89,166,80,0.00,0,0.0,0.0,0.0,0.00,0.00,1012.7,NaN
2020-08-23T20:00,14.4,2.50,143,85,0.00,0,0.0,0.0,0.0,0.00,0.00,1012.9,NaN
2020-08-23T21:00,13.9,2.27,131,86,0.00,0,0.0,0.0,0.0,0.00,0.00,1013.1,NaN
2020-08-23T22:00,13.5,2.06,129,87,0.00,0,0.0,0.0,0.0,0.00,0.00,1013.3,NaN
2020-08-23T23:00,13.5,1.84,131,85,0.00,0,0.0,0.0,0.0,0.00,0.00,1013.4,NaN
2020-08-24T00:00,13.1,2.08,125,86,0.00,0,0.0,0.0,0.0,0.00,0.00,1013.2,NaN
2020-08-24T01:00,12.4,2.28,105,86,0.00,0,0.0,0.0,0.0,0.00,0.00,1013.2,NaN
2020-08-24T02:00,11.9,2.92,96,84,0.00,0,0.0,0.0,0.0,0.00,0.00,1012.9,NaN
2020-08-24T03:00,11.5,2.79,105,83,0.00,0,0.0,0.0,0.0,0.00,0.00,1012.5,NaN
2020-08-24T04:00,11.5,3.35,100,80,0.00,0,0.0,0.0,0.0,0.00,0.00,1012.5,NaN
2020-08-24T05:00,11.2,3.63,98,79,0.00,0,0.0,0.0,0.0,0.00,0.00,1012.6,NaN
2020-08-24T06:00,11.0,3.60,92,78,0.00,0,0.0,0.0,0.0,0.00,0.00,1012.8,NaN
2020-08-24T07:00,10.9,3.30,92,78,0.00,1,2.0,0.0,2.0,0.00,0.00,1013.0,NaN
2020-08-24T08:00,12.4,3.61,85,76,0.00,1,108.0,462.8,37.0,0.00,0.00,1013.9,NaN
2020-08-24T09:00,15.0,3.03,82,69,0.00,1,298.0,617.1,77.0,0.00,0.00,1014.4,NaN
2020-08-24T10:00,16.9,3.01,84,60,0.00,1,487.0,739.1,93.0,0.00,0.00,1014.5,NaN
2020-08-24T11:00,18.0,2.20,93,55,0.00,1,640.0,798.0,109.0,0.00,0.00,1014.1,NaN
2020-08-24T12:00,18.7,1.27,135,53,0.00,1,730.0,830.8,110.0,0.00,0.00,1013.3,NaN
2020-08-24T13:00,19.1,1.92,189,53,0.00,1,759.0,834.9,116.0,0.00,0.00,1012.6,NaN
2020-08-24T14:00,19.0,3.31,205,56,0.00,1,728.0,850.0,103.0,0.00,0.00,1012.0,NaN
2020-08-24T15:00,18.2,4.70,207,62,0.00,1,631.0,826.0,99.0,0.00,0.00,1011.6,NaN
2020-08-24T16:00,17.5,4.95,194,63,0.00,1,476.0,791.5,78.0,0.00,0.00,1011.5,NaN
2020-08-24T17:00,16.9,4.60,181,64,0.00,1,277.0,672.5,61.0,0.00,0.00,1011.6,NaN
2020-08-24T18:00,15.6,3.95,171,67,0.00,1,76.0,375.4,26.0,0.00,0.00,1012.0,NaN
2020-08-24T19:00,14.9,3.76,163,70,0.00,0,0.0,0.0,0.0,0.00,0.00,1012.5,NaN
2020-08-24T20:00,14.5,3.14,158,75,0.00,0,0.0,0.0,0.0,0.00,0.00,1013.2,NaN
2020-08-24T21:00,13.8,2.78,150,81,0.00,0,0.0,0.0,0.0,0.00,0.00,1013.5,NaN
2020-08-24T22:00,13.6,2.97,135,84,0.00,0,0.0,0.0,0.0,0.00,0.00,1013.5,NaN
2020-08-24T23:00,13.4,3.26,130,87,0.00,0,0.0,0.0,0.0,0.00,0.00,1013.3,NaN
2020-08-25T00:00,13.1,3.06,128,88,0.00,0,0.0,0.0,0.0,0.00,0.00,1013.1,NaN
2020-08-25T01:00,12.6,2.83,122,88,0.00,0,0.0,0.0,0.0,0.00,0.00,1012.8,NaN
2020-08-25T02:00,11.8,2.33,115,88,0.00,0,0.0,0.0,0.0,0.00,0.00,1012.7,NaN
2020-08-25T03:00,11.2,2.16,103,87,0.00,0,0.0,0.0,0.0,0.00,0.00,1012.3,NaN
2020-08-25T04:00,10.5,2.00,87,87,0.00,0,0.0,0.0,0.0,0.00,0.00,1012.5,NaN
2020-08-25T05:00,10.0,2.01,84,86,0.00,0,0.0,0.0,0.0,0.00,0.00,1012.8,NaN
2020-08-25T06:00,9.6,1.91,84,86,0.00,0,0.0,0.0,0.0,0.00,0.00,1013.1,NaN
2020-08-25T07:00,9.6,1.90,90,85,0.00,1,2.0,19.1,1.0,0.00,0.00,1013.8,NaN
2020-08-25T08:00,12.5,2.60,106,76,0.00,1,114.0,491.4,37.0,0.00,0.00,1014.7,NaN
2020-08-25T09:00,15.3,1.92,129,69,0.00,1,319.0,698.2,66.0,0.00,0.00,1014.9,NaN
2020-08-25T10:00,17.5,2.26,167,65,0.00,1,517.0,820.8,76.0,0.00,0.00,1014.9,NaN
2020-08-25T11:00,18.7,3.21,184,62,0.00,1,668.0,872.1,84.0,0.00,0.00,1014.6,NaN
2020-08-25T12:00,19.3,4.18,191,61,0.00,1,762.0,898.3,88.0,0.00,0.00,1014.1,NaN
2020-08-25T13:00,19.7,4.96,189,58,0.00,1,791.0,907.1,89.0,0.00,0.00,1013.6,NaN
2020-08-25T14:00,19.7,5.36,189,54,0.00,1,750.0,898.9,86.0,0.00,0.00,1013.3,NaN
2020-08-25T15:00,19.2,5.56,188,53,0.00,1,644.0,869.9,81.0,0.00,0.00,1013.3,NaN
2020-08-25T16:00,18.5,5.41,184,56,0.00,1,482.0,808.9,73.0,0.00,0.00,1013.3,NaN
2020-08-25T17:00,17.7,5.11,183,63,0.00,1,281.0,683.0,60.0,0.00,0.00,1013.7,NaN
2020-08-25T18:00,16.6,4.40,181,67,0.00,1,78.0,379.7,27.0,0.00,0.00,1014.3,NaN
2020-08-25T19:00,16.0,3.92,174,70,0.00,0,0.0,0.0,0.0,0.00,0.00,1014.9,NaN
2020-08-25T20:00,15.4,3.35,163,73,0.00,0,0.0,0.0,0.0,0.00,0.00,1016.0,NaN
2020-08-25T21:00,14.8,3.18,156,75,0.00,0,0.0,0.0,0.0,0.00,0.00,1016.4,NaN
2020-08-25T22:00,14.2,2.83,148,79,0.00,0,0.0,0.0,0.0,0.00,0.00,1016.3,NaN
2020-08-25T23:00,13.8,2.84,141,81,0.00,0,0.0,0.0,0.0,0.00,0.00,1016.5,NaN
2020-08-26T00:00,13.4,3.18,134,82,0.00,0,0.0,0.0,0.0,0.00,0.00,1016.3,NaN
2020-08-26T01:00,13.3,4.03,136,79,0.00,0,0.0,0.0,0.0,0.00,0.00,1016.3,NaN
2020-08-26T02:00,13.5,5.14,143,71,0.00,0,0.0,0.0,0.0,0.00,0.00,1016.3,NaN
2020-08-26T03:00,13.4,5.26,141,67,0.00,0,0.0,0.0,0.0,0.00,0.00,1016.1,NaN
2020-08-26T04:00,12.8,4.95,133,68,0.00,0,0.0,0.0,0.0,0.00,0.00,1016.2,NaN
2020-08-26T05:00,12.0,4.47,124,70,0.00,0,0.0,0.0,0.0,0.00,0.00,1016.4,NaN
2020-08-26T06:00,11.4,3.81,120,72,0.00,0,0.0,0.0,0.0,0.00,0.00,1016.8,NaN
2020-08-26T07:00,11.1,3.49,114,73,0.00,1,3.0,19.1,2.0,0.00,0.00,1017.6,NaN
2020-08-26T08:00,13.0,4.18,107,71,0.00,1,120.0,516.0,37.0,0.00,0.00,1018.4,NaN
2020-08-26T09:00,15.6,3.99,112,65,0.00,1,332.0,733.8,63.0,0.00,0.00,1018.9,NaN
2020-08-26T10:00,17.9,3.98,118,59,0.00,1,532.0,843.8,75.0,0.00,0.00,1018.7,NaN
2020-08-26T11:00,19.2,4.89,139,50,0.00,1,683.0,887.5,85.0,0.00,0.00,1018.3,NaN
2020-08-26T12:00,19.9,5.19,155,48,0.00,1,777.0,914.7,87.0,0.00,0.00,1017.6,NaN
2020-08-26T13:00,20.2,5.30,169,49,0.00,1,805.0,922.0,88.0,0.00,0.00,1017.0,NaN
2020-08-26T14:00,19.9,5.91,183,56,0.00,1,764.0,913.5,86.0,0.00,0.00,1016.1,NaN
2020-08-26T15:00,19.3,6.72,184,62,0.00,1,655.0,881.1,82.0,0.00,0.00,1015.6,NaN
2020-08-26T16:00,18.5,6.90,181,65,0.00,1,489.0,818.4,73.0,0.00,0.00,1015.6,NaN
2020-08-26T17:00,18.0,6.26,172,67,0.00,1,285.0,693.4,59.0,0.00,0.00,1015.8,NaN
2020-08-26T18:00,16.9,5.00,164,70,0.00,1,80.0,391.2,27.0,0.00,0.00,1016.2,NaN
2020-08-26T19:00,16.1,4.20,155,74,0.00,0,0.0,0.0,0.0,0.00,0.00,1016.7,NaN
2020-08-26T20:00,15.4,3.97,146,79,0.00,0,0.0,0.0,0.0,0.00,0.00,1017.3,NaN
2020-08-26T21:00,14.8,3.72,144,82,0.00,0,0.0,0.0,0.0,0.00,0.00,1017.5,NaN
2020-08-26T22:00,14.3,3.94,144,85,0.00,0,0.0,0.0,0.0,0.00,0.00,1017.5,NaN
2020-08-26T23:00,13.7,3.98,141,85,0.00,0,0.0,0.0,0.0,0.00,0.00,1016.9,NaN
2020-08-27T00:00,13.0,4.04,138,83,0.00,0,0.0,0.0,0.0,0.00,0.00,1016.3,NaN
2020-08-27T01:00,12.6,4.24,137,80,0.00,0,0.0,0.0,0.0,0.00,0.00,1015.9,NaN
2020-08-27T02:00,12.1,4.11,131,78,0.00,0,0.0,0.0,0.0,0.00,0.00,1015.5,NaN
2020-08-27T03:00,11.8,3.84,129,77,0.00,0,0.0,0.0,0.0,0.00,0.00,1015.0,NaN
2020-08-27T04:00,11.6,3.58,126,78,0.00,0,0.0,0.0,0.0,0.00,0.00,1014.7,NaN
2020-08-27T05:00,11.4,3.47,123,78,0.00,0,0.0,0.0,0.0,0.00,0.00,1014.7,NaN
2020-08-27T06:00,11.2,3.24,124,79,0.00,0,0.0,0.0,0.0,0.00,0.00,1014.8,NaN
2020-08-27T07:00,11.2,3.11,123,77,0.00,1,3.0,19.1,2.0,0.00,0.00,1015.1,NaN
2020-08-27T08:00,13.7,4.05,123,69,0.00,1,121.0,502.9,38.0,0.00,0.00,1015.3,NaN
2020-08-27T09:00,16.3,3.75,132,61,0.00,1,332.0,725.2,63.0,0.00,0.00,1015.1,NaN
2020-08-27T10:00,18.9,3.62,129,56,0.00,1,528.0,831.7,74.0,0.00,0.00,1014.5,NaN
2020-08-27T11:00,21.4,3.47,123,52,0.00,1,682.0,886.4,81.0,0.00,0.00,1013.5,NaN
2020-08-27T12:00,23.2,3.00,127,49,0.00,1,777.0,912.4,85.0,0.00,0.00,1012.5,NaN
2020-08-27T13:00,24.1,2.60,157,50,0.00,1,804.0,918.8,86.0,0.00,0.00,1011.5,NaN
2020-08-27T14:00,23.6,3.81,183,60,0.00,1,761.0,907.9,84.0,0.00,0.00,1010.6,NaN
2020-08-27T15:00,23.0,4.50,179,69,0.00,1,652.0,875.4,80.0,0.00,0.00,1009.7,NaN
2020-08-27T16:00,22.2,4.81,184,77,0.00,1,489.0,814.0,73.0,0.00,0.00,1009.4,NaN
2020-08-27T17:00,20.6,4.90,180,81,0.00,1,286.0,691.5,59.0,0.00,0.00,1009.4,NaN
2020-08-27T18:00,18.5,3.96,164,80,0.00,1,81.0,395.3,27.0,0.00,0.00,1009.7,NaN
2020-08-27T19:00,17.6,3.58,150,82,0.00,0,0.0,0.0,0.0,0.00,0.00,1009.5,NaN
2020-08-27T20:00,17.0,2.83,138,82,0.00,0,0.0,0.0,0.0,0.00,0.00,1010.0,NaN
2020-08-27T21:00,16.0,2.42,128,85,0.00,0,0.0,0.0,0.0,0.00,0.00,1009.9,NaN
2020-08-27T22:00,15.3,2.22,126,85,0.00,0,0.0,0.0,0.0,0.00,0.00,1009.4,NaN
2020-08-27T23:00,14.1,2.82,117,85,0.00,0,0.0,0.0,0.0,0.00,0.00,1008.3,NaN
2020-08-28T00:00,13.2,3.10,105,84,0.00,0,0.0,0.0,0.0,0.00,0.00,1007.7,NaN
2020-08-28T01:00,12.6,2.47,76,82,0.00,0,0.0,0.0,0.0,0.00,0.00,1007.4,NaN
2020-08-28T02:00,11.7,1.75,59,85,0.00,0,0.0,0.0,0.0,0.00,0.00,1006.9,NaN
2020-08-28T03:00,11.4,1.00,53,86,0.00,0,0.0,0.0,0.0,0.00,0.00,1006.3,NaN
2020-08-28T04:00,10.7,0.85,45,89,0.00,0,0.0,0.0,0.0,0.00,0.00,1005.8,NaN
2020-08-28T05:00,10.2,1.34,27,87,0.00,0,0.0,0.0,0.0,0.00,0.00,1005.9,NaN
2020-08-28T06:00,10.6,2.21,5,82,0.00,0,0.0,0.0,0.0,0.00,0.00,1006.4,NaN
2020-08-28T07:00,11.4,2.20,357,82,0.00,1,4.0,19.1,3.0,0.00,0.00,1006.9,NaN
2020-08-28T08:00,15.9,2.67,347,87,0.00,1,125.0,513.9,38.0,0.00,0.00,1007.6,NaN
2020-08-28T09:00,18.8,2.97,303,91,0.00,1,208.0,197.2,134.0,0.00,0.00,1008.3,NaN
2020-08-28T10:00,20.3,4.72,249,86,0.00,1,396.0,336.2,211.0,0.00,0.00,1008.6,NaN
2020-08-28T11:00,20.5,4.35,247,82,0.00,1,522.0,403.0,247.0,0.00,0.00,1008.6,NaN
2020-08-28T12:00,20.6,4.44,247,80,0.00,1,627.0,525.9,226.0,0.00,0.00,1008.5,NaN
2020-08-28T13:00,20.7,5.50,245,78,0.00,1,752.0,734.8,175.0,0.00,0.00,1008.2,NaN
2020-08-28T14:00,20.0,6.30,234,80,0.30,1,585.0,480.6,225.0,0.30,0.00,1008.1,NaN
2020-08-28T15:00,19.2,6.80,229,84,0.60,1,381.0,230.0,230.0,0.60,0.00,1008.5,NaN
2020-08-28T16:00,18.6,6.45,229,82,0.20,1,328.0,342.6,152.0,0.20,0.00,1009.0,NaN
2020-08-28T17:00,18.1,5.05,236,79,0.00,1,167.0,242.0,87.0,0.00,0.00,1009.3,NaN
2020-08-28T18:00,17.5,5.30,238,79,0.00,1,57.0,210.6,28.0,0.00,0.00,1010.1,NaN
2020-08-28T19:00,17.3,4.65,242,74,0.00,0,0.0,0.0,0.0,0.00,0.00,1011.1,NaN
2020-08-28T20:00,17.3,4.13,238,72,0.00,0,0.0,0.0,0.0,0.00,0.00,1011.9,NaN
2020-08-28T21:00,17.9,5.46,235,70,0.00,0,0.0,0.0,0.0,0.00,0.00,1012.2,NaN
2020-08-28T22:00,16.8,3.82,225,87,0.00,0,0.0,0.0,0.0,0.00,0.00,1012.3,NaN
2020-08-28T23:00,16.8,5.81,221,84,0.10,0,0.0,0.0,0.0,0.10,0.00,1012.2,NaN
2020-08-29T00:00,16.0,6.07,200,86,0.20,0,0.0,0.0,0.0,0.20,0.00,1012.4,NaN
2020-08-29T01:00,16.4,5.44,197,78,0.00,0,0.0,0.0,0.0,0.00,0.00,1012.5,NaN
2020-08-29T02:00,16.4,6.60,194,73,0.00,0,0.0,0.0,0.0,0.00,0.00,1012.6,NaN
2020-08-29T03:00,15.8,6.30,190,71,0.00,0,0.0,0.0,0.0,0.00,0.00,1012.7,NaN
2020-08-29T04:00,15.4,5.81,184,67,0.00,0,0.0,0.0,0.0,0.00,0.00,1012.8,NaN
2020-08-29T05:00,14.8,5.53,174,67,0.00,0,0.0,0.0,0.0,0.00,0.00,1013.3,NaN
2020-08-29T06:00,14.2,4.49,163,67,0.00,0,0.0,0.0,0.0,0.00,0.00,1013.7,NaN
2020-08-29T07:00,13.6,3.76,155,69,0.00,1,4.0,18.4,3.0,0.00,0.00,1014.3,NaN
2020-08-29T08:00,14.7,3.12,130,70,0.00,1,119.0,437.8,43.0,0.00,0.00,1015.3,NaN
2020-08-29T09:00,15.6,3.09,115,65,0.00,1,208.0,226.5,122.0,0.00,0.00,1015.8,NaN
2020-08-29T10:00,16.5,4.16,117,58,0.00,1,397.0,306.5,227.0,0.00,0.00,1015.9,NaN
2020-08-29T11:00,17.3,4.66,149,52,0.00,1,479.0,187.9,350.0,0.00,0.00,1015.7,NaN
2020-08-29T12:00,17.9,5.09,160,49,0.00,1,601.0,318.3,357.0,0.00,0.00,1015.1,NaN
2020-08-29T13:00,18.3,4.93,162,48,0.00,1,632.0,428.4,294.0,0.00,0.00,1014.5,NaN
2020-08-29T14:00,18.4,5.10,169,47,0.00,1,642.0,475.7,284.0,0.00,0.00,1014.0,NaN
2020-08-29T15:00,18.5,4.87,171,47,0.00,1,606.0,679.2,158.0,0.00,0.00,1013.8,NaN
2020-08-29T16:00,18.1,5.42,175,50,0.00,1,476.0,720.3,104.0,0.00,0.00,1013.7,NaN
2020-08-29T17:00,17.0,5.61,176,59,0.00,1,291.0,684.8,63.0,0.00,0.00,1014.2,NaN
2020-08-29T18:00,15.6,5.36,171,63,0.00,1,84.0,388.9,30.0,0.00,0.00,1014.5,NaN
2020-08-29T19:00,14.9,5.79,162,66,0.00,0,0.0,0.0,0.0,0.00,0.00,1015.2,NaN
2020-08-29T20:00,14.7,5.64,150,67,0.00,0,0.0,0.0,0.0,0.00,0.00,1015.8,NaN
2020-08-29T21:00,14.1,5.12,141,70,0.00,0,0.0,0.0,0.0,0.00,0.00,1016.0,NaN
2020-08-29T22:00,12.8,3.48,129,75,0.00,0,0.0,0.0,0.0,0.00,0.00,1015.8,NaN
2020-08-29T23:00,12.1,3.54,119,65,0.00,0,0.0,0.0,0.0,0.00,0.00,1015.5,NaN
2020-08-30T00:00,11.9,3.86,121,59,0.00,0,0.0,0.0,0.0,0.00,0.00,1015.4,NaN
2020-08-30T01:00,11.4,3.86,121,61,0.00,0,0.0,0.0,0.0,0.00,0.00,1014.9,NaN
2020-08-30T02:00,10.7,3.98,118,63,0.00,0,0.0,0.0,0.0,0.00,0.00,1014.8,NaN
2020-08-30T03:00,10.1,3.90,113,65,0.00,0,0.0,0.0,0.0,0.00,0.00,1014.4,NaN
2020-08-30T04:00,9.8,4.15,105,63,0.00,0,0.0,0.0,0.0,0.00,0.00,1014.2,NaN
2020-08-30T05:00,9.6,4.37,101,61,0.00,0,0.0,0.0,0.0,0.00,0.00,1014.2,NaN
2020-08-30T06:00,9.6,4.61,94,59,0.00,0,0.0,0.0,0.0,0.00,0.00,1014.2,NaN
2020-08-30T07:00,9.9,5.10,88,59,0.00,1,5.0,35.4,3.0,0.00,0.00,1014.3,NaN
2020-08-30T08:00,11.9,6.36,82,57,0.00,1,139.0,550.8,41.0,0.00,0.00,1014.7,NaN
2020-08-30T09:00,14.6,6.49,80,50,0.00,1,360.0,768.1,65.0,0.00,0.00,1014.7,NaN
2020-08-30T10:00,17.0,6.50,76,45,0.00,1,563.0,869.4,77.0,0.00,0.00,1014.4,NaN
2020-08-30T11:00,19.2,6.23,71,40,0.00,1,720.0,922.0,83.0,0.00,0.00,1013.8,NaN
2020-08-30T12:00,20.9,5.39,68,36,0.00,1,817.0,947.3,87.0,0.00,0.00,1012.9,NaN
2020-08-30T13:00,22.2,4.47,63,33,0.00,1,843.0,953.6,87.0,0.00,0.00,1012.0,NaN
2020-08-30T14:00,23.1,3.18,66,31,0.00,1,798.0,943.1,85.0,0.00,0.00,1011.2,NaN
2020-08-30T15:00,23.5,2.01,84,30,0.00,1,686.0,913.0,81.0,0.00,0.00,1010.7,NaN
2020-08-30T16:00,22.7,1.73,190,40,0.00,1,515.0,851.4,73.0,0.00,0.00,1010.5,NaN
2020-08-30T17:00,19.6,4.34,206,66,0.00,1,305.0,730.8,60.0,0.00,0.00,1010.4,NaN
2020-08-30T18:00,16.7,4.55,189,74,0.00,1,90.0,435.9,29.0,0.00,0.00,1010.7,NaN
2020-08-30T19:00,16.3,3.79,168,71,0.00,0,0.0,0.0,0.0,0.00,0.00,1011.1,NaN
2020-08-30T20:00,15.1,3.14,149,79,0.00,0,0.0,0.0,0.0,0.00,0.00,1011.5,NaN
2020-08-30T21:00,13.9,2.62,133,79,0.00,0,0.0,0.0,0.0,0.00,0.00,1011.6,NaN
2020-08-30T22:00,12.5,2.16,124,81,0.00,0,0.0,0.0,0.0,0.00,0.00,1011.3,NaN
2020-08-30T23:00,10.6,2.33,100,83,0.00,0,0.0,0.0,0.0,0.00,0.00,1010.8,NaN
2020-08-31T00:00,10.2,1.58,72,77,0.00,0,0.0,0.0,0.0,0.00,0.00,1010.3,NaN
2020-08-31T01:00,10.8,0.58,59,68,0.00,0,0.0,0.0,0.0,0.00,0.00,1009.7,NaN
2020-08-31T02:00,12.2,0.28,45,63,0.00,0,0.0,0.0,0.0,0.00,0.00,1009.1,NaN
2020-08-31T03:00,14.5,0.40,360,59,0.00,0,0.0,0.0,0.0,0.00,0.00,1008.9,NaN
2020-08-31T04:00,14.8,0.41,14,66,0.00,0,0.0,0.0,0.0,0.00,0.00,1008.7,NaN
2020-08-31T05:00,15.0,0.45,27,73,0.00,0,0.0,0.0,0.0,0.00,0.00,1008.7,NaN
2020-08-31T06:00,15.3,0.50,37,77,0.00,0,0.0,0.0,0.0,0.00,0.00,1008.9,NaN
2020-08-31T07:00,15.9,0.91,84,78,0.00,1,6.0,34.1,4.0,0.00,0.00,1009.3,NaN
2020-08-31T08:00,17.3,2.06,219,85,0.00,1,136.0,521.1,41.0,0.00,0.00,1009.7,NaN
2020-08-31T09:00,18.7,2.70,219,77,0.00,1,348.0,725.8,66.0,0.00,0.00,1009.8,NaN
2020-08-31T10:00,19.3,2.58,234,73,0.00,1,545.0,827.1,79.0,0.00,0.00,1009.6,NaN
2020-08-31T11:00,19.8,2.66,250,69,0.00,1,696.0,876.1,87.0,0.00,0.00,1009.3,NaN
2020-08-31T12:00,19.9,3.28,258,67,0.00,1,792.0,908.8,88.0,0.00,0.00,1008.7,NaN
2020-08-31T13:00,19.7,4.05,254,66,0.00,1,819.0,916.4,89.0,0.00,0.00,1008.5,NaN
2020-08-31T14:00,19.5,4.81,253,66,0.00,1,775.0,906.0,87.0,0.00,0.00,1008.3,NaN
2020-08-31T15:00,19.2,5.03,253,67,0.00,1,664.0,869.8,85.0,0.00,0.00,1008.4,NaN
2020-08-31T16:00,18.8,5.34,257,67,0.00,1,487.0,768.5,86.0,0.00,0.00,1008.0,NaN
2020-08-31T17:00,18.2,4.97,255,69,0.00,1,258.0,497.7,90.0,0.00,0.00,1007.8,NaN
2020-08-31T18:00,17.3,3.91,257,73,0.00,1,72.0,276.5,33.0,0.00,0.00,1007.8,NaN
2020-08-31T19:00,15.0,2.00,307,84,0.00,0,0.0,0.0,0.0,0.00,0.00,1007.7,NaN
2020-08-31T20:00,16.3,2.58,306,81,0.00,0,0.0,0.0,0.0,0.00,0.00,1007.4,NaN
2020-08-31T21:00,17.1,3.77,302,80,0.00,0,0.0,0.0,0.0,0.00,0.00,1007.4,NaN
2020-08-31T22:00,17.7,5.19,289,78,0.00,0,0.0,0.0,0.0,0.00,0.00,1007.1,NaN
2020-08-31T23:00,18.0,6.25,277,74,0.00,0,0.0,0.0,0.0,0.00,0.00,1006.9,NaN
2020-09-01T00:00,17.8,6.24,286,74,0.00,0,0.0,0.0,0.0,0.00,0.00,1006.5,NaN
2020-09-01T01:00,17.7,6.62,285,76,0.00,0,0.0,0.0,0.0,0.00,0.00,1006.1,NaN
2020-09-01T02:00,16.0,7.97,252,92,1.20,0,0.0,0.0,0.0,1.20,0.00,1006.1,NaN
2020-09-01T03:00,15.8,7.18,231,88,0.70,0,0.0,0.0,0.0,0.70,0.00,1006.2,NaN
2020-09-01T04:00,15.0,7.85,236,88,1.20,0,0.0,0.0,0.0,1.20,0.00,1006.8,NaN
2020-09-01T05:00,15.3,8.02,234,79,0.40,0,0.0,0.0,0.0,0.40,0.00,1007.3,NaN
2020-09-01T06:00,15.4,8.46,231,70,0.00,0,0.0,0.0,0.0,0.00,0.00,1007.7,NaN
2020-09-01T07:00,15.2,7.41,238,60,0.00,1,5.0,32.8,3.0,0.00,0.00,1008.3,NaN
2020-09-01T08:00,16.2,7.39,240,59,0.00,1,126.0,444.5,43.0,0.00,0.00,1009.0,NaN
2020-09-01T09:00,17.2,7.92,244,52,0.00,1,263.0,424.9,96.0,0.00,0.00,1009.6,NaN
2020-09-01T10:00,17.7,8.23,244,53,0.00,1,457.0,574.1,131.0,0.00,0.00,1010.0,NaN
2020-09-01T11:00,17.9,7.97,246,53,0.00,1,524.0,487.5,183.0,0.00,0.00,1010.0,NaN
2020-09-01T12:00,18.1,8.13,249,53,0.00,1,600.0,470.0,234.0,0.00,0.00,1009.7,NaN
2020-09-01T13:00,17.6,8.37,245,58,0.20,1,524.0,349.8,244.0,0.20,0.00,1009.4,NaN
2020-09-01T14:00,17.4,7.78,242,61,0.20,1,514.0,347.4,249.0,0.20,0.00,1008.7,NaN
2020-09-01T15:00,17.9,7.21,236,53,0.10,1,485.0,501.0,150.0,0.10,0.00,1008.2,NaN
2020-09-01T16:00,17.3,6.94,234,54,0.00,1,277.0,150.6,198.0,0.00,0.00,1008.1,NaN
2020-09-01T17:00,16.9,6.44,234,55,0.00,1,248.0,520.8,71.0,0.00,0.00,1008.2,NaN
2020-09-01T18:00,16.0,5.58,234,60,0.00,1,75.0,295.4,33.0,0.00,0.00,1008.3,NaN
2020-09-01T19:00,15.8,5.30,234,59,0.00,0,0.0,0.0,0.0,0.00,0.00,1008.8,NaN
2020-09-01T20:00,15.9,5.00,233,62,0.00,0,0.0,0.0,0.0,0.00,0.00,1009.6,NaN
2020-09-01T21:00,15.2,4.92,232,70,0.00,0,0.0,0.0,0.0,0.00,0.00,1009.7,NaN
2020-09-01T22:00,15.5,4.61,240,68,0.00,0,0.0,0.0,0.0,0.00,0.00,1009.6,NaN
2020-09-01T23:00,15.4,4.88,242,69,0.00,0,0.0,0.0,0.0,0.00,0.00,1009.5,NaN
2020-09-02T00:00,15.3,4.35,247,68,0.00,0,0.0,0.0,0.0,0.00,0.00,1009.3,NaN
2020-09-02T01:00,15.4,5.52,238,69,0.00,0,0.0,0.0,0.0,0.00,0.00,1008.9,NaN
2020-09-02T02:00,15.4,5.08,238,68,0.00,0,0.0,0.0,0.0,0.00,0.00,1008.3,NaN
2020-09-02T03:00,15.6,5.22,234,67,0.00,0,0.0,0.0,0.0,0.00,0.00,1007.9,NaN
2020-09-02T04:00,15.3,5.58,234,68,0.00,0,0.0,0.0,0.0,0.00,0.00,1007.7,NaN
2020-09-02T05:00,16.0,5.11,230,63,0.00,0,0.0,0.0,0.0,0.00,0.00,1008.0,NaN
2020-09-02T06:00,15.6,5.53,229,64,0.00,0,0.0,0.0,0.0,0.00,0.00,1008.7,NaN
2020-09-02T07:00,16.1,5.11,230,60,0.00,1,3.0,0.0,3.0,0.00,0.00,1009.2,NaN
2020-09-02T08:00,16.8,4.90,231,63,0.00,1,83.0,78.5,68.0,0.00,0.00,1009.2,NaN
2020-09-02T09:00,17.6,6.05,236,58,0.00,1,273.0,427.7,103.0,0.00,0.00,1010.0,NaN
2020-09-02T10:00,17.8,5.99,237,57,0.00,1,249.0,106.6,188.0,0.00,0.00,1010.7,NaN
2020-09-02T11:00,17.2,6.06,232,68,0.00,1,351.0,164.8,235.0,0.00,0.00,1011.2,NaN
2020-09-02T12:00,17.6,5.87,240,67,0.20,1,464.0,237.6,278.0,0.20,0.00,1010.9,NaN
2020-09-02T13:00,17.8,5.28,241,67,0.00,1,540.0,332.0,273.0,0.00,0.00,1010.6,NaN
2020-09-02T14:00,17.8,5.69,239,64,0.00,1,495.0,306.7,260.0,0.00,0.00,1010.2,NaN
2020-09-02T15:00,17.0,5.22,234,70,0.10,1,316.0,186.1,191.0,0.10,0.00,1010.4,NaN
2020-09-02T16:00,16.9,4.36,233,71,0.10,1,282.0,184.0,185.0,0.10,0.00,1010.4,NaN
2020-09-02T17:00,16.7,4.05,237,71,0.00,1,168.0,198.8,100.0,0.00,0.00,1010.7,NaN
2020-09-02T18:00,16.1,1.84,241,74,0.00,1,51.0,153.6,29.0,0.00,0.00,1011.2,NaN
2020-09-02T19:00,15.0,1.66,237,79,0.10,0,0.0,0.0,0.0,0.10,0.00,1011.6,NaN
2020-09-02T20:00,14.5,2.28,218,81,0.10,0,0.0,0.0,0.0,0.10,0.00,1012.0,NaN
2020-09-02T21:00,15.7,1.70,220,71,0.00,0,0.0,0.0,0.0,0.00,0.00,1012.2,NaN
2020-09-02T22:00,15.7,1.71,201,70,0.00,0,0.0,0.0,0.0,0.00,0.00,1012.5,NaN
2020-09-02T23:00,16.0,1.63,169,68,0.00,0,0.0,0.0,0.0,0.00,0.00,1012.4,NaN
2020-09-03T00:00,15.6,1.27,135,69,0.00,0,0.0,0.0,0.0,0.00,0.00,1012.1,NaN
2020-09-03T01:00,14.5,1.43,115,73,0.00,0,0.0,0.0,0.0,0.00,0.00,1012.1,NaN
2020-09-03T02:00,12.4,1.65,104,82,0.00,0,0.0,0.0,0.0,0.00,0.00,1011.8,NaN
2020-09-03T03:00,11.2,1.73,80,87,0.00,0,0.0,0.0,0.0,0.00,0.00,1011.3,NaN
2020-09-03T04:00,11.4,1.80,56,88,0.00,0,0.0,0.0,0.0,0.00,0.00,1011.0,NaN
2020-09-03T05:00,10.7,2.14,53,90,0.00,0,0.0,0.0,0.0,0.00,0.00,1011.1,NaN
2020-09-03T06:00,10.4,1.80,56,90,0.00,0,0.0,0.0,0.0,0.00,0.00,1011.6,NaN
2020-09-03T07:00,10.3,2.00,53,90,0.00,1,8.0,45.9,5.0,0.00,0.00,1011.9,NaN
2020-09-03T08:00,13.9,2.66,56,82,0.00,1,140.0,460.1,50.0,0.00,0.00,1013.0,NaN
2020-09-03T09:00,16.5,2.28,52,72,0.00,1,309.0,430.4,136.0,0.00,0.00,1013.8,NaN
2020-09-03T10:00,17.9,0.86,36,64,0.00,1,501.0,572.2,171.0,0.00,0.00,1014.0,NaN
2020-09-03T11:00,18.7,0.78,230,61,0.00,1,646.0,632.7,198.0,0.00,0.00,1013.7,NaN
2020-09-03T12:00,19.2,1.92,231,57,0.00,1,712.0,610.0,232.0,0.00,0.00,1013.5,NaN
2020-09-03T13:00,18.9,4.02,235,64,0.00,1,700.0,531.0,271.0,0.00,0.00,1012.9,NaN
2020-09-03T14:00,18.3,4.64,233,65,0.00,1,613.0,405.4,301.0,0.00,0.00,1012.4,NaN
2020-09-03T15:00,18.5,4.39,227,63,0.00,1,560.0,446.1,259.0,0.00,0.00,1012.3,NaN
2020-09-03T16:00,18.1,4.48,219,66,0.00,1,396.0,349.3,211.0,0.00,0.00,1012.3,NaN
2020-09-03T17:00,17.4,3.58,207,70,0.00,1,272.0,496.5,101.0,0.00,0.00,1012.5,NaN
2020-09-03T18:00,16.0,1.92,189,79,0.00,1,76.0,214.8,45.0,0.00,0.00,1012.6,NaN
2020-09-03T19:00,14.7,1.65,166,86,0.00,0,0.0,0.0,0.0,0.00,0.00,1012.7,NaN
2020-09-03T20:00,14.1,1.94,125,89,0.00,0,0.0,0.0,0.0,0.00,0.00,1013.0,NaN
2020-09-03T21:00,13.9,1.61,97,88,0.00,0,0.0,0.0,0.0,0.00,0.00,1013.2,NaN
2020-09-03T22:00,13.4,1.71,97,89,0.00,0,0.0,0.0,0.0,0.00,0.00,1013.4,NaN
2020-09-03T23:00,13.2,1.84,103,90,0.00,0,0.0,0.0,0.0,0.00,0.00,1013.2,NaN
2020-09-04T00:00,13.0,1.92,99,90,0.00,0,0.0,0.0,0.0,0.00,0.00,1012.9,NaN
2020-09-04T01:00,12.3,1.91,96,91,0.00,0,0.0,0.0,0.0,0.00,0.00,1012.6,NaN
2020-09-04T02:00,11.9,2.01,96,90,0.00,0,0.0,0.0,0.0,0.00,0.00,1012.3,NaN
2020-09-04T03:00,11.8,2.20,93,90,0.00,0,0.0,0.0,0.0,0.00,0.00,1012.0,NaN
2020-09-04T04:00,11.7,2.40,90,89,0.00,0,0.0,0.0,0.0,0.00,0.00,1011.7,NaN
2020-09-04T05:00,11.6,2.60,92,89,0.00,0,0.0,0.0,0.0,0.00,0.00,1012.0,NaN
2020-09-04T06:00,11.7,3.01,94,89,0.00,0,0.0,0.0,0.0,0.00,0.00,1012.2,NaN
2020-09-04T07:00,11.9,3.41,93,88,0.00,1,9.0,59.2,5.0,0.00,0.00,1012.6,NaN
2020-09-04T08:00,14.0,4.10,87,82,0.00,1,152.0,529.7,46.0,0.00,0.00,1013.2,NaN
2020-09-04T09:00,16.6,3.71,95,73,0.00,1,368.0,735.6,69.0,0.00,0.00,1013.6,NaN
2020-09-04T10:00,18.6,3.23,106,64,0.00,1,566.0,836.2,80.0,0.00,0.00,1013.5,NaN
2020-09-04T11:00,19.9,2.47,122,59,0.00,1,718.0,885.9,87.0,0.00,0.00,1013.0,NaN
2020-09-04T12:00,20.8,2.24,170,57,0.00,1,810.0,910.4,90.0,0.00,0.00,1012.4,NaN
2020-09-04T13:00,20.7,3.86,197,61,0.00,1,834.0,914.3,92.0,0.00,0.00,1011.4,NaN
2020-09-04T14:00,20.1,4.81,197,69,0.00,1,785.0,891.4,96.0,0.00,0.00,1010.5,NaN
2020-09-04T15:00,19.6,5.75,193,70,0.00,1,676.0,870.6,86.0,0.00,0.00,1009.7,NaN
2020-09-04T16:00,18.6,5.84,187,69,0.00,1,509.0,811.6,77.0,0.00,0.00,1009.7,NaN
2020-09-04T17:00,18.1,5.10,179,70,0.00,1,302.0,689.5,63.0,0.00,0.00,1009.6,NaN
2020-09-04T18:00,17.0,4.33,173,77,0.00,1,93.0,419.4,32.0,0.00,0.00,1009.6,NaN
2020-09-04T19:00,16.1,4.08,163,82,0.00,0,0.0,0.0,0.0,0.00,0.00,1009.8,NaN
2020-09-04T20:00,15.3,3.24,146,84,0.00,0,0.0,0.0,0.0,0.00,0.00,1010.1,NaN
2020-09-04T21:00,14.4,2.80,145,89,0.00,0,0.0,0.0,0.0,0.00,0.00,1010.2,NaN
2020-09-04T22:00,14.1,2.83,138,90,0.00,0,0.0,0.0,0.0,0.00,0.00,1009.9,NaN
2020-09-04T23:00,13.5,2.48,130,90,0.00,0,0.0,0.0,0.0,0.00,0.00,1009.6,NaN
2020-09-05T00:00,13.1,2.61,122,89,0.00,0,0.0,0.0,0.0,0.00,0.00,1009.1,NaN
2020-09-05T01:00,12.7,2.51,119,88,0.00,0,0.0,0.0,0.0,0.00,0.00,1008.8,NaN
2020-09-05T02:00,12.3,2.34,110,88,0.00,0,0.0,0.0,0.0,0.00,0.00,1008.2,NaN
2020-09-05T03:00,11.7,2.04,101,89,0.00,0,0.0,0.0,0.0,0.00,0.00,1007.7,NaN
2020-09-05T04:00,11.1,1.91,96,90,0.00,0,0.0,0.0,0.0,0.00,0.00,1007.2,NaN
2020-09-05T05:00,10.6,1.70,93,91,0.00,0,0.0,0.0,0.0,0.00,0.00,1007.1,NaN
2020-09-05T06:00,9.9,1.90,87,92,0.00,0,0.0,0.0,0.0,0.00,0.00,1007.2,NaN
2020-09-05T07:00,11.1,1.71,83,89,0.00,1,10.0,57.3,6.0,0.00,0.00,1007.6,NaN
2020-09-05T08:00,14.3,2.38,105,81,0.00,1,156.0,542.6,45.0,0.00,0.00,1008.0,NaN
2020-09-05T09:00,17.2,1.78,128,73,0.00,1,373.0,744.5,67.0,0.00,0.00,1007.7,NaN
2020-09-05T10:00,19.1,1.71,187,68,0.00,1,572.0,843.6,78.0,0.00,0.00,1007.4,NaN
2020-09-05T11:00,19.7,3.11,213,68,0.00,1,724.0,891.8,85.0,0.00,0.00,1007.2,NaN
2020-09-05T12:00,19.6,3.94,210,68,0.00,1,815.0,913.4,89.0,0.00,0.00,1006.9,NaN
2020-09-05T13:00,19.6,4.16,207,69,0.00,1,838.0,917.5,90.0,0.00,0.00,1006.7,NaN
2020-09-05T14:00,19.5,3.94,207,74,0.00,1,792.0,905.6,89.0,0.00,0.00,1005.9,NaN
2020-09-05T15:00,19.3,3.76,209,78,0.00,1,678.0,871.2,85.0,0.00,0.00,1005.6,NaN
2020-09-05T16:00,18.9,3.36,210,79,0.00,1,505.0,794.6,80.0,0.00,0.00,1005.2,NaN
2020-09-05T17:00,18.3,3.45,210,79,0.00,1,297.0,653.5,69.0,0.00,0.00,1005.6,NaN
2020-09-05T18:00,16.8,1.88,205,84,0.00,1,92.0,402.7,33.0,0.00,0.00,1005.7,NaN
2020-09-05T19:00,14.6,2.42,187,90,0.00,0,0.0,0.0,0.0,0.00,0.00,1005.5,NaN
2020-09-05T20:00,14.8,1.97,156,86,0.00,0,0.0,0.0,0.0,0.00,0.00,1005.6,NaN
2020-09-05T21:00,16.3,1.08,124,80,0.00,0,0.0,0.0,0.0,0.00,0.00,1005.6,NaN
2020-09-05T22:00,15.9,0.70,90,80,0.00,0,0.0,0.0,0.0,0.00,0.00,1005.3,NaN
2020-09-05T23:00,13.8,0.58,59,86,0.00,0,0.0,0.0,0.0,0.00,0.00,1004.7,NaN
2020-09-06T00:00,12.5,1.22,35,91,0.00,0,0.0,0.0,0.0,0.00,0.00,1004.0,NaN
2020-09-06T01:00,12.7,1.66,25,91,0.00,0,0.0,0.0,0.0,0.00,0.00,1003.8,NaN
2020-09-06T02:00,12.6,1.84,13,92,0.00,0,0.0,0.0,0.0,0.00,0.00,1003.3,NaN
2020-09-06T03:00,13.0,2.20,357,92,0.00,0,0.0,0.0,0.0,0.00,0.00,1002.7,NaN
2020-09-06T04:00,13.2,2.11,355,92,0.00,0,0.0,0.0,0.0,0.00,0.00,1002.4,NaN
2020-09-06T05:00,13.7,2.41,355,91,0.00,0,0.0,0.0,0.0,0.00,0.00,1002.2,NaN
2020-09-06T06:00,14.3,2.69,345,90,0.00,0,0.0,0.0,0.0,0.00,0.00,1002.1,NaN
2020-09-06T07:00,14.9,2.94,342,90,0.00,1,9.0,41.6,6.0,0.00,0.00,1002.2,NaN
2020-09-06T08:00,17.0,3.62,332,84,0.00,1,130.0,344.4,58.0,0.00,0.00,1002.4,NaN
2020-09-06T09:00,19.0,5.44,302,72,0.00,1,374.0,729.3,71.0,0.00,0.00,1002.6,NaN
2020-09-06T10:00,19.7,6.44,303,68,0.00,1,520.0,627.1,150.0,0.00,0.00,1002.7,NaN
2020-09-06T11:00,20.3,6.99,304,65,0.00,1,669.0,678.4,180.0,0.00,0.00,1002.5,NaN
2020-09-06T12:00,20.5,7.74,297,65,0.00,1,743.0,649.7,224.0,0.00,0.00,1002.3,NaN
2020-09-06T13:00,20.3,7.74,297,65,0.00,1,688.0,533.6,251.0,0.00,0.00,1001.8,NaN
2020-09-06T14:00,20.2,7.79,299,67,0.10,1,567.0,301.4,332.0,0.10,0.00,1001.9,NaN
2020-09-06T15:00,19.5,6.95,293,76,0.10,1,328.0,96.6,262.0,0.10,0.00,1001.9,NaN
2020-09-06T16:00,19.2,7.19,291,81,0.20,1,246.0,124.7,179.0,0.20,0.00,1002.0,NaN
2020-09-06T17:00,19.0,5.91,304,82,0.00,1,180.0,242.1,95.0,0.00,0.00,1001.9,NaN
2020-09-06T18:00,18.6,5.88,305,84,0.00,1,63.0,182.9,36.0,0.00,0.00,1002.0,NaN
2020-09-06T19:00,18.5,5.55,293,85,0.00,0,0.0,0.0,0.0,0.00,0.00,1002.6,NaN
2020-09-06T20:00,18.4,5.81,312,81,0.00,0,0.0,0.0,0.0,0.00,0.00,1002.4,NaN
2020-09-06T21:00,17.8,5.80,314,86,0.00,0,0.0,0.0,0.0,0.00,0.00,1002.8,NaN
2020-09-06T22:00,18.0,5.95,312,86,0.00,0,0.0,0.0,0.0,0.00,0.00,1002.5,NaN
2020-09-06T23:00,17.8,7.02,296,90,0.20,0,0.0,0.0,0.0,0.20,0.00,1002.0,NaN
2020-09-07T00:00,17.7,7.16,285,90,0.60,0,0.0,0.0,0.0,0.60,0.00,1001.9,NaN
2020-09-07T01:00,17.5,6.11,273,91,0.50,0,0.0,0.0,0.0,0.50,0.00,1002.1,NaN
2020-09-07T02:00,17.3,5.17,223,92,1.30,0,0.0,0.0,0.0,1.30,0.00,1002.3,NaN
2020-09-07T03:00,16.6,6.41,214,92,1.00,0,0.0,0.0,0.0,1.00,0.00,1002.8,NaN
2020-09-07T04:00,16.3,6.38,215,89,0.60,0,0.0,0.0,0.0,0.60,0.00,1003.2,NaN
2020-09-07T05:00,16.2,5.76,219,87,0.80,0,0.0,0.0,0.0,0.80,0.00,1004.4,NaN
2020-09-07T06:00,16.4,5.71,213,78,0.30,0,0.0,0.0,0.0,0.30,0.00,1005.1,NaN
2020-09-07T07:00,16.3,5.82,209,73,0.00,1,5.0,0.0,5.0,0.00,0.00,1006.2,NaN
2020-09-07T08:00,16.2,5.41,205,73,0.00,1,33.0,0.0,33.0,0.00,0.00,1007.3,NaN
2020-09-07T09:00,17.1,5.15,204,65,0.00,1,154.0,111.9,107.0,0.00,0.00,1008.2,NaN
2020-09-07T10:00,17.9,5.46,206,60,0.00,1,465.0,494.6,171.0,0.00,0.00,1009.0,NaN
2020-09-07T11:00,18.3,4.88,203,58,0.00,1,649.0,706.2,137.0,0.00,0.00,1009.3,NaN
2020-09-07T12:00,18.4,4.65,199,55,0.00,1,712.0,686.4,161.0,0.00,0.00,1009.3,NaN
2020-09-07T13:00,18.3,4.78,200,52,0.00,1,691.0,543.4,244.0,0.00,0.00,1009.3,NaN
2020-09-07T14:00,18.2,4.65,199,50,0.00,1,704.0,675.7,175.0,0.00,0.00,1009.5,NaN
2020-09-07T15:00,18.0,4.37,196,49,0.00,1,673.0,809.9,117.0,0.00,0.00,1009.5,NaN
2020-09-07T16:00,17.6,3.88,192,49,0.00,1,515.0,783.4,92.0,0.00,0.00,1009.9,NaN
2020-09-07T17:00,17.0,3.61,185,51,0.00,1,308.0,673.6,70.0,0.00,0.00,1010.3,NaN
2020-09-07T18:00,15.3,2.41,175,58,0.00,1,98.0,430.5,34.0,0.00,0.00,1010.9,NaN
2020-09-07T19:00,14.3,2.62,162,62,0.00,0,1.0,0.0,1.0,0.00,0.00,1011.4,NaN
2020-09-07T20:00,13.3,2.28,142,68,0.00,0,0.0,0.0,0.0,0.00,0.00,1012.3,NaN
2020-09-07T21:00,12.3,2.19,114,69,0.00,0,0.0,0.0,0.0,0.00,0.00,1012.7,NaN
2020-09-07T22:00,12.2,2.42,114,65,0.00,0,0.0,0.0,0.0,0.00,0.00,1012.9,NaN
2020-09-07T23:00,11.9,2.28,113,66,0.00,0,0.0,0.0,0.0,0.00,0.00,1012.9,NaN
2020-09-08T00:00,11.4,2.06,104,68,0.00,0,0.0,0.0,0.0,0.00,0.00,1012.7,NaN
2020-09-08T01:00,11.0,2.10,90,70,0.00,0,0.0,0.0,0.0,0.00,0.00,1012.7,NaN
2020-09-08T02:00,10.9,2.50,88,70,0.00,0,0.0,0.0,0.0,0.00,0.00,1012.4,NaN
2020-09-08T03:00,10.9,2.90,88,68,0.00,0,0.0,0.0,0.0,0.00,0.00,1012.0,NaN
2020-09-08T04:00,11.0,3.21,86,67,0.00,0,0.0,0.0,0.0,0.00,0.00,1012.1,NaN
2020-09-08T05:00,11.0,3.11,94,69,0.00,0,0.0,0.0,0.0,0.00,0.00,1012.7,NaN
2020-09-08T06:00,11.0,3.42,97,70,0.00,0,0.0,0.0,0.0,0.00,0.00,1013.5,NaN
2020-09-08T07:00,11.6,4.00,93,69,0.00,1,13.0,78.3,7.0,0.00,0.00,1014.1,NaN
2020-09-08T08:00,14.0,4.50,90,67,0.00,1,162.0,490.8,55.0,0.00,0.00,1015.1,NaN
2020-09-08T09:00,15.9,4.49,102,61,0.00,1,326.0,504.2,112.0,0.00,0.00,1015.2,NaN
2020-09-08T10:00,17.6,4.43,108,52,0.00,1,562.0,768.2,102.0,0.00,0.00,1015.1,NaN
2020-09-08T11:00,19.0,3.81,113,51,0.00,1,735.0,866.7,103.0,0.00,0.00,1014.4,NaN
2020-09-08T12:00,20.2,2.86,126,49,0.00,1,834.0,909.9,100.0,0.00,0.00,1013.5,NaN
2020-09-08T13:00,21.0,2.34,160,48,0.00,1,858.0,920.0,98.0,0.00,0.00,1012.5,NaN
2020-09-08T14:00,20.8,4.24,188,52,0.00,1,803.0,885.4,107.0,0.00,0.00,1011.5,NaN
2020-09-08T15:00,19.8,5.79,190,58,0.00,1,699.0,887.8,87.0,0.00,0.00,1011.0,NaN
2020-09-08T16:00,18.9,6.53,185,63,0.00,1,527.0,825.8,79.0,0.00,0.00,1010.8,NaN
2020-09-08T17:00,17.7,6.01,177,65,0.00,1,315.0,705.9,64.0,0.00,0.00,1010.3,NaN
2020-09-08T18:00,16.5,4.93,162,67,0.00,1,100.0,440.8,34.0,0.00,0.00,1010.3,NaN
2020-09-08T19:00,15.8,4.19,147,69,0.00,0,1.0,0.0,1.0,0.00,0.00,1010.5,NaN
2020-09-08T20:00,15.0,3.83,131,71,0.00,0,0.0,0.0,0.0,0.00,0.00,1010.7,NaN
2020-09-08T21:00,14.2,3.00,116,73,0.00,0,0.0,0.0,0.0,0.00,0.00,1010.4,NaN
2020-09-08T22:00,13.1,2.02,110,77,0.00,0,0.0,0.0,0.0,0.00,0.00,1010.1,NaN
2020-09-08T23:00,11.6,2.93,98,82,0.00,0,0.0,0.0,0.0,0.00,0.00,1009.4,NaN
2020-09-09T00:00,15.0,1.80,56,61,0.00,0,0.0,0.0,0.0,0.00,0.00,1009.0,NaN
2020-09-09T01:00,15.0,1.73,10,58,0.00,0,0.0,0.0,0.0,0.00,0.00,1008.7,NaN
2020-09-09T02:00,11.3,2.37,332,75,0.00,0,0.0,0.0,0.0,0.00,0.00,1007.8,NaN
2020-09-09T03:00,11.3,2.19,336,78,0.00,0,0.0,0.0,0.0,0.00,0.00,1007.0,NaN
2020-09-09T04:00,11.3,2.16,13,74,0.00,0,0.0,0.0,0.0,0.00,0.00,1006.4,NaN
2020-09-09T05:00,12.4,2.43,9,66,0.00,0,0.0,0.0,0.0,0.00,0.00,1006.4,NaN
2020-09-09T06:00,12.9,2.82,343,68,0.00,0,0.0,0.0,0.0,0.00,0.00,1006.7,NaN
2020-09-09T07:00,13.7,2.85,342,76,0.00,1,14.0,88.8,7.0,0.00,0.00,1007.3,NaN
2020-09-09T08:00,17.3,3.34,321,85,0.00,1,170.0,539.4,50.0,0.00,0.00,1008.0,NaN
2020-09-09T09:00,18.9,4.52,295,77,0.00,1,349.0,599.2,92.0,0.00,0.00,1008.3,NaN
2020-09-09T10:00,19.6,3.89,296,73,0.00,1,537.0,663.2,137.0,0.00,0.00,1008.0,NaN
2020-09-09T11:00,20.1,4.22,292,70,0.00,1,704.0,785.5,128.0,0.00,0.00,1007.7,NaN
2020-09-09T12:00,20.7,4.25,294,65,0.00,1,816.0,889.5,95.0,0.00,0.00,1007.2,NaN
2020-09-09T13:00,21.1,3.98,295,57,0.00,1,802.0,829.2,114.0,0.00,0.00,1006.4,NaN
2020-09-09T14:00,21.5,3.26,297,53,0.00,1,764.0,828.6,110.0,0.00,0.00,1005.6,NaN
2020-09-09T15:00,22.0,2.73,298,51,0.00,1,675.0,846.6,89.0,0.00,0.00,1004.6,NaN
2020-09-09T16:00,22.0,2.28,293,55,0.00,1,513.0,798.2,78.0,0.00,0.00,1003.8,NaN
2020-09-09T17:00,21.0,2.02,279,65,0.00,1,307.0,679.2,64.0,0.00,0.00,1003.5,NaN
2020-09-09T18:00,18.2,1.61,277,79,0.00,1,98.0,431.1,33.0,0.00,0.00,1003.7,NaN
2020-09-09T19:00,17.4,2.55,312,80,0.00,0,1.0,0.0,1.0,0.00,0.00,1004.3,NaN
2020-09-09T20:00,16.7,2.84,321,84,0.00,0,0.0,0.0,0.0,0.00,0.00,1005.1,NaN
2020-09-09T21:00,17.3,4.12,331,72,0.00,0,0.0,0.0,0.0,0.00,0.00,1005.0,NaN
2020-09-09T22:00,18.0,5.10,325,71,0.00,0,0.0,0.0,0.0,0.00,0.00,1004.9,NaN
2020-09-09T23:00,18.2,5.78,323,76,0.00,0,0.0,0.0,0.0,0.00,0.00,1004.7,NaN
2020-09-10T00:00,18.5,6.04,321,82,0.00,0,0.0,0.0,0.0,0.00,0.00,1004.6,NaN
2020-09-10T01:00,18.0,6.36,307,94,0.30,0,0.0,0.0,0.0,0.30,0.00,1004.8,NaN
2020-09-10T02:00,18.6,5.83,292,89,0.20,0,0.0,0.0,0.0,0.20,0.00,1004.6,NaN
2020-09-10T03:00,18.1,5.77,279,88,0.10,0,0.0,0.0,0.0,0.10,0.00,1004.9,NaN
2020-09-10T04:00,17.3,6.50,247,90,0.30,0,0.0,0.0,0.0,0.30,0.00,1005.1,NaN
2020-09-10T05:00,17.0,5.40,219,88,0.30,0,0.0,0.0,0.0,0.30,0.00,1005.7,NaN
2020-09-10T06:00,16.6,4.24,195,88,0.10,0,0.0,0.0,0.0,0.10,0.00,1006.3,NaN
2020-09-10T07:00,16.8,4.10,193,86,0.00,1,7.0,12.3,6.0,0.00,0.00,1007.0,NaN
2020-09-10T08:00,16.9,4.02,199,82,0.00,1,64.0,30.8,57.0,0.00,0.00,1007.9,NaN
2020-09-10T09:00,17.5,4.39,204,73,0.00,1,114.0,11.5,109.0,0.00,0.00,1008.9,NaN
2020-09-10T10:00,17.4,5.31,200,73,0.00,1,200.0,51.0,169.0,0.00,0.00,1009.3,NaN
2020-09-10T11:00,17.9,4.66,195,70,0.00,1,350.0,153.2,237.0,0.00,0.00,1009.4,NaN
2020-09-10T12:00,18.1,4.54,194,69,0.00,1,410.0,185.4,259.0,0.00,0.00,1009.1,NaN
2020-09-10T13:00,18.6,4.97,195,68,0.00,1,686.0,507.7,263.0,0.00,0.00,1008.6,NaN
2020-09-10T14:00,18.4,4.81,192,66,0.00,1,630.0,583.0,168.0,0.00,0.00,1008.4,NaN
2020-09-10T15:00,18.3,4.46,189,63,0.00,1,619.0,669.1,154.0,0.00,0.00,1008.2,NaN
2020-09-10T16:00,17.8,4.61,184,63,0.00,1,444.0,558.9,138.0,0.00,0.00,1008.6,NaN
2020-09-10T17:00,17.1,5.20,181,63,0.00,1,304.0,639.0,74.0,0.00,0.00,1009.0,NaN
2020-09-10T18:00,15.9,4.90,179,66,0.00,1,97.0,395.1,37.0,0.00,0.00,1009.5,NaN
2020-09-10T19:00,15.4,4.84,173,67,0.00,0,1.0,0.0,1.0,0.00,0.00,1010.2,NaN
2020-09-10T20:00,14.8,4.37,164,69,0.00,0,0.0,0.0,0.0,0.00,0.00,1011.0,NaN
2020-09-10T21:00,14.4,3.68,158,70,0.00,0,0.0,0.0,0.0,0.00,0.00,1011.2,NaN
2020-09-10T22:00,13.8,3.28,149,72,0.00,0,0.0,0.0,0.0,0.00,0.00,1011.4,NaN
2020-09-10T23:00,13.4,2.98,140,72,0.00,0,0.0,0.0,0.0,0.00,0.00,1011.5,NaN
2020-09-11T00:00,12.9,3.05,131,72,0.00,0,0.0,0.0,0.0,0.00,0.00,1011.2,NaN
2020-09-11T01:00,12.8,3.11,123,68,0.00,0,0.0,0.0,0.0,0.00,0.00,1011.1,NaN
2020-09-11T02:00,12.7,3.62,129,61,0.00,0,0.0,0.0,0.0,0.00,0.00,1010.8,NaN
2020-09-11T03:00,12.6,3.72,126,61,0.00,0,0.0,0.0,0.0,0.00,0.00,1011.0,NaN
2020-09-11T04:00,12.3,3.72,121,63,0.00,0,0.0,0.0,0.0,0.00,0.00,1011.0,NaN
2020-09-11T05:00,12.2,3.77,122,62,0.00,0,0.0,0.0,0.0,0.00,0.00,1011.2,NaN
2020-09-11T06:00,12.1,3.71,117,60,0.00,0,0.0,0.0,0.0,0.00,0.00,1011.8,NaN
2020-09-11T07:00,12.4,3.81,113,60,0.00,1,16.0,84.0,9.0,0.00,0.00,1012.6,NaN
2020-09-11T08:00,14.2,4.68,110,61,0.00,1,163.0,466.8,55.0,0.00,0.00,1013.1,NaN
2020-09-11T09:00,16.1,4.30,115,58,0.00,1,338.0,582.5,83.0,0.00,0.00,1013.3,NaN
2020-09-11T10:00,18.0,3.89,132,53,0.00,1,528.0,647.3,132.0,0.00,0.00,1012.9,NaN
2020-09-11T11:00,19.1,3.83,160,50,0.00,1,647.0,674.3,147.0,0.00,0.00,1012.6,NaN
2020-09-11T12:00,19.5,5.04,187,51,0.00,1,738.0,710.0,157.0,0.00,0.00,1011.8,NaN
2020-09-11T13:00,18.9,6.81,190,54,0.00,1,743.0,687.2,168.0,0.00,0.00,1011.5,NaN
2020-09-11T14:00,18.4,7.37,188,53,0.00,1,677.0,648.6,161.0,0.00,0.00,1011.4,NaN
2020-09-11T15:00,18.1,7.47,188,54,0.00,1,573.0,564.6,179.0,0.00,0.00,1011.4,NaN
2020-09-11T16:00,17.3,7.65,187,59,0.00,1,348.0,229.1,222.0,0.00,0.00,1011.6,NaN
2020-09-11T17:00,16.7,7.86,187,65,0.00,1,275.0,488.8,98.0,0.00,0.00,1012.3,NaN
2020-09-11T18:00,15.7,7.57,188,75,0.00,1,81.0,307.4,34.0,0.00,0.00,1013.1,NaN
2020-09-11T19:00,16.2,7.41,182,69,0.00,0,1.0,0.0,1.0,0.00,0.00,1013.8,NaN
2020-09-11T20:00,16.0,6.91,178,73,0.00,0,0.0,0.0,0.0,0.00,0.00,1014.5,NaN
2020-09-11T21:00,15.8,6.64,174,75,0.00,0,0.0,0.0,0.0,0.00,0.00,1014.9,NaN
2020-09-11T22:00,15.6,6.55,173,76,0.00,0,0.0,0.0,0.0,0.00,0.00,1015.4,NaN
2020-09-11T23:00,15.3,6.71,170,78,0.00,0,0.0,0.0,0.0,0.00,0.00,1015.5,NaN
2020-09-12T00:00,15.0,6.04,164,79,0.00,0,0.0,0.0,0.0,0.00,0.00,1015.4,NaN
2020-09-12T01:00,14.8,5.63,160,80,0.00,0,0.0,0.0,0.0,0.00,0.00,1015.4,NaN
2020-09-12T02:00,14.3,5.72,153,78,0.00,0,0.0,0.0,0.0,0.00,0.00,1015.4,NaN
2020-09-12T03:00,13.6,6.40,141,71,0.00,0,0.0,0.0,0.0,0.00,0.00,1015.3,NaN
2020-09-12T04:00,13.2,6.44,137,70,0.00,0,0.0,0.0,0.0,0.00,0.00,1015.4,NaN
2020-09-12T05:00,12.7,5.80,134,69,0.00,0,0.0,0.0,0.0,0.00,0.00,1015.6,NaN
2020-09-12T06:00,12.0,5.23,137,70,0.00,0,0.0,0.0,0.0,0.00,0.00,1016.2,NaN
2020-09-12T07:00,12.0,5.52,135,69,0.00,1,20.0,116.8,10.0,0.00,0.00,1016.9,NaN
2020-09-12T08:00,13.5,5.59,133,65,0.00,1,196.0,610.5,52.0,0.00,0.00,1018.1,NaN
2020-09-12T09:00,15.5,6.18,141,54,0.00,1,424.0,798.3,71.0,0.00,0.00,1018.4,NaN
2020-09-12T10:00,17.1,6.74,148,47,0.00,1,626.0,879.8,84.0,0.00,0.00,1018.6,NaN
2020-09-12T11:00,18.3,6.58,156,44,0.00,1,782.0,926.7,91.0,0.00,0.00,1018.0,NaN
2020-09-12T12:00,19.2,6.68,163,42,0.00,1,874.0,948.8,94.0,0.00,0.00,1017.4,NaN
2020-09-12T13:00,19.6,6.86,172,42,0.00,1,895.0,952.2,95.0,0.00,0.00,1016.8,NaN
2020-09-12T14:00,19.1,8.00,180,47,0.00,1,843.0,940.2,92.0,0.00,0.00,1016.1,NaN
2020-09-12T15:00,18.6,8.50,179,52,0.00,1,723.0,906.4,88.0,0.00,0.00,1015.8,NaN
2020-09-12T16:00,18.1,8.68,172,54,0.00,1,546.0,843.6,80.0,0.00,0.00,1016.0,NaN
2020-09-12T17:00,17.8,8.28,168,58,0.00,1,330.0,721.9,67.0,0.00,0.00,1016.2,NaN
2020-09-12T18:00,16.8,7.13,165,62,0.00,1,109.0,467.7,37.0,0.00,0.00,1016.4,NaN
2020-09-12T19:00,16.2,6.80,160,69,0.00,0,1.0,0.0,1.0,0.00,0.00,1016.6,NaN
2020-09-12T20:00,15.7,6.22,154,73,0.00,0,0.0,0.0,0.0,0.00,0.00,1017.2,NaN
2020-09-12T21:00,14.8,5.02,149,77,0.00,0,0.0,0.0,0.0,0.00,0.00,1017.6,NaN
2020-09-12T22:00,13.9,3.94,144,76,0.00,0,0.0,0.0,0.0,0.00,0.00,1017.6,NaN
2020-09-12T23:00,13.6,3.72,144,63,0.00,0,0.0,0.0,0.0,0.00,0.00,1017.5,NaN
2020-09-13T00:00,13.1,3.72,144,57,0.00,0,0.0,0.0,0.0,0.00,0.00,1017.1,NaN
2020-09-13T01:00,12.6,3.91,140,55,0.00,0,0.0,0.0,0.0,0.00,0.00,1016.9,NaN
2020-09-13T02:00,12.3,3.96,135,54,0.00,0,0.0,0.0,0.0,0.00,0.00,1016.4,NaN
2020-09-13T03:00,12.0,3.76,130,54,0.00,0,0.0,0.0,0.0,0.00,0.00,1016.1,NaN
2020-09-13T04:00,12.0,3.66,125,53,0.00,0,0.0,0.0,0.0,0.00,0.00,1015.9,NaN
2020-09-13T05:00,12.2,3.67,119,52,0.00,0,0.0,0.0,0.0,0.00,0.00,1016.1,NaN
2020-09-13T06:00,12.3,3.85,115,52,0.00,0,0.0,0.0,0.0,0.00,0.00,1016.1,NaN
2020-09-13T07:00,12.8,3.98,108,55,0.00,1,21.0,125.1,10.0,0.00,0.00,1016.4,NaN
2020-09-13T08:00,15.8,4.75,98,54,0.00,1,196.0,598.9,52.0,0.00,0.00,1016.5,NaN
2020-09-13T09:00,18.9,4.96,99,49,0.00,1,424.0,788.0,72.0,0.00,0.00,1016.6,NaN
2020-09-13T10:00,21.1,4.63,104,44,0.00,1,629.0,880.1,83.0,0.00,0.00,1016.3,NaN
2020-09-13T11:00,22.6,4.33,109,40,0.00,1,784.0,927.0,89.0,0.00,0.00,1015.9,NaN
2020-09-13T12:00,23.7,4.00,122,39,0.00,1,873.0,943.2,94.0,0.00,0.00,1014.8,NaN
2020-09-13T13:00,24.4,3.91,148,39,0.00,1,889.0,941.1,95.0,0.00,0.00,1013.6,NaN
2020-09-13T14:00,24.2,5.18,170,43,0.00,1,834.0,925.3,92.0,0.00,0.00,1012.4,NaN
2020-09-13T15:00,23.1,6.40,178,54,0.00,1,715.0,891.5,88.0,0.00,0.00,1011.7,NaN
2020-09-13T16:00,22.2,7.30,181,61,0.00,1,539.0,827.3,80.0,0.00,0.00,1011.4,NaN
2020-09-13T17:00,19.8,8.60,181,68,0.00,1,325.0,706.8,66.0,0.00,0.00,1011.8,NaN
2020-09-13T18:00,18.4,8.88,168,71,0.00,1,108.0,458.1,37.0,0.00,0.00,1012.3,NaN
2020-09-13T19:00,18.3,8.43,170,78,0.00,0,1.0,0.0,1.0,0.00,0.00,1012.7,NaN
2020-09-13T20:00,18.0,7.79,164,79,0.00,0,0.0,0.0,0.0,0.00,0.00,1012.8,NaN
2020-09-13T21:00,17.7,7.04,157,81,0.00,0,0.0,0.0,0.0,0.00,0.00,1012.8,NaN
2020-09-13T22:00,17.0,5.69,149,81,0.00,0,0.0,0.0,0.0,0.00,0.00,1012.6,NaN
2020-09-13T23:00,16.4,4.61,139,73,0.00,0,0.0,0.0,0.0,0.00,0.00,1012.3,NaN
2020-09-14T00:00,16.1,3.97,131,56,0.00,0,0.0,0.0,0.0,0.00,0.00,1011.5,NaN
2020-09-14T01:00,16.2,3.72,121,45,0.00,0,0.0,0.0,0.0,0.00,0.00,1011.0,NaN
2020-09-14T02:00,17.0,4.18,107,39,0.00,0,0.0,0.0,0.0,0.00,0.00,1010.3,NaN
2020-09-14T03:00,18.3,6.11,93,31,0.00,0,0.0,0.0,0.0,0.00,0.00,1009.7,NaN
2020-09-14T04:00,18.5,7.32,86,29,0.00,0,0.0,0.0,0.0,0.00,0.00,1008.9,NaN
2020-09-14T05:00,18.4,8.52,81,28,0.00,0,0.0,0.0,0.0,0.00,0.00,1009.0,NaN
2020-09-14T06:00,18.2,8.75,79,27,0.00,0,0.0,0.0,0.0,0.00,0.00,1009.5,NaN
2020-09-14T07:00,18.1,8.34,80,29,0.00,1,23.0,133.0,11.0,0.00,0.00,1009.8,NaN
2020-09-14T08:00,19.3,8.23,74,35,0.00,1,197.0,595.9,51.0,0.00,0.00,1009.9,NaN
2020-09-14T09:00,22.2,7.84,71,34,0.00,1,419.0,771.3,71.0,0.00,0.00,1009.9,NaN
2020-09-14T10:00,24.9,7.29,63,34,0.00,1,618.0,859.6,81.0,0.00,0.00,1009.8,NaN
2020-09-14T11:00,27.2,6.02,54,33,0.00,1,746.0,818.5,129.0,0.00,0.00,1009.2,NaN
2020-09-14T12:00,28.3,4.40,51,33,0.00,1,645.0,417.0,299.0,0.00,0.00,1008.7,NaN
2020-09-14T13:00,29.6,2.33,47,32,0.00,1,761.0,711.8,158.0,0.00,0.00,1007.6,NaN
2020-09-14T14:00,30.1,0.92,13,32,0.00,1,774.0,769.0,155.0,0.00,0.00,1006.6,NaN
2020-09-14T15:00,28.0,3.74,214,48,0.00,1,674.0,773.3,128.0,0.00,0.00,1006.1,NaN
2020-09-14T16:00,24.2,6.26,193,54,0.00,1,437.0,486.3,166.0,0.00,0.00,1006.2,NaN
2020-09-14T17:00,23.1,4.00,183,55,0.00,1,203.0,230.6,118.0,0.00,0.00,1006.7,NaN
2020-09-14T18:00,22.0,3.81,177,56,0.00,1,68.0,166.7,42.0,0.00,0.00,1007.0,NaN
2020-09-14T19:00,20.6,3.52,165,61,0.00,0,1.0,0.0,1.0,0.00,0.00,1007.4,NaN
2020-09-14T20:00,19.5,3.05,157,63,0.00,0,0.0,0.0,0.0,0.00,0.00,1008.1,NaN
2020-09-14T21:00,19.1,3.74,146,64,0.00,0,0.0,0.0,0.0,0.00,0.00,1008.2,NaN
2020-09-14T22:00,18.7,3.32,136,65,0.00,0,0.0,0.0,0.0,0.00,0.00,1008.0,NaN
2020-09-14T23:00,18.2,2.78,128,65,0.00,0,0.0,0.0,0.0,0.00,0.00,1007.4,NaN
2020-09-15T00:00,17.0,2.66,124,67,0.00,0,0.0,0.0,0.0,0.00,0.00,1007.1,NaN
2020-09-15T01:00,18.8,1.17,250,60,0.00,0,0.0,0.0,0.0,0.00,0.00,1007.0,NaN
2020-09-15T02:00,18.2,0.41,346,67,0.00,0,0.0,0.0,0.0,0.00,0.00,1006.6,NaN
2020-09-15T03:00,15.7,1.30,337,77,0.00,0,0.0,0.0,0.0,0.00,0.00,1006.1,NaN
2020-09-15T04:00,17.0,1.21,336,77,0.00,0,0.0,0.0,0.0,0.00,0.00,1006.1,NaN
2020-09-15T05:00,17.1,1.08,304,80,0.00,0,0.0,0.0,0.0,0.00,0.00,1006.4,NaN
2020-09-15T06:00,17.3,0.91,84,78,0.00,0,0.0,0.0,0.0,0.00,0.00,1007.0,NaN
2020-09-15T07:00,14.6,1.00,37,87,0.00,1,25.0,151.3,11.0,0.00,0.00,1007.7,NaN
2020-09-15T08:00,18.3,1.12,350,86,0.00,1,205.0,613.0,52.0,0.00,0.00,1008.2,NaN
2020-09-15T09:00,20.4,1.60,274,80,0.00,1,428.0,772.4,76.0,0.00,0.00,1008.6,NaN
2020-09-15T10:00,21.5,2.22,262,77,0.00,1,628.0,863.2,85.0,0.00,0.00,1008.7,NaN
2020-09-15T11:00,22.1,3.10,249,74,0.00,1,781.0,910.4,91.0,0.00,0.00,1008.6,NaN
2020-09-15T12:00,22.2,3.80,235,73,0.00,1,871.0,932.2,94.0,0.00,0.00,1008.2,NaN
2020-09-15T13:00,22.2,4.62,219,69,0.00,1,892.0,937.0,95.0,0.00,0.00,1007.8,NaN
2020-09-15T14:00,22.1,5.14,207,65,0.00,1,843.0,929.4,92.0,0.00,0.00,1008.0,NaN
2020-09-15T15:00,21.7,5.15,198,68,0.00,1,724.0,897.3,88.0,0.00,0.00,1008.0,NaN
2020-09-15T16:00,21.2,5.19,196,75,0.00,1,547.0,832.7,81.0,0.00,0.00,1008.3,NaN
2020-09-15T17:00,20.2,5.32,192,80,0.00,1,330.0,706.8,68.0,0.00,0.00,1008.3,NaN
2020-09-15T18:00,18.9,4.26,189,87,0.00,1,111.0,471.3,37.0,0.00,0.00,1009.0,NaN
2020-09-15T19:00,18.1,3.82,186,90,0.00,0,2.0,0.0,2.0,0.00,0.00,1009.7,NaN
2020-09-15T20:00,17.8,3.82,186,90,0.00,0,0.0,0.0,0.0,0.00,0.00,1010.3,NaN
2020-09-15T21:00,17.8,4.52,185,89,0.00,0,0.0,0.0,0.0,0.00,0.00,1010.8,NaN
2020-09-15T22:00,17.7,5.01,183,91,0.00,0,0.0,0.0,0.0,0.00,0.00,1010.8,NaN
2020-09-15T23:00,17.6,4.91,176,92,0.00,0,0.0,0.0,0.0,0.00,0.00,1010.7,NaN
2020-09-16T00:00,17.2,3.98,168,92,0.00,0,0.0,0.0,0.0,0.00,0.00,1010.0,NaN
2020-09-16T01:00,16.9,3.86,170,92,0.00,0,0.0,0.0,0.0,0.00,0.00,1009.9,NaN
2020-09-16T02:00,17.1,5.33,174,91,0.00,0,0.0,0.0,0.0,0.00,0.00,1010.0,NaN
2020-09-16T03:00,17.3,5.61,176,90,0.00,0,0.0,0.0,0.0,0.00,0.00,1009.6,NaN
2020-09-16T04:00,17.3,6.11,176,87,0.00,0,0.0,0.0,0.0,0.00,0.00,1009.6,NaN
2020-09-16T05:00,17.3,6.53,175,83,0.00,0,0.0,0.0,0.0,0.00,0.00,1009.9,NaN
2020-09-16T06:00,17.4,6.85,173,79,0.00,0,0.0,0.0,0.0,0.00,0.00,1010.5,NaN
2020-09-16T07:00,17.7,6.89,171,75,0.00,1,19.0,73.8,12.0,0.00,0.00,1011.0,NaN
2020-09-16T08:00,18.3,6.01,162,74,0.00,1,134.0,240.0,73.0,0.00,0.00,1011.7,NaN
2020-09-16T09:00,18.9,6.39,160,69,0.00,1,264.0,180.4,181.0,0.00,0.00,1012.3,NaN
2020-09-16T10:00,19.9,7.96,165,62,0.00,1,532.0,511.5,208.0,0.00,0.00,1012.2,NaN
2020-09-16T11:00,20.5,8.73,170,56,0.00,1,736.0,774.3,146.0,0.00,0.00,1012.0,NaN
2020-09-16T12:00,20.4,8.86,174,56,0.00,1,804.0,728.6,194.0,0.00,0.00,1011.3,NaN
2020-09-16T13:00,21.0,8.55,174,53,0.00,1,865.0,859.5,131.0,0.00,0.00,1010.4,NaN
2020-09-16T14:00,20.7,8.22,183,57,0.00,1,827.0,895.1,101.0,0.00,0.00,1010.0,NaN
2020-09-16T15:00,19.9,9.00,178,58,0.00,1,716.0,878.5,91.0,0.00,0.00,1010.1,NaN
2020-09-16T16:00,19.4,8.71,178,58,0.00,1,551.0,839.9,79.0,0.00,0.00,1010.3,NaN
2020-09-16T17:00,18.5,8.33,175,59,0.00,1,337.0,721.6,68.0,0.00,0.00,1010.6,NaN
2020-09-16T18:00,17.7,7.30,171,63,0.00,1,115.0,487.3,38.0,0.00,0.00,1011.0,NaN
2020-09-16T19:00,17.1,7.01,166,68,0.00,0,2.0,0.0,2.0,0.00,0.00,1011.5,NaN
2020-09-16T20:00,16.6,6.46,158,73,0.00,0,0.0,0.0,0.0,0.00,0.00,1012.1,NaN
2020-09-16T21:00,16.1,6.32,157,77,0.00,0,0.0,0.0,0.0,0.00,0.00,1012.5,NaN
2020-09-16T22:00,15.6,5.35,147,75,0.00,0,0.0,0.0,0.0,0.00,0.00,1012.7,NaN
2020-09-16T23:00,14.7,4.04,138,71,0.00,0,0.0,0.0,0.0,0.00,0.00,1012.6,NaN
2020-09-17T00:00,14.1,3.97,139,64,0.00,0,0.0,0.0,0.0,0.00,0.00,1012.6,NaN
2020-09-17T01:00,13.8,4.39,131,58,0.00,0,0.0,0.0,0.0,0.00,0.00,1012.5,NaN
2020-09-17T02:00,14.2,5.27,123,49,0.00,0,0.0,0.0,0.0,0.00,0.00,1012.4,NaN
2020-09-17T03:00,14.2,5.46,118,47,0.00,0,0.0,0.0,0.0,0.00,0.00,1012.0,NaN
2020-09-17T04:00,13.7,5.86,115,50,0.00,0,0.0,0.0,0.0,0.00,0.00,1011.9,NaN
2020-09-17T05:00,13.1,6.24,112,54,0.00,0,0.0,0.0,0.0,0.00,0.00,1012.0,NaN
2020-09-17T06:00,12.7,6.48,110,57,0.00,0,0.0,0.0,0.0,0.00,0.00,1012.3,NaN
2020-09-17T07:00,12.8,6.77,106,58,0.00,1,30.0,174.9,13.0,0.00,0.00,1013.1,NaN
2020-09-17T08:00,13.8,8.51,93,58,0.00,1,221.0,637.5,56.0,0.00,0.00,1013.3,NaN
2020-09-17T09:00,15.8,8.04,96,52,0.00,1,451.0,809.1,75.0,0.00,0.00,1013.8,NaN
2020-09-17T10:00,17.8,7.51,93,46,0.00,1,654.0,890.6,86.0,0.00,0.00,1013.2,NaN
2020-09-17T11:00,19.6,7.30,92,40,0.00,1,809.0,934.6,93.0,0.00,0.00,1012.4,NaN
2020-09-17T12:00,21.1,6.71,93,35,0.00,1,898.0,953.6,96.0,0.00,0.00,1011.2,NaN
2020-09-17T13:00,22.4,6.11,94,31,0.00,1,917.0,957.6,96.0,0.00,0.00,1010.4,NaN
2020-09-17T14:00,23.2,5.54,97,28,0.00,1,864.0,947.1,93.0,0.00,0.00,1009.5,NaN
2020-09-17T15:00,23.5,5.06,99,27,0.00,1,744.0,918.6,88.0,0.00,0.00,1009.0,NaN
2020-09-17T16:00,23.4,4.66,105,27,0.00,1,565.0,859.4,80.0,0.00,0.00,1008.9,NaN
2020-09-17T17:00,22.5,3.96,111,31,0.00,1,346.0,746.9,66.0,0.00,0.00,1009.2,NaN
2020-09-17T18:00,20.3,3.32,111,33,0.00,1,119.0,509.3,38.0,0.00,0.00,1009.5,NaN
2020-09-17T19:00,18.6,3.54,119,34,0.00,0,2.0,0.0,1.0,0.00,0.00,1010.1,NaN
2020-09-17T20:00,17.5,3.81,113,36,0.00,0,0.0,0.0,0.0,0.00,0.00,1010.1,NaN
2020-09-17T21:00,16.7,4.73,103,36,0.00,0,0.0,0.0,0.0,0.00,0.00,1009.8,NaN
2020-09-17T22:00,16.2,4.41,103,37,0.00,0,0.0,0.0,0.0,0.00,0.00,1009.5,NaN
2020-09-17T23:00,15.1,3.45,107,41,0.00,0,0.0,0.0,0.0,0.00,0.00,1009.5,NaN
2020-09-18T00:00,14.2,3.16,101,44,0.00,0,0.0,0.0,0.0,0.00,0.00,1009.5,NaN
2020-09-18T01:00,14.0,3.70,90,45,0.00,0,0.0,0.0,0.0,0.00,0.00,1009.0,NaN
2020-09-18T02:00,13.9,4.11,86,45,0.00,0,0.0,0.0,0.0,0.00,0.00,1008.5,NaN
2020-09-18T03:00,13.5,4.49,78,46,0.00,0,0.0,0.0,0.0,0.00,0.00,1008.1,NaN
2020-09-18T04:00,13.3,4.90,73,46,0.00,0,0.0,0.0,0.0,0.00,0.00,1007.6,NaN
2020-09-18T05:00,13.3,5.39,68,45,0.00,0,0.0,0.0,0.0,0.00,0.00,1007.4,NaN
2020-09-18T06:00,13.3,5.91,66,45,0.00,0,0.0,0.0,0.0,0.00,0.00,1007.5,NaN
2020-09-18T07:00,13.7,6.49,61,46,0.00,1,32.0,190.8,13.0,0.00,0.00,1007.7,NaN
2020-09-18T08:00,15.7,6.49,56,46,0.00,1,227.0,652.9,55.0,0.00,0.00,1007.7,NaN
2020-09-18T09:00,18.4,6.59,49,39,0.00,1,460.0,822.6,74.0,0.00,0.00,1007.7,NaN
2020-09-18T10:00,20.7,6.04,39,33,0.00,1,665.0,904.9,84.0,0.00,0.00,1007.4,NaN
2020-09-18T11:00,22.6,5.03,21,29,0.00,1,820.0,947.9,90.0,0.00,0.00,1006.6,NaN
2020-09-18T12:00,23.9,3.42,345,25,0.00,1,910.0,966.0,94.0,0.00,0.00,1005.7,NaN
2020-09-18T13:00,24.1,3.01,285,26,0.00,1,927.0,967.8,94.0,0.00,0.00,1004.6,NaN
2020-09-18T14:00,22.8,5.49,237,34,0.00,1,871.0,953.4,92.0,0.00,0.00,1004.0,NaN
2020-09-18T15:00,21.9,4.75,248,36,0.00,1,746.0,919.4,87.0,0.00,0.00,1003.7,NaN
2020-09-18T16:00,20.9,4.03,226,43,0.00,1,569.0,864.8,79.0,0.00,0.00,1003.4,NaN
2020-09-18T17:00,20.1,3.40,227,50,0.00,1,350.0,753.4,66.0,0.00,0.00,1003.5,NaN
2020-09-18T18:00,17.3,1.70,230,70,0.00,1,121.0,516.7,38.0,0.00,0.00,1003.4,NaN
2020-09-18T19:00,15.0,2.77,221,83,0.00,0,2.0,19.1,1.0,0.00,0.00,1003.6,NaN
2020-09-18T20:00,15.5,2.37,242,79,0.00,0,0.0,0.0,0.0,0.00,0.00,1003.8,NaN
2020-09-18T21:00,14.2,2.87,241,84,0.00,0,0.0,0.0,0.0,0.00,0.00,1003.6,NaN
2020-09-18T22:00,16.1,2.28,241,78,0.00,0,0.0,0.0,0.0,0.00,0.00,1003.6,NaN
2020-09-18T23:00,14.0,2.88,250,85,0.00,0,0.0,0.0,0.0,0.00,0.00,1003.3,NaN
2020-09-19T00:00,13.7,2.94,252,87,0.00,0,0.0,0.0,0.0,0.00,0.00,1003.1,NaN
2020-09-19T01:00,16.1,2.95,246,83,0.00,0,0.0,0.0,0.0,0.00,0.00,1002.7,NaN
2020-09-19T02:00,17.1,4.03,240,79,0.00,0,0.0,0.0,0.0,0.00,0.00,1002.5,NaN
2020-09-19T03:00,17.2,4.69,236,78,0.00,0,0.0,0.0,0.0,0.00,0.00,1002.1,NaN
2020-09-19T04:00,16.9,4.88,235,76,0.00,0,0.0,0.0,0.0,0.00,0.00,1002.2,NaN
2020-09-19T05:00,16.8,4.47,236,76,0.00,0,0.0,0.0,0.0,0.00,0.00,1002.6,NaN
2020-09-19T06:00,16.6,2.97,237,77,0.00,0,0.0,0.0,0.0,0.00,0.00,1002.9,NaN
2020-09-19T07:00,16.7,6.04,241,84,0.20,1,25.0,107.9,14.0,0.20,0.00,1003.6,NaN
2020-09-19T08:00,16.6,5.30,234,94,0.40,1,76.0,52.2,62.0,0.40,0.00,1004.0,NaN
2020-09-19T09:00,17.2,7.79,213,85,0.90,1,160.0,92.9,116.0,0.90,0.00,1004.6,NaN
2020-09-19T10:00,17.9,7.48,210,77,0.40,1,351.0,272.3,175.0,0.40,0.00,1005.2,NaN
2020-09-19T11:00,18.0,8.02,220,68,0.20,1,267.0,93.0,195.0,0.20,0.00,1005.5,NaN
2020-09-19T12:00,18.0,8.41,225,61,0.00,1,330.0,50.7,287.0,0.00,0.00,1005.7,NaN
2020-09-19T13:00,17.9,8.35,222,56,0.00,1,501.0,228.0,304.0,0.00,0.00,1005.7,NaN
2020-09-19T14:00,18.2,8.63,226,54,0.00,1,759.0,763.4,133.0,0.00,0.00,1005.8,NaN
2020-09-19T15:00,17.8,8.21,228,54,0.00,1,647.0,671.4,164.0,0.00,0.00,1006.1,NaN
2020-09-19T16:00,17.2,8.23,230,54,0.00,1,383.0,341.0,189.0,0.00,0.00,1006.6,NaN
2020-09-19T17:00,16.7,7.99,227,57,0.00,1,126.0,50.1,107.0,0.00,0.00,1007.0,NaN
2020-09-19T18:00,16.3,8.13,225,60,0.00,1,46.0,55.4,37.0,0.00,0.00,1007.6,NaN
2020-09-19T19:00,15.9,8.00,222,58,0.00,0,2.0,0.0,2.0,0.00,0.00,1008.3,NaN
2020-09-19T20:00,15.0,7.37,222,64,0.00,0,0.0,0.0,0.0,0.00,0.00,1009.3,NaN
2020-09-19T21:00,15.0,7.68,219,61,0.00,0,0.0,0.0,0.0,0.00,0.00,1009.8,NaN
2020-09-19T22:00,14.9,7.86,217,59,0.00,0,0.0,0.0,0.0,0.00,0.00,1010.2,NaN
2020-09-19T23:00,14.7,7.08,216,61,0.00,0,0.0,0.0,0.0,0.00,0.00,1010.2,NaN
2020-09-20T00:00,14.4,7.18,215,62,0.00,0,0.0,0.0,0.0,0.00,0.00,1010.0,NaN
2020-09-20T01:00,14.3,7.02,213,60,0.00,0,0.0,0.0,0.0,0.00,0.00,1009.7,NaN
2020-09-20T02:00,14.2,7.00,211,56,0.00,0,0.0,0.0,0.0,0.00,0.00,1009.5,NaN
2020-09-20T03:00,14.1,6.35,208,50,0.00,0,0.0,0.0,0.0,0.00,0.00,1009.4,NaN
2020-09-20T04:00,14.3,6.31,207,49,0.00,0,0.0,0.0,0.0,0.00,0.00,1009.4,NaN
2020-09-20T05:00,14.3,6.89,204,51,0.00,0,0.0,0.0,0.0,0.00,0.00,1009.8,NaN
2020-09-20T06:00,14.2,6.22,204,51,0.00,0,0.0,0.0,0.0,0.00,0.00,1010.3,NaN
2020-09-20T07:00,14.7,6.62,205,51,0.00,1,15.0,19.2,13.0,0.00,0.00,1011.2,NaN
2020-09-20T08:00,15.6,6.30,216,50,0.00,1,134.0,212.7,76.0,0.00,0.00,1012.0,NaN
2020-09-20T09:00,16.3,6.88,216,47,0.00,1,251.0,211.2,150.0,0.00,0.00,1012.5,NaN
2020-09-20T10:00,16.5,6.84,218,49,0.00,1,371.0,245.9,211.0,0.00,0.00,1012.9,NaN
2020-09-20T11:00,16.9,6.75,220,49,0.10,1,468.0,262.2,264.0,0.10,0.00,1013.0,NaN
2020-09-20T12:00,17.2,6.90,219,49,0.00,1,632.0,365.0,321.0,0.00,0.00,1013.0,NaN
2020-09-20T13:00,17.1,6.94,216,51,0.10,1,626.0,295.2,370.0,0.10,0.00,1012.6,NaN
2020-09-20T14:00,16.9,7.12,218,52,0.00,1,575.0,360.9,278.0,0.00,0.00,1012.2,NaN
2020-09-20T15:00,16.9,7.19,212,53,0.00,1,537.0,443.3,217.0,0.00,0.00,1012.2,NaN
2020-09-20T16:00,17.0,6.76,209,47,0.00,1,456.0,502.4,169.0,0.00,0.00,1012.1,NaN
2020-09-20T17:00,16.3,6.59,202,55,0.00,1,229.0,249.3,134.0,0.00,0.00,1012.3,NaN
2020-09-20T18:00,15.6,5.87,203,59,0.00,1,104.0,383.1,41.0,0.00,0.00,1012.6,NaN
2020-09-20T19:00,15.3,5.63,200,62,0.00,0,2.0,0.0,2.0,0.00,0.00,1012.9,NaN
2020-09-20T20:00,14.8,4.88,195,62,0.00,0,0.0,0.0,0.0,0.00,0.00,1013.8,NaN
2020-09-20T21:00,14.7,5.26,194,63,0.00,0,0.0,0.0,0.0,0.00,0.00,1014.1,NaN
2020-09-20T22:00,14.6,4.04,189,65,0.00,0,0.0,0.0,0.0,0.00,0.00,1014.2,NaN
2020-09-20T23:00,14.9,5.05,188,60,0.00,0,0.0,0.0,0.0,0.00,0.00,1013.8,NaN
2020-09-21T00:00,14.6,4.00,179,58,0.00,0,0.0,0.0,0.0,0.00,0.00,1013.7,NaN
2020-09-21T01:00,14.2,4.32,175,73,0.00,0,0.0,0.0,0.0,0.00,0.00,1013.5,NaN
2020-09-21T02:00,14.5,3.14,171,70,0.00,0,0.0,0.0,0.0,0.00,0.00,1013.1,NaN
2020-09-21T03:00,14.6,3.63,172,64,0.00,0,0.0,0.0,0.0,0.00,0.00,1012.9,NaN
2020-09-21T04:00,14.8,3.40,166,56,0.00,0,0.0,0.0,0.0,0.00,0.00,1012.8,NaN
2020-09-21T05:00,14.1,3.51,160,65,0.00,0,0.0,0.0,0.0,0.00,0.00,1013.2,NaN
2020-09-21T06:00,13.5,1.77,133,72,0.00,0,0.0,0.0,0.0,0.00,0.00,1013.5,NaN
2020-09-21T07:00,13.9,2.25,122,74,0.00,1,24.0,75.0,16.0,0.00,0.00,1014.1,NaN
2020-09-21T08:00,15.6,2.66,124,61,0.00,1,151.0,270.5,76.0,0.00,0.00,1014.8,NaN
2020-09-21T09:00,16.7,3.12,140,53,0.00,1,410.0,590.4,125.0,0.00,0.00,1015.2,NaN
2020-09-21T10:00,17.6,4.34,172,51,0.00,1,594.0,681.1,148.0,0.00,0.00,1015.3,NaN
2020-09-21T11:00,17.2,4.72,185,56,0.00,1,448.0,218.7,277.0,0.00,0.00,1015.1,NaN
2020-09-21T12:00,17.8,4.41,193,51,0.00,1,550.0,358.8,243.0,0.00,0.00,1014.6,NaN
2020-09-21T13:00,18.0,5.10,206,53,0.00,1,632.0,352.7,325.0,0.00,0.00,1014.1,NaN
2020-09-21T14:00,17.9,6.39,197,54,0.00,1,727.0,542.5,279.0,0.00,0.00,1013.8,NaN
2020-09-21T15:00,17.8,6.53,191,51,0.00,1,576.0,397.5,288.0,0.00,0.00,1013.6,NaN
2020-09-21T16:00,17.6,6.74,186,51,0.00,1,563.0,809.1,99.0,0.00,0.00,1013.5,NaN
2020-09-21T17:00,17.0,6.31,183,51,0.00,1,347.0,723.1,70.0,0.00,0.00,1013.7,NaN
2020-09-21T18:00,16.0,5.01,183,55,0.00,1,122.0,481.0,42.0,0.00,0.00,1013.9,NaN
2020-09-21T19:00,15.2,4.43,174,58,0.00,0,3.0,19.1,2.0,0.00,0.00,1013.8,NaN
2020-09-21T20:00,14.6,4.22,166,65,0.00,0,0.0,0.0,0.0,0.00,0.00,1014.5,NaN
2020-09-21T21:00,14.5,4.62,158,66,0.00,0,0.0,0.0,0.0,0.00,0.00,1014.8,NaN
2020-09-21T22:00,14.2,4.31,158,69,0.00,0,0.0,0.0,0.0,0.00,0.00,1014.8,NaN
2020-09-21T23:00,13.5,4.19,140,72,0.00,0,0.0,0.0,0.0,0.00,0.00,1014.4,NaN
2020-09-22T00:00,12.7,3.66,125,78,0.00,0,0.0,0.0,0.0,0.00,0.00,1014.3,NaN
2020-09-22T01:00,12.0,3.89,116,81,0.00,0,0.0,0.0,0.0,0.00,0.00,1014.4,NaN
2020-09-22T02:00,11.8,3.81,113,80,0.00,0,0.0,0.0,0.0,0.00,0.00,1014.2,NaN
2020-09-22T03:00,11.4,3.79,102,80,0.00,0,0.0,0.0,0.0,0.00,0.00,1014.0,NaN
2020-09-22T04:00,11.0,3.91,94,81,0.00,0,0.0,0.0,0.0,0.00,0.00,1013.9,NaN
2020-09-22T05:00,10.8,4.06,100,82,0.00,0,0.0,0.0,0.0,0.00,0.00,1014.1,NaN
2020-09-22T06:00,10.6,4.24,98,82,0.00,0,0.0,0.0,0.0,0.00,0.00,1014.3,NaN
2020-09-22T07:00,11.5,4.53,96,79,0.00,1,39.0,202.0,17.0,0.00,0.00,1014.8,NaN
2020-09-22T08:00,14.1,4.69,101,67,0.00,1,235.0,624.4,59.0,0.00,0.00,1015.5,NaN
2020-09-22T09:00,16.6,5.12,107,56,0.00,1,461.0,786.2,78.0,0.00,0.00,1015.5,NaN
2020-09-22T10:00,18.5,5.15,114,50,0.00,1,661.0,867.9,89.0,0.00,0.00,1015.2,NaN
2020-09-22T11:00,20.1,4.30,121,45,0.00,1,813.0,913.5,95.0,0.00,0.00,1014.6,NaN
2020-09-22T12:00,21.4,3.62,129,41,0.00,1,901.0,934.6,98.0,0.00,0.00,1013.6,NaN
2020-09-22T13:00,22.2,3.42,159,40,0.00,1,919.0,938.5,99.0,0.00,0.00,1012.9,NaN
2020-09-22T14:00,21.7,5.15,188,48,0.00,1,864.0,926.8,96.0,0.00,0.00,1011.9,NaN
2020-09-22T15:00,20.7,6.36,188,60,0.00,1,742.0,894.1,92.0,0.00,0.00,1011.5,NaN
2020-09-22T16:00,19.9,7.65,187,65,0.00,1,562.0,830.3,84.0,0.00,0.00,1011.4,NaN
2020-09-22T17:00,18.6,8.02,176,67,0.00,1,343.0,708.9,70.0,0.00,0.00,1011.8,NaN
2020-09-22T18:00,17.7,7.02,163,69,0.00,1,122.0,481.5,41.0,0.00,0.00,1012.1,NaN
2020-09-22T19:00,17.2,6.45,161,74,0.00,0,3.0,19.1,2.0,0.00,0.00,1012.4,NaN
2020-09-22T20:00,16.3,6.00,150,81,0.00,0,0.0,0.0,0.0,0.00,0.00,1013.4,NaN
2020-09-22T21:00,15.9,5.44,144,83,0.00,0,0.0,0.0,0.0,0.00,0.00,1013.5,NaN
2020-09-22T22:00,15.4,4.76,141,84,0.00,0,0.0,0.0,0.0,0.00,0.00,1013.6,NaN
2020-09-22T23:00,14.8,4.24,133,83,0.00,0,0.0,0.0,0.0,0.00,0.00,1013.2,NaN
2020-09-23T00:00,14.2,4.06,128,82,0.00,0,0.0,0.0,0.0,0.00,0.00,1013.0,NaN
2020-09-23T01:00,13.6,3.91,122,82,0.00,0,0.0,0.0,0.0,0.00,0.00,1012.6,NaN
2020-09-23T02:00,13.4,3.98,115,76,0.00,0,0.0,0.0,0.0,0.00,0.00,1012.1,NaN
2020-09-23T03:00,13.6,4.37,110,64,0.00,0,0.0,0.0,0.0,0.00,0.00,1011.6,NaN
2020-09-23T04:00,13.7,4.92,103,54,0.00,0,0.0,0.0,0.0,0.00,0.00,1011.3,NaN
2020-09-23T05:00,13.8,5.35,98,49,0.00,0,0.0,0.0,0.0,0.00,0.00,1011.4,NaN
2020-09-23T06:00,13.9,5.80,92,49,0.00,0,0.0,0.0,0.0,0.00,0.00,1011.6,NaN
2020-09-23T07:00,14.8,6.31,86,49,0.00,1,44.0,233.7,18.0,0.00,0.00,1011.8,NaN
2020-09-23T08:00,17.2,6.71,80,45,0.00,1,247.0,659.8,58.0,0.00,0.00,1012.3,NaN
2020-09-23T09:00,21.0,7.57,75,35,0.00,1,479.0,819.9,76.0,0.00,0.00,1012.3,NaN
2020-09-23T10:00,24.0,7.63,68,27,0.00,1,684.0,901.7,86.0,0.00,0.00,1011.9,NaN
2020-09-23T11:00,26.2,7.16,63,23,0.00,1,837.0,943.3,92.0,0.00,0.00,1011.2,NaN
2020-09-23T12:00,28.0,5.91,56,19,0.00,1,926.0,963.3,95.0,0.00,0.00,1010.3,NaN
2020-09-23T13:00,29.1,4.12,51,17,0.00,1,945.0,968.2,96.0,0.00,0.00,1009.3,NaN
2020-09-23T14:00,29.7,3.14,53,16,0.00,1,889.0,956.2,94.0,0.00,0.00,1008.4,NaN
2020-09-23T15:00,29.2,1.70,87,16,0.00,1,765.0,925.3,90.0,0.00,0.00,1007.7,NaN
2020-09-23T16:00,26.4,4.20,183,38,0.00,1,583.0,868.7,81.0,0.00,0.00,1007.4,NaN
2020-09-23T17:00,24.2,6.30,181,50,0.00,1,360.0,756.9,67.0,0.00,0.00,1007.6,NaN
2020-09-23T18:00,21.8,6.84,168,48,0.00,1,130.0,523.1,41.0,0.00,0.00,1007.7,NaN
2020-09-23T19:00,20.8,6.53,153,41,0.00,0,3.0,0.0,3.0,0.00,0.00,1007.7,NaN
2020-09-23T20:00,20.2,4.48,129,38,0.00,0,0.0,0.0,0.0,0.00,0.00,1008.1,NaN
2020-09-23T21:00,20.2,4.47,100,24,0.00,0,0.0,0.0,0.0,0.00,0.00,1007.7,NaN
2020-09-23T22:00,21.4,5.95,82,18,0.00,0,0.0,0.0,0.0,0.00,0.00,1007.5,NaN
2020-09-23T23:00,21.8,6.86,82,17,0.00,0,0.0,0.0,0.0,0.00,0.00,1006.6,NaN
2020-09-24T00:00,21.6,7.06,74,17,0.00,0,0.0,0.0,0.0,0.00,0.00,1006.4,NaN
2020-09-24T01:00,21.5,7.65,73,18,0.00,0,0.0,0.0,0.0,0.00,0.00,1006.1,NaN
2020-09-24T02:00,21.5,7.73,69,18,0.00,0,0.0,0.0,0.0,0.00,0.00,1005.5,NaN
2020-09-24T03:00,21.1,7.79,66,19,0.00,0,0.0,0.0,0.0,0.00,0.00,1005.3,NaN
2020-09-24T04:00,20.6,7.47,65,20,0.00,0,0.0,0.0,0.0,0.00,0.00,1005.2,NaN
2020-09-24T05:00,20.3,7.82,55,20,0.00,0,0.0,0.0,0.0,0.00,0.00,1005.3,NaN
2020-09-24T06:00,19.8,8.36,49,21,0.00,0,0.0,0.0,0.0,0.00,0.00,1005.3,NaN
2020-09-24T07:00,19.9,8.12,52,24,0.00,1,46.0,237.8,19.0,0.00,0.00,1005.6,NaN
2020-09-24T08:00,22.5,8.12,52,23,0.00,1,250.0,659.9,58.0,0.00,0.00,1005.5,NaN
2020-09-24T09:00,25.3,8.07,42,21,0.00,1,480.0,814.7,76.0,0.00,0.00,1005.8,NaN
2020-09-24T10:00,27.5,7.72,31,18,0.00,1,681.0,891.6,86.0,0.00,0.00,1005.7,NaN
2020-09-24T11:00,29.3,6.10,18,19,0.00,1,829.0,928.6,92.0,0.00,0.00,1005.0,NaN
2020-09-24T12:00,28.0,5.51,299,28,0.00,1,868.0,863.6,120.0,0.00,0.00,1004.4,NaN
2020-09-24T13:00,23.3,8.29,290,70,0.00,1,687.0,527.3,223.0,0.00,0.00,1004.6,NaN
2020-09-24T14:00,23.5,8.41,295,68,0.00,1,849.0,882.3,113.0,0.00,0.00,1004.5,NaN
2020-09-24T15:00,22.6,8.32,296,72,0.00,1,664.0,732.3,128.0,0.00,0.00,1004.6,NaN
2020-09-24T16:00,21.4,8.10,296,78,0.00,1,447.0,551.6,127.0,0.00,0.00,1004.9,NaN
2020-09-24T17:00,20.5,7.47,298,83,0.00,1,279.0,501.1,84.0,0.00,0.00,1005.5,NaN
2020-09-24T18:00,19.6,6.58,294,86,0.00,1,95.0,313.9,41.0,0.00,0.00,1005.6,NaN
2020-09-24T19:00,18.9,5.23,296,89,0.00,0,3.0,19.1,2.0,0.00,0.00,1006.1,NaN
2020-09-24T20:00,18.4,4.34,299,91,0.00,0,0.0,0.0,0.0,0.00,0.00,1007.0,NaN
2020-09-24T21:00,17.7,2.87,299,94,0.00,0,0.0,0.0,0.0,0.00,0.00,1007.1,NaN
2020-09-24T22:00,17.2,2.64,307,94,0.00,0,0.0,0.0,0.0,0.00,0.00,1006.9,NaN
2020-09-24T23:00,17.1,2.50,307,94,0.00,0,0.0,0.0,0.0,0.00,0.00,1006.7,NaN
2020-09-25T00:00,16.9,2.28,299,94,0.00,0,0.0,0.0,0.0,0.00,0.00,1006.4,NaN
2020-09-25T01:00,17.1,2.25,291,94,0.00,0,0.0,0.0,0.0,0.00,0.00,1006.0,NaN
2020-09-25T02:00,17.0,2.18,286,93,0.00,0,0.0,0.0,0.0,0.00,0.00,1005.6,NaN
2020-09-25T03:00,16.7,1.68,287,94,0.00,0,0.0,0.0,0.0,0.00,0.00,1005.3,NaN
2020-09-25T04:00,15.6,2.02,290,96,0.00,0,0.0,0.0,0.0,0.00,0.00,1005.2,NaN
2020-09-25T05:00,15.4,2.15,298,97,0.00,0,0.0,0.0,0.0,0.00,0.00,1005.4,NaN
2020-09-25T06:00,15.5,1.92,321,97,0.00,0,0.0,0.0,0.0,0.00,0.00,1006.1,NaN
2020-09-25T07:00,17.2,2.21,342,93,0.10,1,39.0,172.7,19.0,0.10,0.00,1006.8,NaN
2020-09-25T08:00,18.6,3.00,334,85,0.20,1,215.0,484.0,72.0,0.20,0.00,1007.4,NaN
2020-09-25T09:00,19.8,3.26,297,76,0.10,1,377.0,525.8,114.0,0.10,0.00,1007.4,NaN
2020-09-25T10:00,20.1,3.35,287,74,0.30,1,389.0,330.7,167.0,0.30,0.00,1007.4,NaN
2020-09-25T11:00,20.6,3.98,282,72,0.20,1,584.0,525.5,165.0,0.20,0.00,1007.2,NaN
2020-09-25T12:00,20.8,4.03,277,71,0.00,1,640.0,494.5,210.0,0.00,0.00,1006.8,NaN
2020-09-25T13:00,21.0,4.21,274,70,0.00,1,701.0,550.4,215.0,0.00,0.00,1006.3,NaN
2020-09-25T14:00,20.6,4.40,271,72,0.00,1,587.0,456.4,205.0,0.00,0.00,1006.1,NaN
2020-09-25T15:00,20.1,4.22,265,75,0.00,1,485.0,381.3,205.0,0.00,0.00,1005.9,NaN
2020-09-25T16:00,19.8,4.34,255,75,0.00,1,419.0,410.5,180.0,0.00,0.00,1005.7,NaN
2020-09-25T17:00,19.2,4.66,235,77,0.00,1,261.0,452.5,84.0,0.00,0.00,1005.8,NaN
2020-09-25T18:00,18.4,4.26,219,79,0.00,1,91.0,304.6,38.0,0.00,0.00,1006.2,NaN
2020-09-25T19:00,17.6,3.18,208,84,0.10,0,3.0,18.8,2.0,0.10,0.00,1006.4,NaN
2020-09-25T20:00,17.0,2.58,216,88,0.00,0,0.0,0.0,0.0,0.00,0.00,1006.8,NaN
2020-09-25T21:00,16.6,2.30,214,88,0.10,0,0.0,0.0,0.0,0.10,0.00,1007.0,NaN
2020-09-25T22:00,16.5,2.08,215,86,0.00,0,0.0,0.0,0.0,0.00,0.00,1007.0,NaN
2020-09-25T23:00,16.1,1.80,214,87,0.00,0,0.0,0.0,0.0,0.00,0.00,1006.9,NaN
2020-09-26T00:00,15.7,1.70,208,88,0.00,0,0.0,0.0,0.0,0.00,0.00,1006.4,NaN
2020-09-26T01:00,14.6,2.42,204,89,0.00,0,0.0,0.0,0.0,0.00,0.00,1005.9,NaN
2020-09-26T02:00,16.1,1.80,214,81,0.00,0,0.0,0.0,0.0,0.00,0.00,1005.4,NaN
2020-09-26T03:00,16.8,1.17,250,78,0.00,0,0.0,0.0,0.0,0.00,0.00,1005.1,NaN
2020-09-26T04:00,16.6,1.39,291,79,0.00,0,0.0,0.0,0.0,0.00,0.00,1005.2,NaN
2020-09-26T05:00,16.3,1.87,286,80,0.00,0,0.0,0.0,0.0,0.00,0.00,1005.6,NaN
2020-09-26T06:00,16.4,1.58,288,79,0.00,0,0.0,0.0,0.0,0.00,0.00,1006.3,NaN
2020-09-26T07:00,15.6,0.91,354,89,0.00,1,42.0,194.7,19.0,0.00,0.00,1006.9,NaN
2020-09-26T08:00,17.9,3.60,268,76,0.10,1,202.0,416.8,77.0,0.10,0.00,1007.4,NaN
2020-09-26T09:00,18.7,4.26,279,72,0.20,1,336.0,352.9,158.0,0.20,0.00,1007.5,NaN
2020-09-26T10:00,19.2,4.81,282,69,0.20,1,481.0,467.9,165.0,0.20,0.00,1007.6,NaN
2020-09-26T11:00,19.6,5.28,280,66,0.10,1,569.0,451.9,207.0,0.10,0.00,1007.3,NaN
2020-09-26T12:00,20.4,5.38,280,62,0.00,1,743.0,635.8,188.0,0.00,0.00,1007.0,NaN
2020-09-26T13:00,20.7,5.93,276,60,0.00,1,851.0,806.9,136.0,0.00,0.00,1006.6,NaN
2020-09-26T14:00,20.7,6.40,270,60,0.00,1,804.0,787.3,143.0,0.00,0.00,1006.3,NaN
2020-09-26T15:00,20.1,6.36,262,62,0.00,1,656.0,669.2,163.0,0.00,0.00,1006.1,NaN
2020-09-26T16:00,19.6,6.02,255,66,0.00,1,447.0,477.4,168.0,0.00,0.00,1006.3,NaN
2020-09-26T17:00,19.1,5.69,246,68,0.00,1,304.0,546.9,89.0,0.00,0.00,1006.6,NaN
2020-09-26T18:00,18.3,4.85,238,71,0.00,1,112.0,358.2,49.0,0.00,0.00,1006.9,NaN
2020-09-26T19:00,17.5,3.92,232,75,0.00,0,3.0,18.5,2.0,0.00,0.00,1007.5,NaN
2020-09-26T20:00,17.3,2.92,232,78,0.00,0,0.0,0.0,0.0,0.00,0.00,1007.8,NaN
2020-09-26T21:00,16.8,2.27,229,80,0.00,0,0.0,0.0,0.0,0.00,0.00,1008.2,NaN
2020-09-26T22:00,16.5,2.00,217,81,0.00,0,0.0,0.0,0.0,0.00,0.00,1008.2,NaN
2020-09-26T23:00,16.3,2.44,215,83,0.00,0,0.0,0.0,0.0,0.00,0.00,1008.2,NaN
2020-09-27T00:00,16.0,1.92,208,87,0.00,0,0.0,0.0,0.0,0.00,0.00,1008.0,NaN
2020-09-27T01:00,14.7,2.19,204,92,0.00,0,0.0,0.0,0.0,0.00,0.00,1007.7,NaN
2020-09-27T02:00,14.2,2.22,172,92,0.20,0,0.0,0.0,0.0,0.20,0.00,1007.2,NaN
2020-09-27T03:00,14.2,1.98,139,93,0.20,0,0.0,0.0,0.0,0.20,0.00,1007.2,NaN
2020-09-27T04:00,14.3,1.55,105,92,0.10,0,0.0,0.0,0.0,0.10,0.00,1007.3,NaN
2020-09-27T05:00,13.4,1.71,69,95,0.10,0,0.0,0.0,0.0,0.10,0.00,1007.8,NaN
2020-09-27T06:00,14.6,1.20,48,93,0.10,0,0.0,0.0,0.0,0.10,0.00,1008.8,NaN
2020-09-27T07:00,15.2,2.06,39,91,0.00,1,34.0,141.3,17.0,0.00,0.00,1009.5,NaN
2020-09-27T08:00,16.8,1.36,36,82,0.00,1,185.0,371.4,72.0,0.00,0.00,1009.9,NaN
2020-09-27T09:00,18.3,1.06,131,71,0.00,1,382.0,524.9,115.0,0.00,0.00,1010.2,NaN
2020-09-27T10:00,19.6,1.33,193,62,0.00,1,624.0,722.8,133.0,0.00,0.00,1010.2,NaN
2020-09-27T11:00,20.5,2.41,228,57,0.00,1,754.0,739.4,159.0,0.00,0.00,1009.8,NaN
2020-09-27T12:00,20.3,3.26,230,58,0.00,1,659.0,499.9,221.0,0.00,0.00,1009.4,NaN
2020-09-27T13:00,20.1,4.12,219,57,0.00,1,631.0,481.4,203.0,0.00,0.00,1008.7,NaN
2020-09-27T14:00,19.9,4.44,211,58,0.00,1,602.0,417.9,250.0,0.00,0.00,1008.4,NaN
2020-09-27T15:00,19.9,4.80,211,59,0.00,1,693.0,711.7,167.0,0.00,0.00,1008.2,NaN
2020-09-27T16:00,19.2,4.79,209,61,0.00,1,454.0,530.2,143.0,0.00,0.00,1008.3,NaN
2020-09-27T17:00,18.5,4.25,207,65,0.00,1,214.0,205.0,133.0,0.00,0.00,1008.6,NaN
2020-09-27T18:00,18.0,3.26,198,67,0.00,1,81.0,185.6,48.0,0.00,0.00,1008.8,NaN
2020-09-27T19:00,16.8,1.53,191,74,0.00,0,3.0,18.1,2.0,0.00,0.00,1009.1,NaN
2020-09-27T20:00,17.3,2.40,180,70,0.00,0,0.0,0.0,0.0,0.00,0.00,1009.5,NaN
2020-09-27T21:00,16.2,2.24,170,77,0.00,0,0.0,0.0,0.0,0.00,0.00,1009.5,NaN
2020-09-27T22:00,15.3,1.97,156,81,0.00,0,0.0,0.0,0.0,0.00,0.00,1009.7,NaN
2020-09-27T23:00,14.9,1.63,133,83,0.00,0,0.0,0.0,0.0,0.00,0.00,1009.7,NaN
2020-09-28T00:00,13.6,2.36,126,88,0.00,0,0.0,0.0,0.0,0.00,0.00,1009.5,NaN
2020-09-28T01:00,13.8,2.00,143,86,0.00,0,0.0,0.0,0.0,0.00,0.00,1009.1,NaN
2020-09-28T02:00,13.4,2.25,148,89,0.00,0,0.0,0.0,0.0,0.00,0.00,1008.6,NaN
2020-09-28T03:00,13.5,1.91,133,88,0.00,0,0.0,0.0,0.0,0.00,0.00,1008.5,NaN
2020-09-28T04:00,15.0,1.42,129,81,0.00,0,0.0,0.0,0.0,0.00,0.00,1008.7,NaN
2020-09-28T05:00,15.4,1.81,186,80,0.00,0,0.0,0.0,0.0,0.00,0.00,1009.2,NaN
2020-09-28T06:00,14.5,1.92,171,85,0.00,0,0.0,0.0,0.0,0.00,0.00,1009.7,NaN
2020-09-28T07:00,15.6,1.20,185,85,0.00,1,45.0,204.0,20.0,0.00,0.00,1010.2,NaN
2020-09-28T08:00,17.2,1.25,209,77,0.10,1,212.0,450.4,73.0,0.10,0.00,1010.9,NaN
2020-09-28T09:00,18.6,2.70,219,68,0.00,1,400.0,571.4,107.0,0.00,0.00,1011.3,NaN
2020-09-28T10:00,19.4,2.97,222,64,0.10,1,564.0,620.6,140.0,0.10,0.00,1011.6,NaN
2020-09-28T11:00,20.2,3.26,227,60,0.00,1,686.0,601.3,200.0,0.00,0.00,1011.3,NaN
2020-09-28T12:00,20.4,3.98,231,60,0.00,1,785.0,656.1,208.0,0.00,0.00,1011.0,NaN
2020-09-28T13:00,20.1,4.46,226,62,0.00,1,701.0,672.7,101.0,0.00,0.00,1010.7,NaN
2020-09-28T14:00,20.4,4.61,221,60,0.00,1,818.0,791.9,149.0,0.00,0.00,1010.4,NaN
2020-09-28T15:00,20.2,4.60,214,60,0.00,1,697.0,785.0,115.0,0.00,0.00,1010.3,NaN
2020-09-28T16:00,20.0,4.85,212,60,0.00,1,555.0,761.0,107.0,0.00,0.00,1010.3,NaN
2020-09-28T17:00,19.3,4.92,207,62,0.00,1,298.0,481.0,107.0,0.00,0.00,1010.3,NaN
2020-09-28T18:00,18.5,4.33,199,67,0.00,1,118.0,372.7,51.0,0.00,0.00,1010.6,NaN
2020-09-28T19:00,17.4,3.47,192,73,0.00,0,4.0,17.8,3.0,0.00,0.00,1011.3,NaN
2020-09-28T20:00,16.9,3.01,186,76,0.00,0,0.0,0.0,0.0,0.00,0.00,1012.3,NaN
2020-09-28T21:00,16.2,2.50,180,80,0.00,0,0.0,0.0,0.0,0.00,0.00,1012.5,NaN
2020-09-28T22:00,15.3,1.90,162,85,0.00,0,0.0,0.0,0.0,0.00,0.00,1012.4,NaN
2020-09-28T23:00,14.7,1.84,158,87,0.00,0,0.0,0.0,0.0,0.00,0.00,1012.0,NaN
2020-09-29T00:00,14.7,1.84,158,88,0.00,0,0.0,0.0,0.0,0.00,0.00,1011.9,NaN
2020-09-29T01:00,14.4,1.78,142,89,0.00,0,0.0,0.0,0.0,0.00,0.00,1011.3,NaN
2020-09-29T02:00,14.4,1.88,155,89,0.00,0,0.0,0.0,0.0,0.00,0.00,1010.9,NaN
2020-09-29T03:00,14.8,2.02,160,89,0.00,0,0.0,0.0,0.0,0.00,0.00,1010.8,NaN
2020-09-29T04:00,13.9,1.70,140,91,0.00,0,0.0,0.0,0.0,0.00,0.00,1010.6,NaN
2020-09-29T05:00,13.2,1.70,118,92,0.00,0,0.0,0.0,0.0,0.00,0.00,1010.9,NaN
2020-09-29T06:00,12.5,1.71,97,92,0.00,0,0.0,0.0,0.0,0.00,0.00,1011.6,NaN
2020-09-29T07:00,14.4,2.18,74,86,0.00,1,56.0,256.5,24.0,0.00,0.00,1012.3,NaN
2020-09-29T08:00,16.9,1.57,117,75,0.00,1,241.0,517.8,79.0,0.00,0.00,1013.5,NaN
2020-09-29T09:00,18.6,2.77,167,64,0.00,1,416.0,530.1,142.0,0.00,0.00,1013.5,NaN
2020-09-29T10:00,19.6,2.80,182,59,0.00,1,620.0,567.7,230.0,0.00,0.00,1013.1,NaN
2020-09-29T11:00,20.5,3.10,201,55,0.00,1,798.0,756.4,184.0,0.00,0.00,1012.7,NaN
2020-09-29T12:00,20.9,4.06,218,56,0.00,1,925.0,931.3,103.0,0.00,0.00,1012.1,NaN
2020-09-29T13:00,20.5,4.98,218,58,0.00,1,939.0,936.5,101.0,0.00,0.00,1011.8,NaN
2020-09-29T14:00,20.3,5.24,215,57,0.00,1,881.0,922.8,99.0,0.00,0.00,1011.4,NaN
2020-09-29T15:00,20.0,5.42,210,59,0.00,1,759.0,894.2,94.0,0.00,0.00,1011.2,NaN
2020-09-29T16:00,19.5,5.33,203,61,0.00,1,579.0,834.5,86.0,0.00,0.00,1011.0,NaN
2020-09-29T17:00,18.7,5.44,197,64,0.00,1,361.0,724.1,72.0,0.00,0.00,1011.3,NaN
2020-09-29T18:00,17.8,4.87,189,68,0.00,1,135.0,500.7,44.0,0.00,0.00,1011.5,NaN
2020-09-29T19:00,17.1,4.40,183,73,0.00,0,5.0,17.5,4.0,0.00,0.00,1011.7,NaN
2020-09-29T20:00,16.5,4.00,181,74,0.00,0,0.0,0.0,0.0,0.00,0.00,1012.3,NaN
2020-09-29T21:00,16.3,3.81,175,75,0.00,0,0.0,0.0,0.0,0.00,0.00,1012.3,NaN
2020-09-29T22:00,16.0,3.44,172,76,0.00,0,0.0,0.0,0.0,0.00,0.00,1012.1,NaN
2020-09-29T23:00,15.6,2.94,162,77,0.00,0,0.0,0.0,0.0,0.00,0.00,1011.8,NaN
2020-09-30T00:00,14.6,2.22,144,81,0.00,0,0.0,0.0,0.0,0.00,0.00,1011.2,NaN
2020-09-30T01:00,13.7,1.97,120,85,0.00,0,0.0,0.0,0.0,0.00,0.00,1010.8,NaN
2020-09-30T02:00,13.7,2.15,118,83,0.00,0,0.0,0.0,0.0,0.00,0.00,1010.4,NaN
2020-09-30T03:00,13.9,2.15,118,83,0.00,0,0.0,0.0,0.0,0.00,0.00,1010.0,NaN
2020-09-30T04:00,14.0,2.31,108,84,0.00,0,0.0,0.0,0.0,0.00,0.00,1009.9,NaN
2020-09-30T05:00,13.8,2.65,101,86,0.00,0,0.0,0.0,0.0,0.00,0.00,1009.7,NaN
2020-09-30T06:00,13.4,3.01,94,87,0.00,0,0.0,0.0,0.0,0.00,0.00,1009.8,NaN
2020-09-30T07:00,14.5,3.95,99,81,0.00,1,55.0,244.3,24.0,0.00,0.00,1010.2,NaN
2020-09-30T08:00,16.9,4.22,95,68,0.00,1,267.0,627.6,68.0,0.00,0.00,1010.7,NaN
2020-09-30T09:00,19.1,3.86,107,58,0.00,1,506.0,816.0,81.0,0.00,0.00,1010.7,NaN
2020-09-30T10:00,21.0,2.62,108,49,0.00,1,708.0,893.2,91.0,0.00,0.00,1010.2,NaN
2020-09-30T11:00,22.7,1.35,138,43,0.00,1,859.0,934.7,97.0,0.00,0.00,1009.5,NaN
2020-09-30T12:00,23.6,2.56,211,43,0.00,1,944.0,954.0,99.0,0.00,0.00,1008.6,NaN
2020-09-30T13:00,22.3,5.22,212,55,0.00,1,958.0,955.9,100.0,0.00,0.00,1008.0,NaN
2020-09-30T14:00,21.5,5.55,208,55,0.00,1,897.0,941.3,97.0,0.00,0.00,1007.3,NaN
2020-09-30T15:00,21.0,5.32,206,55,0.00,1,770.0,907.5,93.0,0.00,0.00,1007.0,NaN
2020-09-30T16:00,20.4,5.39,202,59,0.00,1,588.0,848.4,85.0,0.00,0.00,1006.9,NaN
2020-09-30T17:00,19.5,5.00,196,65,0.00,1,366.0,735.5,71.0,0.00,0.00,1006.9,NaN
2020-09-30T18:00,18.3,4.90,192,74,0.00,1,138.0,511.7,44.0,0.00,0.00,1007.1,NaN
2020-09-30T19:00,17.6,4.33,187,81,0.00,0,5.0,34.4,3.0,0.00,0.00,1007.5,NaN
2020-09-30T20:00,17.1,4.52,185,86,0.00,0,0.0,0.0,0.0,0.00,0.00,1008.3,NaN
2020-09-30T21:00,16.8,4.40,183,86,0.00,0,0.0,0.0,0.0,0.00,0.00,1008.6,NaN
2020-09-30T22:00,16.7,4.40,180,83,0.00,0,0.0,0.0,0.0,0.00,0.00,1008.4,NaN
2020-09-30T23:00,16.3,4.12,174,85,0.00,0,0.0,0.0,0.0,0.00,0.00,1008.0,NaN
2020-10-01T00:00,15.9,3.45,170,85,0.00,0,0.0,0.0,0.0,0.00,0.00,1007.5,NaN
2020-10-01T01:00,15.4,3.01,165,87,0.00,0,0.0,0.0,0.0,0.00,0.00,1007.0,NaN
2020-10-01T02:00,14.9,2.60,157,89,0.00,0,0.0,0.0,0.0,0.00,0.00,1006.4,NaN
2020-10-01T03:00,14.5,2.16,146,90,0.00,0,0.0,0.0,0.0,0.00,0.00,1006.0,NaN
2020-10-01T04:00,14.0,2.00,143,90,0.00,0,0.0,0.0,0.0,0.00,0.00,1006.0,NaN
2020-10-01T05:00,13.6,1.84,139,91,0.00,0,0.0,0.0,0.0,0.00,0.00,1006.3,NaN
2020-10-01T06:00,13.6,1.84,135,91,0.00,0,0.0,0.0,0.0,0.00,0.00,1007.0,NaN
2020-10-01T07:00,15.6,2.62,130,85,0.00,1,62.0,279.0,26.0,0.00,0.00,1007.5,NaN
2020-10-01T08:00,17.0,2.34,110,76,0.00,1,268.0,616.3,70.0,0.00,0.00,1008.0,NaN
2020-10-01T09:00,18.9,2.63,171,66,0.00,1,490.0,746.9,98.0,0.00,0.00,1008.2,NaN
2020-10-01T10:00,20.0,3.23,196,62,0.00,1,675.0,779.0,134.0,0.00,0.00,1008.1,NaN
2020-10-01T11:00,20.5,4.20,205,60,0.00,1,833.0,860.0,129.0,0.00,0.00,1008.0,NaN
2020-10-01T12:00,20.8,4.65,208,57,0.00,1,928.0,920.3,110.0,0.00,0.00,1007.7,NaN
2020-10-01T13:00,21.0,4.66,211,54,0.00,1,945.0,927.4,110.0,0.00,0.00,1006.9,NaN
2020-10-01T14:00,20.8,4.75,210,56,0.00,1,895.0,929.2,103.0,0.00,0.00,1006.3,NaN
2020-10-01T15:00,20.6,4.88,206,57,0.00,1,771.0,902.1,96.0,0.00,0.00,1005.9,NaN
2020-10-01T16:00,20.0,5.28,207,56,0.00,1,592.0,850.5,86.0,0.00,0.00,1005.8,NaN
2020-10-01T17:00,19.3,5.13,201,57,0.00,1,372.0,744.3,72.0,0.00,0.00,1005.8,NaN
2020-10-01T18:00,18.3,3.88,192,63,0.00,1,141.0,522.4,44.0,0.00,0.00,1005.8,NaN
2020-10-01T19:00,17.6,3.62,186,70,0.00,0,5.0,33.9,3.0,0.00,0.00,1006.3,NaN
2020-10-01T20:00,16.7,3.22,173,79,0.00,0,0.0,0.0,0.0,0.00,0.00,1006.9,NaN
2020-10-01T21:00,16.1,2.62,162,83,0.00,0,0.0,0.0,0.0,0.00,0.00,1007.2,NaN
2020-10-01T22:00,15.4,2.00,143,86,0.00,0,0.0,0.0,0.0,0.00,0.00,1006.8,NaN
2020-10-01T23:00,14.9,1.84,131,88,0.00,0,0.0,0.0,0.0,0.00,0.00,1006.4,NaN
2020-10-02T00:00,14.3,1.86,126,89,0.00,0,0.0,0.0,0.0,0.00,0.00,1005.9,NaN
2020-10-02T01:00,13.7,1.84,135,89,0.00,0,0.0,0.0,0.0,0.00,0.00,1005.6,NaN
2020-10-02T02:00,13.8,1.98,139,89,0.00,0,0.0,0.0,0.0,0.00,0.00,1005.3,NaN
2020-10-02T03:00,13.5,2.13,139,90,0.00,0,0.0,0.0,0.0,0.00,0.00,1005.1,NaN
2020-10-02T04:00,13.0,2.48,137,91,0.00,0,0.0,0.0,0.0,0.00,0.00,1005.2,NaN
2020-10-02T05:00,13.3,1.99,108,91,0.00,0,0.0,0.0,0.0,0.00,0.00,1005.7,NaN
2020-10-02T06:00,13.8,1.32,81,90,0.00,1,0.0,0.0,0.0,0.00,0.00,1006.4,NaN
2020-10-02T07:00,15.5,2.15,62,82,0.00,1,48.0,190.6,23.0,0.00,0.00,1007.1,NaN
2020-10-02T08:00,17.1,2.02,81,74,0.00,1,200.0,341.1,89.0,0.00,0.00,1007.6,NaN
2020-10-02T09:00,18.2,1.61,120,71,0.00,1,197.0,39.7,176.0,0.00,0.00,1008.1,NaN
2020-10-02T10:00,19.6,1.93,159,65,0.00,1,442.0,280.8,246.0,0.00,0.00,1007.9,NaN
2020-10-02T11:00,20.6,2.42,210,59,0.00,1,614.0,498.8,204.0,0.00,0.00,1007.7,NaN
2020-10-02T12:00,20.7,4.10,225,59,0.00,1,732.0,616.7,182.0,0.00,0.00,1007.5,NaN
2020-10-02T13:00,18.9,5.88,215,74,0.10,1,666.0,475.0,237.0,0.10,0.00,1007.6,NaN
2020-10-02T14:00,17.6,8.42,190,81,0.40,1,443.0,243.3,235.0,0.40,0.00,1007.7,NaN
2020-10-02T15:00,16.0,9.02,184,88,0.90,1,145.0,0.0,145.0,0.90,0.00,1007.7,NaN
2020-10-02T16:00,15.7,9.41,182,81,0.40,1,101.0,1.7,100.0,0.40,0.00,1008.4,NaN
2020-10-02T17:00,15.2,8.91,178,81,0.30,1,55.0,2.5,54.0,0.30,0.00,1009.1,NaN
2020-10-02T18:00,15.0,7.42,175,80,0.10,1,23.0,16.0,20.0,0.10,0.00,1009.7,NaN
2020-10-02T19:00,15.2,7.73,175,74,0.00,0,2.0,0.0,2.0,0.00,0.00,1010.4,NaN
2020-10-02T20:00,15.6,7.92,176,66,0.00,0,0.0,0.0,0.0,0.00,0.00,1010.9,NaN
2020-10-02T21:00,15.5,8.40,179,65,0.00,0,0.0,0.0,0.0,0.00,0.00,1011.5,NaN
2020-10-02T22:00,15.1,8.60,180,61,0.00,0,0.0,0.0,0.0,0.00,0.00,1012.1,NaN
2020-10-02T23:00,14.4,8.11,177,65,0.00,0,0.0,0.0,0.0,0.00,0.00,1012.3,NaN
2020-10-03T00:00,13.6,7.58,172,70,0.10,0,0.0,0.0,0.0,0.10,0.00,1012.8,NaN
2020-10-03T01:00,13.8,7.07,172,67,0.10,0,0.0,0.0,0.0,0.10,0.00,1012.8,NaN
2020-10-03T02:00,13.5,7.43,175,68,0.10,0,0.0,0.0,0.0,0.10,0.00,1013.4,NaN
2020-10-03T03:00,13.1,7.42,175,68,0.10,0,0.0,0.0,0.0,0.10,0.00,1013.9,NaN
2020-10-03T04:00,12.5,6.43,165,73,0.10,0,0.0,0.0,0.0,0.10,0.00,1014.4,NaN
2020-10-03T05:00,11.5,6.31,153,80,0.00,0,0.0,0.0,0.0,0.00,0.00,1015.2,NaN
2020-10-03T06:00,11.2,5.08,144,81,0.00,1,0.0,0.0,0.0,0.00,0.00,1015.7,NaN
2020-10-03T07:00,11.9,4.28,143,75,0.00,1,60.0,262.6,25.0,0.00,0.00,1016.4,NaN
2020-10-03T08:00,13.2,6.33,141,65,0.00,1,245.0,509.8,77.0,0.00,0.00,1017.4,NaN
2020-10-03T09:00,14.6,7.52,144,51,0.00,1,428.0,610.1,103.0,0.00,0.00,1017.7,NaN
2020-10-03T10:00,15.9,7.52,151,43,0.00,1,625.0,686.9,143.0,0.00,0.00,1017.8,NaN
2020-10-03T11:00,17.0,7.81,161,40,0.00,1,806.0,822.8,127.0,0.00,0.00,1017.8,NaN
2020-10-03T12:00,17.4,8.12,170,40,0.00,1,850.0,756.5,173.0,0.00,0.00,1017.3,NaN
2020-10-03T13:00,17.5,8.61,178,42,0.00,1,959.0,918.6,127.0,0.00,0.00,1016.7,NaN
2020-10-03T14:00,17.7,8.51,183,42,0.00,1,919.0,955.4,100.0,0.00,0.00,1016.4,NaN
2020-10-03T15:00,17.5,9.11,189,43,0.00,1,791.0,926.1,94.0,0.00,0.00,1016.2,NaN
2020-10-03T16:00,16.8,9.69,188,47,0.00,1,608.0,873.0,85.0,0.00,0.00,1016.8,NaN
2020-10-03T17:00,16.2,9.70,181,54,0.00,1,381.0,759.2,72.0,0.00,0.00,1017.5,NaN
2020-10-03T18:00,15.6,8.32,176,55,0.00,1,146.0,522.1,47.0,0.00,0.00,1018.0,NaN
2020-10-03T19:00,15.1,8.70,171,59,0.00,0,6.0,32.8,4.0,0.00,0.00,1018.8,NaN
2020-10-03T20:00,14.5,7.38,164,61,0.00,0,0.0,0.0,0.0,0.00,0.00,1019.8,NaN
2020-10-03T21:00,14.4,6.85,157,57,0.00,0,0.0,0.0,0.0,0.00,0.00,1020.3,NaN
2020-10-03T22:00,13.4,6.24,139,58,0.00,0,0.0,0.0,0.0,0.00,0.00,1020.5,NaN
2020-10-03T23:00,12.8,6.25,140,56,0.00,0,0.0,0.0,0.0,0.00,0.00,1020.6,NaN
2020-10-04T00:00,12.6,6.38,139,53,0.00,0,0.0,0.0,0.0,0.00,0.00,1020.5,NaN
2020-10-04T01:00,12.1,5.74,131,55,0.00,0,0.0,0.0,0.0,0.00,0.00,1020.5,NaN
2020-10-04T02:00,12.0,5.34,128,55,0.00,0,0.0,0.0,0.0,0.00,0.00,1020.5,NaN
2020-10-04T03:00,11.8,5.40,129,56,0.00,0,0.0,0.0,0.0,0.00,0.00,1020.5,NaN
2020-10-04T04:00,11.4,5.25,121,58,0.00,0,0.0,0.0,0.0,0.00,0.00,1020.2,NaN
2020-10-04T05:00,11.0,4.70,119,62,0.00,0,0.0,0.0,0.0,0.00,0.00,1020.2,NaN
2020-10-04T06:00,10.7,4.05,123,65,0.00,1,0.0,0.0,0.0,0.00,0.00,1020.4,NaN
2020-10-04T07:00,11.9,4.66,125,64,0.00,1,73.0,325.0,29.0,0.00,0.00,1021.1,NaN
2020-10-04T08:00,14.2,5.10,118,54,0.00,1,286.0,641.3,72.0,0.00,0.00,1021.8,NaN
2020-10-04T09:00,16.4,6.47,129,47,0.00,1,513.0,786.5,91.0,0.00,0.00,1021.9,NaN
2020-10-04T10:00,17.8,7.34,142,43,0.00,1,698.0,826.5,115.0,0.00,0.00,1021.9,NaN
2020-10-04T11:00,18.8,6.54,151,38,0.00,1,790.0,751.9,167.0,0.00,0.00,1021.4,NaN
2020-10-04T12:00,19.8,6.48,167,34,0.00,1,891.0,794.1,178.0,0.00,0.00,1020.3,NaN
2020-10-04T13:00,20.2,6.61,177,35,0.00,1,915.0,776.1,210.0,0.00,0.00,1019.7,NaN
2020-10-04T14:00,19.2,8.22,190,48,0.00,1,902.0,916.7,114.0,0.00,0.00,1019.2,NaN
2020-10-04T15:00,18.6,8.96,186,50,0.00,1,780.0,902.2,99.0,0.00,0.00,1018.6,NaN
2020-10-04T16:00,17.8,9.60,180,56,0.00,1,598.0,850.1,87.0,0.00,0.00,1018.5,NaN
2020-10-04T17:00,17.3,8.50,181,59,0.00,1,368.0,718.9,74.0,0.00,0.00,1018.9,NaN
2020-10-04T18:00,16.6,8.03,175,62,0.00,1,136.0,454.1,49.0,0.00,0.00,1019.1,NaN
2020-10-04T19:00,16.0,7.83,166,66,0.00,0,6.0,32.2,4.0,0.00,0.00,1019.5,NaN
2020-10-04T20:00,15.4,6.96,162,70,0.00,0,0.0,0.0,0.0,0.00,0.00,1020.0,NaN
2020-10-04T21:00,15.2,6.75,155,71,0.00,0,0.0,0.0,0.0,0.00,0.00,1020.3,NaN
2020-10-04T22:00,14.6,5.97,149,68,0.00,0,0.0,0.0,0.0,0.00,0.00,1020.4,NaN
2020-10-04T23:00,13.7,5.70,142,62,0.00,0,0.0,0.0,0.0,0.00,0.00,1020.3,NaN
2020-10-05T00:00,13.1,5.52,138,61,0.00,0,0.0,0.0,0.0,0.00,0.00,1020.2,NaN
2020-10-05T01:00,12.8,5.11,130,61,0.00,0,0.0,0.0,0.0,0.00,0.00,1020.2,NaN
2020-10-05T02:00,12.5,4.86,127,60,0.00,0,0.0,0.0,0.0,0.00,0.00,1020.0,NaN
2020-10-05T03:00,12.3,5.01,119,55,0.00,0,0.0,0.0,0.0,0.00,0.00,1019.9,NaN
2020-10-05T04:00,12.3,5.35,111,51,0.00,0,0.0,0.0,0.0,0.00,0.00,1020.1,NaN
2020-10-05T05:00,12.0,5.82,106,48,0.00,0,0.0,0.0,0.0,0.00,0.00,1020.5,NaN
2020-10-05T06:00,11.7,6.09,104,48,0.00,1,0.0,0.0,0.0,0.00,0.00,1021.1,NaN
2020-10-05T07:00,12.8,6.55,102,50,0.00,1,83.0,385.5,30.0,0.00,0.00,1021.6,NaN
2020-10-05T08:00,14.9,7.74,96,44,0.00,1,311.0,722.3,67.0,0.00,0.00,1022.0,NaN
2020-10-05T09:00,16.8,7.72,94,36,0.00,1,547.0,858.6,83.0,0.00,0.00,1022.0,NaN
2020-10-05T10:00,18.5,6.91,93,30,0.00,1,752.0,928.2,94.0,0.00,0.00,1021.9,NaN
2020-10-05T11:00,20.0,5.77,99,24,0.00,1,904.0,967.8,99.0,0.00,0.00,1021.2,NaN
2020-10-05T12:00,21.2,5.00,106,21,0.00,1,991.0,988.1,101.0,0.00,0.00,1020.5,NaN
2020-10-05T13:00,22.1,4.34,116,18,0.00,1,1005.0,991.2,102.0,0.00,0.00,1019.7,NaN
2020-10-05T14:00,22.5,3.77,148,17,0.00,1,943.0,979.2,99.0,0.00,0.00,1018.8,NaN
2020-10-05T15:00,21.1,6.26,188,26,0.00,1,813.0,948.6,95.0,0.00,0.00,1018.1,NaN
2020-10-05T16:00,19.3,8.16,191,38,0.00,1,623.0,890.4,86.0,0.00,0.00,1017.8,NaN
2020-10-05T17:00,17.9,8.66,187,45,0.00,1,392.0,776.3,73.0,0.00,0.00,1017.9,NaN
2020-10-05T18:00,16.8,7.95,174,48,0.00,1,153.0,552.8,46.0,0.00,0.00,1018.1,NaN
2020-10-05T19:00,16.2,6.68,163,56,0.00,0,7.0,47.6,4.0,0.00,0.00,1018.6,NaN
2020-10-05T20:00,15.5,6.51,162,65,0.00,0,0.0,0.0,0.0,0.00,0.00,1019.2,NaN
2020-10-05T21:00,15.3,6.26,155,70,0.00,0,0.0,0.0,0.0,0.00,0.00,1019.2,NaN
2020-10-05T22:00,14.8,5.02,145,76,0.00,0,0.0,0.0,0.0,0.00,0.00,1019.1,NaN
2020-10-05T23:00,13.4,3.47,123,78,0.00,0,0.0,0.0,0.0,0.00,0.00,1018.7,NaN
2020-10-06T00:00,12.8,3.98,102,58,0.00,0,0.0,0.0,0.0,0.00,0.00,1018.1,NaN
2020-10-06T01:00,13.1,4.75,98,31,0.00,0,0.0,0.0,0.0,0.00,0.00,1017.9,NaN
2020-10-06T02:00,12.8,4.75,98,29,0.00,0,0.0,0.0,0.0,0.00,0.00,1017.5,NaN
2020-10-06T03:00,12.3,4.73,96,30,0.00,0,0.0,0.0,0.0,0.00,0.00,1016.9,NaN
2020-10-06T04:00,12.1,5.20,89,31,0.00,0,0.0,0.0,0.0,0.00,0.00,1016.7,NaN
2020-10-06T05:00,11.8,5.51,78,32,0.00,0,0.0,0.0,0.0,0.00,0.00,1016.7,NaN
2020-10-06T06:00,11.5,5.35,69,32,0.00,1,0.0,0.0,0.0,0.00,0.00,1017.0,NaN
2020-10-06T07:00,12.9,5.69,66,31,0.00,1,83.0,343.8,35.0,0.00,0.00,1017.2,NaN
2020-10-06T08:00,15.9,6.55,59,27,0.00,1,290.0,561.6,98.0,0.00,0.00,1017.3,NaN
2020-10-06T09:00,18.4,7.00,53,24,0.00,1,522.0,700.0,141.0,0.00,0.00,1017.2,NaN
2020-10-06T10:00,20.1,6.16,54,21,0.00,1,733.0,818.3,150.0,0.00,0.00,1016.8,NaN
2020-10-06T11:00,21.2,4.27,57,19,0.00,1,842.0,743.7,221.0,0.00,0.00,1016.1,NaN
2020-10-06T12:00,22.2,2.59,62,18,0.00,1,960.0,843.3,198.0,0.00,0.00,1015.2,NaN
2020-10-06T13:00,22.8,0.81,97,18,0.00,1,962.0,825.3,208.0,0.00,0.00,1014.4,NaN
2020-10-06T14:00,22.8,2.28,218,20,0.00,1,935.0,936.0,126.0,0.00,0.00,1013.2,NaN
2020-10-06T15:00,21.6,5.06,218,27,0.00,1,812.0,939.4,99.0,0.00,0.00,1012.2,NaN
2020-10-06T16:00,20.3,5.82,209,31,0.00,1,617.0,856.1,99.0,0.00,0.00,1011.7,NaN
2020-10-06T17:00,19.1,5.97,194,33,0.00,1,391.0,760.6,77.0,0.00,0.00,1011.7,NaN
2020-10-06T18:00,18.3,4.02,186,38,0.00,1,153.0,531.9,49.0,0.00,0.00,1012.0,NaN
2020-10-06T19:00,17.1,4.18,197,47,0.00,0,8.0,46.9,5.0,0.00,0.00,1012.5,NaN
2020-10-06T20:00,16.3,3.40,166,51,0.00,0,0.0,0.0,0.0,0.00,0.00,1012.6,NaN
2020-10-06T21:00,14.8,2.56,159,60,0.00,0,0.0,0.0,0.0,0.00,0.00,1012.4,NaN
2020-10-06T22:00,13.9,2.50,143,68,0.00,0,0.0,0.0,0.0,0.00,0.00,1012.2,NaN
2020-10-06T23:00,14.0,2.39,123,63,0.00,0,0.0,0.0,0.0,0.00,0.00,1011.6,NaN
2020-10-07T00:00,12.7,2.24,117,67,0.00,0,0.0,0.0,0.0,0.00,0.00,1011.0,NaN
2020-10-07T01:00,12.6,2.47,111,64,0.00,0,0.0,0.0,0.0,0.00,0.00,1010.6,NaN
2020-10-07T02:00,12.6,2.59,118,60,0.00,0,0.0,0.0,0.0,0.00,0.00,1009.8,NaN
2020-10-07T03:00,13.2,2.82,107,54,0.00,0,0.0,0.0,0.0,0.00,0.00,1008.8,NaN
2020-10-07T04:00,13.1,2.10,93,52,0.00,0,0.0,0.0,0.0,0.00,0.00,1008.5,NaN
2020-10-07T05:00,12.2,1.75,77,56,0.00,0,0.0,0.0,0.0,0.00,0.00,1008.4,NaN
2020-10-07T06:00,10.6,2.39,57,62,0.00,1,0.0,0.0,0.0,0.00,0.00,1008.4,NaN
2020-10-07T07:00,12.6,3.32,44,54,0.00,1,86.0,374.1,33.0,0.00,0.00,1008.4,NaN
2020-10-07T08:00,16.7,2.44,35,41,0.00,1,318.0,725.5,67.0,0.00,0.00,1008.5,NaN
2020-10-07T09:00,20.6,3.10,2,24,0.00,1,555.0,861.2,83.0,0.00,0.00,1008.2,NaN
2020-10-07T10:00,22.7,3.80,325,20,0.00,1,759.0,931.7,92.0,0.00,0.00,1007.8,NaN
2020-10-07T11:00,22.2,4.80,271,31,0.00,1,909.0,967.6,98.0,0.00,0.00,1007.5,NaN
2020-10-07T12:00,21.1,6.26,257,33,0.00,1,990.0,980.8,101.0,0.00,0.00,1007.1,NaN
2020-10-07T13:00,21.5,6.00,270,36,0.00,1,996.0,978.0,100.0,0.00,0.00,1006.5,NaN
2020-10-07T14:00,20.9,6.99,257,39,0.00,1,938.0,969.4,98.0,0.00,0.00,1006.3,NaN
2020-10-07T15:00,20.2,7.35,255,46,0.00,1,810.0,939.4,95.0,0.00,0.00,1006.1,NaN
2020-10-07T16:00,19.7,6.99,257,55,0.00,1,619.0,864.9,94.0,0.00,0.00,1006.2,NaN
2020-10-07T17:00,19.1,6.38,261,54,0.00,1,387.0,737.7,81.0,0.00,0.00,1006.6,NaN
2020-10-07T18:00,18.3,5.61,266,56,0.00,1,155.0,546.8,47.0,0.00,0.00,1006.8,NaN
2020-10-07T19:00,17.6,4.80,268,55,0.00,0,8.0,46.1,5.0,0.00,0.00,1007.2,NaN
2020-10-07T20:00,17.2,3.71,267,56,0.00,0,0.0,0.0,0.0,0.00,0.00,1007.8,NaN
2020-10-07T21:00,16.3,2.57,283,62,0.00,0,0.0,0.0,0.0,0.00,0.00,1007.6,NaN
2020-10-07T22:00,15.2,2.14,323,72,0.00,0,0.0,0.0,0.0,0.00,0.00,1007.2,NaN
2020-10-07T23:00,14.3,1.99,342,75,0.00,0,0.0,0.0,0.0,0.00,0.00,1006.9,NaN
2020-10-08T00:00,14.2,2.18,344,72,0.00,0,0.0,0.0,0.0,0.00,0.00,1006.6,NaN
2020-10-08T01:00,14.3,2.35,348,69,0.00,0,0.0,0.0,0.0,0.00,0.00,1006.3,NaN
2020-10-08T02:00,14.1,2.16,347,70,0.00,0,0.0,0.0,0.0,0.00,0.00,1006.2,NaN
2020-10-08T03:00,13.5,1.94,348,78,0.00,0,0.0,0.0,0.0,0.00,0.00,1006.3,NaN
2020-10-08T04:00,13.4,1.91,354,83,0.00,0,0.0,0.0,0.0,0.00,0.00,1006.4,NaN
2020-10-08T05:00,14.4,1.97,330,83,0.00,0,0.0,0.0,0.0,0.00,0.00,1006.5,NaN
2020-10-08T06:00,14.4,2.40,270,88,0.00,1,0.0,0.0,0.0,0.00,0.00,1007.0,NaN
2020-10-08T07:00,17.2,2.00,267,83,0.10,1,74.0,292.2,32.0,0.10,0.00,1007.6,NaN
2020-10-08T08:00,18.4,1.60,274,78,0.00,1,234.0,451.5,76.0,0.00,0.00,1007.9,NaN
2020-10-08T09:00,19.2,2.24,260,74,0.40,1,431.0,556.4,124.0,0.40,0.00,1008.2,NaN
2020-10-08T10:00,20.0,2.45,258,68,0.10,1,544.0,560.2,141.0,0.10,0.00,1008.0,NaN
2020-10-08T11:00,20.6,3.13,253,66,0.10,1,658.0,584.8,166.0,0.10,0.00,1007.8,NaN
2020-10-08T12:00,21.0,3.49,257,65,0.10,1,795.0,673.1,183.0,0.10,0.00,1007.6,NaN
2020-10-08T13:00,20.9,3.69,257,66,0.10,1,754.0,637.9,168.0,0.10,0.00,1007.2,NaN
2020-10-08T14:00,20.7,4.10,257,68,0.10,1,780.0,715.9,158.0,0.10,0.00,1006.9,NaN
2020-10-08T15:00,20.4,3.93,255,69,0.00,1,653.0,695.8,122.0,0.00,0.00,1006.8,NaN
2020-10-08T16:00,19.8,3.94,234,73,0.00,1,526.0,668.4,119.0,0.00,0.00,1006.8,NaN
2020-10-08T17:00,19.3,3.91,238,75,0.00,1,341.0,616.7,84.0,0.00,0.00,1007.0,NaN
2020-10-08T18:00,18.0,3.91,212,82,0.00,1,145.0,481.2,49.0,0.00,0.00,1007.2,NaN
2020-10-08T19:00,17.1,2.14,191,87,0.00,0,8.0,45.4,5.0,0.00,0.00,1007.5,NaN
2020-10-08T20:00,16.5,1.84,158,90,0.00,0,0.0,0.0,0.0,0.00,0.00,1008.1,NaN
2020-10-08T21:00,16.1,1.89,148,90,0.00,0,0.0,0.0,0.0,0.00,0.00,1008.5,NaN
2020-10-08T22:00,15.8,1.78,128,89,0.00,0,0.0,0.0,0.0,0.00,0.00,1008.4,NaN
2020-10-08T23:00,15.2,1.84,112,89,0.00,0,0.0,0.0,0.0,0.00,0.00,1008.0,NaN
2020-10-09T00:00,14.7,2.31,95,88,0.00,0,0.0,0.0,0.0,0.00,0.00,1007.6,NaN
2020-10-09T01:00,14.0,2.26,103,89,0.00,0,0.0,0.0,0.0,0.00,0.00,1007.2,NaN
2020-10-09T02:00,13.7,2.50,106,89,0.00,0,0.0,0.0,0.0,0.00,0.00,1006.8,NaN
2020-10-09T03:00,13.3,2.52,97,89,0.00,0,0.0,0.0,0.0,0.00,0.00,1006.5,NaN
2020-10-09T04:00,12.9,2.40,88,89,0.00,0,0.0,0.0,0.0,0.00,0.00,1006.5,NaN
2020-10-09T05:00,12.5,2.52,83,89,0.00,0,0.0,0.0,0.0,0.00,0.00,1007.0,NaN
2020-10-09T06:00,12.1,2.41,85,89,0.00,1,0.0,0.0,0.0,0.00,0.00,1007.6,NaN
2020-10-09T07:00,14.4,2.90,90,78,0.00,1,91.0,391.0,34.0,0.00,0.00,1008.5,NaN
2020-10-09T08:00,17.5,3.13,107,65,0.00,1,311.0,686.6,68.0,0.00,0.00,1009.0,NaN
2020-10-09T09:00,20.1,3.16,125,54,0.00,1,545.0,828.1,85.0,0.00,0.00,1009.0,NaN
2020-10-09T10:00,21.9,2.42,150,48,0.00,1,742.0,896.6,94.0,0.00,0.00,1008.7,NaN
2020-10-09T11:00,22.9,3.18,193,46,0.00,1,889.0,933.3,101.0,0.00,0.00,1007.9,NaN
2020-10-09T12:00,22.1,6.00,204,55,0.00,1,971.0,950.7,104.0,0.00,0.00,1007.2,NaN
2020-10-09T13:00,21.9,6.71,200,54,0.00,1,983.0,954.4,104.0,0.00,0.00,1006.6,NaN
2020-10-09T14:00,21.6,6.55,196,52,0.00,1,922.0,942.6,101.0,0.00,0.00,1006.0,NaN
2020-10-09T15:00,21.5,6.14,192,52,0.00,1,794.0,912.2,96.0,0.00,0.00,1005.7,NaN
2020-10-09T16:00,20.9,6.15,187,55,0.00,1,611.0,857.8,87.0,0.00,0.00,1005.8,NaN
2020-10-09T17:00,20.1,5.54,187,60,0.00,1,387.0,747.7,74.0,0.00,0.00,1006.0,NaN
2020-10-09T18:00,18.8,4.90,181,71,0.00,1,155.0,531.0,48.0,0.00,0.00,1006.4,NaN
2020-10-09T19:00,17.7,4.43,174,80,0.00,0,9.0,44.8,6.0,0.00,0.00,1006.9,NaN
2020-10-09T20:00,17.2,4.03,166,83,0.00,0,0.0,0.0,0.0,0.00,0.00,1007.7,NaN
2020-10-09T21:00,16.6,3.72,156,87,0.00,0,0.0,0.0,0.0,0.00,0.00,1007.8,NaN
2020-10-09T22:00,16.1,3.22,150,90,0.00,0,0.0,0.0,0.0,0.00,0.00,1007.7,NaN
2020-10-09T23:00,15.8,3.19,148,90,0.00,0,0.0,0.0,0.0,0.00,0.00,1007.5,NaN
2020-10-10T00:00,15.4,3.40,152,87,0.00,0,0.0,0.0,0.0,0.00,0.00,1007.1,NaN
2020-10-10T01:00,15.0,3.89,151,82,0.00,0,0.0,0.0,0.0,0.00,0.00,1006.7,NaN
2020-10-10T02:00,14.4,3.72,144,77,0.00,0,0.0,0.0,0.0,0.00,0.00,1006.3,NaN
2020-10-10T03:00,13.7,3.05,139,77,0.00,0,0.0,0.0,0.0,0.00,0.00,1006.6,NaN
2020-10-10T04:00,13.3,2.76,134,76,0.00,0,0.0,0.0,0.0,0.00,0.00,1006.9,NaN
2020-10-10T05:00,13.1,2.69,138,75,0.00,0,0.0,0.0,0.0,0.00,0.00,1007.3,NaN
2020-10-10T06:00,12.6,2.41,132,76,0.00,1,0.0,0.0,0.0,0.00,0.00,1007.6,NaN
2020-10-10T07:00,14.8,3.19,139,67,0.00,1,94.0,399.2,35.0,0.00,0.00,1008.1,NaN
2020-10-10T08:00,17.2,3.71,153,58,0.00,1,297.0,561.7,96.0,0.00,0.00,1007.9,NaN
2020-10-10T09:00,19.6,4.05,164,51,0.00,1,493.0,579.5,169.0,0.00,0.00,1007.6,NaN
2020-10-10T10:00,21.4,4.61,184,48,0.00,1,714.0,769.9,155.0,0.00,0.00,1007.3,NaN
2020-10-10T11:00,21.4,6.38,194,55,0.00,1,860.0,838.0,150.0,0.00,0.00,1006.9,NaN
2020-10-10T12:00,21.6,7.28,189,54,0.00,1,929.0,803.6,194.0,0.00,0.00,1006.6,NaN
2020-10-10T13:00,22.0,7.79,189,51,0.00,1,934.0,815.4,181.0,0.00,0.00,1006.0,NaN
2020-10-10T14:00,21.7,8.32,190,52,0.00,1,898.0,859.0,148.0,0.00,0.00,1005.8,NaN
2020-10-10T15:00,21.2,8.27,188,55,0.00,1,792.0,908.5,95.0,0.00,0.00,1005.9,NaN
2020-10-10T16:00,20.5,8.13,185,60,0.00,1,603.0,829.0,95.0,0.00,0.00,1006.1,NaN
2020-10-10T17:00,19.5,8.22,184,67,0.00,1,380.0,713.4,80.0,0.00,0.00,1006.5,NaN
2020-10-10T18:00,18.4,7.81,182,75,0.00,1,153.0,501.2,51.0,0.00,0.00,1007.0,NaN
2020-10-10T19:00,17.7,7.11,177,78,0.00,0,9.0,44.1,6.0,0.00,0.00,1007.7,NaN
2020-10-10T20:00,17.5,6.64,174,79,0.00,0,0.0,0.0,0.0,0.00,0.00,1007.9,NaN
2020-10-10T21:00,17.4,6.93,175,79,0.00,0,0.0,0.0,0.0,0.00,0.00,1008.1,NaN
2020-10-10T22:00,17.1,6.22,169,81,0.00,0,0.0,0.0,0.0,0.00,0.00,1008.2,NaN
2020-10-10T23:00,16.9,6.18,171,81,0.00,0,0.0,0.0,0.0,0.00,0.00,1007.8,NaN
2020-10-11T00:00,16.8,5.81,169,82,0.00,0,0.0,0.0,0.0,0.00,0.00,1007.6,NaN
2020-10-11T01:00,16.5,5.32,164,83,0.00,0,0.0,0.0,0.0,0.00,0.00,1007.3,NaN
2020-10-11T02:00,16.2,4.66,157,84,0.00,0,0.0,0.0,0.0,0.00,0.00,1007.4,NaN
2020-10-11T03:00,15.6,3.97,146,86,0.00,0,0.0,0.0,0.0,0.00,0.00,1007.3,NaN
2020-10-11T04:00,14.7,3.33,139,89,0.00,0,0.0,0.0,0.0,0.00,0.00,1007.6,NaN
2020-10-11T05:00,14.4,3.62,141,88,0.00,0,0.0,0.0,0.0,0.00,0.00,1008.2,NaN
2020-10-11T06:00,14.2,3.78,143,88,0.00,1,1.0,0.0,1.0,0.00,0.00,1008.7,NaN
2020-10-11T07:00,15.8,4.24,146,79,0.00,1,92.0,367.2,37.0,0.00,0.00,1009.5,NaN
2020-10-11T08:00,17.8,4.44,157,72,0.00,1,308.0,638.6,77.0,0.00,0.00,1009.6,NaN
2020-10-11T09:00,19.6,5.22,176,65,0.00,1,529.0,760.6,101.0,0.00,0.00,1009.6,NaN
2020-10-11T10:00,20.8,5.84,187,60,0.00,1,729.0,841.9,115.0,0.00,0.00,1009.3,NaN
2020-10-11T11:00,21.4,6.36,193,58,0.00,1,860.0,855.1,133.0,0.00,0.00,1008.7,NaN
2020-10-11T12:00,21.5,6.82,194,57,0.00,1,942.0,875.5,139.0,0.00,0.00,1008.2,NaN
2020-10-11T13:00,21.5,6.94,195,56,0.00,1,977.0,939.8,107.0,0.00,0.00,1007.8,NaN
2020-10-11T14:00,21.4,6.96,196,55,0.00,1,917.0,930.0,103.0,0.00,0.00,1007.4,NaN
2020-10-11T15:00,21.0,6.80,197,57,0.00,1,791.0,902.3,97.0,0.00,0.00,1007.3,NaN
2020-10-11T16:00,20.4,6.68,197,62,0.00,1,608.0,845.9,88.0,0.00,0.00,1007.5,NaN
2020-10-11T17:00,19.7,6.74,195,67,0.00,1,384.0,722.0,79.0,0.00,0.00,1008.0,NaN
2020-10-11T18:00,18.8,6.48,189,73,0.00,1,152.0,486.6,52.0,0.00,0.00,1008.5,NaN
2020-10-11T19:00,18.1,6.32,185,78,0.00,0,9.0,43.4,6.0,0.00,0.00,1008.7,NaN
2020-10-11T20:00,17.5,6.31,183,83,0.00,0,0.0,0.0,0.0,0.00,0.00,1009.0,NaN
2020-10-11T21:00,17.2,6.30,179,84,0.00,0,0.0,0.0,0.0,0.00,0.00,1009.2,NaN
2020-10-11T22:00,17.1,6.11,176,82,0.00,0,0.0,0.0,0.0,0.00,0.00,1009.0,NaN
2020-10-11T23:00,17.2,6.28,171,81,0.00,0,0.0,0.0,0.0,0.00,0.00,1009.0,NaN
2020-10-12T00:00,17.2,6.24,168,81,0.00,0,0.0,0.0,0.0,0.00,0.00,1008.9,NaN
2020-10-12T01:00,17.0,6.07,163,83,0.00,0,0.0,0.0,0.0,0.00,0.00,1008.6,NaN
2020-10-12T02:00,16.8,5.98,162,85,0.00,0,0.0,0.0,0.0,0.00,0.00,1008.3,NaN
2020-10-12T03:00,16.5,5.79,159,86,0.00,0,0.0,0.0,0.0,0.00,0.00,1008.3,NaN
2020-10-12T04:00,15.9,5.15,156,89,0.00,0,0.0,0.0,0.0,0.00,0.00,1008.3,NaN
2020-10-12T05:00,15.4,4.79,154,90,0.00,0,0.0,0.0,0.0,0.00,0.00,1008.6,NaN
2020-10-12T06:00,15.0,4.39,150,90,0.00,1,1.0,0.0,1.0,0.00,0.00,1009.0,NaN
2020-10-12T07:00,16.2,4.36,148,81,0.00,1,96.0,375.6,39.0,0.00,0.00,1009.2,NaN
2020-10-12T08:00,18.5,4.34,154,67,0.00,1,318.0,670.3,73.0,0.00,0.00,1008.6,NaN
2020-10-12T09:00,20.9,4.12,166,56,0.00,1,553.0,826.6,85.0,0.00,0.00,1008.4,NaN
2020-10-12T10:00,22.9,4.00,180,50,0.00,1,752.0,898.3,94.0,0.00,0.00,1007.9,NaN
2020-10-12T11:00,23.6,4.96,199,51,0.00,1,898.0,935.4,100.0,0.00,0.00,1007.1,NaN
2020-10-12T12:00,22.8,6.13,206,58,0.00,1,980.0,953.5,103.0,0.00,0.00,1006.5,NaN
2020-10-12T13:00,22.5,5.64,205,56,0.00,1,989.0,954.7,103.0,0.00,0.00,1006.2,NaN
2020-10-12T14:00,22.7,5.72,207,55,0.00,1,927.0,942.6,100.0,0.00,0.00,1005.8,NaN
2020-10-12T15:00,22.1,6.04,204,58,0.00,1,802.0,915.6,96.0,0.00,0.00,1005.6,NaN
2020-10-12T16:00,21.3,7.00,202,66,0.00,1,617.0,859.6,87.0,0.00,0.00,1005.7,NaN
2020-10-12T17:00,20.2,7.28,193,76,0.00,1,394.0,754.1,74.0,0.00,0.00,1006.2,NaN
2020-10-12T18:00,18.9,6.81,183,84,0.00,1,159.0,530.0,49.0,0.00,0.00,1006.7,NaN
2020-10-12T19:00,18.1,6.01,177,87,0.00,0,10.0,57.1,6.0,0.00,0.00,1007.1,NaN
2020-10-12T20:00,17.9,6.02,175,88,0.00,0,0.0,0.0,0.0,0.00,0.00,1007.6,NaN
2020-10-12T21:00,17.7,4.82,175,88,0.00,0,0.0,0.0,0.0,0.00,0.00,1007.8,NaN
2020-10-12T22:00,17.4,4.50,177,89,0.00,0,0.0,0.0,0.0,0.00,0.00,1007.8,NaN
2020-10-12T23:00,17.3,4.13,173,91,0.00,0,0.0,0.0,0.0,0.00,0.00,1007.4,NaN
2020-10-13T00:00,17.3,4.12,174,91,0.00,0,0.0,0.0,0.0,0.00,0.00,1007.0,NaN
2020-10-13T01:00,17.3,4.14,172,92,0.00,0,0.0,0.0,0.0,0.00,0.00,1006.4,NaN
2020-10-13T02:00,17.2,4.23,173,92,0.00,0,0.0,0.0,0.0,0.00,0.00,1005.8,NaN
2020-10-13T03:00,17.2,3.82,174,92,0.00,0,0.0,0.0,0.0,0.00,0.00,1005.6,NaN
2020-10-13T04:00,17.1,3.62,174,93,0.00,0,0.0,0.0,0.0,0.00,0.00,1005.5,NaN
2020-10-13T05:00,17.1,3.51,175,93,0.00,0,0.0,0.0,0.0,0.00,0.00,1005.8,NaN
2020-10-13T06:00,17.3,3.40,178,93,0.00,1,1.0,0.0,1.0,0.00,0.00,1006.2,NaN
2020-10-13T07:00,18.7,3.54,172,88,0.00,1,91.0,357.9,36.0,0.00,0.00,1006.6,NaN
2020-10-13T08:00,20.0,3.45,202,80,0.00,1,299.0,571.4,88.0,0.00,0.00,1006.5,NaN
2020-10-13T09:00,21.0,3.69,221,75,0.00,1,452.0,442.4,200.0,0.00,0.00,1007.1,NaN
2020-10-13T10:00,21.9,4.11,229,72,0.00,1,672.0,592.7,236.0,0.00,0.00,1007.5,NaN
2020-10-13T11:00,21.8,4.75,229,72,0.00,1,637.0,504.7,205.0,0.00,0.00,1007.5,NaN
2020-10-13T12:00,22.4,4.88,227,70,0.00,1,904.0,693.9,264.0,0.00,0.00,1007.2,NaN
2020-10-13T13:00,22.0,4.81,225,71,0.00,1,794.0,482.7,345.0,0.00,0.00,1006.9,NaN
2020-10-13T14:00,22.2,4.53,223,68,0.00,1,839.0,652.8,265.0,0.00,0.00,1006.5,NaN
2020-10-13T15:00,21.9,4.74,224,69,0.00,1,767.0,778.8,165.0,0.00,0.00,1006.3,NaN
2020-10-13T16:00,21.1,4.83,220,72,0.00,1,548.0,617.7,166.0,0.00,0.00,1006.5,NaN
2020-10-13T17:00,20.3,4.91,213,75,0.00,1,338.0,490.3,129.0,0.00,0.00,1006.7,NaN
2020-10-13T18:00,19.4,4.96,208,80,0.00,1,133.0,319.7,66.0,0.00,0.00,1007.2,NaN
2020-10-13T19:00,18.9,4.70,204,83,0.00,0,8.0,14.1,7.0,0.00,0.00,1007.7,NaN
2020-10-13T20:00,18.3,4.24,199,85,0.00,0,0.0,0.0,0.0,0.00,0.00,1008.3,NaN
2020-10-13T21:00,18.1,3.96,196,86,0.00,0,0.0,0.0,0.0,0.00,0.00,1008.2,NaN
2020-10-13T22:00,17.9,3.83,195,86,0.00,0,0.0,0.0,0.0,0.00,0.00,1007.8,NaN
2020-10-13T23:00,17.9,3.74,196,85,0.00,0,0.0,0.0,0.0,0.00,0.00,1007.6,NaN
2020-10-14T00:00,17.8,3.57,198,84,0.00,0,0.0,0.0,0.0,0.00,0.00,1007.3,NaN
2020-10-14T01:00,18.0,3.68,202,82,0.00,0,0.0,0.0,0.0,0.00,0.00,1007.0,NaN
2020-10-14T02:00,18.0,3.86,201,79,0.00,0,0.0,0.0,0.0,0.00,0.00,1006.3,NaN
2020-10-14T03:00,18.1,3.86,201,79,0.00,0,0.0,0.0,0.0,0.00,0.00,1006.5,NaN
2020-10-14T04:00,17.9,3.73,200,79,0.00,0,0.0,0.0,0.0,0.00,0.00,1006.8,NaN
2020-10-14T05:00,17.9,3.85,205,80,0.00,0,0.0,0.0,0.0,0.00,0.00,1007.2,NaN
2020-10-14T06:00,17.8,3.85,205,81,0.00,1,1.0,0.0,1.0,0.00,0.00,1007.8,NaN
2020-10-14T07:00,18.5,4.61,204,77,0.10,1,53.0,57.9,44.0,0.10,0.00,1008.5,NaN
2020-10-14T08:00,19.4,4.97,205,72,0.20,1,200.0,209.2,122.0,0.20,0.00,1008.8,NaN
2020-10-14T09:00,19.7,5.24,204,71,0.00,1,242.0,96.0,187.0,0.00,0.00,1009.1,NaN
2020-10-14T10:00,20.5,5.55,203,67,0.10,1,454.0,222.0,290.0,0.10,0.00,1009.1,NaN
2020-10-14T11:00,20.2,6.07,200,69,0.10,1,455.0,160.7,317.0,0.10,0.00,1009.0,NaN
2020-10-14T12:00,20.9,5.29,202,61,0.00,1,539.0,128.7,420.0,0.00,0.00,1008.8,NaN
2020-10-14T13:00,21.4,5.59,204,60,0.10,1,731.0,303.5,448.0,0.10,0.00,1008.6,NaN
2020-10-14T14:00,21.1,5.65,203,62,0.00,1,632.0,280.3,385.0,0.00,0.00,1008.2,NaN
2020-10-14T15:00,21.1,5.87,203,61,0.00,1,620.0,407.8,304.0,0.00,0.00,1008.0,NaN
2020-10-14T16:00,20.5,6.30,200,63,0.00,1,506.0,522.3,182.0,0.00,0.00,1008.0,NaN
2020-10-14T17:00,19.8,6.24,196,67,0.00,1,273.0,343.3,126.0,0.00,0.00,1008.2,NaN
2020-10-14T18:00,19.1,5.95,188,70,0.00,1,115.0,269.3,58.0,0.00,0.00,1008.6,NaN
2020-10-14T19:00,18.3,5.41,184,75,0.00,0,9.0,41.6,6.0,0.00,0.00,1009.0,NaN
2020-10-14T20:00,17.8,4.80,179,78,0.00,0,0.0,0.0,0.0,0.00,0.00,1009.5,NaN
2020-10-14T21:00,17.6,5.05,172,82,0.00,0,0.0,0.0,0.0,0.00,0.00,1009.8,NaN
2020-10-14T22:00,17.4,5.15,172,80,0.00,0,0.0,0.0,0.0,0.00,0.00,1009.9,NaN
2020-10-14T23:00,17.0,4.94,173,79,0.00,0,0.0,0.0,0.0,0.00,0.00,1009.5,NaN
2020-10-15T00:00,17.1,4.92,175,78,0.00,0,0.0,0.0,0.0,0.00,0.00,1009.1,NaN
2020-10-15T01:00,17.1,5.02,174,77,0.00,0,0.0,0.0,0.0,0.00,0.00,1008.6,NaN
2020-10-15T02:00,16.8,4.22,166,78,0.00,0,0.0,0.0,0.0,0.00,0.00,1008.0,NaN
2020-10-15T03:00,16.4,3.26,162,80,0.00,0,0.0,0.0,0.0,0.00,0.00,1007.5,NaN
2020-10-15T04:00,16.1,2.51,151,84,0.00,0,0.0,0.0,0.0,0.00,0.00,1007.5,NaN
2020-10-15T05:00,15.0,1.50,127,90,0.00,0,0.0,0.0,0.0,0.00,0.00,1007.6,NaN
2020-10-15T06:00,14.9,1.33,103,90,0.00,1,1.0,0.0,1.0,0.00,0.00,1007.8,NaN
2020-10-15T07:00,17.0,2.48,130,80,0.00,1,90.0,298.6,43.0,0.00,0.00,1008.3,NaN
2020-10-15T08:00,18.1,5.24,151,68,0.00,1,325.0,645.4,82.0,0.00,0.00,1008.8,NaN
2020-10-15T09:00,20.1,5.28,161,57,0.00,1,565.0,829.5,87.0,0.00,0.00,1008.9,NaN
2020-10-15T10:00,21.6,5.82,175,51,0.00,1,751.0,873.8,103.0,0.00,0.00,1008.7,NaN
2020-10-15T11:00,22.2,6.74,186,51,0.00,1,901.0,911.5,116.0,0.00,0.00,1008.3,NaN
2020-10-15T12:00,22.0,7.81,193,54,0.00,1,985.0,950.3,104.0,0.00,0.00,1007.5,NaN
2020-10-15T13:00,21.2,9.31,195,56,0.00,1,989.0,939.5,111.0,0.00,0.00,1007.3,NaN
2020-10-15T14:00,21.2,8.81,192,55,0.00,1,928.0,931.7,105.0,0.00,0.00,1007.1,NaN
2020-10-15T15:00,20.7,8.32,190,58,0.00,1,803.0,906.4,99.0,0.00,0.00,1006.4,NaN
2020-10-15T16:00,20.3,8.09,189,61,0.00,1,618.0,848.7,90.0,0.00,0.00,1006.2,NaN
2020-10-15T17:00,19.4,8.21,183,65,0.00,1,396.0,744.0,76.0,0.00,0.00,1006.5,NaN
2020-10-15T18:00,18.5,8.10,181,71,0.00,1,164.0,533.5,50.0,0.00,0.00,1007.1,NaN
2020-10-15T19:00,17.8,8.11,177,75,0.00,0,12.0,68.3,7.0,0.00,0.00,1007.7,NaN
2020-10-15T20:00,17.2,7.88,172,76,0.00,0,0.0,0.0,0.0,0.00,0.00,1008.3,NaN
2020-10-15T21:00,17.0,7.61,170,78,0.00,0,0.0,0.0,0.0,0.00,0.00,1008.7,NaN
2020-10-15T22:00,16.9,7.65,169,80,0.00,0,0.0,0.0,0.0,0.00,0.00,1008.7,NaN
2020-10-15T23:00,16.8,7.20,166,81,0.00,0,0.0,0.0,0.0,0.00,0.00,1008.3,NaN
2020-10-16T00:00,16.5,6.74,162,81,0.00,0,0.0,0.0,0.0,0.00,0.00,1007.9,NaN
2020-10-16T01:00,15.9,6.18,157,85,0.00,0,0.0,0.0,0.0,0.00,0.00,1007.2,NaN
2020-10-16T02:00,15.3,5.59,153,86,0.00,0,0.0,0.0,0.0,0.00,0.00,1006.7,NaN
2020-10-16T03:00,14.7,5.25,149,87,0.00,0,0.0,0.0,0.0,0.00,0.00,1006.4,NaN
2020-10-16T04:00,14.2,4.80,144,86,0.00,0,0.0,0.0,0.0,0.00,0.00,1006.6,NaN
2020-10-16T05:00,13.6,4.06,142,87,0.00,0,0.0,0.0,0.0,0.00,0.00,1006.6,NaN
2020-10-16T06:00,13.4,3.88,145,88,0.00,1,2.0,0.0,2.0,0.00,0.00,1006.8,NaN
2020-10-16T07:00,15.1,4.27,147,78,0.00,1,111.0,438.3,41.0,0.00,0.00,1007.6,NaN
2020-10-16T08:00,17.4,4.02,153,67,0.00,1,335.0,663.2,83.0,0.00,0.00,1007.3,NaN
2020-10-16T09:00,19.8,4.18,163,57,0.00,1,568.0,823.2,91.0,0.00,0.00,1007.3,NaN
2020-10-16T10:00,21.9,4.60,178,51,0.00,1,764.0,891.9,100.0,0.00,0.00,1007.1,NaN
2020-10-16T11:00,22.8,5.97,194,52,0.00,1,907.0,927.3,106.0,0.00,0.00,1006.3,NaN
2020-10-16T12:00,22.3,7.34,200,59,0.00,1,980.0,920.0,125.0,0.00,0.00,1005.4,NaN
2020-10-16T13:00,22.2,8.42,196,57,0.00,1,992.0,938.4,113.0,0.00,0.00,1004.7,NaN
2020-10-16T14:00,22.2,8.71,189,57,0.00,1,924.0,911.6,117.0,0.00,0.00,1004.0,NaN
2020-10-16T15:00,22.2,8.99,188,60,0.00,1,798.0,888.8,106.0,0.00,0.00,1003.5,NaN
2020-10-16T16:00,21.1,9.35,186,66,0.00,1,617.0,844.6,90.0,0.00,0.00,1003.1,NaN
2020-10-16T17:00,20.0,9.40,180,73,0.00,1,391.0,722.2,79.0,0.00,0.00,1003.4,NaN
2020-10-16T18:00,19.1,9.00,178,77,0.00,1,157.0,454.2,59.0,0.00,0.00,1003.5,NaN
2020-10-16T19:00,18.6,9.14,175,79,0.00,0,12.0,53.8,8.0,0.00,0.00,1003.9,NaN
2020-10-16T20:00,18.3,8.37,168,78,0.00,0,0.0,0.0,0.0,0.00,0.00,1004.5,NaN
2020-10-16T21:00,18.2,8.34,166,79,0.00,0,0.0,0.0,0.0,0.00,0.00,1004.3,NaN
2020-10-16T22:00,17.9,7.21,161,81,0.00,0,0.0,0.0,0.0,0.00,0.00,1004.1,NaN
2020-10-16T23:00,17.6,6.56,159,78,0.00,0,0.0,0.0,0.0,0.00,0.00,1003.8,NaN
2020-10-17T00:00,17.5,5.41,152,71,0.00,0,0.0,0.0,0.0,0.00,0.00,1003.8,NaN
2020-10-17T01:00,17.1,4.88,154,68,0.00,0,0.0,0.0,0.0,0.00,0.00,1003.5,NaN
2020-10-17T02:00,16.7,4.57,151,67,0.00,0,0.0,0.0,0.0,0.00,0.00,1003.2,NaN
2020-10-17T03:00,16.5,4.55,147,63,0.00,0,0.0,0.0,0.0,0.00,0.00,1002.8,NaN
2020-10-17T04:00,16.4,4.24,146,59,0.00,0,0.0,0.0,0.0,0.00,0.00,1002.6,NaN
2020-10-17T05:00,16.5,4.06,142,51,0.00,0,0.0,0.0,0.0,0.00,0.00,1002.7,NaN
2020-10-17T06:00,17.4,4.60,136,44,0.00,1,2.0,0.0,2.0,0.00,0.00,1003.1,NaN
2020-10-17T07:00,20.1,5.34,128,41,0.00,1,98.0,342.8,42.0,0.00,0.00,1003.5,NaN
2020-10-17T08:00,21.5,4.57,151,44,0.10,1,265.0,438.2,97.0,0.10,0.00,1003.5,NaN
2020-10-17T09:00,23.7,6.06,128,37,0.00,1,382.0,369.1,167.0,0.00,0.00,1003.4,NaN
2020-10-17T10:00,25.3,6.08,126,34,0.10,1,506.0,398.8,208.0,0.10,0.00,1003.0,NaN
2020-10-17T11:00,26.2,5.73,136,33,0.00,1,533.0,447.9,145.0,0.00,0.00,1002.4,NaN
2020-10-17T12:00,27.3,5.99,152,31,0.00,1,713.0,538.9,211.0,0.00,0.00,1001.5,NaN
2020-10-17T13:00,28.0,6.87,167,32,0.00,1,859.0,744.7,160.0,0.00,0.00,1000.8,NaN
2020-10-17T14:00,25.8,9.13,184,47,0.00,1,757.0,669.6,163.0,0.00,0.00,1000.1,NaN
2020-10-17T15:00,23.3,10.75,185,58,0.00,1,571.0,517.7,167.0,0.00,0.00,999.5,NaN
2020-10-17T16:00,21.6,11.10,181,63,0.00,1,399.0,308.4,206.0,0.00,0.00,999.4,NaN
2020-10-17T17:00,21.7,10.50,178,65,0.00,1,355.0,601.5,94.0,0.00,0.00,999.2,NaN
2020-10-17T18:00,20.2,10.20,178,71,0.00,1,141.0,426.9,48.0,0.00,0.00,999.2,NaN
2020-10-17T19:00,19.6,10.31,172,71,0.00,0,11.0,66.4,6.0,0.00,0.00,999.8,NaN
2020-10-17T20:00,19.7,10.20,169,74,0.00,0,0.0,0.0,0.0,0.00,0.00,999.9,NaN
2020-10-17T21:00,19.4,9.95,167,76,0.00,0,0.0,0.0,0.0,0.00,0.00,999.8,NaN
2020-10-17T22:00,19.7,8.38,160,73,0.00,0,0.0,0.0,0.0,0.00,0.00,999.5,NaN
2020-10-17T23:00,19.3,6.05,172,70,0.30,0,0.0,0.0,0.0,0.30,0.00,1000.0,NaN
2020-10-18T00:00,18.5,6.93,200,80,0.30,0,0.0,0.0,0.0,0.30,0.00,1000.0,NaN
2020-10-18T01:00,18.5,8.44,185,80,0.00,0,0.0,0.0,0.0,0.00,0.00,999.2,NaN
2020-10-18T02:00,18.6,8.32,170,75,0.00,0,0.0,0.0,0.0,0.00,0.00,998.3,NaN
2020-10-18T03:00,18.7,7.73,159,69,0.00,0,0.0,0.0,0.0,0.00,0.00,997.5,NaN
2020-10-18T04:00,19.2,7.20,153,55,0.00,0,0.0,0.0,0.0,0.00,0.00,997.4,NaN
2020-10-18T05:00,19.8,6.38,148,41,0.00,0,0.0,0.0,0.0,0.00,0.00,997.3,NaN
2020-10-18T06:00,19.9,5.46,145,36,0.00,1,2.0,0.0,2.0,0.00,0.00,997.8,NaN
2020-10-18T07:00,21.0,4.79,151,36,0.00,1,83.0,281.5,36.0,0.00,0.00,998.2,NaN
2020-10-18T08:00,22.5,4.03,173,40,0.00,1,273.0,481.0,87.0,0.00,0.00,998.8,NaN
2020-10-18T09:00,24.7,4.20,179,37,0.00,1,509.0,650.6,128.0,0.00,0.00,998.7,NaN
2020-10-18T10:00,25.9,4.71,197,39,0.00,1,748.0,844.0,115.0,0.00,0.00,998.9,NaN
2020-10-18T11:00,25.5,6.65,201,42,0.00,1,870.0,848.4,133.0,0.00,0.00,998.9,NaN
2020-10-18T12:00,26.0,6.17,197,38,0.00,1,910.0,792.5,170.0,0.00,0.00,998.6,NaN
2020-10-18T13:00,26.8,5.10,196,38,0.00,1,878.0,744.2,178.0,0.00,0.00,998.3,NaN
2020-10-18T14:00,25.0,5.73,209,51,0.00,1,875.0,850.5,119.0,0.00,0.00,998.5,NaN
2020-10-18T15:00,24.0,6.14,199,58,0.00,1,735.0,760.7,140.0,0.00,0.00,998.7,NaN
2020-10-18T16:00,22.9,6.58,197,62,0.00,1,602.0,798.3,101.0,0.00,0.00,998.8,NaN
2020-10-18T17:00,21.6,7.03,195,68,0.00,1,389.0,706.7,81.0,0.00,0.00,999.5,NaN
2020-10-18T18:00,20.5,6.36,196,74,0.00,1,154.0,450.1,55.0,0.00,0.00,1000.3,NaN
2020-10-18T19:00,19.4,6.00,204,82,0.00,0,13.0,65.4,8.0,0.00,0.00,1001.1,NaN
2020-10-18T20:00,18.8,4.55,199,84,0.00,0,0.0,0.0,0.0,0.00,0.00,1002.2,NaN
2020-10-18T21:00,18.6,3.89,198,86,0.00,0,0.0,0.0,0.0,0.00,0.00,1002.2,NaN
2020-10-18T22:00,18.5,3.64,201,88,0.00,0,0.0,0.0,0.0,0.00,0.00,1002.2,NaN
2020-10-18T23:00,18.3,3.72,204,91,0.00,0,0.0,0.0,0.0,0.00,0.00,1002.1,NaN
2020-10-19T00:00,18.3,3.55,202,92,0.00,0,0.0,0.0,0.0,0.00,0.00,1001.9,NaN
2020-10-19T01:00,18.2,3.36,203,93,0.00,0,0.0,0.0,0.0,0.00,0.00,1001.6,NaN
2020-10-19T02:00,18.1,3.16,198,94,0.00,0,0.0,0.0,0.0,0.00,0.00,1001.4,NaN
2020-10-19T03:00,18.1,3.37,192,94,0.00,0,0.0,0.0,0.0,0.00,0.00,1001.5,NaN
2020-10-19T04:00,18.1,3.71,183,94,0.00,0,0.0,0.0,0.0,0.00,0.00,1001.6,NaN
2020-10-19T05:00,18.1,3.91,184,94,0.00,0,0.0,0.0,0.0,0.00,0.00,1002.1,NaN
2020-10-19T06:00,18.3,4.00,180,94,0.00,1,3.0,0.0,3.0,0.00,0.00,1002.5,NaN
2020-10-19T07:00,19.6,5.11,177,87,0.00,1,96.0,264.0,51.0,0.00,0.00,1003.4,NaN
2020-10-19T08:00,20.4,4.49,192,80,0.00,1,280.0,371.8,135.0,0.00,0.00,1004.0,NaN
2020-10-19T09:00,21.2,5.02,203,75,0.00,1,447.0,441.8,187.0,0.00,0.00,1004.4,NaN
2020-10-19T10:00,21.6,5.24,209,73,0.00,1,572.0,354.8,305.0,0.00,0.00,1004.5,NaN
2020-10-19T11:00,22.1,5.58,213,70,0.00,1,792.0,566.0,299.0,0.00,0.00,1004.5,NaN
2020-10-19T12:00,22.2,5.94,213,69,0.00,1,876.0,651.8,266.0,0.00,0.00,1004.4,NaN
2020-10-19T13:00,22.1,6.21,213,68,0.00,1,855.0,540.0,346.0,0.00,0.00,1004.2,NaN
2020-10-19T14:00,21.7,6.88,216,69,0.00,1,780.0,574.8,268.0,0.00,0.00,1004.3,NaN
2020-10-19T15:00,20.8,7.49,214,73,0.10,1,568.0,338.0,303.0,0.10,0.00,1004.3,NaN
2020-10-19T16:00,20.1,7.48,210,76,0.20,1,359.0,208.1,228.0,0.20,0.00,1004.5,NaN
2020-10-19T17:00,19.7,7.24,206,77,0.20,1,274.0,274.1,154.0,0.20,0.00,1004.7,NaN
2020-10-19T18:00,19.0,6.67,204,81,0.10,1,88.0,99.1,66.0,0.10,0.00,1005.2,NaN
2020-10-19T19:00,18.7,5.91,199,84,0.00,0,8.0,12.9,7.0,0.00,0.00,1005.7,NaN
2020-10-19T20:00,18.3,5.24,193,83,0.00,0,0.0,0.0,0.0,0.00,0.00,1006.3,NaN
2020-10-19T21:00,18.2,5.11,183,83,0.00,0,0.0,0.0,0.0,0.00,0.00,1006.4,NaN
2020-10-19T22:00,18.1,4.90,182,83,0.00,0,0.0,0.0,0.0,0.00,0.00,1006.2,NaN
2020-10-19T23:00,18.0,4.52,185,84,0.00,0,0.0,0.0,0.0,0.00,0.00,1006.0,NaN
2020-10-20T00:00,17.7,4.63,186,85,0.00,0,0.0,0.0,0.0,0.00,0.00,1005.8,NaN
2020-10-20T01:00,17.7,4.93,186,85,0.00,0,0.0,0.0,0.0,0.00,0.00,1005.2,NaN
2020-10-20T02:00,17.6,4.82,185,86,0.00,0,0.0,0.0,0.0,0.00,0.00,1005.1,NaN
2020-10-20T03:00,17.4,4.70,182,88,0.00,0,0.0,0.0,0.0,0.00,0.00,1005.0,NaN
2020-10-20T04:00,17.3,4.00,181,87,0.00,0,0.0,0.0,0.0,0.00,0.00,1005.2,NaN
2020-10-20T05:00,17.5,3.41,183,86,0.00,0,0.0,0.0,0.0,0.00,0.00,1005.6,NaN
2020-10-20T06:00,17.2,3.50,180,90,0.00,1,2.0,0.0,2.0,0.00,0.00,1005.9,NaN
2020-10-20T07:00,18.2,5.10,181,85,0.10,1,88.0,207.0,52.0,0.10,0.00,1006.3,NaN
2020-10-20T08:00,19.6,5.39,195,73,0.00,1,174.0,68.7,147.0,0.00,0.00,1006.4,NaN
2020-10-20T09:00,20.0,5.47,198,68,0.10,1,287.0,108.2,223.0,0.10,0.00,1006.8,NaN
2020-10-20T10:00,20.4,5.03,201,66,0.00,1,397.0,128.5,300.0,0.00,0.00,1006.9,NaN
2020-10-20T11:00,21.2,4.48,209,62,0.00,1,653.0,330.9,364.0,0.00,0.00,1006.5,NaN
2020-10-20T12:00,21.3,4.58,216,62,0.00,1,685.0,346.5,360.0,0.00,0.00,1006.0,NaN
2020-10-20T13:00,21.7,4.53,221,61,0.00,1,838.0,596.1,275.0,0.00,0.00,1005.4,NaN
2020-10-20T14:00,21.6,4.60,224,60,0.00,1,900.0,828.0,161.0,0.00,0.00,1004.9,NaN
2020-10-20T15:00,21.4,4.74,226,61,0.00,1,821.0,911.3,105.0,0.00,0.00,1004.4,NaN
2020-10-20T16:00,20.7,4.88,223,65,0.00,1,624.0,803.2,117.0,0.00,0.00,1004.4,NaN
2020-10-20T17:00,20.3,4.97,205,68,0.00,1,407.0,725.5,88.0,0.00,0.00,1004.4,NaN
2020-10-20T18:00,19.1,6.04,187,80,0.00,1,146.0,347.9,68.0,0.00,0.00,1004.5,NaN
2020-10-20T19:00,18.6,6.20,181,83,0.00,0,11.0,38.2,8.0,0.00,0.00,1005.0,NaN
2020-10-20T20:00,17.9,5.80,180,83,0.00,0,0.0,0.0,0.0,0.00,0.00,1006.0,NaN
2020-10-20T21:00,17.5,5.80,181,83,0.00,0,0.0,0.0,0.0,0.00,0.00,1006.4,NaN
2020-10-20T22:00,17.3,5.80,180,83,0.00,0,0.0,0.0,0.0,0.00,0.00,1006.1,NaN
2020-10-20T23:00,17.6,6.20,180,79,0.00,0,0.0,0.0,0.0,0.00,0.00,1005.6,NaN
2020-10-21T00:00,17.4,6.61,177,79,0.00,0,0.0,0.0,0.0,0.00,0.00,1005.3,NaN
2020-10-21T01:00,17.4,6.21,177,80,0.00,0,0.0,0.0,0.0,0.00,0.00,1004.9,NaN
2020-10-21T02:00,17.3,5.91,176,81,0.00,0,0.0,0.0,0.0,0.00,0.00,1004.5,NaN
2020-10-21T03:00,17.1,5.63,174,82,0.00,0,0.0,0.0,0.0,0.00,0.00,1004.4,NaN
2020-10-21T04:00,17.0,5.53,174,84,0.00,0,0.0,0.0,0.0,0.00,0.00,1004.4,NaN
2020-10-21T05:00,17.0,5.12,176,85,0.00,0,0.0,0.0,0.0,0.00,0.00,1004.7,NaN
2020-10-21T06:00,16.9,5.60,178,86,0.00,1,3.0,18.3,2.0,0.00,0.00,1005.1,NaN
2020-10-21T07:00,18.0,6.51,184,79,0.10,1,95.0,270.9,47.0,0.10,0.00,1005.6,NaN
2020-10-21T08:00,18.3,6.87,196,79,0.10,1,218.0,320.6,91.0,0.10,0.00,1005.7,NaN
2020-10-21T09:00,19.0,7.50,196,72,0.10,1,290.0,242.4,146.0,0.10,0.00,1006.0,NaN
2020-10-21T10:00,19.9,7.85,202,66,0.10,1,511.0,450.1,170.0,0.10,0.00,1006.1,NaN
2020-10-21T11:00,19.5,7.58,203,66,0.00,1,431.0,182.8,271.0,0.00,0.00,1006.0,NaN
2020-10-21T12:00,19.6,7.24,206,64,0.00,1,425.0,194.7,242.0,0.00,0.00,1005.8,NaN
2020-10-21T13:00,20.0,7.07,209,61,0.00,1,528.0,219.8,320.0,0.00,0.00,1005.5,NaN
2020-10-21T14:00,19.8,7.03,210,61,0.00,1,493.0,214.7,301.0,0.00,0.00,1004.9,NaN
2020-10-21T15:00,20.0,7.22,211,60,0.00,1,602.0,412.8,277.0,0.00,0.00,1004.5,NaN
2020-10-21T16:00,19.5,7.69,206,61,0.00,1,460.0,404.4,204.0,0.00,0.00,1004.1,NaN
2020-10-21T17:00,18.7,8.02,203,67,0.10,1,287.0,326.0,143.0,0.10,0.00,1004.4,NaN
2020-10-21T18:00,18.1,7.75,200,70,0.10,1,101.0,159.0,65.0,0.10,0.00,1004.8,NaN
2020-10-21T19:00,17.6,6.84,195,77,0.00,0,11.0,37.6,8.0,0.00,0.00,1005.1,NaN
2020-10-21T20:00,17.1,5.84,187,82,0.00,0,0.0,0.0,0.0,0.00,0.00,1005.9,NaN
2020-10-21T21:00,17.2,5.41,183,83,0.00,0,0.0,0.0,0.0,0.00,0.00,1006.0,NaN
2020-10-21T22:00,17.1,5.14,173,83,0.00,0,0.0,0.0,0.0,0.00,0.00,1006.0,NaN
2020-10-21T23:00,17.0,5.48,165,83,0.00,0,0.0,0.0,0.0,0.00,0.00,1005.7,NaN
2020-10-22T00:00,16.7,5.39,169,84,0.00,0,0.0,0.0,0.0,0.00,0.00,1005.4,NaN
2020-10-22T01:00,16.4,5.02,167,84,0.00,0,0.0,0.0,0.0,0.00,0.00,1005.0,NaN
2020-10-22T02:00,16.1,4.30,155,84,0.00,0,0.0,0.0,0.0,0.00,0.00,1004.6,NaN
2020-10-22T03:00,15.6,3.77,148,85,0.00,0,0.0,0.0,0.0,0.00,0.00,1004.5,NaN
2020-10-22T04:00,15.1,3.19,139,88,0.00,0,0.0,0.0,0.0,0.00,0.00,1004.9,NaN
2020-10-22T05:00,14.4,2.48,130,90,0.00,0,0.0,0.0,0.0,0.00,0.00,1005.5,NaN
2020-10-22T06:00,14.1,2.56,121,90,0.00,1,5.0,17.7,4.0,0.00,0.00,1006.1,NaN
2020-10-22T07:00,16.2,3.00,127,79,0.00,1,133.0,476.5,47.0,0.00,0.00,1006.6,NaN
2020-10-22T08:00,18.4,2.27,131,66,0.00,1,359.0,716.6,73.0,0.00,0.00,1007.1,NaN
2020-10-22T09:00,20.5,2.34,160,57,0.00,1,584.0,817.8,96.0,0.00,0.00,1007.4,NaN
2020-10-22T10:00,22.0,3.92,186,52,0.00,1,787.0,901.4,102.0,0.00,0.00,1007.1,NaN
2020-10-22T11:00,22.1,5.98,198,57,0.00,1,933.0,942.3,106.0,0.00,0.00,1006.6,NaN
2020-10-22T12:00,21.6,7.46,198,59,0.00,1,1009.0,951.4,113.0,0.00,0.00,1006.1,NaN
2020-10-22T13:00,21.6,7.91,193,54,0.00,1,1014.0,948.3,115.0,0.00,0.00,1005.5,NaN
2020-10-22T14:00,21.6,7.96,192,55,0.00,1,953.0,945.4,106.0,0.00,0.00,1005.2,NaN
2020-10-22T15:00,21.3,8.50,189,58,0.00,1,823.0,915.0,101.0,0.00,0.00,1004.8,NaN
2020-10-22T16:00,20.3,8.52,184,59,0.00,1,637.0,860.1,91.0,0.00,0.00,1004.7,NaN
2020-10-22T17:00,19.8,8.10,179,61,0.00,1,414.0,757.4,78.0,0.00,0.00,1004.9,NaN
2020-10-22T18:00,18.5,7.61,178,70,0.00,1,181.0,560.1,53.0,0.00,0.00,1005.3,NaN
2020-10-22T19:00,17.4,7.50,167,75,0.00,0,16.0,86.6,9.0,0.00,0.00,1005.7,NaN
2020-10-22T20:00,17.0,6.64,162,81,0.00,0,0.0,0.0,0.0,0.00,0.00,1006.5,NaN
2020-10-22T21:00,16.8,6.36,161,83,0.00,0,0.0,0.0,0.0,0.00,0.00,1006.7,NaN
2020-10-22T22:00,16.6,5.68,154,84,0.00,0,0.0,0.0,0.0,0.00,0.00,1006.5,NaN
2020-10-22T23:00,16.0,4.38,145,83,0.00,0,0.0,0.0,0.0,0.00,0.00,1005.9,NaN
2020-10-23T00:00,15.5,3.70,142,79,0.00,0,0.0,0.0,0.0,0.00,0.00,1005.4,NaN
2020-10-23T01:00,15.1,3.39,135,74,0.00,0,0.0,0.0,0.0,0.00,0.00,1004.8,NaN
2020-10-23T02:00,15.0,3.12,130,68,0.00,0,0.0,0.0,0.0,0.00,0.00,1004.4,NaN
2020-10-23T03:00,15.1,3.06,128,58,0.00,0,0.0,0.0,0.0,0.00,0.00,1004.3,NaN
2020-10-23T04:00,15.2,3.08,126,49,0.00,0,0.0,0.0,0.0,0.00,0.00,1004.3,NaN
2020-10-23T05:00,15.1,2.97,123,48,0.00,0,0.0,0.0,0.0,0.00,0.00,1004.7,NaN
2020-10-23T06:00,15.4,3.00,120,48,0.00,1,5.0,34.4,3.0,0.00,0.00,1005.1,NaN
2020-10-23T07:00,18.2,3.89,119,43,0.00,1,140.0,511.6,46.0,0.00,0.00,1005.8,NaN
2020-10-23T08:00,21.6,5.60,89,37,0.00,1,374.0,746.2,74.0,0.00,0.00,1005.2,NaN
2020-10-23T09:00,24.8,5.64,83,30,0.00,1,604.0,860.9,88.0,0.00,0.00,1005.3,NaN
2020-10-23T10:00,27.3,4.47,80,27,0.00,1,800.0,922.2,97.0,0.00,0.00,1005.4,NaN
2020-10-23T11:00,28.1,1.84,139,23,0.00,1,943.0,956.0,102.0,0.00,0.00,1004.9,NaN
2020-10-23T12:00,27.9,4.03,203,25,0.00,1,1020.0,965.4,109.0,0.00,0.00,1004.4,NaN
2020-10-23T13:00,26.4,7.70,205,38,0.00,1,1017.0,942.3,122.0,0.00,0.00,1004.1,NaN
2020-10-23T14:00,25.7,7.84,197,37,0.00,1,958.0,950.3,105.0,0.00,0.00,1003.6,NaN
2020-10-23T15:00,25.4,7.58,188,38,0.00,1,828.0,923.1,98.0,0.00,0.00,1003.3,NaN
2020-10-23T16:00,24.4,8.02,190,41,0.00,1,648.0,884.4,85.0,0.00,0.00,1003.1,NaN
2020-10-23T17:00,23.0,7.61,182,46,0.00,1,419.0,767.6,77.0,0.00,0.00,1003.6,NaN
2020-10-23T18:00,20.7,7.14,174,67,0.00,1,184.0,563.5,54.0,0.00,0.00,1004.3,NaN
2020-10-23T19:00,19.6,7.16,168,69,0.00,0,17.0,97.6,9.0,0.00,0.00,1004.5,NaN
2020-10-23T20:00,19.4,5.89,165,65,0.00,0,0.0,0.0,0.0,0.00,0.00,1005.2,NaN
2020-10-23T21:00,19.0,6.26,163,68,0.00,0,0.0,0.0,0.0,0.00,0.00,1005.4,NaN
2020-10-23T22:00,18.7,6.14,164,71,0.00,0,0.0,0.0,0.0,0.00,0.00,1005.4,NaN
2020-10-23T23:00,18.4,5.53,167,76,0.00,0,0.0,0.0,0.0,0.00,0.00,1005.0,NaN
2020-10-24T00:00,18.0,4.68,164,79,0.00,0,0.0,0.0,0.0,0.00,0.00,1004.6,NaN
2020-10-24T01:00,17.3,3.54,151,80,0.00,0,0.0,0.0,0.0,0.00,0.00,1004.1,NaN
2020-10-24T02:00,16.4,2.41,138,79,0.00,0,0.0,0.0,0.0,0.00,0.00,1003.7,NaN
2020-10-24T03:00,15.4,2.13,131,76,0.00,0,0.0,0.0,0.0,0.00,0.00,1003.5,NaN
2020-10-24T04:00,15.2,2.19,133,66,0.00,0,0.0,0.0,0.0,0.00,0.00,1003.9,NaN
2020-10-24T05:00,15.3,2.33,133,54,0.00,0,0.0,0.0,0.0,0.00,0.00,1004.2,NaN
2020-10-24T06:00,15.9,2.34,130,45,0.00,1,6.0,33.5,4.0,0.00,0.00,1004.6,NaN
2020-10-24T07:00,19.7,3.33,123,35,0.00,1,143.0,518.9,46.0,0.00,0.00,1005.1,NaN
2020-10-24T08:00,22.9,3.64,111,29,0.00,1,376.0,748.3,73.0,0.00,0.00,1005.0,NaN
2020-10-24T09:00,26.4,3.72,96,24,0.00,1,605.0,858.9,88.0,0.00,0.00,1004.9,NaN
2020-10-24T10:00,28.7,2.82,96,22,0.00,1,802.0,920.8,98.0,0.00,0.00,1004.6,NaN
2020-10-24T11:00,29.9,1.70,140,21,0.00,1,945.0,954.9,103.0,0.00,0.00,1003.8,NaN
2020-10-24T12:00,28.9,4.68,200,32,0.00,1,1024.0,970.9,106.0,0.00,0.00,1003.1,NaN
2020-10-24T13:00,28.0,6.55,196,39,0.00,1,1029.0,970.1,106.0,0.00,0.00,1002.5,NaN
2020-10-24T14:00,27.2,8.25,194,39,0.00,1,963.0,956.3,103.0,0.00,0.00,1001.9,NaN
2020-10-24T15:00,26.3,8.06,187,39,0.00,1,831.0,925.0,98.0,0.00,0.00,1001.4,NaN
2020-10-24T16:00,25.7,7.30,181,43,0.00,1,644.0,869.4,89.0,0.00,0.00,1001.3,NaN
2020-10-24T17:00,25.0,7.01,177,50,0.00,1,421.0,770.9,76.0,0.00,0.00,1001.4,NaN
2020-10-24T18:00,23.2,6.99,171,53,0.00,1,186.0,571.1,53.0,0.00,0.00,1001.6,NaN
2020-10-24T19:00,21.9,6.55,164,53,0.00,0,18.0,96.3,10.0,0.00,0.00,1001.9,NaN
2020-10-24T20:00,21.4,5.88,162,56,0.00,0,0.0,0.0,0.0,0.00,0.00,1002.8,NaN
2020-10-24T21:00,21.0,5.15,162,58,0.00,0,0.0,0.0,0.0,0.00,0.00,1002.9,NaN
2020-10-24T22:00,20.8,4.49,159,58,0.00,0,0.0,0.0,0.0,0.00,0.00,1002.6,NaN
2020-10-24T23:00,20.1,3.26,153,56,0.00,0,0.0,0.0,0.0,0.00,0.00,1002.2,NaN
2020-10-25T00:00,18.8,2.25,148,56,0.00,0,0.0,0.0,0.0,0.00,0.00,1001.6,NaN
2020-10-25T01:00,17.3,2.62,137,55,0.00,0,0.0,0.0,0.0,0.00,0.00,1000.8,NaN
2020-10-25T02:00,17.0,3.04,134,47,0.00,0,0.0,0.0,0.0,0.00,0.00,1000.1,NaN
2020-10-25T03:00,17.1,3.05,139,41,0.00,0,0.0,0.0,0.0,0.00,0.00,1000.0,NaN
2020-10-25T04:00,17.1,3.67,107,39,0.00,0,0.0,0.0,0.0,0.00,0.00,1000.1,NaN
2020-10-25T05:00,20.6,3.32,74,30,0.00,0,0.0,0.0,0.0,0.00,0.00,1000.5,NaN
2020-10-25T06:00,22.0,4.65,65,28,0.00,1,7.0,32.6,5.0,0.00,0.00,1001.0,NaN
2020-10-25T07:00,24.6,6.22,62,26,0.00,1,144.0,515.6,46.0,0.00,0.00,1001.7,NaN
2020-10-25T08:00,27.5,6.56,52,23,0.00,1,375.0,738.2,74.0,0.00,0.00,1001.9,NaN
2020-10-25T09:00,30.5,7.11,39,21,0.00,1,602.0,850.3,88.0,0.00,0.00,1001.9,NaN
2020-10-25T10:00,32.6,5.81,27,19,0.00,1,795.0,911.6,96.0,0.00,0.00,1001.7,NaN
2020-10-25T11:00,33.8,4.36,9,19,0.00,1,936.0,943.7,102.0,0.00,0.00,1001.0,NaN
2020-10-25T12:00,33.2,1.70,310,21,0.00,1,1013.0,958.5,105.0,0.00,0.00,1000.1,NaN
2020-10-25T13:00,31.1,4.65,251,29,0.00,1,1019.0,957.9,106.0,0.00,0.00,999.5,NaN
2020-10-25T14:00,27.2,5.78,247,33,0.00,1,810.0,586.1,282.0,0.00,0.00,999.6,NaN
2020-10-25T15:00,27.3,3.94,243,34,0.00,1,827.0,925.5,92.0,0.00,0.00,999.3,NaN
2020-10-25T16:00,25.9,4.60,228,42,0.00,1,646.0,871.6,88.0,0.00,0.00,999.2,NaN
2020-10-25T17:00,24.7,2.88,200,43,0.00,1,423.0,772.0,76.0,0.00,0.00,999.4,NaN
2020-10-25T18:00,23.4,3.75,222,55,0.00,1,185.0,561.4,53.0,0.00,0.00,1000.0,NaN
2020-10-25T19:00,21.2,1.94,215,66,0.00,0,18.0,106.9,9.0,0.00,0.00,1000.4,NaN
2020-10-25T20:00,20.3,1.86,234,74,0.00,0,0.0,0.0,0.0,0.00,0.00,1001.8,NaN
2020-10-25T21:00,19.6,1.94,215,81,0.00,0,0.0,0.0,0.0,0.00,0.00,1002.1,NaN
2020-10-25T22:00,18.9,1.91,223,88,0.00,0,0.0,0.0,0.0,0.00,0.00,1001.9,NaN
2020-10-25T23:00,18.2,1.58,215,91,0.00,0,0.0,0.0,0.0,0.00,0.00,1001.6,NaN
2020-10-26T00:00,18.4,2.34,230,92,0.00,0,0.0,0.0,0.0,0.00,0.00,1001.2,NaN
2020-10-26T01:00,18.3,2.55,225,92,0.00,0,0.0,0.0,0.0,0.00,0.00,1000.9,NaN
2020-10-26T02:00,18.3,3.24,214,92,0.00,0,0.0,0.0,0.0,0.00,0.00,1001.0,NaN
2020-10-26T03:00,18.3,3.49,204,92,0.00,0,0.0,0.0,0.0,0.00,0.00,1001.2,NaN
2020-10-26T04:00,18.1,3.28,192,92,0.00,0,0.0,0.0,0.0,0.00,0.00,1001.8,NaN
2020-10-26T05:00,17.9,3.01,184,92,0.00,0,0.0,0.0,0.0,0.00,0.00,1002.3,NaN
2020-10-26T06:00,17.9,2.80,178,92,0.00,1,7.0,31.8,5.0,0.00,0.00,1003.1,NaN
2020-10-26T07:00,19.8,4.20,183,83,0.00,1,141.0,481.5,48.0,0.00,0.00,1003.7,NaN
2020-10-26T08:00,21.1,5.10,196,73,0.00,1,366.0,694.3,81.0,0.00,0.00,1004.5,NaN
2020-10-26T09:00,22.1,5.91,199,66,0.00,1,593.0,812.3,100.0,0.00,0.00,1005.2,NaN
2020-10-26T10:00,22.7,6.10,198,61,0.00,1,790.0,890.8,105.0,0.00,0.00,1005.3,NaN
2020-10-26T11:00,23.6,5.60,196,55,0.00,1,935.0,937.2,105.0,0.00,0.00,1004.8,NaN
2020-10-26T12:00,24.2,5.35,201,52,0.00,1,1016.0,956.8,108.0,0.00,0.00,1003.8,NaN
2020-10-26T13:00,23.6,6.35,206,55,0.00,1,1026.0,961.5,108.0,0.00,0.00,1003.6,NaN
2020-10-26T14:00,23.5,6.17,205,51,0.00,1,963.0,950.7,105.0,0.00,0.00,1003.4,NaN
2020-10-26T15:00,22.4,7.30,203,59,0.00,1,837.0,924.9,101.0,0.00,0.00,1003.4,NaN
2020-10-26T16:00,21.9,7.42,194,59,0.00,1,650.0,867.7,93.0,0.00,0.00,1003.4,NaN
2020-10-26T17:00,21.3,6.69,189,64,0.00,1,426.0,768.6,79.0,0.00,0.00,1003.6,NaN
2020-10-26T18:00,20.0,6.86,188,74,0.00,1,190.0,564.6,56.0,0.00,0.00,1004.1,NaN
2020-10-26T19:00,19.2,6.30,178,81,0.00,0,19.0,105.4,10.0,0.00,0.00,1004.4,NaN
2020-10-26T20:00,19.4,5.08,170,81,0.00,0,0.0,0.0,0.0,0.00,0.00,1005.3,NaN
2020-10-26T21:00,18.9,4.64,173,84,0.00,0,0.0,0.0,0.0,0.00,0.00,1005.5,NaN
2020-10-26T22:00,18.5,4.70,178,86,0.00,0,0.0,0.0,0.0,0.00,0.00,1005.1,NaN
2020-10-26T23:00,18.3,5.21,177,88,0.00,0,0.0,0.0,0.0,0.00,0.00,1004.9,NaN
2020-10-27T00:00,18.0,4.36,171,90,0.00,0,0.0,0.0,0.0,0.00,0.00,1004.8,NaN
2020-10-27T01:00,17.9,3.93,165,90,0.00,0,0.0,0.0,0.0,0.00,0.00,1004.7,NaN
2020-10-27T02:00,17.4,3.09,155,92,0.00,0,0.0,0.0,0.0,0.00,0.00,1004.2,NaN
2020-10-27T03:00,17.0,3.06,142,94,0.00,0,0.0,0.0,0.0,0.00,0.00,1004.5,NaN
2020-10-27T04:00,16.7,3.14,127,94,0.00,0,0.0,0.0,0.0,0.00,0.00,1004.7,NaN
2020-10-27T05:00,16.4,2.78,120,93,0.00,0,0.0,0.0,0.0,0.00,0.00,1005.3,NaN
2020-10-27T06:00,16.6,3.05,122,89,0.00,1,7.0,31.0,5.0,0.00,0.00,1005.8,NaN
2020-10-27T07:00,18.7,3.47,131,74,0.00,1,134.0,413.0,53.0,0.00,0.00,1006.3,NaN
2020-10-27T08:00,20.3,3.32,159,63,0.00,1,362.0,668.0,86.0,0.00,0.00,1006.7,NaN
2020-10-27T09:00,22.3,3.55,170,52,0.00,1,595.0,809.1,102.0,0.00,0.00,1006.3,NaN
2020-10-27T10:00,23.8,4.06,190,46,0.00,1,802.0,909.1,101.0,0.00,0.00,1006.1,NaN
2020-10-27T11:00,23.9,5.74,203,51,0.00,1,946.0,947.6,105.0,0.00,0.00,1005.9,NaN
2020-10-27T12:00,23.2,6.69,202,56,0.00,1,1023.0,961.4,109.0,0.00,0.00,1005.3,NaN
2020-10-27T13:00,23.0,7.13,202,56,0.00,1,1027.0,959.9,109.0,0.00,0.00,1005.1,NaN
2020-10-27T14:00,22.6,7.43,200,57,0.00,1,962.0,945.8,107.0,0.00,0.00,1005.0,NaN
2020-10-27T15:00,22.1,7.75,197,59,0.00,1,831.0,914.2,102.0,0.00,0.00,1004.8,NaN
2020-10-27T16:00,21.3,7.79,193,62,0.00,1,646.0,859.1,93.0,0.00,0.00,1004.7,NaN
2020-10-27T17:00,20.5,7.96,187,66,0.00,1,421.0,743.2,84.0,0.00,0.00,1005.1,NaN
2020-10-27T18:00,19.7,7.74,186,70,0.00,1,189.0,555.1,56.0,0.00,0.00,1005.5,NaN
2020-10-27T19:00,18.9,7.51,183,76,0.00,0,20.0,104.0,11.0,0.00,0.00,1006.2,NaN
2020-10-27T20:00,18.7,7.20,178,69,0.00,0,0.0,0.0,0.0,0.00,0.00,1007.1,NaN
2020-10-27T21:00,18.2,7.00,178,75,0.00,0,0.0,0.0,0.0,0.00,0.00,1007.5,NaN
2020-10-27T22:00,17.9,6.33,175,77,0.00,0,0.0,0.0,0.0,0.00,0.00,1007.6,NaN
2020-10-27T23:00,18.0,6.49,170,76,0.00,0,0.0,0.0,0.0,0.00,0.00,1007.7,NaN
2020-10-28T00:00,18.2,6.32,169,75,0.00,0,0.0,0.0,0.0,0.00,0.00,1007.5,NaN
2020-10-28T01:00,18.3,6.55,168,73,0.00,0,0.0,0.0,0.0,0.00,0.00,1007.1,NaN
2020-10-28T02:00,17.8,5.63,160,76,0.00,0,0.0,0.0,0.0,0.00,0.00,1006.9,NaN
2020-10-28T03:00,17.4,5.05,146,78,0.00,0,0.0,0.0,0.0,0.00,0.00,1007.1,NaN
2020-10-28T04:00,16.8,4.41,123,78,0.00,0,0.0,0.0,0.0,0.00,0.00,1007.2,NaN
2020-10-28T05:00,16.4,4.67,133,77,0.00,0,0.0,0.0,0.0,0.00,0.00,1007.6,NaN
2020-10-28T06:00,16.8,5.38,133,78,0.00,1,7.0,30.3,5.0,0.00,0.00,1008.5,NaN
2020-10-28T07:00,18.1,5.87,136,71,0.00,1,125.0,331.5,59.0,0.00,0.00,1009.5,NaN
2020-10-28T08:00,20.2,5.46,139,58,0.00,1,329.0,512.2,116.0,0.00,0.00,1010.0,NaN
2020-10-28T09:00,22.1,6.40,155,48,0.00,1,568.0,706.3,136.0,0.00,0.00,1009.8,NaN
2020-10-28T10:00,24.0,6.16,167,42,0.00,1,820.0,935.2,97.0,0.00,0.00,1009.2,NaN
2020-10-28T11:00,24.9,6.61,183,41,0.00,1,959.0,959.2,106.0,0.00,0.00,1008.7,NaN
2020-10-28T12:00,24.7,8.01,189,48,0.00,1,1035.0,971.3,110.0,0.00,0.00,1007.7,NaN
2020-10-28T13:00,24.2,8.61,189,52,0.00,1,1041.0,972.0,110.0,0.00,0.00,1007.3,NaN
2020-10-28T14:00,23.5,8.91,189,55,0.00,1,974.0,956.3,108.0,0.00,0.00,1006.8,NaN
2020-10-28T15:00,23.4,9.04,185,57,0.00,1,840.0,923.7,102.0,0.00,0.00,1006.2,NaN
2020-10-28T16:00,22.4,9.11,183,63,0.00,1,656.0,870.7,94.0,0.00,0.00,1006.2,NaN
2020-10-28T17:00,21.5,8.81,178,68,0.00,1,431.0,770.7,80.0,0.00,0.00,1006.6,NaN
2020-10-28T18:00,20.1,8.54,175,77,0.00,1,195.0,570.7,57.0,0.00,0.00,1006.7,NaN
2020-10-28T19:00,19.2,7.99,171,81,0.00,0,21.0,114.1,11.0,0.00,0.00,1007.3,NaN
2020-10-28T20:00,18.6,7.22,170,83,0.00,0,0.0,0.0,0.0,0.00,0.00,1008.2,NaN
2020-10-28T21:00,18.4,6.96,168,82,0.00,0,0.0,0.0,0.0,0.00,0.00,1008.8,NaN
2020-10-28T22:00,18.1,6.65,164,83,0.00,0,0.0,0.0,0.0,0.00,0.00,1008.7,NaN
2020-10-28T23:00,17.8,6.39,160,83,0.00,0,0.0,0.0,0.0,0.00,0.00,1008.6,NaN
2020-10-29T00:00,17.3,5.41,155,82,0.00,0,0.0,0.0,0.0,0.00,0.00,1008.2,NaN
2020-10-29T01:00,16.7,4.70,153,80,0.00,0,0.0,0.0,0.0,0.00,0.00,1007.4,NaN
2020-10-29T02:00,16.1,3.91,148,78,0.00,0,0.0,0.0,0.0,0.00,0.00,1007.0,NaN
2020-10-29T03:00,15.8,3.56,142,76,0.00,0,0.0,0.0,0.0,0.00,0.00,1006.8,NaN
2020-10-29T04:00,15.9,3.72,144,72,0.00,0,0.0,0.0,0.0,0.00,0.00,1006.5,NaN
2020-10-29T05:00,16.1,3.26,140,66,0.00,0,0.0,0.0,0.0,0.00,0.00,1006.6,NaN
2020-10-29T06:00,16.8,3.14,143,60,0.00,1,9.0,44.5,6.0,0.00,0.00,1006.9,NaN
2020-10-29T07:00,20.2,3.83,147,45,0.00,1,154.0,519.9,49.0,0.00,0.00,1007.2,NaN
2020-10-29T08:00,24.4,5.10,116,33,0.00,1,382.0,721.9,80.0,0.00,0.00,1006.6,NaN
2020-10-29T09:00,28.0,5.06,115,26,0.00,1,570.0,739.6,116.0,0.00,0.00,1006.5,NaN
2020-10-29T10:00,31.1,4.70,114,21,0.00,1,803.0,904.4,102.0,0.00,0.00,1006.1,NaN
2020-10-29T11:00,33.4,4.00,122,19,0.00,1,944.0,941.6,105.0,0.00,0.00,1005.1,NaN
2020-10-29T12:00,34.7,3.49,156,19,0.00,1,1018.0,955.0,107.0,0.00,0.00,1004.0,NaN
2020-10-29T13:00,33.2,6.10,190,29,0.00,1,1003.0,913.1,127.0,0.00,0.00,1003.0,NaN
2020-10-29T14:00,31.0,7.71,193,39,0.00,1,856.0,769.5,158.0,0.00,0.00,1002.4,NaN
2020-10-29T15:00,28.0,9.24,190,45,0.00,1,648.0,575.8,187.0,0.00,0.00,1002.0,NaN
2020-10-29T16:00,26.7,8.72,176,44,0.00,1,396.0,332.2,181.0,0.00,0.00,1001.8,NaN
2020-10-29T17:00,26.6,5.37,156,47,0.00,1,193.0,109.3,143.0,0.00,0.00,1002.9,NaN
2020-10-29T18:00,26.5,4.93,162,47,0.00,1,111.0,53.3,98.0,0.00,0.00,1003.2,NaN
2020-10-29T19:00,25.7,5.57,171,49,0.00,0,11.0,22.5,9.0,0.00,0.00,1003.3,NaN
2020-10-29T20:00,23.2,2.11,265,63,0.00,0,0.0,0.0,0.0,0.00,0.00,1004.7,NaN
2020-10-29T21:00,22.2,1.75,257,71,0.00,0,0.0,0.0,0.0,0.00,0.00,1004.9,NaN
2020-10-29T22:00,21.7,2.26,193,72,0.00,0,0.0,0.0,0.0,0.00,0.00,1004.0,NaN
2020-10-29T23:00,21.4,2.02,123,67,0.00,0,0.0,0.0,0.0,0.00,0.00,1004.1,NaN
2020-10-30T00:00,21.4,2.89,104,56,0.00,0,0.0,0.0,0.0,0.00,0.00,1003.9,NaN
2020-10-30T01:00,24.4,2.83,82,42,0.00,0,0.0,0.0,0.0,0.00,0.00,1003.7,NaN
2020-10-30T02:00,24.7,3.90,67,42,0.00,0,0.0,0.0,0.0,0.00,0.00,1003.0,NaN
2020-10-30T03:00,23.8,3.20,76,45,0.00,0,0.0,0.0,0.0,0.00,0.00,1003.1,NaN
2020-10-30T04:00,23.6,3.64,69,46,0.00,0,0.0,0.0,0.0,0.00,0.00,1002.8,NaN
2020-10-30T05:00,23.3,3.89,72,49,0.00,0,0.0,0.0,0.0,0.00,0.00,1003.0,NaN
2020-10-30T06:00,23.6,4.18,69,50,0.00,1,10.0,58.1,6.0,0.00,0.00,1003.3,NaN
2020-10-30T07:00,26.2,4.47,63,44,0.00,1,152.0,503.1,49.0,0.00,0.00,1003.9,NaN
2020-10-30T08:00,27.2,1.34,153,44,0.00,1,378.0,717.6,76.0,0.00,0.00,1004.0,NaN
2020-10-30T09:00,28.8,1.08,214,41,0.00,1,598.0,819.8,93.0,0.00,0.00,1004.0,NaN
2020-10-30T10:00,29.7,2.70,219,42,0.00,1,790.0,888.1,100.0,0.00,0.00,1004.0,NaN
2020-10-30T11:00,29.8,4.20,232,43,0.00,1,930.0,923.0,106.0,0.00,0.00,1003.5,NaN
2020-10-30T12:00,28.7,5.43,257,44,0.00,1,1019.0,958.7,103.0,0.00,0.00,1003.4,NaN
2020-10-30T13:00,28.4,5.71,281,43,0.00,1,948.0,856.6,125.0,0.00,0.00,1002.7,NaN
2020-10-30T14:00,27.4,5.46,256,49,0.00,1,948.0,927.9,105.0,0.00,0.00,1002.4,NaN
2020-10-30T15:00,26.2,4.55,230,55,0.00,1,826.0,906.3,99.0,0.00,0.00,1002.1,NaN
2020-10-30T16:00,25.6,4.53,225,60,0.00,1,642.0,846.0,93.0,0.00,0.00,1001.9,NaN
2020-10-30T17:00,24.1,4.05,230,69,0.00,1,422.0,744.5,80.0,0.00,0.00,1002.2,NaN
2020-10-30T18:00,22.5,3.16,235,77,0.00,1,193.0,552.1,57.0,0.00,0.00,1002.3,NaN
2020-10-30T19:00,21.3,1.58,235,83,0.00,0,22.0,122.2,11.0,0.00,0.00,1002.8,NaN
2020-10-30T20:00,20.6,1.39,201,84,0.00,0,0.0,0.0,0.0,0.00,0.00,1003.3,NaN
2020-10-30T21:00,19.4,1.22,235,91,0.00,0,0.0,0.0,0.0,0.00,0.00,1003.4,NaN
2020-10-30T22:00,19.2,1.17,250,93,0.00,0,0.0,0.0,0.0,0.00,0.00,1003.3,NaN
2020-10-30T23:00,19.3,2.26,257,95,0.00,0,0.0,0.0,0.0,0.00,0.00,1003.2,NaN
2020-10-31T00:00,19.0,2.01,243,95,0.00,0,0.0,0.0,0.0,0.00,0.00,1002.7,NaN
2020-10-31T01:00,18.4,1.57,243,95,0.00,0,0.0,0.0,0.0,0.00,0.00,1001.8,NaN
2020-10-31T02:00,17.7,1.66,245,95,0.00,0,0.0,0.0,0.0,0.00,0.00,1001.3,NaN
2020-10-31T03:00,16.9,2.15,248,96,0.00,0,0.0,0.0,0.0,0.00,0.00,1000.8,NaN
2020-10-31T04:00,16.8,2.04,259,96,0.00,0,0.0,0.0,0.0,0.00,0.00,1000.6,NaN
2020-10-31T05:00,17.5,1.73,260,94,0.00,0,0.0,0.0,0.0,0.00,0.00,1001.0,NaN
2020-10-31T06:00,18.4,2.04,259,93,0.00,1,10.0,42.7,7.0,0.00,0.00,1001.6,NaN
2020-10-31T07:00,20.0,3.13,253,84,0.00,1,141.0,404.9,57.0,0.00,0.00,1002.2,NaN
2020-10-31T08:00,21.1,3.42,285,78,0.00,1,331.0,515.1,113.0,0.00,0.00,1001.7,NaN
2020-10-31T09:00,22.4,3.86,287,69,0.00,1,536.0,579.2,178.0,0.00,0.00,1001.5,NaN
2020-10-31T10:00,23.0,5.30,272,67,0.00,1,721.0,672.9,197.0,0.00,0.00,1001.8,NaN
2020-10-31T11:00,22.9,6.41,266,67,0.00,1,835.0,642.9,260.0,0.00,0.00,1001.9,NaN
2020-10-31T12:00,22.7,6.05,262,67,0.00,1,856.0,564.3,316.0,0.00,0.00,1001.4,NaN
2020-10-31T13:00,22.6,5.93,264,65,0.00,1,812.0,536.3,296.0,0.00,0.00,1000.7,NaN
2020-10-31T14:00,22.3,6.65,254,68,0.20,1,768.0,520.9,294.0,0.20,0.00,1000.0,NaN
2020-10-31T15:00,21.4,5.80,255,69,0.20,1,489.0,206.5,323.0,0.20,0.00,999.6,NaN
2020-10-31T16:00,21.0,5.68,256,69,0.10,1,359.0,149.1,262.0,0.10,0.00,999.2,NaN
2020-10-31T17:00,20.4,5.89,255,73,0.10,1,274.0,208.1,178.0,0.10,0.00,999.6,NaN
2020-10-31T18:00,20.0,4.94,263,72,0.00,1,108.0,136.7,74.0,0.00,0.00,1000.0,NaN
2020-10-31T19:00,19.5,3.82,276,73,0.00,0,16.0,11.0,15.0,0.00,0.00,1000.0,NaN
2020-10-31T20:00,19.2,4.36,302,72,0.00,0,0.0,0.0,0.0,0.00,0.00,1000.2,NaN
2020-10-31T21:00,18.9,4.36,307,75,0.00,0,0.0,0.0,0.0,0.00,0.00,1000.3,NaN
2020-10-31T22:00,19.3,5.69,304,72,0.00,0,0.0,0.0,0.0,0.00,0.00,999.8,NaN
2020-10-31T23:00,19.0,6.27,304,75,0.00,0,0.0,0.0,0.0,0.00,0.00,999.0,NaN
2020-11-01T00:00,18.6,6.34,308,79,0.00,0,0.0,0.0,0.0,0.00,0.00,998.2,NaN
2020-11-01T01:00,18.4,6.05,304,79,0.00,0,0.0,0.0,0.0,0.00,0.00,997.6,NaN
2020-11-01T02:00,18.5,6.44,303,77,0.00,0,0.0,0.0,0.0,0.00,0.00,997.4,NaN
2020-11-01T03:00,18.3,5.59,314,80,0.00,0,0.0,0.0,0.0,0.00,0.00,996.9,NaN
2020-11-01T04:00,18.0,4.97,335,79,0.00,0,0.0,0.0,0.0,0.00,0.00,996.5,NaN
2020-11-01T05:00,17.6,4.97,345,80,0.00,0,0.0,0.0,0.0,0.00,0.00,996.4,NaN
2020-11-01T06:00,18.3,5.85,343,72,0.00,1,5.0,14.0,4.0,0.00,0.00,996.7,NaN
2020-11-01T07:00,18.4,5.38,342,70,0.60,1,20.0,0.0,20.0,0.60,0.00,997.4,NaN
2020-11-01T08:00,17.6,5.41,298,87,1.10,1,63.0,7.1,60.0,1.10,0.00,997.6,NaN
2020-11-01T09:00,17.1,3.68,225,91,3.00,1,74.0,0.0,74.0,3.00,0.00,998.2,NaN
2020-11-01T10:00,17.3,4.06,232,90,2.70,1,135.0,0.0,135.0,2.70,0.00,998.6,NaN
2020-11-01T11:00,16.5,3.92,232,90,3.70,1,126.0,2.2,124.0,3.70,0.00,999.0,NaN
2020-11-01T12:00,17.1,2.15,248,88,2.40,1,181.0,5.2,176.0,2.40,0.00,998.9,NaN
2020-11-01T13:00,17.1,3.21,274,87,2.10,1,196.0,0.0,196.0,2.10,0.00,998.5,NaN
2020-11-01T14:00,17.2,2.42,300,83,2.20,1,211.0,30.7,183.0,2.20,0.00,997.9,NaN
2020-11-01T15:00,16.9,3.11,312,84,2.40,1,130.0,11.2,121.0,2.40,0.00,998.0,NaN
2020-11-01T16:00,16.9,2.83,318,84,2.50,1,94.0,1.5,93.0,2.50,0.00,997.6,NaN
2020-11-01T17:00,16.8,3.33,311,84,0.70,1,64.0,0.0,64.0,0.70,0.00,997.4,NaN
2020-11-01T18:00,16.8,3.58,324,82,0.10,1,43.0,0.0,43.0,0.10,0.00,997.5,NaN
2020-11-01T19:00,16.4,3.16,342,84,0.00,0,10.0,10.8,9.0,0.00,0.00,997.9,NaN
2020-11-01T20:00,15.8,4.92,322,85,0.00,0,0.0,0.0,0.0,0.00,0.00,998.6,NaN
2020-11-01T21:00,15.2,4.46,344,88,0.30,0,0.0,0.0,0.0,0.30,0.00,998.8,NaN
2020-11-01T22:00,14.9,4.73,347,90,1.20,0,0.0,0.0,0.0,1.20,0.00,998.9,NaN
2020-11-01T23:00,14.6,4.63,346,91,0.10,0,0.0,0.0,0.0,0.10,0.00,998.8,NaN
2020-11-02T00:00,14.2,4.90,340,90,0.70,0,0.0,0.0,0.0,0.70,0.00,998.7,NaN
2020-11-02T01:00,14.1,4.18,349,90,0.20,0,0.0,0.0,0.0,0.20,0.00,998.4,NaN
2020-11-02T02:00,14.1,4.67,350,89,0.20,0,0.0,0.0,0.0,0.20,0.00,998.2,NaN
2020-11-02T03:00,14.1,5.32,348,89,0.00,0,0.0,0.0,0.0,0.00,0.00,997.9,NaN
2020-11-02T04:00,13.6,4.90,343,92,0.00,0,0.0,0.0,0.0,0.00,0.00,998.2,NaN
2020-11-02T05:00,13.9,4.78,340,90,0.10,0,0.0,0.0,0.0,0.10,0.00,998.6,NaN
2020-11-02T06:00,13.8,4.16,325,92,0.40,1,8.0,27.4,6.0,0.40,0.00,999.6,NaN
2020-11-02T07:00,15.0,4.65,341,89,0.10,1,114.0,216.4,68.0,0.10,0.00,1000.4,NaN
2020-11-02T08:00,16.5,6.62,308,81,0.10,1,312.0,465.2,113.0,0.10,0.00,1000.9,NaN
2020-11-02T09:00,18.4,7.16,295,71,0.00,1,558.0,717.0,112.0,0.00,0.00,1001.6,NaN
2020-11-02T10:00,19.0,6.77,286,65,0.10,1,653.0,675.1,125.0,0.10,0.00,1002.2,NaN
2020-11-02T11:00,19.7,7.44,276,59,0.10,1,785.0,693.2,163.0,0.10,0.00,1002.8,NaN
2020-11-02T12:00,19.9,7.62,266,59,0.20,1,933.0,787.8,177.0,0.20,0.00,1003.3,NaN
2020-11-02T13:00,19.6,7.74,256,60,0.40,1,831.0,696.4,159.0,0.40,0.00,1003.8,NaN
2020-11-02T14:00,19.5,7.69,249,63,0.80,1,744.0,553.3,239.0,0.80,0.00,1004.3,NaN
2020-11-02T15:00,19.4,7.53,240,62,0.40,1,611.0,524.3,188.0,0.40,0.00,1004.6,NaN
2020-11-02T16:00,19.0,7.12,232,65,0.40,1,454.0,489.2,134.0,0.40,0.00,1005.3,NaN
2020-11-02T17:00,18.9,6.58,224,65,0.00,1,326.0,500.7,93.0,0.00,0.00,1006.1,NaN
2020-11-02T18:00,18.2,6.06,218,68,0.00,1,170.0,426.5,62.0,0.00,0.00,1006.8,NaN
2020-11-02T19:00,17.5,5.02,211,72,0.00,0,23.0,106.9,13.0,0.00,0.00,1007.5,NaN
2020-11-02T20:00,17.3,4.58,212,74,0.00,0,0.0,0.0,0.0,0.00,0.00,1008.1,NaN
2020-11-02T21:00,17.0,3.91,212,75,0.00,0,0.0,0.0,0.0,0.00,0.00,1008.8,NaN
2020-11-02T22:00,16.9,3.40,208,76,0.00,0,0.0,0.0,0.0,0.00,0.00,1009.2,NaN
2020-11-02T23:00,16.7,3.13,207,76,0.00,0,0.0,0.0,0.0,0.00,0.00,1009.7,NaN
2020-11-03T00:00,16.7,2.73,208,76,0.00,0,0.0,0.0,0.0,0.00,0.00,1009.9,NaN
2020-11-03T01:00,16.5,2.78,210,74,0.00,0,0.0,0.0,0.0,0.00,0.00,1009.9,NaN
2020-11-03T02:00,16.2,2.28,203,74,0.00,0,0.0,0.0,0.0,0.00,0.00,1009.7,NaN
2020-11-03T03:00,15.9,1.66,205,79,0.00,0,0.0,0.0,0.0,0.00,0.00,1009.9,NaN
2020-11-03T04:00,16.5,3.00,206,81,0.00,0,0.0,0.0,0.0,0.00,0.00,1010.2,NaN
2020-11-03T05:00,15.7,1.80,199,88,0.00,0,0.0,0.0,0.0,0.00,0.00,1010.7,NaN
2020-11-03T06:00,15.9,1.21,156,89,0.00,1,10.0,40.4,7.0,0.00,0.00,1011.1,NaN
2020-11-03T07:00,17.9,1.84,112,78,0.00,1,129.0,325.5,59.0,0.00,0.00,1012.0,NaN
2020-11-03T08:00,19.5,3.22,154,69,0.00,1,356.0,588.6,103.0,0.00,0.00,1012.9,NaN
2020-11-03T09:00,21.0,4.88,165,60,0.00,1,593.0,766.2,115.0,0.00,0.00,1013.1,NaN
2020-11-03T10:00,21.4,5.71,183,60,0.00,1,666.0,575.4,215.0,0.00,0.00,1013.1,NaN
2020-11-03T11:00,20.9,6.44,186,66,0.00,1,622.0,369.4,290.0,0.00,0.00,1013.0,NaN
2020-11-03T12:00,21.5,6.61,183,63,0.00,1,820.0,495.3,344.0,0.00,0.00,1012.4,NaN
2020-11-03T13:00,21.2,6.85,187,64,0.00,1,748.0,401.6,360.0,0.00,0.00,1012.3,NaN
2020-11-03T14:00,21.3,7.23,186,63,0.00,1,674.0,346.8,357.0,0.00,0.00,1012.0,NaN
2020-11-03T15:00,20.7,7.75,187,64,0.00,1,616.0,413.2,282.0,0.00,0.00,1011.6,NaN
2020-11-03T16:00,20.8,8.02,184,64,0.00,1,653.0,843.2,100.0,0.00,0.00,1011.1,NaN
2020-11-03T17:00,19.9,8.21,182,67,0.00,1,428.0,738.3,83.0,0.00,0.00,1011.3,NaN
2020-11-03T18:00,19.0,8.11,178,71,0.00,1,202.0,551.8,61.0,0.00,0.00,1011.8,NaN
2020-11-03T19:00,18.2,7.55,173,75,0.00,0,25.0,95.0,16.0,0.00,0.00,1012.5,NaN
2020-11-03T20:00,17.9,6.61,170,77,0.00,0,0.0,0.0,0.0,0.00,0.00,1013.6,NaN
2020-11-03T21:00,17.9,6.91,166,76,0.00,0,0.0,0.0,0.0,0.00,0.00,1013.9,NaN
2020-11-03T22:00,17.7,6.96,159,76,0.00,0,0.0,0.0,0.0,0.00,0.00,1013.9,NaN
2020-11-03T23:00,17.3,6.40,151,77,0.00,0,0.0,0.0,0.0,0.00,0.00,1014.0,NaN
2020-11-04T00:00,16.6,5.50,143,75,0.00,0,0.0,0.0,0.0,0.00,0.00,1013.9,NaN
2020-11-04T01:00,15.9,5.24,138,74,0.00,0,0.0,0.0,0.0,0.00,0.00,1013.5,NaN
2020-11-04T02:00,15.4,5.10,138,76,0.00,0,0.0,0.0,0.0,0.00,0.00,1013.2,NaN
2020-11-04T03:00,15.1,4.69,140,78,0.00,0,0.0,0.0,0.0,0.00,0.00,1013.0,NaN
2020-11-04T04:00,14.7,4.34,142,79,0.00,0,0.0,0.0,0.0,0.00,0.00,1013.0,NaN
2020-11-04T05:00,14.4,3.84,141,81,0.00,0,0.0,0.0,0.0,0.00,0.00,1013.3,NaN
2020-11-04T06:00,14.5,3.83,139,80,0.00,1,13.0,66.3,8.0,0.00,0.00,1014.0,NaN
2020-11-04T07:00,16.3,4.03,134,72,0.00,1,168.0,524.3,54.0,0.00,0.00,1014.5,NaN
2020-11-04T08:00,19.8,4.57,113,56,0.00,1,399.0,740.9,79.0,0.00,0.00,1014.4,NaN
2020-11-04T09:00,23.1,4.66,113,44,0.00,1,627.0,852.0,94.0,0.00,0.00,1014.2,NaN
2020-11-04T10:00,25.3,4.52,118,37,0.00,1,819.0,910.5,104.0,0.00,0.00,1013.6,NaN
2020-11-04T11:00,26.4,3.91,140,33,0.00,1,960.0,944.4,110.0,0.00,0.00,1012.9,NaN
2020-11-04T12:00,26.5,4.60,180,36,0.00,1,1036.0,960.3,112.0,0.00,0.00,1012.2,NaN
2020-11-04T13:00,25.7,6.28,189,48,0.00,1,1015.0,873.5,170.0,0.00,0.00,1011.4,NaN
2020-11-04T14:00,24.8,7.38,193,56,0.00,1,859.0,630.3,282.0,0.00,0.00,1010.7,NaN
2020-11-04T15:00,23.8,8.55,191,61,0.00,1,714.0,566.9,255.0,0.00,0.00,1009.8,NaN
2020-11-04T16:00,22.9,8.63,185,61,0.00,1,591.0,626.6,179.0,0.00,0.00,1009.4,NaN
2020-11-04T17:00,22.0,7.52,176,64,0.00,1,352.0,404.9,162.0,0.00,0.00,1009.4,NaN
2020-11-04T18:00,21.5,6.66,172,68,0.00,1,172.0,318.1,90.0,0.00,0.00,1009.5,NaN
2020-11-04T19:00,20.4,6.26,172,76,0.00,0,28.0,146.0,14.0,0.00,0.00,1009.5,NaN
2020-11-04T20:00,19.9,5.88,162,77,0.00,0,0.0,0.0,0.0,0.00,0.00,1009.9,NaN
2020-11-04T21:00,19.6,5.33,157,79,0.00,0,0.0,0.0,0.0,0.00,0.00,1009.9,NaN
2020-11-04T22:00,19.2,4.79,151,80,0.00,0,0.0,0.0,0.0,0.00,0.00,1009.5,NaN
2020-11-04T23:00,18.9,3.80,145,77,0.00,0,0.0,0.0,0.0,0.00,0.00,1009.0,NaN
2020-11-05T00:00,19.5,4.11,131,58,0.00,0,0.0,0.0,0.0,0.00,0.00,1008.5,NaN
2020-11-05T01:00,20.3,4.27,123,47,0.00,0,0.0,0.0,0.0,0.00,0.00,1008.0,NaN
2020-11-05T02:00,20.1,4.25,120,48,0.00,0,0.0,0.0,0.0,0.00,0.00,1007.5,NaN
2020-11-05T03:00,19.8,4.16,114,50,0.00,0,0.0,0.0,0.0,0.00,0.00,1007.0,NaN
2020-11-05T04:00,19.8,4.05,106,49,0.00,0,0.0,0.0,0.0,0.00,0.00,1007.0,NaN
2020-11-05T05:00,20.2,4.36,99,46,0.00,0,0.0,0.0,0.0,0.00,0.00,1007.0,NaN
2020-11-05T06:00,20.5,4.85,98,45,0.00,1,14.0,78.4,8.0,0.00,0.00,1007.2,NaN
2020-11-05T07:00,22.3,5.18,100,42,0.00,1,169.0,528.1,53.0,0.00,0.00,1007.5,NaN
2020-11-05T08:00,25.3,4.71,86,37,0.00,1,399.0,737.6,79.0,0.00,0.00,1007.3,NaN
2020-11-05T09:00,27.8,2.94,100,33,0.00,1,625.0,848.2,93.0,0.00,0.00,1007.3,NaN
2020-11-05T10:00,29.4,1.78,142,32,0.00,1,816.0,907.6,102.0,0.00,0.00,1006.8,NaN
2020-11-05T11:00,29.4,3.76,205,39,0.00,1,955.0,940.8,107.0,0.00,0.00,1005.9,NaN
2020-11-05T12:00,27.9,6.45,210,49,0.00,1,1031.0,955.0,111.0,0.00,0.00,1005.3,NaN
2020-11-05T13:00,26.6,7.48,203,49,0.00,1,1034.0,952.9,111.0,0.00,0.00,1004.9,NaN
2020-11-05T14:00,26.3,6.67,199,50,0.00,1,962.0,924.0,115.0,0.00,0.00,1004.7,NaN
2020-11-05T15:00,25.8,6.79,194,55,0.00,1,838.0,903.6,105.0,0.00,0.00,1004.5,NaN
2020-11-05T16:00,24.7,6.85,187,59,0.00,1,652.0,840.4,98.0,0.00,0.00,1004.6,NaN
2020-11-05T17:00,23.8,6.75,187,63,0.00,1,429.0,732.0,84.0,0.00,0.00,1004.8,NaN
2020-11-05T18:00,22.6,6.10,178,68,0.00,1,207.0,569.0,59.0,0.00,0.00,1004.7,NaN
2020-11-05T19:00,21.5,6.10,180,71,0.00,0,29.0,144.2,15.0,0.00,0.00,1005.2,NaN
2020-11-05T20:00,21.0,5.62,175,73,0.00,0,0.0,0.0,0.0,0.00,0.00,1006.4,NaN
2020-11-05T21:00,21.0,5.31,177,71,0.00,0,0.0,0.0,0.0,0.00,0.00,1006.4,NaN
2020-11-05T22:00,20.6,4.54,166,73,0.00,0,0.0,0.0,0.0,0.00,0.00,1006.1,NaN
2020-11-05T23:00,19.6,2.34,160,77,0.00,0,0.0,0.0,0.0,0.00,0.00,1005.4,NaN
2020-11-06T00:00,19.1,2.21,162,80,0.00,0,0.0,0.0,0.0,0.00,0.00,1005.0,NaN
2020-11-06T01:00,19.4,2.47,148,71,0.00,0,0.0,0.0,0.0,0.00,0.00,1004.4,NaN
2020-11-06T02:00,21.7,4.58,144,52,0.00,0,0.0,0.0,0.0,0.00,0.00,1003.9,NaN
2020-11-06T03:00,21.5,5.09,137,55,0.00,0,0.0,0.0,0.0,0.00,0.00,1003.7,NaN
2020-11-06T04:00,21.7,6.19,124,54,0.00,0,0.0,0.0,0.0,0.00,0.00,1003.8,NaN
2020-11-06T05:00,21.5,6.77,121,51,0.00,0,0.0,0.0,0.0,0.00,0.00,1004.1,NaN
2020-11-06T06:00,21.4,7.65,116,50,0.00,1,15.0,77.2,9.0,0.00,0.00,1004.7,NaN
2020-11-06T07:00,22.4,7.88,114,52,0.00,1,170.0,523.0,54.0,0.00,0.00,1005.4,NaN
2020-11-06T08:00,24.9,9.75,105,43,0.00,1,399.0,732.2,80.0,0.00,0.00,1005.5,NaN
2020-11-06T09:00,26.9,9.23,95,38,0.00,1,622.0,839.7,94.0,0.00,0.00,1005.4,NaN
2020-11-06T10:00,28.9,7.36,97,35,0.00,1,805.0,883.2,109.0,0.00,0.00,1005.2,NaN
2020-11-06T11:00,30.4,5.35,98,33,0.00,1,950.0,929.6,111.0,0.00,0.00,1004.6,NaN
2020-11-06T12:00,31.1,3.62,152,31,0.00,1,1028.0,949.7,112.0,0.00,0.00,1004.1,NaN
2020-11-06T13:00,28.4,7.29,207,46,0.00,1,1035.0,952.8,111.0,0.00,0.00,1003.7,NaN
2020-11-06T14:00,25.9,8.08,202,57,0.00,1,849.0,691.8,214.0,0.00,0.00,1003.7,NaN
2020-11-06T15:00,25.4,8.00,193,59,0.00,1,833.0,871.3,125.0,0.00,0.00,1003.5,NaN
2020-11-06T16:00,24.1,8.52,189,68,0.00,1,671.0,882.1,88.0,0.00,0.00,1003.5,NaN
2020-11-06T17:00,23.2,7.81,182,68,0.00,1,438.0,750.1,83.0,0.00,0.00,1003.6,NaN
2020-11-06T18:00,22.5,7.30,181,69,0.00,1,208.0,563.9,60.0,0.00,0.00,1003.8,NaN
2020-11-06T19:00,21.7,6.51,177,73,0.00,0,30.0,152.6,15.0,0.00,0.00,1004.1,NaN
2020-11-06T20:00,21.2,5.04,173,74,0.00,0,0.0,0.0,0.0,0.00,0.00,1004.8,NaN
2020-11-06T21:00,21.0,4.51,167,77,0.00,0,0.0,0.0,0.0,0.00,0.00,1005.0,NaN
2020-11-06T22:00,20.4,3.49,167,80,0.00,0,0.0,0.0,0.0,0.00,0.00,1004.9,NaN
2020-11-06T23:00,20.0,2.42,156,81,0.00,0,0.0,0.0,0.0,0.00,0.00,1004.5,NaN
2020-11-07T00:00,19.9,2.25,122,73,0.00,0,0.0,0.0,0.0,0.00,0.00,1004.2,NaN
2020-11-07T01:00,21.4,4.46,99,55,0.00,0,0.0,0.0,0.0,0.00,0.00,1003.6,NaN
2020-11-07T02:00,20.8,5.60,91,59,0.00,0,0.0,0.0,0.0,0.00,0.00,1003.0,NaN
2020-11-07T03:00,20.2,5.71,87,60,0.00,0,0.0,0.0,0.0,0.00,0.00,1002.6,NaN
2020-11-07T04:00,19.6,5.14,83,60,0.00,0,0.0,0.0,0.0,0.00,0.00,1002.9,NaN
2020-11-07T05:00,18.9,4.06,80,61,0.00,0,0.0,0.0,0.0,0.00,0.00,1003.1,NaN
2020-11-07T06:00,18.6,2.77,77,61,0.00,1,16.0,88.9,9.0,0.00,0.00,1003.6,NaN
2020-11-07T07:00,20.5,1.55,75,54,0.00,1,176.0,545.0,54.0,0.00,0.00,1004.3,NaN
2020-11-07T08:00,21.9,0.50,217,55,0.00,1,408.0,752.2,79.0,0.00,0.00,1004.3,NaN
2020-11-07T09:00,23.4,2.08,235,53,0.00,1,631.0,852.1,94.0,0.00,0.00,1004.2,NaN
2020-11-07T10:00,23.9,3.16,235,55,0.00,1,822.0,911.0,103.0,0.00,0.00,1004.3,NaN
2020-11-07T11:00,24.4,3.56,232,52,0.00,1,961.0,942.9,109.0,0.00,0.00,1004.0,NaN
2020-11-07T12:00,24.8,3.89,228,50,0.00,1,1037.0,957.0,113.0,0.00,0.00,1003.5,NaN
2020-11-07T13:00,24.8,4.24,225,54,0.00,1,1045.0,960.0,113.0,0.00,0.00,1003.2,NaN
2020-11-07T14:00,24.4,4.39,223,58,0.00,1,987.0,956.3,108.0,0.00,0.00,1003.1,NaN
2020-11-07T15:00,23.8,4.40,219,62,0.00,1,853.0,920.1,104.0,0.00,0.00,1003.0,NaN
2020-11-07T16:00,23.2,4.63,213,65,0.00,1,668.0,863.2,96.0,0.00,0.00,1003.1,NaN
2020-11-07T17:00,22.3,4.92,204,72,0.00,1,447.0,765.9,83.0,0.00,0.00,1003.0,NaN
2020-11-07T18:00,21.2,5.28,199,80,0.00,1,214.0,577.9,61.0,0.00,0.00,1003.5,NaN
2020-11-07T19:00,20.2,4.88,195,87,0.00,0,32.0,160.8,16.0,0.00,0.00,1003.9,NaN
2020-11-07T20:00,19.7,4.73,193,89,0.00,0,0.0,0.0,0.0,0.00,0.00,1004.6,NaN
2020-11-07T21:00,19.6,4.77,190,89,0.00,0,0.0,0.0,0.0,0.00,0.00,1004.7,NaN
2020-11-07T22:00,19.5,4.64,187,88,0.00,0,0.0,0.0,0.0,0.00,0.00,1004.4,NaN
2020-11-07T23:00,19.3,4.32,185,88,0.00,0,0.0,0.0,0.0,0.00,0.00,1004.3,NaN
2020-11-08T00:00,19.1,3.71,185,90,0.00,0,0.0,0.0,0.0,0.00,0.00,1004.0,NaN
2020-11-08T01:00,19.0,3.62,186,90,0.00,0,0.0,0.0,0.0,0.00,0.00,1003.3,NaN
2020-11-08T02:00,19.2,3.41,185,88,0.00,0,0.0,0.0,0.0,0.00,0.00,1003.2,NaN
2020-11-08T03:00,19.4,3.20,182,86,0.00,0,0.0,0.0,0.0,0.00,0.00,1003.4,NaN
2020-11-08T04:00,19.5,3.41,183,85,0.00,0,0.0,0.0,0.0,0.00,0.00,1003.2,NaN
2020-11-08T05:00,19.3,3.00,178,85,0.00,0,0.0,0.0,0.0,0.00,0.00,1003.4,NaN
2020-11-08T06:00,19.6,3.00,180,84,0.00,1,9.0,0.0,9.0,0.00,0.00,1003.9,NaN
2020-11-08T07:00,20.2,3.91,193,80,0.00,1,130.0,314.4,59.0,0.00,0.00,1004.4,NaN
2020-11-08T08:00,21.1,4.20,205,75,0.10,1,312.0,375.8,147.0,0.10,0.00,1004.5,NaN
2020-11-08T09:00,21.6,4.58,212,73,0.10,1,450.0,332.5,240.0,0.10,0.00,1004.5,NaN
2020-11-08T10:00,22.1,4.53,221,71,0.10,1,636.0,436.5,291.0,0.10,0.00,1004.3,NaN
2020-11-08T11:00,22.1,4.46,226,71,0.00,1,692.0,379.1,349.0,0.00,0.00,1004.1,NaN
2020-11-08T12:00,22.1,4.60,226,71,0.00,1,766.0,483.2,299.0,0.00,0.00,1003.8,NaN
2020-11-08T13:00,22.2,4.67,225,69,0.00,1,816.0,597.8,235.0,0.00,0.00,1003.4,NaN
2020-11-08T14:00,22.2,4.81,227,68,0.00,1,865.0,683.4,236.0,0.00,0.00,1003.0,NaN
2020-11-08T15:00,21.8,5.23,225,67,0.00,1,800.0,761.5,179.0,0.00,0.00,1002.5,NaN
2020-11-08T16:00,21.3,5.24,228,68,0.00,1,625.0,724.1,144.0,0.00,0.00,1002.6,NaN
2020-11-08T17:00,20.6,4.74,226,69,0.00,1,420.0,632.8,118.0,0.00,0.00,1002.7,NaN
2020-11-08T18:00,19.8,4.24,225,71,0.00,1,201.0,460.5,78.0,0.00,0.00,1003.0,NaN
2020-11-08T19:00,19.0,3.61,224,73,0.00,0,31.0,139.0,17.0,0.00,0.00,1003.1,NaN
2020-11-08T20:00,19.1,3.69,221,70,0.00,0,0.0,0.0,0.0,0.00,0.00,1003.5,NaN
2020-11-08T21:00,18.5,3.22,216,73,0.00,0,0.0,0.0,0.0,0.00,0.00,1003.5,NaN
2020-11-08T22:00,17.8,2.78,218,77,0.00,0,0.0,0.0,0.0,0.00,0.00,1003.1,NaN
2020-11-08T23:00,17.1,2.48,223,81,0.00,0,0.0,0.0,0.0,0.00,0.00,1002.8,NaN
2020-11-09T00:00,16.7,2.28,232,82,0.00,0,0.0,0.0,0.0,0.00,0.00,1002.0,NaN
2020-11-09T01:00,16.5,2.02,250,83,0.00,0,0.0,0.0,0.0,0.00,0.00,1001.5,NaN
2020-11-09T02:00,16.7,2.40,268,81,0.00,0,0.0,0.0,0.0,0.00,0.00,1001.1,NaN
2020-11-09T03:00,17.3,2.77,283,76,0.00,0,0.0,0.0,0.0,0.00,0.00,1001.1,NaN
2020-11-09T04:00,17.8,3.05,293,73,0.00,0,0.0,0.0,0.0,0.00,0.00,1001.2,NaN
2020-11-09T05:00,18.1,3.50,301,72,0.00,0,0.0,0.0,0.0,0.00,0.00,1001.3,NaN
2020-11-09T06:00,18.3,4.57,299,79,0.00,1,14.0,49.6,10.0,0.00,0.00,1001.6,NaN
2020-11-09T07:00,19.4,7.06,291,74,0.00,1,135.0,298.8,67.0,0.00,0.00,1002.4,NaN
2020-11-09T08:00,20.2,7.24,303,66,0.00,1,237.0,227.0,137.0,0.00,0.00,1002.5,NaN
2020-11-09T09:00,21.4,8.34,300,59,0.00,1,452.0,431.4,179.0,0.00,0.00,1002.1,NaN
2020-11-09T10:00,21.8,8.49,302,57,0.10,1,523.0,322.2,268.0,0.10,0.00,1001.8,NaN
2020-11-09T11:00,22.0,9.88,297,62,0.30,1,764.0,631.6,192.0,0.30,0.00,1001.3,NaN
2020-11-09T12:00,21.5,10.83,294,67,0.20,1,720.0,506.4,230.0,0.20,0.00,1000.9,NaN
2020-11-09T13:00,19.9,9.56,286,80,0.60,1,636.0,397.8,249.0,0.60,0.00,1000.9,NaN
2020-11-09T14:00,18.7,9.23,266,82,0.40,1,375.0,182.3,207.0,0.40,0.00,1000.8,NaN
2020-11-09T15:00,17.6,10.53,247,82,1.40,1,343.0,173.8,201.0,1.40,0.00,1000.9,NaN
2020-11-09T16:00,17.3,9.21,244,73,0.60,1,176.0,27.0,158.0,0.60,0.00,1001.6,NaN
2020-11-09T17:00,17.8,8.68,255,61,0.10,1,115.0,60.5,86.0,0.10,0.00,1002.0,NaN
2020-11-09T18:00,17.3,8.86,254,62,0.10,1,38.0,14.8,34.0,0.10,0.00,1002.9,NaN
2020-11-09T19:00,16.8,8.96,254,61,0.10,0,13.0,39.3,9.0,0.10,0.00,1003.5,NaN
2020-11-09T20:00,16.6,8.54,254,58,0.00,0,0.0,0.0,0.0,0.00,0.00,1004.1,NaN
2020-11-09T21:00,16.6,8.48,251,55,0.00,0,0.0,0.0,0.0,0.00,0.00,1004.6,NaN
2020-11-09T22:00,16.3,8.03,251,57,0.00,0,0.0,0.0,0.0,0.00,0.00,1004.7,NaN
2020-11-09T23:00,16.3,7.79,246,57,0.00,0,0.0,0.0,0.0,0.00,0.00,1004.5,NaN
2020-11-10T00:00,15.7,7.17,240,65,0.00,0,0.0,0.0,0.0,0.00,0.00,1004.4,NaN
2020-11-10T01:00,15.4,7.07,237,68,0.10,0,0.0,0.0,0.0,0.10,0.00,1004.3,NaN
2020-11-10T02:00,15.1,7.14,224,71,0.20,0,0.0,0.0,0.0,0.20,0.00,1004.4,NaN
2020-11-10T03:00,15.3,7.59,220,67,0.10,0,0.0,0.0,0.0,0.10,0.00,1004.7,NaN
2020-11-10T04:00,14.9,7.55,215,70,0.10,0,0.0,0.0,0.0,0.10,0.00,1005.3,NaN
2020-11-10T05:00,15.0,6.99,214,66,0.10,0,0.0,0.0,0.0,0.10,0.00,1006.0,NaN
2020-11-10T06:00,15.2,6.96,212,64,0.00,1,15.0,73.5,9.0,0.00,0.00,1007.0,NaN
2020-11-10T07:00,16.7,7.22,211,53,0.00,1,145.0,405.5,52.0,0.00,0.00,1007.8,NaN
2020-11-10T08:00,18.1,6.70,218,47,0.00,1,287.0,357.5,129.0,0.00,0.00,1008.2,NaN
2020-11-10T09:00,18.5,6.77,214,44,0.00,1,439.0,416.4,175.0,0.00,0.00,1008.5,NaN
2020-11-10T10:00,18.7,6.10,215,44,0.00,1,535.0,407.6,212.0,0.00,0.00,1008.9,NaN
2020-11-10T11:00,18.9,5.66,212,47,0.10,1,694.0,357.4,370.0,0.10,0.00,1009.0,NaN
2020-11-10T12:00,18.6,5.50,205,48,0.00,1,545.0,157.0,393.0,0.00,0.00,1008.4,NaN
2020-11-10T13:00,19.7,5.86,205,45,0.00,1,1035.0,890.2,168.0,0.00,0.00,1008.1,NaN
2020-11-10T14:00,18.9,5.74,203,46,0.00,1,685.0,376.1,338.0,0.00,0.00,1008.1,NaN
2020-11-10T15:00,19.0,5.61,202,45,0.00,1,750.0,640.4,226.0,0.00,0.00,1007.9,NaN
2020-11-10T16:00,18.7,5.11,203,44,0.00,1,576.0,531.7,221.0,0.00,0.00,1008.2,NaN
2020-11-10T17:00,18.2,4.72,201,45,0.00,1,338.0,311.7,188.0,0.00,0.00,1008.7,NaN
2020-11-10T18:00,17.7,4.56,195,46,0.00,1,162.0,264.9,90.0,0.00,0.00,1009.3,NaN
2020-11-10T19:00,17.1,4.04,189,50,0.00,0,26.0,58.2,20.0,0.00,0.00,1009.7,NaN
2020-11-10T20:00,16.7,3.21,185,53,0.00,0,0.0,0.0,0.0,0.00,0.00,1010.4,NaN
2020-11-10T21:00,16.8,3.31,177,53,0.00,0,0.0,0.0,0.0,0.00,0.00,1010.7,NaN
2020-11-10T22:00,16.0,3.08,167,58,0.00,0,0.0,0.0,0.0,0.00,0.00,1010.5,NaN
2020-11-10T23:00,15.2,2.66,160,65,0.00,0,0.0,0.0,0.0,0.00,0.00,1010.1,NaN
2020-11-11T00:00,14.5,2.33,155,69,0.00,0,0.0,0.0,0.0,0.00,0.00,1009.7,NaN
2020-11-11T01:00,14.0,2.15,152,72,0.00,0,0.0,0.0,0.0,0.00,0.00,1009.2,NaN
2020-11-11T02:00,13.3,1.92,141,76,0.00,0,0.0,0.0,0.0,0.00,0.00,1008.7,NaN
2020-11-11T03:00,13.3,2.14,101,74,0.00,0,0.0,0.0,0.0,0.00,0.00,1008.4,NaN
2020-11-11T04:00,12.7,2.91,86,68,0.00,0,0.0,0.0,0.0,0.00,0.00,1008.8,NaN
2020-11-11T05:00,12.7,2.51,95,65,0.00,0,0.0,0.0,0.0,0.00,0.00,1009.5,NaN
2020-11-11T06:00,13.1,3.51,85,64,0.00,1,15.0,36.4,12.0,0.00,0.00,1010.1,NaN
2020-11-11T07:00,15.0,3.51,85,60,0.00,1,149.0,220.8,98.0,0.00,0.00,1010.6,NaN
2020-11-11T08:00,16.7,2.80,92,57,0.00,1,366.0,469.2,158.0,0.00,0.00,1010.9,NaN
2020-11-11T09:00,17.8,1.65,104,52,0.00,1,407.0,182.6,291.0,0.00,0.00,1011.0,NaN
2020-11-11T10:00,18.9,1.24,166,50,0.00,1,574.0,328.9,313.0,0.00,0.00,1010.6,NaN
2020-11-11T11:00,19.7,2.22,216,46,0.00,1,663.0,249.1,437.0,0.00,0.00,1010.1,NaN
2020-11-11T12:00,20.0,4.24,225,50,0.00,1,793.0,349.7,454.0,0.00,0.00,1009.8,NaN
2020-11-11T13:00,19.3,5.09,223,56,0.00,1,733.0,277.0,463.0,0.00,0.00,1009.5,NaN
2020-11-11T14:00,19.1,5.06,218,56,0.00,1,557.0,129.9,437.0,0.00,0.00,1008.9,NaN
2020-11-11T15:00,18.9,5.60,215,60,0.00,1,591.0,235.5,398.0,0.00,0.00,1008.6,NaN
2020-11-11T16:00,18.5,5.49,213,65,0.00,1,473.0,274.9,289.0,0.00,0.00,1008.6,NaN
2020-11-11T17:00,18.3,5.28,207,66,0.00,1,401.0,502.8,158.0,0.00,0.00,1008.8,NaN
2020-11-11T18:00,17.6,4.81,197,69,0.00,1,196.0,383.0,91.0,0.00,0.00,1009.2,NaN
2020-11-11T19:00,16.7,3.81,185,75,0.00,0,36.0,172.5,18.0,0.00,0.00,1009.4,NaN
2020-11-11T20:00,16.3,3.44,172,78,0.00,0,0.0,0.0,0.0,0.00,0.00,1010.2,NaN
2020-11-11T21:00,15.7,2.73,156,80,0.00,0,0.0,0.0,0.0,0.00,0.00,1010.2,NaN
2020-11-11T22:00,15.3,2.69,149,83,0.00,0,0.0,0.0,0.0,0.00,0.00,1010.0,NaN
2020-11-11T23:00,14.8,2.34,130,87,0.00,0,0.0,0.0,0.0,0.00,0.00,1009.5,NaN
2020-11-12T00:00,14.2,1.94,125,89,0.00,0,0.0,0.0,0.0,0.00,0.00,1008.8,NaN
2020-11-12T01:00,13.6,1.64,128,89,0.00,0,0.0,0.0,0.0,0.00,0.00,1008.4,NaN
2020-11-12T02:00,13.2,1.57,117,89,0.00,0,0.0,0.0,0.0,0.00,0.00,1008.0,NaN
2020-11-12T03:00,13.4,1.75,103,86,0.00,0,0.0,0.0,0.0,0.00,0.00,1008.0,NaN
2020-11-12T04:00,13.2,1.84,103,81,0.00,0,0.0,0.0,0.0,0.00,0.00,1008.3,NaN
2020-11-12T05:00,13.6,2.16,103,74,0.00,0,0.0,0.0,0.0,0.00,0.00,1008.6,NaN
2020-11-12T06:00,14.4,2.85,108,70,0.00,1,15.0,60.1,10.0,0.00,0.00,1009.1,NaN
2020-11-12T07:00,16.6,3.01,105,61,0.00,1,169.0,443.0,66.0,0.00,0.00,1009.3,NaN
2020-11-12T08:00,18.7,2.30,88,55,0.00,1,405.0,695.1,96.0,0.00,0.00,1009.2,NaN
2020-11-12T09:00,20.1,0.61,171,53,0.00,1,643.0,848.8,103.0,0.00,0.00,1009.1,NaN
2020-11-12T10:00,21.1,2.36,234,51,0.00,1,835.0,910.2,112.0,0.00,0.00,1009.0,NaN
2020-11-12T11:00,21.4,4.16,235,53,0.00,1,971.0,933.7,123.0,0.00,0.00,1008.6,NaN
2020-11-12T12:00,21.2,4.72,238,53,0.00,1,1044.0,950.4,122.0,0.00,0.00,1008.1,NaN
2020-11-12T13:00,21.2,4.75,240,53,0.00,1,1050.0,948.9,124.0,0.00,0.00,1007.6,NaN
2020-11-12T14:00,21.0,4.66,239,58,0.00,1,993.0,948.1,116.0,0.00,0.00,1007.0,NaN
2020-11-12T15:00,20.7,4.92,241,59,0.00,1,864.0,919.6,109.0,0.00,0.00,1006.6,NaN
2020-11-12T16:00,20.3,4.69,236,60,0.00,1,681.0,865.8,100.0,0.00,0.00,1006.7,NaN
2020-11-12T17:00,19.8,4.69,230,61,0.00,1,448.0,710.8,103.0,0.00,0.00,1006.6,NaN
2020-11-12T18:00,19.3,4.31,226,61,0.00,1,224.0,567.7,67.0,0.00,0.00,1006.7,NaN
2020-11-12T19:00,18.3,2.90,224,65,0.00,0,39.0,189.4,19.0,0.00,0.00,1006.7,NaN
2020-11-12T20:00,17.7,3.14,217,71,0.00,0,0.0,0.0,0.0,0.00,0.00,1007.4,NaN
2020-11-12T21:00,17.4,3.26,220,73,0.00,0,0.0,0.0,0.0,0.00,0.00,1007.5,NaN
2020-11-12T22:00,17.1,2.97,222,73,0.00,0,0.0,0.0,0.0,0.00,0.00,1007.2,NaN
2020-11-12T23:00,16.6,2.33,223,77,0.00,0,0.0,0.0,0.0,0.00,0.00,1006.6,NaN
2020-11-13T00:00,15.7,1.84,225,83,0.00,0,0.0,0.0,0.0,0.00,0.00,1005.8,NaN
2020-11-13T01:00,15.6,1.91,227,85,0.00,0,0.0,0.0,0.0,0.00,0.00,1005.0,NaN
2020-11-13T02:00,15.3,2.06,231,86,0.00,0,0.0,0.0,0.0,0.00,0.00,1004.4,NaN
2020-11-13T03:00,15.7,1.92,231,85,0.00,0,0.0,0.0,0.0,0.00,0.00,1004.1,NaN
2020-11-13T04:00,16.0,1.84,229,84,0.00,0,0.0,0.0,0.0,0.00,0.00,1004.0,NaN
2020-11-13T05:00,17.1,1.53,238,78,0.00,0,0.0,0.0,0.0,0.00,0.00,1004.1,NaN
2020-11-13T06:00,18.3,1.65,256,73,0.00,1,13.0,23.8,11.0,0.00,0.00,1004.5,NaN
2020-11-13T07:00,19.8,2.06,284,65,0.00,1,102.0,59.8,88.0,0.00,0.00,1004.8,NaN
2020-11-13T08:00,20.2,3.10,285,70,0.00,1,338.0,435.2,144.0,0.00,0.00,1004.8,NaN
2020-11-13T09:00,21.0,3.88,282,67,0.20,1,306.0,158.5,205.0,0.20,0.00,1004.9,NaN
2020-11-13T10:00,21.5,4.67,280,66,0.10,1,486.0,218.8,312.0,0.10,0.00,1004.8,NaN
2020-11-13T11:00,22.1,5.06,279,64,0.10,1,702.0,299.2,430.0,0.10,0.00,1004.3,NaN
2020-11-13T12:00,22.8,5.04,284,61,0.00,1,811.0,459.4,365.0,0.00,0.00,1003.7,NaN
2020-11-13T13:00,23.4,5.54,287,56,0.00,1,970.0,769.9,218.0,0.00,0.00,1003.1,NaN
2020-11-13T14:00,23.1,6.26,278,61,0.00,1,918.0,745.1,228.0,0.00,0.00,1002.4,NaN
2020-11-13T15:00,21.7,6.08,279,69,0.00,1,571.0,425.6,221.0,0.00,0.00,1002.1,NaN
2020-11-13T16:00,22.2,6.40,284,65,0.00,1,644.0,789.2,113.0,0.00,0.00,1001.6,NaN
2020-11-13T17:00,21.4,6.11,285,70,0.00,1,398.0,564.2,123.0,0.00,0.00,1001.5,NaN
2020-11-13T18:00,20.5,5.60,289,75,0.00,1,165.0,333.4,72.0,0.00,0.00,1001.5,NaN
2020-11-13T19:00,19.8,4.62,292,78,0.00,0,34.0,149.7,18.0,0.00,0.00,1001.7,NaN
2020-11-13T20:00,19.7,4.18,287,81,0.00,0,0.0,0.0,0.0,0.00,0.00,1002.0,NaN
2020-11-13T21:00,19.2,4.59,286,87,0.10,0,0.0,0.0,0.0,0.10,0.00,1002.2,NaN
2020-11-13T22:00,18.9,5.22,287,92,0.70,0,0.0,0.0,0.0,0.70,0.00,1001.9,NaN
2020-11-13T23:00,18.7,5.54,287,92,0.80,0,0.0,0.0,0.0,0.80,0.00,1001.2,NaN
2020-11-14T00:00,18.5,5.35,291,93,0.40,0,0.0,0.0,0.0,0.40,0.00,1000.5,NaN
2020-11-14T01:00,18.3,5.82,294,95,0.80,0,0.0,0.0,0.0,0.80,0.00,999.8,NaN
2020-11-14T02:00,18.4,5.90,296,95,1.30,0,0.0,0.0,0.0,1.30,0.00,999.2,NaN
2020-11-14T03:00,18.6,6.69,302,93,1.40,0,0.0,0.0,0.0,1.40,0.00,998.7,NaN
2020-11-14T04:00,18.8,6.38,311,90,0.30,0,0.0,0.0,0.0,0.30,0.00,998.7,NaN
2020-11-14T05:00,18.5,7.96,309,92,0.70,0,0.0,0.0,0.0,0.70,0.00,998.7,NaN
2020-11-14T06:00,18.6,7.56,307,92,1.10,1,13.0,47.2,9.0,1.10,0.00,999.0,NaN
2020-11-14T07:00,19.8,7.40,286,85,0.20,1,108.0,182.7,65.0,0.20,0.00,999.7,NaN
2020-11-14T08:00,18.9,6.68,231,81,0.40,1,254.0,282.0,128.0,0.40,0.00,1000.8,NaN
2020-11-14T09:00,20.1,5.50,245,75,0.10,1,470.0,476.5,166.0,0.10,0.00,1001.1,NaN
2020-11-14T10:00,20.3,5.92,258,74,0.20,1,651.0,593.1,179.0,0.20,0.00,1001.2,NaN
2020-11-14T11:00,20.7,7.09,261,70,0.30,1,703.0,502.4,246.0,0.30,0.00,1001.4,NaN
2020-11-14T12:00,21.0,7.49,251,68,0.20,1,868.0,691.6,196.0,0.20,0.00,1001.2,NaN
2020-11-14T13:00,20.6,7.52,237,70,0.60,1,842.0,610.7,245.0,0.60,0.00,1001.4,NaN
2020-11-14T14:00,20.8,7.25,242,63,0.00,1,741.0,565.1,217.0,0.00,0.00,1001.4,NaN
2020-11-14T15:00,21.2,7.71,247,56,0.00,1,785.0,763.5,156.0,0.00,0.00,1001.5,NaN
2020-11-14T16:00,20.9,6.99,246,53,0.00,1,627.0,631.5,201.0,0.00,0.00,1001.4,NaN
2020-11-14T17:00,18.7,7.54,248,69,0.30,1,389.0,561.8,114.0,0.30,0.00,1001.9,NaN
2020-11-14T18:00,18.5,6.75,245,70,0.20,1,117.0,145.7,76.0,0.20,0.00,1002.8,NaN
2020-11-14T19:00,18.6,6.26,241,65,0.00,0,32.0,138.8,17.0,0.00,0.00,1003.4,NaN
2020-11-14T20:00,17.9,6.66,237,70,0.00,0,0.0,0.0,0.0,0.00,0.00,1004.5,NaN
2020-11-14T21:00,17.7,6.24,238,69,0.00,0,0.0,0.0,0.0,0.00,0.00,1005.1,NaN
2020-11-14T22:00,17.2,6.36,233,73,0.10,0,0.0,0.0,0.0,0.10,0.00,1005.6,NaN
2020-11-14T23:00,17.1,6.16,227,74,0.10,0,0.0,0.0,0.0,0.10,0.00,1005.8,NaN
2020-11-15T00:00,17.3,6.22,225,69,0.00,0,0.0,0.0,0.0,0.00,0.00,1005.6,NaN
2020-11-15T01:00,17.0,6.25,220,68,0.00,0,0.0,0.0,0.0,0.00,0.00,1005.5,NaN
2020-11-15T02:00,16.6,5.50,217,67,0.00,0,0.0,0.0,0.0,0.00,0.00,1005.4,NaN
2020-11-15T03:00,16.6,5.16,212,63,0.00,0,0.0,0.0,0.0,0.00,0.00,1005.7,NaN
2020-11-15T04:00,16.7,4.79,209,61,0.00,0,0.0,0.0,0.0,0.00,0.00,1006.1,NaN
2020-11-15T05:00,16.7,4.61,207,60,0.00,0,0.0,0.0,0.0,0.00,0.00,1006.7,NaN
2020-11-15T06:00,17.0,4.44,203,60,0.00,1,14.0,46.8,10.0,0.00,0.00,1007.8,NaN
2020-11-15T07:00,17.6,5.29,195,54,0.00,1,119.0,245.1,61.0,0.00,0.00,1009.2,NaN
2020-11-15T08:00,18.5,4.43,198,47,0.00,1,286.0,357.3,126.0,0.00,0.00,1010.1,NaN
2020-11-15T09:00,19.1,4.21,198,46,0.00,1,396.0,169.1,288.0,0.00,0.00,1010.7,NaN
2020-11-15T10:00,19.8,4.68,200,45,0.00,1,621.0,340.2,350.0,0.00,0.00,1011.0,NaN
2020-11-15T11:00,20.4,5.24,204,43,0.00,1,920.0,782.2,208.0,0.00,0.00,1011.2,NaN
2020-11-15T12:00,20.5,4.92,204,44,0.00,1,1027.0,835.1,215.0,0.00,0.00,1010.8,NaN
2020-11-15T13:00,20.6,5.14,207,44,0.00,1,1076.0,978.1,119.0,0.00,0.00,1010.6,NaN
2020-11-15T14:00,20.5,5.10,206,44,0.00,1,1012.0,965.2,116.0,0.00,0.00,1010.4,NaN
2020-11-15T15:00,20.3,5.44,200,45,0.00,1,879.0,924.6,116.0,0.00,0.00,1010.2,NaN
2020-11-15T16:00,19.8,5.46,194,46,0.00,1,700.0,882.8,103.0,0.00,0.00,1010.1,NaN
2020-11-15T17:00,19.1,5.69,190,49,0.00,1,479.0,797.3,87.0,0.00,0.00,1010.1,NaN
2020-11-15T18:00,18.3,6.13,186,52,0.00,1,242.0,620.0,66.0,0.00,0.00,1010.7,NaN
2020-11-15T19:00,17.3,5.00,180,55,0.00,0,44.0,219.4,20.0,0.00,0.00,1011.3,NaN
2020-11-15T20:00,16.9,4.12,166,59,0.00,0,0.0,0.0,0.0,0.00,0.00,1011.6,NaN
2020-11-15T21:00,16.5,4.05,164,63,0.00,0,0.0,0.0,0.0,0.00,0.00,1011.8,NaN
2020-11-15T22:00,16.3,4.40,163,64,0.00,0,0.0,0.0,0.0,0.00,0.00,1012.0,NaN
2020-11-15T23:00,16.0,4.07,152,66,0.00,0,0.0,0.0,0.0,0.00,0.00,1012.0,NaN
2020-11-16T00:00,15.5,3.89,136,69,0.00,0,0.0,0.0,0.0,0.00,0.00,1011.6,NaN
2020-11-16T01:00,14.8,3.50,127,71,0.00,0,0.0,0.0,0.0,0.00,0.00,1011.4,NaN
2020-11-16T02:00,14.4,4.47,117,66,0.00,0,0.0,0.0,0.0,0.00,0.00,1010.8,NaN
2020-11-16T03:00,14.2,4.40,107,65,0.00,0,0.0,0.0,0.0,0.00,0.00,1009.8,NaN
2020-11-16T04:00,13.6,3.81,120,66,0.00,0,0.0,0.0,0.0,0.00,0.00,1010.5,NaN
2020-11-16T05:00,13.3,4.17,120,67,0.00,0,0.0,0.0,0.0,0.00,0.00,1010.9,NaN
2020-11-16T06:00,13.7,4.84,108,66,0.00,1,22.0,104.6,13.0,0.00,0.00,1010.8,NaN
2020-11-16T07:00,16.0,4.90,110,58,0.00,1,193.0,546.6,63.0,0.00,0.00,1011.2,NaN
2020-11-16T08:00,18.5,5.41,115,50,0.00,1,429.0,755.5,90.0,0.00,0.00,1011.8,NaN
2020-11-16T09:00,21.6,4.92,114,39,0.00,1,663.0,883.5,98.0,0.00,0.00,1011.4,NaN
2020-11-16T10:00,24.5,3.86,111,32,0.00,1,860.0,943.4,108.0,0.00,0.00,1010.9,NaN
2020-11-16T11:00,26.5,2.42,128,27,0.00,1,1003.0,977.1,113.0,0.00,0.00,1010.0,NaN
2020-11-16T12:00,27.3,3.40,194,27,0.00,1,1080.0,990.8,116.0,0.00,0.00,1009.1,NaN
2020-11-16T13:00,25.3,6.58,197,47,0.00,1,1086.0,989.5,117.0,0.00,0.00,1008.7,NaN
2020-11-16T14:00,24.6,7.50,193,47,0.00,1,1018.0,973.8,113.0,0.00,0.00,1007.9,NaN
2020-11-16T15:00,24.1,6.96,187,44,0.00,1,885.0,940.0,108.0,0.00,0.00,1007.3,NaN
2020-11-16T16:00,23.6,6.55,187,50,0.00,1,701.0,887.9,99.0,0.00,0.00,1006.7,NaN
2020-11-16T17:00,22.2,7.03,185,58,0.00,1,480.0,798.0,86.0,0.00,0.00,1006.9,NaN
2020-11-16T18:00,21.0,6.30,179,61,0.00,1,243.0,621.6,65.0,0.00,0.00,1006.9,NaN
2020-11-16T19:00,19.5,5.59,170,70,0.00,0,46.0,226.0,21.0,0.00,0.00,1006.9,NaN
2020-11-16T20:00,18.9,5.50,179,76,0.00,0,0.0,0.0,0.0,0.00,0.00,1008.0,NaN
2020-11-16T21:00,18.6,5.45,173,76,0.00,0,0.0,0.0,0.0,0.00,0.00,1008.2,NaN
2020-11-16T22:00,18.2,5.53,167,76,0.00,0,0.0,0.0,0.0,0.00,0.00,1008.1,NaN
2020-11-16T23:00,17.9,5.19,164,79,0.00,0,0.0,0.0,0.0,0.00,0.00,1007.7,NaN
2020-11-17T00:00,17.2,4.17,150,82,0.00,0,0.0,0.0,0.0,0.00,0.00,1006.8,NaN
2020-11-17T01:00,16.6,3.62,141,83,0.00,0,0.0,0.0,0.0,0.00,0.00,1006.0,NaN
2020-11-17T02:00,16.1,3.11,147,78,0.00,0,0.0,0.0,0.0,0.00,0.00,1005.3,NaN
2020-11-17T03:00,16.0,3.22,154,74,0.00,0,0.0,0.0,0.0,0.00,0.00,1005.2,NaN
2020-11-17T04:00,16.1,3.73,160,77,0.00,0,0.0,0.0,0.0,0.00,0.00,1005.7,NaN
2020-11-17T05:00,16.0,3.86,149,83,0.00,0,0.0,0.0,0.0,0.00,0.00,1005.5,NaN
2020-11-17T06:00,16.2,3.94,144,82,0.00,1,18.0,34.6,15.0,0.00,0.00,1006.0,NaN
2020-11-17T07:00,17.7,4.47,153,72,0.00,1,163.0,288.8,94.0,0.00,0.00,1006.6,NaN
2020-11-17T08:00,19.1,4.98,158,66,0.00,1,382.0,513.8,151.0,0.00,0.00,1006.4,NaN
2020-11-17T09:00,20.8,4.64,173,58,0.00,1,507.0,346.8,285.0,0.00,0.00,1006.6,NaN
2020-11-17T10:00,21.2,5.54,187,61,0.00,1,662.0,394.9,347.0,0.00,0.00,1006.4,NaN
2020-11-17T11:00,21.7,6.32,191,63,0.00,1,855.0,520.1,381.0,0.00,0.00,1005.9,NaN
2020-11-17T12:00,21.9,6.84,195,63,0.00,1,898.0,487.9,423.0,0.00,0.00,1005.9,NaN
2020-11-17T13:00,22.1,6.55,196,62,0.00,1,925.0,530.6,405.0,0.00,0.00,1005.6,NaN
2020-11-17T14:00,21.8,6.83,198,64,0.00,1,882.0,566.4,355.0,0.00,0.00,1005.7,NaN
2020-11-17T15:00,21.8,6.36,199,63,0.00,1,818.0,696.9,241.0,0.00,0.00,1005.5,NaN
2020-11-17T16:00,21.2,5.72,199,64,0.00,1,683.0,803.3,137.0,0.00,0.00,1005.4,NaN
2020-11-17T17:00,20.3,5.79,201,70,0.00,1,427.0,550.6,154.0,0.00,0.00,1005.8,NaN
2020-11-17T18:00,19.4,5.76,197,71,0.00,1,216.0,387.8,104.0,0.00,0.00,1005.9,NaN
2020-11-17T19:00,18.8,5.46,194,74,0.00,0,31.0,62.5,24.0,0.00,0.00,1006.4,NaN
2020-11-17T20:00,18.7,5.02,193,75,0.00,0,0.0,0.0,0.0,0.00,0.00,1007.1,NaN
2020-11-17T21:00,18.8,4.40,181,74,0.00,0,0.0,0.0,0.0,0.00,0.00,1006.9,NaN
2020-11-17T22:00,19.0,4.60,182,71,0.00,0,0.0,0.0,0.0,0.00,0.00,1007.1,NaN
2020-11-17T23:00,19.2,5.00,178,70,0.00,0,0.0,0.0,0.0,0.00,0.00,1006.6,NaN
2020-11-18T00:00,19.0,5.40,179,71,0.00,0,0.0,0.0,0.0,0.00,0.00,1006.5,NaN
2020-11-18T01:00,18.8,4.83,174,71,0.00,0,0.0,0.0,0.0,0.00,0.00,1006.2,NaN
2020-11-18T02:00,18.9,4.77,170,70,0.00,0,0.0,0.0,0.0,0.00,0.00,1005.7,NaN
2020-11-18T03:00,18.5,5.12,176,76,0.00,0,0.0,0.0,0.0,0.00,0.00,1005.9,NaN
2020-11-18T04:00,18.5,4.71,168,75,0.00,0,0.0,0.0,0.0,0.00,0.00,1006.1,NaN
2020-11-18T05:00,18.1,4.03,157,77,0.00,0,0.0,0.0,0.0,0.00,0.00,1006.6,NaN
2020-11-18T06:00,18.0,3.55,148,78,0.00,1,20.0,80.3,13.0,0.00,0.00,1007.3,NaN
2020-11-18T07:00,19.2,3.75,138,72,0.00,1,158.0,341.7,76.0,0.00,0.00,1008.1,NaN
2020-11-18T08:00,20.7,4.49,148,61,0.00,1,354.0,499.6,129.0,0.00,0.00,1008.3,NaN
2020-11-18T09:00,22.1,4.35,157,55,0.00,1,492.0,410.5,229.0,0.00,0.00,1008.3,NaN
2020-11-18T10:00,23.8,3.91,176,50,0.00,1,831.0,890.8,120.0,0.00,0.00,1008.0,NaN
2020-11-18T11:00,24.5,4.46,200,51,0.00,1,977.0,946.4,114.0,0.00,0.00,1007.6,NaN
2020-11-18T12:00,23.5,6.35,208,59,0.00,1,1053.0,959.8,118.0,0.00,0.00,1007.3,NaN
2020-11-18T13:00,23.4,6.20,201,56,0.00,1,1057.0,958.3,117.0,0.00,0.00,1007.2,NaN
2020-11-18T14:00,23.4,6.55,199,57,0.00,1,996.0,945.8,115.0,0.00,0.00,1006.9,NaN
2020-11-18T15:00,23.2,6.79,194,56,0.00,1,872.0,918.8,110.0,0.00,0.00,1006.3,NaN
2020-11-18T16:00,22.5,6.96,196,60,0.00,1,692.0,868.7,100.0,0.00,0.00,1006.3,NaN
2020-11-18T17:00,21.7,6.60,194,62,0.00,1,475.0,779.2,87.0,0.00,0.00,1006.7,NaN
2020-11-18T18:00,21.0,6.45,187,69,0.00,1,244.0,611.1,66.0,0.00,0.00,1007.1,NaN
2020-11-18T19:00,19.9,5.22,185,78,0.00,0,48.0,229.7,22.0,0.00,0.00,1007.6,NaN
2020-11-18T20:00,19.6,4.70,179,82,0.00,0,0.0,0.0,0.0,0.00,0.00,1008.2,NaN
2020-11-18T21:00,19.4,4.60,178,84,0.00,0,0.0,0.0,0.0,0.00,0.00,1008.5,NaN
2020-11-18T22:00,19.2,4.60,178,86,0.00,0,0.0,0.0,0.0,0.00,0.00,1008.5,NaN
2020-11-18T23:00,19.2,4.92,175,87,0.00,0,0.0,0.0,0.0,0.00,0.00,1008.3,NaN
2020-11-19T00:00,19.3,5.12,176,85,0.00,0,0.0,0.0,0.0,0.00,0.00,1008.0,NaN
2020-11-19T01:00,19.2,5.14,173,87,0.00,0,0.0,0.0,0.0,0.00,0.00,1007.7,NaN
2020-11-19T02:00,19.0,4.69,169,87,0.00,0,0.0,0.0,0.0,0.00,0.00,1007.3,NaN
2020-11-19T03:00,18.8,4.05,160,89,0.00,0,0.0,0.0,0.0,0.00,0.00,1007.0,NaN
2020-11-19T04:00,18.3,3.67,151,92,0.00,0,0.0,0.0,0.0,0.00,0.00,1007.0,NaN
2020-11-19T05:00,18.1,3.68,133,92,0.00,0,0.0,0.0,0.0,0.00,0.00,1007.3,NaN
2020-11-19T06:00,18.0,3.44,126,90,0.00,1,18.0,68.4,12.0,0.00,0.00,1008.1,NaN
2020-11-19T07:00,19.5,4.32,138,79,0.00,1,154.0,357.0,68.0,0.00,0.00,1008.4,NaN
2020-11-19T08:00,20.9,5.06,142,67,0.00,1,358.0,527.7,120.0,0.00,0.00,1008.5,NaN
2020-11-19T09:00,22.3,4.44,149,59,0.00,1,523.0,485.0,212.0,0.00,0.00,1008.4,NaN
2020-11-19T10:00,23.4,3.65,171,54,0.00,1,666.0,472.1,289.0,0.00,0.00,1007.7,NaN
2020-11-19T11:00,24.1,4.66,195,53,0.00,1,877.0,735.5,206.0,0.00,0.00,1007.0,NaN
2020-11-19T12:00,23.7,6.11,201,58,0.00,1,1045.0,909.0,159.0,0.00,0.00,1006.4,NaN
2020-11-19T13:00,23.3,6.20,201,57,0.00,1,1044.0,903.6,157.0,0.00,0.00,1005.9,NaN
2020-11-19T14:00,22.5,6.48,200,60,0.00,1,831.0,524.4,342.0,0.00,0.00,1006.0,NaN
2020-11-19T15:00,22.6,6.36,196,58,0.00,1,770.0,632.0,245.0,0.00,0.00,1005.5,NaN
2020-11-19T16:00,21.0,5.99,195,65,0.00,1,368.0,206.4,227.0,0.00,0.00,1005.4,NaN
2020-11-19T17:00,20.8,6.41,191,67,0.00,1,329.0,374.0,142.0,0.00,0.00,1005.9,NaN
2020-11-19T18:00,20.0,6.36,188,73,0.00,1,74.0,51.1,59.0,0.00,0.00,1006.4,NaN
2020-11-19T19:00,19.2,6.00,181,78,0.00,0,47.0,201.0,24.0,0.00,0.00,1006.9,NaN
2020-11-19T20:00,18.8,5.36,171,80,0.00,0,0.0,0.0,0.0,0.00,0.00,1007.0,NaN
2020-11-19T21:00,18.6,5.39,169,82,0.00,0,0.0,0.0,0.0,0.00,0.00,1007.0,NaN
2020-11-19T22:00,18.4,5.71,169,84,0.00,0,0.0,0.0,0.0,0.00,0.00,1007.0,NaN
2020-11-19T23:00,18.2,5.25,162,86,0.00,0,0.0,0.0,0.0,0.00,0.00,1006.8,NaN
2020-11-20T00:00,17.8,4.65,155,88,0.00,0,0.0,0.0,0.0,0.00,0.00,1006.4,NaN
2020-11-20T01:00,17.4,3.72,149,89,0.00,0,0.0,0.0,0.0,0.00,0.00,1006.1,NaN
2020-11-20T02:00,17.1,3.64,143,91,0.00,0,0.0,0.0,0.0,0.00,0.00,1005.7,NaN
2020-11-20T03:00,16.7,3.62,141,91,0.00,0,0.0,0.0,0.0,0.00,0.00,1006.0,NaN
2020-11-20T04:00,16.5,3.62,141,90,0.00,0,0.0,0.0,0.0,0.00,0.00,1006.2,NaN
2020-11-20T05:00,16.2,3.41,140,89,0.00,0,0.0,0.0,0.0,0.00,0.00,1006.4,NaN
2020-11-20T06:00,16.8,3.70,142,84,0.00,1,22.0,102.1,13.0,0.00,0.00,1007.1,NaN
2020-11-20T07:00,18.7,4.43,152,76,0.00,1,180.0,492.3,61.0,0.00,0.00,1007.6,NaN
2020-11-20T08:00,20.5,4.93,162,66,0.00,1,409.0,710.8,88.0,0.00,0.00,1008.1,NaN
2020-11-20T09:00,22.3,5.54,173,57,0.00,1,633.0,827.6,102.0,0.00,0.00,1007.7,NaN
2020-11-20T10:00,23.3,5.94,187,54,0.00,1,827.0,898.8,109.0,0.00,0.00,1007.2,NaN
2020-11-20T11:00,23.6,6.31,195,56,0.00,1,967.0,934.6,114.0,0.00,0.00,1007.2,NaN
2020-11-20T12:00,23.6,6.17,197,58,0.00,1,1042.0,948.5,117.0,0.00,0.00,1006.8,NaN
2020-11-20T13:00,23.4,6.46,202,60,0.00,1,1050.0,948.8,118.0,0.00,0.00,1006.7,NaN
2020-11-20T14:00,23.5,6.46,202,59,0.00,1,990.0,936.3,116.0,0.00,0.00,1006.4,NaN
2020-11-20T15:00,23.0,6.89,199,63,0.00,1,867.0,909.8,110.0,0.00,0.00,1006.1,NaN
2020-11-20T16:00,22.4,6.99,199,66,0.00,1,690.0,860.0,101.0,0.00,0.00,1006.0,NaN
2020-11-20T17:00,21.9,6.90,197,69,0.00,1,474.0,770.7,87.0,0.00,0.00,1006.2,NaN
2020-11-20T18:00,21.2,7.40,193,72,0.00,1,242.0,587.5,68.0,0.00,0.00,1006.7,NaN
2020-11-20T19:00,20.5,6.60,194,82,0.00,0,39.0,121.0,25.0,0.00,0.00,1007.1,NaN
2020-11-20T20:00,19.9,6.30,178,84,0.00,0,0.0,0.0,0.0,0.00,0.00,1007.9,NaN
2020-11-20T21:00,19.5,6.43,175,86,0.00,0,0.0,0.0,0.0,0.00,0.00,1008.5,NaN
2020-11-20T22:00,19.2,6.18,171,83,0.00,0,0.0,0.0,0.0,0.00,0.00,1008.5,NaN
2020-11-20T23:00,18.8,5.92,168,81,0.00,0,0.0,0.0,0.0,0.00,0.00,1008.2,NaN
2020-11-21T00:00,18.6,5.46,166,80,0.00,0,0.0,0.0,0.0,0.00,0.00,1008.0,NaN
2020-11-21T01:00,18.4,5.63,163,77,0.00,0,0.0,0.0,0.0,0.00,0.00,1007.7,NaN
2020-11-21T02:00,17.6,5.33,157,76,0.00,0,0.0,0.0,0.0,0.00,0.00,1007.6,NaN
2020-11-21T03:00,17.3,4.94,148,77,0.00,0,0.0,0.0,0.0,0.00,0.00,1007.5,NaN
2020-11-21T04:00,17.1,5.05,146,77,0.00,0,0.0,0.0,0.0,0.00,0.00,1007.7,NaN
2020-11-21T05:00,16.5,4.81,137,76,0.00,0,0.0,0.0,0.0,0.00,0.00,1007.8,NaN
2020-11-21T06:00,16.9,5.34,142,73,0.00,1,23.0,112.9,13.0,0.00,0.00,1008.5,NaN
2020-11-21T07:00,18.4,6.19,146,66,0.00,1,190.0,519.6,64.0,0.00,0.00,1009.4,NaN
2020-11-21T08:00,20.0,6.49,151,59,0.00,1,410.0,685.7,100.0,0.00,0.00,1009.3,NaN
2020-11-21T09:00,21.7,6.73,169,53,0.00,1,652.0,850.5,106.0,0.00,0.00,1009.5,NaN
2020-11-21T10:00,22.7,7.20,178,51,0.00,1,832.0,883.4,126.0,0.00,0.00,1009.3,NaN
2020-11-21T11:00,23.1,7.61,183,50,0.00,1,983.0,938.7,126.0,0.00,0.00,1008.9,NaN
2020-11-21T12:00,23.3,8.04,186,52,0.00,1,1058.0,940.9,140.0,0.00,0.00,1008.7,NaN
2020-11-21T13:00,23.4,8.12,184,52,0.00,1,1056.0,896.3,175.0,0.00,0.00,1008.6,NaN
2020-11-21T14:00,23.6,7.64,186,52,0.00,1,1009.0,942.8,128.0,0.00,0.00,1008.1,NaN
2020-11-21T15:00,23.0,7.94,186,56,0.00,1,877.0,882.0,142.0,0.00,0.00,1007.9,NaN
2020-11-21T16:00,22.4,8.22,183,57,0.00,1,696.0,828.7,127.0,0.00,0.00,1007.9,NaN
2020-11-21T17:00,21.6,8.10,181,61,0.00,1,485.0,763.5,100.0,0.00,0.00,1008.2,NaN
2020-11-21T18:00,20.3,8.20,179,70,0.00,1,256.0,629.5,68.0,0.00,0.00,1008.4,NaN
2020-11-21T19:00,19.2,7.45,173,75,0.00,0,54.0,256.4,24.0,0.00,0.00,1009.1,NaN
2020-11-21T20:00,18.7,7.65,169,76,0.00,0,0.0,0.0,0.0,0.00,0.00,1010.1,NaN
2020-11-21T21:00,18.5,7.81,167,78,0.00,0,0.0,0.0,0.0,0.00,0.00,1010.4,NaN
2020-11-21T22:00,18.3,7.88,165,80,0.00,0,0.0,0.0,0.0,0.00,0.00,1010.4,NaN
2020-11-21T23:00,18.0,7.47,160,82,0.00,0,0.0,0.0,0.0,0.00,0.00,1010.1,NaN
2020-11-22T00:00,17.6,7.13,158,83,0.00,0,0.0,0.0,0.0,0.00,0.00,1009.8,NaN
2020-11-22T01:00,17.1,6.84,155,84,0.00,0,0.0,0.0,0.0,0.00,0.00,1009.5,NaN
2020-11-22T02:00,16.7,6.71,152,83,0.00,0,0.0,0.0,0.0,0.00,0.00,1009.4,NaN
2020-11-22T03:00,16.4,6.36,150,82,0.00,0,0.0,0.0,0.0,0.00,0.00,1009.5,NaN
2020-11-22T04:00,16.0,5.88,148,81,0.00,0,0.0,0.0,0.0,0.00,0.00,1009.8,NaN
2020-11-22T05:00,15.6,5.55,146,82,0.00,0,0.0,0.0,0.0,0.00,0.00,1010.2,NaN
2020-11-22T06:00,15.9,5.50,143,81,0.00,1,24.0,123.7,13.0,0.00,0.00,1010.8,NaN
2020-11-22T07:00,17.6,5.30,134,72,0.00,1,195.0,551.0,61.0,0.00,0.00,1010.8,NaN
2020-11-22T08:00,19.9,4.74,145,61,0.00,1,426.0,753.5,85.0,0.00,0.00,1010.8,NaN
2020-11-22T09:00,22.5,3.92,161,50,0.00,1,649.0,851.7,102.0,0.00,0.00,1010.4,NaN
2020-11-22T10:00,24.7,4.30,179,44,0.00,1,844.0,920.7,108.0,0.00,0.00,1010.0,NaN
2020-11-22T11:00,25.6,5.63,192,47,0.00,1,984.0,952.7,114.0,0.00,0.00,1009.4,NaN
2020-11-22T12:00,25.0,6.90,197,55,0.00,1,1060.0,966.1,117.0,0.00,0.00,1008.4,NaN
2020-11-22T13:00,24.9,7.67,195,53,0.00,1,1068.0,965.8,118.0,0.00,0.00,1007.6,NaN
2020-11-22T14:00,25.2,7.73,190,49,0.00,1,1004.0,950.4,115.0,0.00,0.00,1007.1,NaN
2020-11-22T15:00,25.5,7.72,184,49,0.00,1,879.0,922.5,109.0,0.00,0.00,1006.5,NaN
2020-11-22T16:00,25.1,7.93,185,55,0.00,1,703.0,876.1,100.0,0.00,0.00,1006.0,NaN
2020-11-22T17:00,23.8,8.40,180,61,0.00,1,486.0,786.1,88.0,0.00,0.00,1006.0,NaN
2020-11-22T18:00,22.7,7.88,172,64,0.00,1,254.0,621.1,67.0,0.00,0.00,1006.0,NaN
2020-11-22T19:00,21.7,7.61,170,68,0.00,0,55.0,262.2,24.0,0.00,0.00,1006.3,NaN
2020-11-22T20:00,21.0,7.47,164,72,0.00,0,0.0,0.0,0.0,0.00,0.00,1007.0,NaN
2020-11-22T21:00,20.9,6.78,158,74,0.00,0,0.0,0.0,0.0,0.00,0.00,1007.2,NaN
2020-11-22T22:00,21.0,5.52,148,70,0.00,0,0.0,0.0,0.0,0.00,0.00,1007.3,NaN
2020-11-22T23:00,20.9,4.50,143,62,0.00,0,0.0,0.0,0.0,0.00,0.00,1007.3,NaN
2020-11-23T00:00,21.7,4.26,141,44,0.00,0,0.0,0.0,0.0,0.00,0.00,1007.2,NaN
2020-11-23T01:00,22.6,4.39,133,29,0.00,0,0.0,0.0,0.0,0.00,0.00,1006.7,NaN
2020-11-23T02:00,22.9,4.40,129,24,0.00,0,0.0,0.0,0.0,0.00,0.00,1006.5,NaN
2020-11-23T03:00,22.4,4.17,134,24,0.00,0,0.0,0.0,0.0,0.00,0.00,1006.4,NaN
2020-11-23T04:00,22.1,4.27,123,24,0.00,0,0.0,0.0,0.0,0.00,0.00,1006.3,NaN
2020-11-23T05:00,22.4,4.52,115,23,0.00,0,0.0,0.0,0.0,0.00,0.00,1006.0,NaN
2020-11-23T06:00,23.3,4.72,111,24,0.00,1,24.0,123.2,13.0,0.00,0.00,1006.2,NaN
2020-11-23T07:00,26.2,5.44,107,23,0.00,1,195.0,562.0,58.0,0.00,0.00,1006.4,NaN
2020-11-23T08:00,29.3,6.41,94,21,0.00,1,426.0,757.3,83.0,0.00,0.00,1006.1,NaN
2020-11-23T09:00,32.8,7.24,84,20,0.00,1,648.0,857.6,97.0,0.00,0.00,1005.7,NaN
2020-11-23T10:00,35.5,6.87,82,19,0.00,1,838.0,914.3,107.0,0.00,0.00,1005.1,NaN
2020-11-23T11:00,37.2,5.41,87,19,0.00,1,977.0,945.9,113.0,0.00,0.00,1004.3,NaN
2020-11-23T12:00,37.0,3.40,118,20,0.00,1,1053.0,960.6,115.0,0.00,0.00,1003.3,NaN
2020-11-23T13:00,35.2,5.52,185,27,0.00,1,1062.0,961.1,116.0,0.00,0.00,1002.5,NaN
2020-11-23T14:00,33.9,6.95,187,33,0.00,1,1002.0,948.4,114.0,0.00,0.00,1001.7,NaN
2020-11-23T15:00,32.1,8.78,188,35,0.00,1,877.0,919.9,108.0,0.00,0.00,1001.2,NaN
2020-11-23T16:00,30.5,9.30,178,33,0.00,1,699.0,869.6,99.0,0.00,0.00,1001.0,NaN
2020-11-23T17:00,29.7,7.98,168,36,0.00,1,484.0,780.9,87.0,0.00,0.00,1001.0,NaN
2020-11-23T18:00,28.8,7.41,170,41,0.00,1,254.0,619.4,66.0,0.00,0.00,1001.1,NaN
2020-11-23T19:00,27.0,8.13,159,38,0.00,0,56.0,259.4,25.0,0.00,0.00,1001.3,NaN
2020-11-23T20:00,26.8,6.80,152,38,0.00,0,0.0,0.0,0.0,0.00,0.00,1001.2,NaN
2020-11-23T21:00,26.9,5.92,150,37,0.00,0,0.0,0.0,0.0,0.00,0.00,1001.2,NaN
2020-11-23T22:00,26.7,5.16,144,36,0.00,0,0.0,0.0,0.0,0.00,0.00,1001.0,NaN
2020-11-23T23:00,26.4,4.11,139,34,0.00,0,0.0,0.0,0.0,0.00,0.00,1000.4,NaN
2020-11-24T00:00,25.1,2.33,133,32,0.00,0,0.0,0.0,0.0,0.00,0.00,999.7,NaN
2020-11-24T01:00,23.0,2.72,144,37,0.00,0,0.0,0.0,0.0,0.00,0.00,999.2,NaN
2020-11-24T02:00,23.1,2.02,171,39,0.00,0,0.0,0.0,0.0,0.00,0.00,999.0,NaN
2020-11-24T03:00,22.3,1.90,177,46,0.00,0,0.0,0.0,0.0,0.00,0.00,998.8,NaN
2020-11-24T04:00,23.1,1.84,158,44,0.00,0,0.0,0.0,0.0,0.00,0.00,998.8,NaN
2020-11-24T05:00,22.8,2.44,125,41,0.00,0,0.0,0.0,0.0,0.00,0.00,998.9,NaN
2020-11-24T06:00,23.9,2.47,122,43,0.00,1,24.0,122.9,13.0,0.00,0.00,999.2,NaN
2020-11-24T07:00,28.6,1.24,166,29,0.00,1,182.0,495.4,61.0,0.00,0.00,999.6,NaN
2020-11-24T08:00,30.7,1.53,259,33,0.00,1,385.0,620.1,104.0,0.00,0.00,999.7,NaN
2020-11-24T09:00,31.0,3.14,233,38,0.00,1,620.0,789.0,113.0,0.00,0.00,999.8,NaN
2020-11-24T10:00,31.0,4.39,221,35,0.00,1,790.0,822.9,132.0,0.00,0.00,999.6,NaN
2020-11-24T11:00,31.2,3.91,220,33,0.00,1,912.0,849.4,136.0,0.00,0.00,999.3,NaN
2020-11-24T12:00,30.9,4.26,219,37,0.00,1,936.0,769.9,184.0,0.00,0.00,999.1,NaN
2020-11-24T13:00,28.5,5.20,218,51,0.00,1,956.0,765.6,202.0,0.00,0.00,999.1,NaN
2020-11-24T14:00,27.2,5.83,202,59,0.00,1,939.0,829.0,162.0,0.00,0.00,999.1,NaN
2020-11-24T15:00,25.9,6.80,197,63,0.00,1,815.0,824.1,125.0,0.00,0.00,999.2,NaN
2020-11-24T16:00,24.4,7.81,193,66,0.00,1,638.0,751.8,118.0,0.00,0.00,999.7,NaN
2020-11-24T17:00,23.6,8.05,186,64,0.00,1,453.0,695.5,98.0,0.00,0.00,1000.3,NaN
2020-11-24T18:00,22.5,7.62,184,66,0.00,1,242.0,565.5,69.0,0.00,0.00,1000.9,NaN
2020-11-24T19:00,21.3,6.91,183,73,0.00,0,56.0,256.8,25.0,0.00,0.00,1001.3,NaN
2020-11-24T20:00,20.8,6.70,181,74,0.00,0,0.0,0.0,0.0,0.00,0.00,1002.0,NaN
2020-11-24T21:00,20.5,6.60,178,79,0.00,0,0.0,0.0,0.0,0.00,0.00,1002.4,NaN
2020-11-24T22:00,20.2,6.62,176,83,0.00,0,0.0,0.0,0.0,0.00,0.00,1002.9,NaN
2020-11-24T23:00,19.9,6.76,172,84,0.00,0,0.0,0.0,0.0,0.00,0.00,1003.1,NaN
2020-11-25T00:00,19.5,6.99,171,87,0.00,0,0.0,0.0,0.0,0.00,0.00,1002.8,NaN
2020-11-25T01:00,19.6,7.08,167,84,0.00,0,0.0,0.0,0.0,0.00,0.00,1002.3,NaN
2020-11-25T02:00,19.5,6.67,167,81,0.00,0,0.0,0.0,0.0,0.00,0.00,1002.1,NaN
2020-11-25T03:00,19.6,6.77,167,79,0.00,0,0.0,0.0,0.0,0.00,0.00,1001.9,NaN
2020-11-25T04:00,19.3,6.04,168,79,0.00,0,0.0,0.0,0.0,0.00,0.00,1001.9,NaN
2020-11-25T05:00,19.1,5.10,164,79,0.00,0,0.0,0.0,0.0,0.00,0.00,1002.6,NaN
2020-11-25T06:00,19.6,5.46,166,76,0.00,1,24.0,111.4,14.0,0.00,0.00,1003.3,NaN
2020-11-25T07:00,20.8,6.51,169,70,0.00,1,179.0,457.8,67.0,0.00,0.00,1003.8,NaN
2020-11-25T08:00,21.8,6.87,172,68,0.00,1,402.0,663.9,101.0,0.00,0.00,1003.7,NaN
2020-11-25T09:00,22.9,7.23,174,63,0.00,1,522.0,404.6,262.0,0.00,0.00,1003.6,NaN
2020-11-25T10:00,23.9,7.61,178,59,0.00,1,805.0,820.3,149.0,0.00,0.00,1003.2,NaN
2020-11-25T11:00,24.7,7.60,182,57,0.00,1,977.0,936.8,121.0,0.00,0.00,1002.9,NaN
2020-11-25T12:00,25.1,7.67,187,56,0.00,1,1060.0,963.1,119.0,0.00,0.00,1002.5,NaN
2020-11-25T13:00,24.8,7.94,191,58,0.00,1,1071.0,967.1,118.0,0.00,0.00,1001.9,NaN
2020-11-25T14:00,24.4,7.96,192,59,0.00,1,1012.0,955.1,116.0,0.00,0.00,1001.7,NaN
2020-11-25T15:00,24.0,7.81,190,60,0.00,1,890.0,930.2,110.0,0.00,0.00,1001.6,NaN
2020-11-25T16:00,23.1,8.01,189,65,0.00,1,713.0,882.7,101.0,0.00,0.00,1001.5,NaN
2020-11-25T17:00,22.1,7.76,187,69,0.00,1,497.0,796.2,89.0,0.00,0.00,1001.5,NaN
2020-11-25T18:00,21.0,7.62,184,75,0.00,1,264.0,632.5,69.0,0.00,0.00,1002.0,NaN
2020-11-25T19:00,19.9,6.80,181,81,0.00,1,61.0,278.8,27.0,0.00,0.00,1002.3,NaN
2020-11-25T20:00,19.4,6.00,178,84,0.00,0,0.0,0.0,0.0,0.00,0.00,1002.8,NaN
2020-11-25T21:00,19.1,5.71,176,84,0.00,0,0.0,0.0,0.0,0.00,0.00,1003.2,NaN
2020-11-25T22:00,19.0,5.51,177,84,0.00,0,0.0,0.0,0.0,0.00,0.00,1003.6,NaN
2020-11-25T23:00,18.7,5.51,177,85,0.00,0,0.0,0.0,0.0,0.00,0.00,1003.4,NaN
2020-11-26T00:00,18.6,5.23,173,85,0.00,0,0.0,0.0,0.0,0.00,0.00,1002.9,NaN
2020-11-26T01:00,18.2,4.77,170,86,0.00,0,0.0,0.0,0.0,0.00,0.00,1002.3,NaN
2020-11-26T02:00,18.0,4.39,168,87,0.00,0,0.0,0.0,0.0,0.00,0.00,1002.0,NaN
2020-11-26T03:00,17.8,4.00,167,88,0.00,0,0.0,0.0,0.0,0.00,0.00,1001.6,NaN
2020-11-26T04:00,17.6,3.98,168,88,0.00,0,0.0,0.0,0.0,0.00,0.00,1001.8,NaN
2020-11-26T05:00,17.5,3.91,167,89,0.00,0,0.0,0.0,0.0,0.00,0.00,1002.1,NaN
2020-11-26T06:00,18.2,3.96,164,86,0.00,1,24.0,122.3,13.0,0.00,0.00,1002.7,NaN
2020-11-26T07:00,19.9,5.06,171,76,0.00,1,192.0,514.3,66.0,0.00,0.00,1003.2,NaN
2020-11-26T08:00,21.1,4.90,181,71,0.00,1,424.0,721.1,97.0,0.00,0.00,1003.5,NaN
2020-11-26T09:00,22.3,5.74,187,65,0.00,1,642.0,801.4,127.0,0.00,0.00,1003.5,NaN
2020-11-26T10:00,23.1,5.94,193,62,0.00,1,823.0,831.6,158.0,0.00,0.00,1003.5,NaN
2020-11-26T11:00,23.5,6.36,196,60,0.00,1,990.0,956.4,116.0,0.00,0.00,1003.1,NaN
2020-11-26T12:00,23.5,6.90,197,60,0.00,1,1071.0,975.1,118.0,0.00,0.00,1003.0,NaN
2020-11-26T13:00,23.2,7.62,197,60,0.00,1,1082.0,974.7,121.0,0.00,0.00,1002.8,NaN
2020-11-26T14:00,22.9,8.30,195,60,0.00,1,1016.0,944.6,129.0,0.00,0.00,1002.6,NaN
2020-11-26T15:00,22.4,8.37,195,60,0.00,1,895.0,924.1,119.0,0.00,0.00,1002.5,NaN
2020-11-26T16:00,21.7,8.37,192,63,0.00,1,714.0,867.7,111.0,0.00,0.00,1002.7,NaN
2020-11-26T17:00,20.9,8.32,190,66,0.00,1,493.0,756.1,104.0,0.00,0.00,1002.9,NaN
2020-11-26T18:00,19.8,8.37,188,70,0.00,1,266.0,621.3,73.0,0.00,0.00,1003.7,NaN
2020-11-26T19:00,19.0,7.73,185,73,0.00,1,61.0,259.8,29.0,0.00,0.00,1004.3,NaN
2020-11-26T20:00,18.6,7.62,184,72,0.00,0,0.0,0.0,0.0,0.00,0.00,1005.3,NaN
2020-11-26T21:00,18.7,6.81,177,70,0.00,0,0.0,0.0,0.0,0.00,0.00,1005.6,NaN
2020-11-26T22:00,18.5,6.60,179,71,0.00,0,0.0,0.0,0.0,0.00,0.00,1005.9,NaN
2020-11-26T23:00,18.1,6.30,180,73,0.00,0,0.0,0.0,0.0,0.00,0.00,1005.6,NaN
2020-11-27T00:00,18.3,6.41,176,70,0.00,0,0.0,0.0,0.0,0.00,0.00,1005.2,NaN
2020-11-27T01:00,18.0,6.90,179,73,0.00,0,0.0,0.0,0.0,0.00,0.00,1004.5,NaN
2020-11-27T02:00,18.0,7.20,180,72,0.00,0,0.0,0.0,0.0,0.00,0.00,1004.3,NaN
2020-11-27T03:00,17.9,6.52,176,71,0.00,0,0.0,0.0,0.0,0.00,0.00,1004.5,NaN
2020-11-27T04:00,17.8,6.33,175,70,0.00,0,0.0,0.0,0.0,0.00,0.00,1004.8,NaN
2020-11-27T05:00,18.0,6.38,171,68,0.00,0,0.0,0.0,0.0,0.00,0.00,1005.2,NaN
2020-11-27T06:00,18.1,6.91,170,64,0.00,1,14.0,11.1,13.0,0.00,0.00,1006.2,NaN
2020-11-27T07:00,18.8,6.84,165,61,0.00,1,126.0,159.0,87.0,0.00,0.00,1007.0,NaN
2020-11-27T08:00,19.6,5.78,157,58,0.00,1,278.0,119.1,224.0,0.00,0.00,1007.5,NaN
2020-11-27T09:00,20.4,5.24,156,54,0.00,1,432.0,219.4,291.0,0.00,0.00,1007.6,NaN
2020-11-27T10:00,21.3,5.16,171,51,0.00,1,631.0,321.4,374.0,0.00,0.00,1007.6,NaN
2020-11-27T11:00,22.5,5.83,186,48,0.00,1,898.0,699.2,259.0,0.00,0.00,1007.5,NaN
2020-11-27T12:00,22.8,6.82,191,47,0.00,1,1043.0,896.1,167.0,0.00,0.00,1007.2,NaN
2020-11-27T13:00,22.7,7.32,194,47,0.00,1,1062.0,921.5,153.0,0.00,0.00,1006.7,NaN
2020-11-27T14:00,22.3,7.96,195,49,0.00,1,1013.0,933.1,136.0,0.00,0.00,1006.5,NaN
2020-11-27T15:00,22.1,7.91,193,47,0.00,1,905.0,948.9,107.0,0.00,0.00,1006.3,NaN
2020-11-27T16:00,21.6,8.40,192,52,0.00,1,706.0,865.7,103.0,0.00,0.00,1006.2,NaN
2020-11-27T17:00,20.5,8.55,191,58,0.00,1,476.0,675.7,127.0,0.00,0.00,1006.4,NaN
2020-11-27T18:00,19.9,8.50,189,58,0.00,1,227.0,428.2,93.0,0.00,0.00,1006.8,NaN
2020-11-27T19:00,19.1,8.56,187,63,0.00,1,57.0,217.1,30.0,0.00,0.00,1007.4,NaN
2020-11-27T20:00,18.9,7.80,181,58,0.00,0,0.0,0.0,0.0,0.00,0.00,1008.1,NaN
2020-11-27T21:00,18.8,7.10,180,58,0.00,0,0.0,0.0,0.0,0.00,0.00,1008.5,NaN
2020-11-27T22:00,18.1,7.32,176,72,0.00,0,0.0,0.0,0.0,0.00,0.00,1008.9,NaN
2020-11-27T23:00,18.2,7.44,174,67,0.00,0,0.0,0.0,0.0,0.00,0.00,1008.9,NaN
2020-11-28T00:00,17.7,6.89,167,69,0.00,0,0.0,0.0,0.0,0.00,0.00,1008.7,NaN
2020-11-28T01:00,17.5,6.79,166,70,0.00,0,0.0,0.0,0.0,0.00,0.00,1008.1,NaN
2020-11-28T02:00,17.5,6.38,166,64,0.00,0,0.0,0.0,0.0,0.00,0.00,1007.6,NaN
2020-11-28T03:00,17.2,5.95,160,65,0.00,0,0.0,0.0,0.0,0.00,0.00,1007.4,NaN
2020-11-28T04:00,16.8,5.37,156,68,0.00,0,0.0,0.0,0.0,0.00,0.00,1007.4,NaN
2020-11-28T05:00,16.4,4.88,145,72,0.00,0,0.0,0.0,0.0,0.00,0.00,1007.8,NaN
2020-11-28T06:00,16.3,5.16,136,69,0.00,1,20.0,44.3,16.0,0.00,0.00,1008.4,NaN
2020-11-28T07:00,17.2,5.88,138,57,0.00,1,128.0,159.0,89.0,0.00,0.00,1008.8,NaN
2020-11-28T08:00,18.4,7.02,144,49,0.00,1,410.0,681.4,101.0,0.00,0.00,1009.3,NaN
2020-11-28T09:00,19.9,6.93,153,39,0.00,1,645.0,807.8,126.0,0.00,0.00,1008.9,NaN
2020-11-28T10:00,21.5,6.33,159,34,0.00,1,874.0,961.9,105.0,0.00,0.00,1008.6,NaN
2020-11-28T11:00,23.2,5.82,164,30,0.00,1,1007.0,975.0,116.0,0.00,0.00,1007.8,NaN
2020-11-28T12:00,24.3,6.20,180,28,0.00,1,1088.0,989.0,121.0,0.00,0.00,1007.2,NaN
2020-11-28T13:00,22.9,8.42,193,40,0.00,1,1101.0,994.0,120.0,0.00,0.00,1006.4,NaN
2020-11-28T14:00,21.7,9.34,190,42,0.00,1,1041.0,980.1,119.0,0.00,0.00,1005.8,NaN
2020-11-28T15:00,21.6,9.03,184,43,0.00,1,914.0,951.1,113.0,0.00,0.00,1005.6,NaN
2020-11-28T16:00,21.4,9.02,184,47,0.00,1,733.0,900.9,104.0,0.00,0.00,1005.1,NaN
2020-11-28T17:00,20.5,8.71,177,51,0.00,1,502.0,754.2,111.0,0.00,0.00,1005.0,NaN
2020-11-28T18:00,19.6,8.41,177,58,0.00,1,269.0,590.0,83.0,0.00,0.00,1005.0,NaN
2020-11-28T19:00,18.6,7.71,170,66,0.00,1,65.0,254.9,33.0,0.00,0.00,1005.4,NaN
2020-11-28T20:00,18.1,6.94,165,73,0.00,0,0.0,0.0,0.0,0.00,0.00,1005.3,NaN
2020-11-28T21:00,18.0,6.46,164,75,0.00,0,0.0,0.0,0.0,0.00,0.00,1005.6,NaN
2020-11-28T22:00,17.8,6.26,163,76,0.00,0,0.0,0.0,0.0,0.00,0.00,1005.5,NaN
2020-11-28T23:00,17.5,6.11,159,77,0.00,0,0.0,0.0,0.0,0.00,0.00,1005.1,NaN
2020-11-29T00:00,16.9,5.50,153,76,0.00,0,0.0,0.0,0.0,0.00,0.00,1004.3,NaN
2020-11-29T01:00,16.1,4.30,144,74,0.00,0,0.0,0.0,0.0,0.00,0.00,1003.7,NaN
2020-11-29T02:00,15.2,3.11,135,72,0.00,0,0.0,0.0,0.0,0.00,0.00,1002.7,NaN
2020-11-29T03:00,14.4,2.92,142,72,0.00,0,0.0,0.0,0.0,0.00,0.00,1002.4,NaN
2020-11-29T04:00,14.0,2.83,138,72,0.00,0,0.0,0.0,0.0,0.00,0.00,1002.1,NaN
2020-11-29T05:00,13.6,2.41,138,72,0.00,0,0.0,0.0,0.0,0.00,0.00,1002.1,NaN
2020-11-29T06:00,14.4,2.48,140,69,0.00,1,26.0,144.1,13.0,0.00,0.00,1002.6,NaN
2020-11-29T07:00,17.1,2.92,149,54,0.00,1,204.0,582.7,61.0,0.00,0.00,1003.2,NaN
2020-11-29T08:00,20.0,3.04,163,45,0.00,1,439.0,780.9,85.0,0.00,0.00,1002.8,NaN
2020-11-29T09:00,22.4,3.96,190,41,0.00,1,665.0,879.7,100.0,0.00,0.00,1002.7,NaN
2020-11-29T10:00,23.5,4.92,193,46,0.00,1,857.0,935.8,109.0,0.00,0.00,1002.5,NaN
2020-11-29T11:00,23.7,6.51,198,51,0.00,1,998.0,966.3,115.0,0.00,0.00,1002.5,NaN
2020-11-29T12:00,23.9,7.21,197,52,0.00,1,1075.0,976.5,120.0,0.00,0.00,1002.3,NaN
2020-11-29T13:00,23.3,8.70,199,61,0.00,1,1087.0,979.3,120.0,0.00,0.00,1002.1,NaN
2020-11-29T14:00,22.8,9.55,198,63,0.00,1,1003.0,909.2,147.0,0.00,0.00,1002.0,NaN
2020-11-29T15:00,22.2,9.26,194,62,0.00,1,826.0,783.8,165.0,0.00,0.00,1001.5,NaN
2020-11-29T16:00,21.6,8.37,192,62,0.00,1,683.0,778.9,138.0,0.00,0.00,1001.5,NaN
2020-11-29T17:00,20.6,7.81,193,66,0.00,1,491.0,739.8,106.0,0.00,0.00,1001.7,NaN
2020-11-29T18:00,19.7,7.06,196,69,0.00,1,262.0,579.5,78.0,0.00,0.00,1002.2,NaN
2020-11-29T19:00,18.6,6.62,195,73,0.00,1,68.0,299.9,30.0,0.00,0.00,1002.7,NaN
2020-11-29T20:00,18.3,6.86,199,67,0.00,0,0.0,0.0,0.0,0.00,0.00,1003.8,NaN
2020-11-29T21:00,18.4,6.80,197,64,0.00,0,0.0,0.0,0.0,0.00,0.00,1004.2,NaN
2020-11-29T22:00,18.3,6.90,197,62,0.00,0,0.0,0.0,0.0,0.00,0.00,1004.6,NaN
2020-11-29T23:00,18.3,6.77,196,63,0.00,0,0.0,0.0,0.0,0.00,0.00,1004.5,NaN
2020-11-30T00:00,17.8,7.87,207,65,0.00,0,0.0,0.0,0.0,0.00,0.00,1004.5,NaN
2020-11-30T01:00,18.0,6.35,206,59,0.00,0,0.0,0.0,0.0,0.00,0.00,1004.3,NaN
2020-11-30T02:00,18.1,6.57,206,59,0.00,0,0.0,0.0,0.0,0.00,0.00,1003.9,NaN
2020-11-30T03:00,18.4,6.98,209,58,0.00,0,0.0,0.0,0.0,0.00,0.00,1004.0,NaN
2020-11-30T04:00,18.4,6.80,213,60,0.00,0,0.0,0.0,0.0,0.00,0.00,1004.3,NaN
2020-11-30T05:00,18.3,7.13,214,67,0.00,0,0.0,0.0,0.0,0.00,0.00,1004.9,NaN
2020-11-30T06:00,18.3,6.58,216,67,0.00,1,20.0,88.6,12.0,0.00,0.00,1005.6,NaN
2020-11-30T07:00,19.4,7.43,213,59,0.00,1,192.0,521.7,64.0,0.00,0.00,1006.4,NaN
2020-11-30T08:00,20.4,7.68,215,54,0.10,1,289.0,297.9,154.0,0.10,0.00,1007.0,NaN
2020-11-30T09:00,19.6,8.27,207,65,0.00,1,465.0,406.6,204.0,0.00,0.00,1007.8,NaN
2020-11-30T10:00,20.4,8.64,200,54,0.10,1,507.0,446.8,150.0,0.10,0.00,1008.3,NaN
2020-11-30T11:00,20.3,9.39,199,52,0.00,1,649.0,363.4,317.0,0.00,0.00,1008.6,NaN
2020-11-30T12:00,19.8,9.30,197,49,0.00,1,645.0,236.2,414.0,0.00,0.00,1008.7,NaN
2020-11-30T13:00,20.7,9.28,191,42,0.00,1,1040.0,870.6,180.0,0.00,0.00,1008.5,NaN
2020-11-30T14:00,20.9,9.60,188,41,0.00,1,988.0,851.1,186.0,0.00,0.00,1008.0,NaN
2020-11-30T15:00,20.5,9.63,185,41,0.00,1,911.0,923.5,131.0,0.00,0.00,1007.6,NaN
2020-11-30T16:00,19.5,9.80,181,47,0.00,1,733.0,878.3,117.0,0.00,0.00,1007.5,NaN
2020-11-30T17:00,18.8,9.61,178,48,0.00,1,507.0,756.2,112.0,0.00,0.00,1007.7,NaN
2020-11-30T18:00,17.9,9.09,172,50,0.00,1,270.0,578.5,85.0,0.00,0.00,1008.4,NaN
2020-11-30T19:00,16.9,8.18,168,54,0.00,1,69.0,289.3,32.0,0.00,0.00,1009.4,NaN
2020-11-30T20:00,16.0,7.57,165,56,0.00,0,0.0,0.0,0.0,0.00,0.00,1010.2,NaN
2020-11-30T21:00,15.8,7.53,163,56,0.00,0,0.0,0.0,0.0,0.00,0.00,1010.9,NaN
2020-11-30T22:00,15.5,7.30,157,54,0.00,0,0.0,0.0,0.0,0.00,0.00,1011.5,NaN
2020-11-30T23:00,15.0,6.96,148,50,0.00,0,0.0,0.0,0.0,0.00,0.00,1011.8,NaN
2020-12-01T00:00,14.3,6.94,144,49,0.00,0,0.0,0.0,0.0,0.00,0.00,1011.8,NaN
2020-12-01T01:00,13.8,6.52,139,50,0.00,0,0.0,0.0,0.0,0.00,0.00,1011.7,NaN
2020-12-01T02:00,13.5,5.94,135,52,0.00,0,0.0,0.0,0.0,0.00,0.00,1011.6,NaN
2020-12-01T03:00,13.1,5.73,133,53,0.00,0,0.0,0.0,0.0,0.00,0.00,1011.8,NaN
2020-12-01T04:00,12.7,5.33,130,54,0.00,0,0.0,0.0,0.0,0.00,0.00,1012.3,NaN
2020-12-01T05:00,12.3,5.02,133,56,0.00,0,0.0,0.0,0.0,0.00,0.00,1012.8,NaN
2020-12-01T06:00,12.7,5.23,135,55,0.00,1,27.0,144.1,14.0,0.00,0.00,1013.4,NaN
2020-12-01T07:00,14.4,5.73,133,46,0.00,1,208.0,595.4,62.0,0.00,0.00,1013.7,NaN
2020-12-01T08:00,16.9,6.18,129,41,0.00,1,447.0,797.3,86.0,0.00,0.00,1013.7,NaN
2020-12-01T09:00,19.2,5.85,123,33,0.00,1,676.0,894.6,102.0,0.00,0.00,1013.5,NaN
2020-12-01T10:00,21.6,5.20,120,26,0.00,1,872.0,952.7,111.0,0.00,0.00,1013.0,NaN
2020-12-01T11:00,23.7,4.69,124,21,0.00,1,1019.0,987.4,117.0,0.00,0.00,1012.2,NaN
2020-12-01T12:00,25.5,4.24,133,17,0.00,1,1103.0,1003.9,121.0,0.00,0.00,1010.9,NaN
2020-12-01T13:00,26.6,4.27,159,15,0.00,1,1117.0,1007.8,121.0,0.00,0.00,1009.6,NaN
2020-12-01T14:00,25.9,6.53,185,22,0.00,1,1061.0,999.9,118.0,0.00,0.00,1008.6,NaN
2020-12-01T15:00,24.4,7.98,188,36,0.00,1,935.0,971.9,113.0,0.00,0.00,1007.9,NaN
2020-12-01T16:00,21.9,9.86,186,48,0.00,1,750.0,919.0,104.0,0.00,0.00,1007.5,NaN
2020-12-01T17:00,20.9,9.60,179,49,0.00,1,526.0,829.6,91.0,0.00,0.00,1007.5,NaN
2020-12-01T18:00,20.5,8.75,174,55,0.00,1,286.0,664.4,72.0,0.00,0.00,1007.7,NaN
2020-12-01T19:00,18.9,8.70,171,61,0.00,1,75.0,340.9,31.0,0.00,0.00,1008.5,NaN
2020-12-01T20:00,18.3,7.69,164,67,0.00,0,0.0,0.0,0.0,0.00,0.00,1009.2,NaN
2020-12-01T21:00,18.2,7.09,164,71,0.00,0,0.0,0.0,0.0,0.00,0.00,1009.5,NaN
2020-12-01T22:00,18.1,6.93,162,73,0.00,0,0.0,0.0,0.0,0.00,0.00,1009.8,NaN
2020-12-01T23:00,17.8,6.56,159,74,0.00,0,0.0,0.0,0.0,0.00,0.00,1009.6,NaN
2020-12-02T00:00,17.1,5.59,151,73,0.00,0,0.0,0.0,0.0,0.00,0.00,1009.0,NaN
2020-12-02T01:00,16.2,4.32,138,67,0.00,0,0.0,0.0,0.0,0.00,0.00,1008.3,NaN
2020-12-02T02:00,15.6,3.54,133,55,0.00,0,0.0,0.0,0.0,0.00,0.00,1007.8,NaN
2020-12-02T03:00,15.5,3.20,141,45,0.00,0,0.0,0.0,0.0,0.00,0.00,1007.7,NaN
2020-12-02T04:00,15.2,3.20,141,40,0.00,0,0.0,0.0,0.0,0.00,0.00,1007.6,NaN
2020-12-02T05:00,14.8,3.04,136,35,0.00,0,0.0,0.0,0.0,0.00,0.00,1007.7,NaN
2020-12-02T06:00,15.7,3.16,125,29,0.00,1,27.0,144.3,14.0,0.00,0.00,1007.7,NaN
2020-12-02T07:00,19.1,3.12,130,22,0.00,1,207.0,596.1,61.0,0.00,0.00,1007.8,NaN
2020-12-02T08:00,22.9,2.36,144,23,0.00,1,446.0,798.0,85.0,0.00,0.00,1007.4,NaN
2020-12-02T09:00,25.7,3.11,174,21,0.00,1,675.0,895.2,101.0,0.00,0.00,1007.5,NaN
2020-12-02T10:00,26.9,5.04,194,26,0.00,1,870.0,951.9,110.0,0.00,0.00,1007.0,NaN
2020-12-02T11:00,25.6,7.60,196,39,0.00,1,1014.0,983.2,116.0,0.00,0.00,1006.8,NaN
2020-12-02T12:00,25.8,7.77,192,36,0.00,1,1091.0,993.6,119.0,0.00,0.00,1006.4,NaN
2020-12-02T13:00,26.1,7.75,191,35,0.00,1,1102.0,993.3,120.0,0.00,0.00,1005.8,NaN
2020-12-02T14:00,26.0,7.99,189,39,0.00,1,1047.0,984.2,118.0,0.00,0.00,1005.6,NaN
2020-12-02T15:00,25.6,8.42,184,41,0.00,1,922.0,957.5,111.0,0.00,0.00,1005.2,NaN
2020-12-02T16:00,25.0,8.20,180,45,0.00,1,744.0,908.4,104.0,0.00,0.00,1004.7,NaN
2020-12-02T17:00,23.5,8.20,179,55,0.00,1,526.0,824.6,92.0,0.00,0.00,1004.6,NaN
2020-12-02T18:00,22.1,8.03,175,62,0.00,1,289.0,668.9,72.0,0.00,0.00,1005.0,NaN
2020-12-02T19:00,20.4,7.48,172,73,0.00,1,76.0,345.5,31.0,0.00,0.00,1005.5,NaN
2020-12-02T20:00,19.6,7.83,166,73,0.00,0,0.0,0.0,0.0,0.00,0.00,1005.9,NaN
2020-12-02T21:00,19.2,7.57,165,76,0.00,0,0.0,0.0,0.0,0.00,0.00,1005.9,NaN
2020-12-02T22:00,18.9,6.86,161,77,0.00,0,0.0,0.0,0.0,0.00,0.00,1006.0,NaN
2020-12-02T23:00,18.6,6.39,160,73,0.00,0,0.0,0.0,0.0,0.00,0.00,1005.9,NaN
2020-12-03T00:00,18.2,6.02,159,72,0.00,0,0.0,0.0,0.0,0.00,0.00,1005.5,NaN
2020-12-03T01:00,17.6,5.28,155,71,0.00,0,0.0,0.0,0.0,0.00,0.00,1005.1,NaN
2020-12-03T02:00,17.1,4.57,151,70,0.00,0,0.0,0.0,0.0,0.00,0.00,1004.9,NaN
2020-12-03T03:00,16.5,4.47,153,71,0.00,0,0.0,0.0,0.0,0.00,0.00,1004.7,NaN
2020-12-03T04:00,16.1,4.25,150,72,0.00,0,0.0,0.0,0.0,0.00,0.00,1004.5,NaN
2020-12-03T05:00,15.6,3.69,147,73,0.00,0,0.0,0.0,0.0,0.00,0.00,1004.5,NaN
2020-12-03T06:00,16.0,3.86,149,70,0.00,1,26.0,133.4,14.0,0.00,0.00,1004.5,NaN
2020-12-03T07:00,18.3,4.11,154,57,0.00,1,201.0,576.5,60.0,0.00,0.00,1004.5,NaN
2020-12-03T08:00,20.5,4.40,159,52,0.00,1,435.0,774.5,85.0,0.00,0.00,1004.3,NaN
2020-12-03T09:00,23.3,4.23,173,45,0.00,1,661.0,877.2,99.0,0.00,0.00,1004.3,NaN
2020-12-03T10:00,24.9,4.77,190,46,0.00,1,855.0,933.6,110.0,0.00,0.00,1004.1,NaN
2020-12-03T11:00,25.0,5.92,196,52,0.00,1,996.0,963.7,116.0,0.00,0.00,1004.0,NaN
2020-12-03T12:00,25.0,6.53,195,53,0.00,1,1074.0,975.2,120.0,0.00,0.00,1003.7,NaN
2020-12-03T13:00,25.2,6.62,195,51,0.00,1,1085.0,975.7,120.0,0.00,0.00,1003.3,NaN
2020-12-03T14:00,25.0,6.72,195,52,0.00,1,1032.0,968.6,117.0,0.00,0.00,1003.0,NaN
2020-12-03T15:00,24.3,6.94,195,58,0.00,1,914.0,944.4,113.0,0.00,0.00,1002.9,NaN
2020-12-03T16:00,23.4,7.11,194,64,0.00,1,738.0,897.8,104.0,0.00,0.00,1002.7,NaN
2020-12-03T17:00,22.3,7.16,192,71,0.00,1,522.0,813.9,92.0,0.00,0.00,1002.9,NaN
2020-12-03T18:00,21.0,6.73,191,78,0.00,1,288.0,658.1,73.0,0.00,0.00,1003.6,NaN
2020-12-03T19:00,19.8,6.56,188,84,0.00,1,78.0,342.4,33.0,0.00,0.00,1004.2,NaN
2020-12-03T20:00,19.2,6.55,187,87,0.00,0,0.0,0.0,0.0,0.00,0.00,1004.6,NaN
2020-12-03T21:00,19.0,6.55,187,86,0.00,0,0.0,0.0,0.0,0.00,0.00,1005.1,NaN
2020-12-03T22:00,18.8,6.45,187,85,0.00,0,0.0,0.0,0.0,0.00,0.00,1005.7,NaN
2020-12-03T23:00,18.6,6.31,184,83,0.00,0,0.0,0.0,0.0,0.00,0.00,1006.0,NaN
2020-12-04T00:00,18.3,5.80,182,84,0.00,0,0.0,0.0,0.0,0.00,0.00,1005.8,NaN
2020-12-04T01:00,18.1,5.70,182,84,0.00,0,0.0,0.0,0.0,0.00,0.00,1005.6,NaN
2020-12-04T02:00,18.2,6.10,179,82,0.00,0,0.0,0.0,0.0,0.00,0.00,1005.4,NaN
2020-12-04T03:00,18.3,6.51,176,78,0.00,0,0.0,0.0,0.0,0.00,0.00,1005.6,NaN
2020-12-04T04:00,18.4,6.53,175,74,0.00,0,0.0,0.0,0.0,0.00,0.00,1005.8,NaN
2020-12-04T05:00,18.3,6.40,179,73,0.00,0,0.0,0.0,0.0,0.00,0.00,1006.4,NaN
2020-12-04T06:00,18.8,7.60,180,69,0.00,1,16.0,22.3,14.0,0.00,0.00,1007.1,NaN
2020-12-04T07:00,19.0,7.62,176,66,0.00,1,128.0,110.6,101.0,0.00,0.00,1007.8,NaN
2020-12-04T08:00,20.5,6.53,175,62,0.00,1,339.0,330.1,190.0,0.00,0.00,1008.0,NaN
2020-12-04T09:00,21.6,6.41,183,56,0.00,1,528.0,396.8,274.0,0.00,0.00,1008.2,NaN
2020-12-04T10:00,22.1,6.66,188,53,0.00,1,760.0,583.1,295.0,0.00,0.00,1008.2,NaN
2020-12-04T11:00,22.6,6.79,189,51,0.00,1,968.0,857.8,185.0,0.00,0.00,1008.0,NaN
2020-12-04T12:00,22.9,6.87,193,50,0.00,1,1059.0,906.7,172.0,0.00,0.00,1007.7,NaN
2020-12-04T13:00,23.0,7.59,193,51,0.00,1,1081.0,939.9,151.0,0.00,0.00,1007.3,NaN
2020-12-04T14:00,22.8,8.18,192,52,0.00,1,1022.0,911.7,160.0,0.00,0.00,1007.1,NaN
2020-12-04T15:00,22.3,8.26,191,54,0.00,1,900.0,875.9,156.0,0.00,0.00,1006.8,NaN
2020-12-04T16:00,21.9,8.36,187,53,0.00,1,734.0,863.2,123.0,0.00,0.00,1006.5,NaN
2020-12-04T17:00,21.4,8.63,185,56,0.00,1,528.0,820.3,93.0,0.00,0.00,1006.6,NaN
2020-12-04T18:00,20.5,8.21,183,60,0.00,1,293.0,665.6,74.0,0.00,0.00,1007.1,NaN
2020-12-04T19:00,19.5,7.10,178,65,0.00,1,77.0,316.7,35.0,0.00,0.00,1007.7,NaN
2020-12-04T20:00,18.7,6.68,171,66,0.00,0,0.0,0.0,0.0,0.00,0.00,1008.7,NaN
2020-12-04T21:00,18.7,6.41,169,66,0.00,0,0.0,0.0,0.0,0.00,0.00,1008.7,NaN
2020-12-04T22:00,18.6,6.81,170,70,0.00,0,0.0,0.0,0.0,0.00,0.00,1009.0,NaN
2020-12-04T23:00,18.4,6.94,165,69,0.00,0,0.0,0.0,0.0,0.00,0.00,1009.1,NaN
2020-12-05T00:00,18.1,6.53,165,73,0.00,0,0.0,0.0,0.0,0.00,0.00,1009.2,NaN
2020-12-05T01:00,17.7,5.95,160,69,0.00,0,0.0,0.0,0.0,0.00,0.00,1009.2,NaN
2020-12-05T02:00,17.2,5.33,150,70,0.00,0,0.0,0.0,0.0,0.00,0.00,1009.1,NaN
2020-12-05T03:00,16.7,5.19,140,70,0.00,0,0.0,0.0,0.0,0.00,0.00,1009.1,NaN
2020-12-05T04:00,16.4,5.25,140,71,0.00,0,0.0,0.0,0.0,0.00,0.00,1009.6,NaN
2020-12-05T05:00,15.9,5.38,133,70,0.00,0,0.0,0.0,0.0,0.00,0.00,1010.0,NaN
2020-12-05T06:00,16.2,5.87,136,66,0.00,1,25.0,122.9,14.0,0.00,0.00,1010.4,NaN
2020-12-05T07:00,18.0,6.53,140,59,0.00,1,195.0,521.4,68.0,0.00,0.00,1010.7,NaN
2020-12-05T08:00,19.3,7.31,150,51,0.00,1,411.0,676.8,106.0,0.00,0.00,1011.0,NaN
2020-12-05T09:00,21.0,6.54,157,45,0.00,1,660.0,863.3,108.0,0.00,0.00,1010.7,NaN
2020-12-05T10:00,22.7,6.14,164,40,0.00,1,864.0,949.9,107.0,0.00,0.00,1010.2,NaN
2020-12-05T11:00,24.0,6.63,175,36,0.00,1,1006.0,974.3,117.0,0.00,0.00,1009.5,NaN
2020-12-05T12:00,23.8,8.13,185,40,0.00,1,1091.0,991.6,121.0,0.00,0.00,1008.9,NaN
2020-12-05T13:00,23.5,8.87,187,46,0.00,1,1105.0,994.2,121.0,0.00,0.00,1008.3,NaN
2020-12-05T14:00,23.1,9.13,184,48,0.00,1,1049.0,982.8,119.0,0.00,0.00,1007.9,NaN
2020-12-05T15:00,22.8,9.31,182,52,0.00,1,923.0,951.1,114.0,0.00,0.00,1007.5,NaN
2020-12-05T16:00,21.8,9.80,181,56,0.00,1,747.0,903.5,106.0,0.00,0.00,1007.4,NaN
2020-12-05T17:00,21.2,9.41,177,58,0.00,1,530.0,820.9,93.0,0.00,0.00,1007.3,NaN
2020-12-05T18:00,19.9,9.08,172,63,0.00,1,296.0,670.0,74.0,0.00,0.00,1007.3,NaN
2020-12-05T19:00,18.9,7.92,170,69,0.00,1,82.0,358.7,34.0,0.00,0.00,1007.8,NaN
2020-12-05T20:00,18.2,7.54,165,73,0.00,0,0.0,0.0,0.0,0.00,0.00,1008.1,NaN
2020-12-05T21:00,18.1,7.57,165,75,0.00,0,0.0,0.0,0.0,0.00,0.00,1008.5,NaN
2020-12-05T22:00,17.9,7.43,163,77,0.00,0,0.0,0.0,0.0,0.00,0.00,1008.5,NaN
2020-12-05T23:00,17.5,7.34,160,78,0.00,0,0.0,0.0,0.0,0.00,0.00,1008.2,NaN
2020-12-06T00:00,16.9,6.66,154,77,0.00,0,0.0,0.0,0.0,0.00,0.00,1007.6,NaN
2020-12-06T01:00,16.2,5.92,150,74,0.00,0,0.0,0.0,0.0,0.00,0.00,1007.3,NaN
2020-12-06T02:00,15.6,5.16,144,74,0.00,0,0.0,0.0,0.0,0.00,0.00,1007.3,NaN
2020-12-06T03:00,15.2,4.94,144,76,0.00,0,0.0,0.0,0.0,0.00,0.00,1007.4,NaN
2020-12-06T04:00,14.8,4.96,146,79,0.00,0,0.0,0.0,0.0,0.00,0.00,1007.4,NaN
2020-12-06T05:00,14.5,4.88,145,80,0.00,0,0.0,0.0,0.0,0.00,0.00,1007.7,NaN
2020-12-06T06:00,15.0,4.78,143,78,0.00,1,26.0,134.6,14.0,0.00,0.00,1008.0,NaN
2020-12-06T07:00,17.1,4.88,145,66,0.00,1,201.0,576.3,61.0,0.00,0.00,1008.5,NaN
2020-12-06T08:00,19.9,4.96,146,55,0.00,1,435.0,777.9,85.0,0.00,0.00,1008.6,NaN
2020-12-06T09:00,23.6,4.65,152,40,0.00,1,665.0,886.2,99.0,0.00,0.00,1008.4,NaN
2020-12-06T10:00,26.5,5.02,167,30,0.00,1,861.0,941.9,111.0,0.00,0.00,1007.9,NaN
2020-12-06T11:00,26.8,6.76,188,36,0.00,1,1008.0,976.9,117.0,0.00,0.00,1007.5,NaN
2020-12-06T12:00,25.8,8.04,191,49,0.00,1,1091.0,992.6,120.0,0.00,0.00,1006.9,NaN
2020-12-06T13:00,26.0,9.09,188,43,0.00,1,1104.0,993.8,120.0,0.00,0.00,1006.3,NaN
2020-12-06T14:00,25.8,9.31,182,42,0.00,1,1045.0,978.9,118.0,0.00,0.00,1005.9,NaN
2020-12-06T15:00,25.6,9.60,179,47,0.00,1,926.0,954.4,113.0,0.00,0.00,1005.6,NaN
2020-12-06T16:00,24.1,9.90,178,55,0.00,1,752.0,909.9,105.0,0.00,0.00,1005.2,NaN
2020-12-06T17:00,22.9,9.56,173,57,0.00,1,534.0,825.3,93.0,0.00,0.00,1005.2,NaN
2020-12-06T18:00,21.7,9.07,173,62,0.00,1,299.0,674.4,74.0,0.00,0.00,1005.4,NaN
2020-12-06T19:00,20.3,8.47,168,68,0.00,1,85.0,370.4,35.0,0.00,0.00,1005.6,NaN
2020-12-06T20:00,19.4,7.64,166,74,0.00,0,0.0,0.0,0.0,0.00,0.00,1006.0,NaN
2020-12-06T21:00,19.1,7.24,162,77,0.00,0,0.0,0.0,0.0,0.00,0.00,1006.3,NaN
2020-12-06T22:00,18.9,6.69,158,79,0.00,0,0.0,0.0,0.0,0.00,0.00,1006.6,NaN
2020-12-06T23:00,18.6,5.95,155,78,0.00,0,0.0,0.0,0.0,0.00,0.00,1006.2,NaN
2020-12-07T00:00,18.3,5.15,151,74,0.00,0,0.0,0.0,0.0,0.00,0.00,1005.6,NaN
2020-12-07T01:00,18.2,4.33,146,68,0.00,0,0.0,0.0,0.0,0.00,0.00,1005.3,NaN
2020-12-07T02:00,18.3,4.02,145,58,0.00,0,0.0,0.0,0.0,0.00,0.00,1004.8,NaN
2020-12-07T03:00,18.7,3.69,139,44,0.00,0,0.0,0.0,0.0,0.00,0.00,1004.7,NaN
2020-12-07T04:00,19.1,3.61,136,32,0.00,0,0.0,0.0,0.0,0.00,0.00,1004.7,NaN
2020-12-07T05:00,19.3,3.62,129,28,0.00,0,0.0,0.0,0.0,0.00,0.00,1005.0,NaN
2020-12-07T06:00,20.5,4.14,127,27,0.00,1,26.0,135.1,14.0,0.00,0.00,1005.3,NaN
2020-12-07T07:00,23.8,4.72,126,23,0.00,1,201.0,582.1,60.0,0.00,0.00,1005.6,NaN
2020-12-07T08:00,27.3,6.32,108,20,0.00,1,436.0,779.3,86.0,0.00,0.00,1005.4,NaN
2020-12-07T09:00,31.0,6.64,96,16,0.00,1,663.0,882.6,100.0,0.00,0.00,1005.0,NaN
2020-12-07T10:00,34.0,6.51,93,14,0.00,1,860.0,942.6,110.0,0.00,0.00,1004.2,NaN
2020-12-07T11:00,36.1,6.01,93,12,0.00,1,1005.0,975.1,116.0,0.00,0.00,1003.5,NaN
2020-12-07T12:00,37.1,4.79,101,12,0.00,1,1088.0,989.6,120.0,0.00,0.00,1002.8,NaN
2020-12-07T13:00,37.3,3.32,134,11,0.00,1,1103.0,991.5,121.0,0.00,0.00,1001.8,NaN
2020-12-07T14:00,35.1,6.40,182,22,0.00,1,1047.0,980.2,118.0,0.00,0.00,1001.2,NaN
2020-12-07T15:00,33.5,8.12,184,30,0.00,1,924.0,951.9,112.0,0.00,0.00,1000.6,NaN
2020-12-07T16:00,31.6,9.90,180,31,0.00,1,747.0,902.2,104.0,0.00,0.00,1000.1,NaN
2020-12-07T17:00,29.9,9.58,173,30,0.00,1,532.0,820.4,92.0,0.00,0.00,1000.0,NaN
2020-12-07T18:00,28.5,8.39,165,36,0.00,1,298.0,669.8,73.0,0.00,0.00,999.9,NaN
2020-12-07T19:00,26.6,8.10,164,45,0.00,1,86.0,374.6,35.0,0.00,0.00,1000.2,NaN
2020-12-07T20:00,25.2,6.95,157,48,0.00,0,0.0,0.0,0.0,0.00,0.00,1000.9,NaN
2020-12-07T21:00,24.6,5.68,152,50,0.00,0,0.0,0.0,0.0,0.00,0.00,1001.2,NaN
2020-12-07T22:00,24.3,3.78,143,47,0.00,0,0.0,0.0,0.0,0.00,0.00,1001.4,NaN
2020-12-07T23:00,25.1,3.41,122,34,0.00,0,0.0,0.0,0.0,0.00,0.00,1000.9,NaN
2020-12-08T00:00,27.2,3.73,98,17,0.00,0,0.0,0.0,0.0,0.00,0.00,1000.3,NaN
2020-12-08T01:00,28.1,4.81,86,16,0.00,0,0.0,0.0,0.0,0.00,0.00,999.8,NaN
2020-12-08T02:00,29.3,7.18,77,16,0.00,0,0.0,0.0,0.0,0.00,0.00,999.6,NaN
2020-12-08T03:00,29.6,8.51,72,17,0.00,0,0.0,0.0,0.0,0.00,0.00,999.2,NaN
2020-12-08T04:00,29.5,8.35,71,17,0.00,0,0.0,0.0,0.0,0.00,0.00,999.0,NaN
2020-12-08T05:00,29.4,9.35,65,17,0.00,0,0.0,0.0,0.0,0.00,0.00,998.9,NaN
2020-12-08T06:00,29.6,9.00,60,17,0.00,1,24.0,124.4,13.0,0.00,0.00,999.3,NaN
2020-12-08T07:00,31.3,6.37,48,18,0.00,1,192.0,550.9,59.0,0.00,0.00,1000.1,NaN
2020-12-08T08:00,31.0,1.50,90,23,0.00,1,399.0,687.2,91.0,0.00,0.00,1000.5,NaN
2020-12-08T09:00,34.0,4.02,333,19,0.00,1,594.0,730.0,129.0,0.00,0.00,1000.1,NaN
2020-12-08T10:00,33.5,4.49,291,23,0.00,1,766.0,754.8,166.0,0.00,0.00,999.9,NaN
2020-12-08T11:00,30.6,5.15,262,34,0.00,1,899.0,798.9,171.0,0.00,0.00,999.7,NaN
2020-12-08T12:00,31.5,6.08,279,39,0.00,1,1015.0,888.5,146.0,0.00,0.00,999.2,NaN
2020-12-08T13:00,30.9,7.97,288,41,0.00,1,1063.0,936.7,135.0,0.00,0.00,999.0,NaN
2020-12-08T14:00,30.3,7.50,286,41,0.00,1,995.0,920.4,122.0,0.00,0.00,999.0,NaN
2020-12-08T15:00,28.4,7.30,279,45,0.00,1,842.0,808.9,151.0,0.00,0.00,998.8,NaN
2020-12-08T16:00,27.1,6.51,274,51,0.00,1,656.0,669.2,178.0,0.00,0.00,998.6,NaN
2020-12-08T17:00,25.7,5.12,266,60,0.00,1,525.0,804.4,92.0,0.00,0.00,999.0,NaN
2020-12-08T18:00,24.1,3.18,246,70,0.00,1,295.0,656.4,73.0,0.00,0.00,999.7,NaN
2020-12-08T19:00,22.7,2.20,240,79,0.00,1,85.0,364.1,35.0,0.00,0.00,1000.3,NaN
2020-12-08T20:00,21.5,0.63,288,82,0.00,0,0.0,0.0,0.0,0.00,0.00,1000.8,NaN
2020-12-08T21:00,21.1,1.44,304,85,0.00,0,0.0,0.0,0.0,0.00,0.00,1001.1,NaN
2020-12-08T22:00,20.1,1.26,288,92,0.00,0,0.0,0.0,0.0,0.00,0.00,1001.3,NaN
2020-12-08T23:00,20.0,2.28,255,94,0.00,0,0.0,0.0,0.0,0.00,0.00,1001.0,NaN
2020-12-09T00:00,19.6,1.70,220,94,0.00,0,0.0,0.0,0.0,0.00,0.00,1000.9,NaN
2020-12-09T01:00,19.3,1.94,192,93,0.00,0,0.0,0.0,0.0,0.00,0.00,1000.6,NaN
2020-12-09T02:00,19.2,2.82,197,93,0.00,0,0.0,0.0,0.0,0.00,0.00,1000.3,NaN
2020-12-09T03:00,19.1,3.01,184,93,0.00,0,0.0,0.0,0.0,0.00,0.00,1000.1,NaN
2020-12-09T04:00,19.1,2.82,174,93,0.00,0,0.0,0.0,0.0,0.00,0.00,999.9,NaN
2020-12-09T05:00,18.9,3.21,176,94,0.00,0,0.0,0.0,0.0,0.00,0.00,999.9,NaN
2020-12-09T06:00,19.6,4.20,179,90,0.00,1,20.0,79.5,13.0,0.00,0.00,1000.1,NaN
2020-12-09T07:00,21.0,5.51,183,80,0.00,1,164.0,386.6,71.0,0.00,0.00,1000.4,NaN
2020-12-09T08:00,21.6,6.40,194,81,0.00,1,370.0,529.9,133.0,0.00,0.00,1000.4,NaN
2020-12-09T09:00,22.8,6.55,192,73,0.00,1,513.0,479.5,208.0,0.00,0.00,1000.7,NaN
2020-12-09T10:00,23.4,6.63,191,69,0.00,1,678.0,538.9,250.0,0.00,0.00,1000.5,NaN
2020-12-09T11:00,24.6,5.72,185,62,0.00,1,861.0,613.8,302.0,0.00,0.00,1000.9,NaN
2020-12-09T12:00,25.5,5.91,199,60,0.00,1,901.0,632.0,283.0,0.00,0.00,999.9,NaN
2020-12-09T13:00,24.7,7.13,202,64,0.00,1,1000.0,834.5,173.0,0.00,0.00,999.2,NaN
2020-12-09T14:00,24.2,6.77,199,64,0.00,1,1011.0,934.4,124.0,0.00,0.00,998.8,NaN
2020-12-09T15:00,23.7,6.58,197,65,0.00,1,905.0,932.9,107.0,0.00,0.00,998.4,NaN
2020-12-09T16:00,23.1,6.72,195,67,0.00,1,734.0,880.0,104.0,0.00,0.00,998.0,NaN
2020-12-09T17:00,21.9,7.18,193,72,0.00,1,522.0,792.2,94.0,0.00,0.00,997.6,NaN
2020-12-09T18:00,20.9,6.89,189,76,0.00,1,293.0,634.5,77.0,0.00,0.00,997.7,NaN
2020-12-09T19:00,20.1,6.44,186,81,0.00,1,85.0,353.9,36.0,0.00,0.00,998.0,NaN
2020-12-09T20:00,19.5,6.80,182,82,0.00,0,1.0,0.0,1.0,0.00,0.00,998.1,NaN
2020-12-09T21:00,19.6,6.11,177,82,0.00,0,0.0,0.0,0.0,0.00,0.00,998.3,NaN
2020-12-09T22:00,19.5,5.20,169,83,0.00,0,0.0,0.0,0.0,0.00,0.00,998.1,NaN
2020-12-09T23:00,19.5,4.34,165,84,0.00,0,0.0,0.0,0.0,0.00,0.00,997.6,NaN
2020-12-10T00:00,19.4,3.93,173,86,0.00,0,0.0,0.0,0.0,0.00,0.00,996.9,NaN
2020-12-10T01:00,19.3,3.45,170,88,0.00,0,0.0,0.0,0.0,0.00,0.00,996.5,NaN
2020-12-10T02:00,19.1,2.51,157,89,0.00,0,0.0,0.0,0.0,0.00,0.00,996.3,NaN
2020-12-10T03:00,18.8,1.93,159,92,0.00,0,0.0,0.0,0.0,0.00,0.00,996.1,NaN
2020-12-10T04:00,19.1,2.40,92,90,0.00,0,0.0,0.0,0.0,0.00,0.00,997.4,NaN
2020-12-10T05:00,19.0,1.62,202,90,0.00,0,0.0,0.0,0.0,0.00,0.00,996.8,NaN
2020-12-10T06:00,19.5,2.15,202,89,0.00,1,22.0,91.4,14.0,0.00,0.00,997.1,NaN
2020-12-10T07:00,21.1,3.00,182,82,0.00,1,163.0,363.1,76.0,0.00,0.00,997.3,NaN
2020-12-10T08:00,23.5,0.80,360,69,0.00,1,271.0,244.3,162.0,0.00,0.00,997.2,NaN
2020-12-10T09:00,25.3,1.96,255,64,0.00,1,590.0,733.7,124.0,0.00,0.00,997.3,NaN
2020-12-10T10:00,27.3,2.21,265,59,0.00,1,758.0,777.6,141.0,0.00,0.00,996.9,NaN
2020-12-10T11:00,27.1,2.60,254,61,0.00,1,503.0,269.1,258.0,0.00,0.00,997.1,NaN
2020-12-10T12:00,26.8,1.26,252,64,0.00,1,591.0,278.2,319.0,0.00,0.00,997.1,NaN
2020-12-10T13:00,28.5,2.56,211,57,0.00,1,598.0,313.7,287.0,0.00,0.00,996.2,NaN
2020-12-10T14:00,29.7,0.78,320,52,0.00,1,870.0,676.9,227.0,0.00,0.00,997.0,NaN
2020-12-10T15:00,26.5,2.40,253,65,0.00,1,432.0,182.1,276.0,0.00,0.00,997.2,NaN
2020-12-10T16:00,26.9,2.15,208,65,0.00,1,434.0,344.3,187.0,0.00,0.00,997.0,NaN
2020-12-10T17:00,26.1,2.71,176,69,0.10,1,210.0,95.9,158.0,0.10,0.00,997.3,NaN
2020-12-10T18:00,25.4,3.26,169,73,0.20,1,90.0,84.6,61.0,0.20,0.00,997.5,NaN
2020-12-10T19:00,24.9,2.33,155,71,0.00,1,63.0,171.9,39.0,0.00,0.00,997.5,NaN
2020-12-10T20:00,25.7,1.91,137,53,0.00,0,1.0,0.0,1.0,0.00,0.00,998.0,NaN
2020-12-10T21:00,24.2,0.54,202,61,0.00,0,0.0,0.0,0.0,0.00,0.00,997.7,NaN
2020-12-10T22:00,22.9,0.78,230,75,0.00,0,0.0,0.0,0.0,0.00,0.00,997.6,NaN
2020-12-10T23:00,21.8,2.00,217,90,0.00,0,0.0,0.0,0.0,0.00,0.00,997.6,NaN
2020-12-11T00:00,20.6,1.24,194,97,0.00,0,0.0,0.0,0.0,0.00,0.00,997.6,NaN
2020-12-11T01:00,20.3,1.44,146,95,0.00,0,0.0,0.0,0.0,0.00,0.00,997.2,NaN
2020-12-11T02:00,20.6,1.90,162,91,0.00,0,0.0,0.0,0.0,0.00,0.00,996.6,NaN
2020-12-11T03:00,21.8,0.98,204,85,0.00,0,0.0,0.0,0.0,0.00,0.00,996.5,NaN
2020-12-11T04:00,20.1,1.30,302,91,0.00,0,0.0,0.0,0.0,0.00,0.00,996.8,NaN
2020-12-11T05:00,18.9,1.62,338,95,0.00,0,0.0,0.0,0.0,0.00,0.00,997.2,NaN
2020-12-11T06:00,20.7,1.12,350,90,0.00,1,22.0,114.8,12.0,0.00,0.00,997.4,NaN
2020-12-11T07:00,23.2,1.14,345,76,0.00,1,183.0,519.8,59.0,0.00,0.00,997.9,NaN
2020-12-11T08:00,23.0,2.01,243,81,0.00,1,404.0,718.8,84.0,0.00,0.00,998.1,NaN
2020-12-11T09:00,24.9,1.89,238,70,0.00,1,615.0,797.9,109.0,0.00,0.00,998.3,NaN
2020-12-11T10:00,26.7,2.60,247,63,0.00,1,806.0,869.3,117.0,0.00,0.00,998.0,NaN
2020-12-11T11:00,27.7,3.77,248,59,0.00,1,955.0,921.1,117.0,0.00,0.00,997.6,NaN
2020-12-11T12:00,27.9,4.83,246,56,0.00,1,1041.0,943.1,119.0,0.00,0.00,997.0,NaN
2020-12-11T13:00,27.9,5.25,239,54,0.00,1,1054.0,943.0,119.0,0.00,0.00,996.5,NaN
2020-12-11T14:00,27.5,5.35,237,58,0.00,1,1002.0,932.0,116.0,0.00,0.00,995.9,NaN
2020-12-11T15:00,26.9,5.02,235,61,0.00,1,861.0,853.4,129.0,0.00,0.00,995.3,NaN
2020-12-11T16:00,26.1,4.60,228,67,0.00,1,685.0,781.6,123.0,0.00,0.00,994.9,NaN
2020-12-11T17:00,25.2,4.33,214,72,0.00,1,517.0,768.2,99.0,0.00,0.00,995.3,NaN
2020-12-11T18:00,24.1,4.17,210,77,0.00,1,294.0,641.0,73.0,0.00,0.00,995.7,NaN
2020-12-11T19:00,22.9,3.53,205,85,0.00,1,88.0,362.5,37.0,0.00,0.00,996.3,NaN
2020-12-11T20:00,22.3,3.01,201,85,0.00,0,1.0,0.0,1.0,0.00,0.00,996.7,NaN
2020-12-11T21:00,22.1,2.24,207,87,0.00,0,0.0,0.0,0.0,0.00,0.00,996.7,NaN
2020-12-11T22:00,21.8,1.98,229,90,0.00,0,0.0,0.0,0.0,0.00,0.00,997.0,NaN
2020-12-11T23:00,21.4,2.22,234,93,0.00,0,0.0,0.0,0.0,0.00,0.00,996.9,NaN
2020-12-12T00:00,21.1,1.86,234,95,0.00,0,0.0,0.0,0.0,0.00,0.00,996.2,NaN
2020-12-12T01:00,20.8,1.84,229,95,0.00,0,0.0,0.0,0.0,0.00,0.00,995.4,NaN
2020-12-12T02:00,19.8,1.94,215,97,0.00,0,0.0,0.0,0.0,0.00,0.00,994.9,NaN
2020-12-12T03:00,19.7,1.70,267,96,0.00,0,0.0,0.0,0.0,0.00,0.00,994.3,NaN
2020-12-12T04:00,19.4,1.66,303,97,0.00,0,0.0,0.0,0.0,0.00,0.00,994.2,NaN
2020-12-12T05:00,19.0,1.98,319,97,0.00,0,0.0,0.0,0.0,0.00,0.00,994.4,NaN
2020-12-12T06:00,20.8,1.84,315,94,0.00,1,22.0,115.5,12.0,0.00,0.00,995.0,NaN
2020-12-12T07:00,22.6,2.39,303,84,0.00,1,183.0,522.1,59.0,0.00,0.00,995.4,NaN
2020-12-12T08:00,24.0,2.64,299,76,0.00,1,406.0,722.9,85.0,0.00,0.00,995.4,NaN
2020-12-12T09:00,25.3,3.79,288,71,0.00,1,628.0,834.0,100.0,0.00,0.00,995.6,NaN
2020-12-12T10:00,25.5,4.98,280,71,0.00,1,819.0,895.5,110.0,0.00,0.00,995.8,NaN
2020-12-12T11:00,25.8,5.10,271,70,0.00,1,957.0,919.5,121.0,0.00,0.00,995.7,NaN
2020-12-12T12:00,26.0,5.35,262,68,0.00,1,1040.0,920.8,140.0,0.00,0.00,995.2,NaN
2020-12-12T13:00,26.0,5.50,251,68,0.00,1,1039.0,862.1,184.0,0.00,0.00,994.8,NaN
2020-12-12T14:00,25.5,5.68,244,70,0.00,1,960.0,762.1,235.0,0.00,0.00,994.6,NaN
2020-12-12T15:00,25.2,5.68,244,71,0.00,1,857.0,809.2,162.0,0.00,0.00,994.4,NaN
2020-12-12T16:00,24.5,5.55,244,74,0.00,1,649.0,617.6,204.0,0.00,0.00,994.1,NaN
2020-12-12T17:00,23.5,5.95,245,79,0.00,1,422.0,443.2,180.0,0.00,0.00,994.4,NaN
2020-12-12T18:00,22.4,5.99,244,83,0.00,1,148.0,72.1,123.0,0.00,0.00,995.2,NaN
2020-12-12T19:00,21.7,5.82,241,87,0.10,1,32.0,0.0,32.0,0.10,0.00,995.7,NaN
2020-12-12T20:00,21.1,5.27,237,89,0.10,0,1.0,0.0,1.0,0.10,0.00,996.3,NaN
2020-12-12T21:00,20.9,4.94,234,85,0.10,0,0.0,0.0,0.0,0.10,0.00,996.6,NaN
2020-12-12T22:00,20.7,4.60,236,86,0.00,0,0.0,0.0,0.0,0.00,0.00,996.5,NaN
2020-12-12T23:00,20.2,4.62,231,89,0.00,0,0.0,0.0,0.0,0.00,0.00,996.2,NaN
2020-12-13T00:00,20.3,4.40,219,87,0.10,0,0.0,0.0,0.0,0.10,0.00,995.9,NaN
2020-12-13T01:00,20.1,4.60,226,87,0.10,0,0.0,0.0,0.0,0.10,0.00,995.7,NaN
2020-12-13T02:00,20.0,4.60,228,86,0.10,0,0.0,0.0,0.0,0.10,0.00,995.8,NaN
2020-12-13T03:00,19.8,5.14,233,83,0.10,0,0.0,0.0,0.0,0.10,0.00,996.2,NaN
2020-12-13T04:00,19.5,5.44,234,83,0.00,0,0.0,0.0,0.0,0.00,0.00,996.4,NaN
2020-12-13T05:00,19.4,4.90,231,80,0.00,0,0.0,0.0,0.0,0.00,0.00,996.7,NaN
2020-12-13T06:00,19.4,5.17,227,78,0.00,1,12.0,23.3,10.0,0.00,0.00,997.6,NaN
2020-12-13T07:00,19.9,5.25,230,73,0.10,1,86.0,80.4,67.0,0.10,0.00,998.3,NaN
2020-12-13T08:00,20.4,5.54,231,70,0.10,1,278.0,334.2,130.0,0.10,0.00,999.1,NaN
2020-12-13T09:00,21.7,5.22,234,60,0.00,1,427.0,333.8,216.0,0.00,0.00,999.5,NaN
2020-12-13T10:00,22.2,5.27,237,58,0.00,1,658.0,447.6,304.0,0.00,0.00,999.8,NaN
2020-12-13T11:00,22.4,5.50,243,58,0.00,1,782.0,425.9,395.0,0.00,0.00,1000.1,NaN
2020-12-13T12:00,22.6,6.36,246,54,0.00,1,954.0,684.6,285.0,0.00,0.00,1000.3,NaN
2020-12-13T13:00,22.5,6.41,239,51,0.00,1,926.0,673.4,258.0,0.00,0.00,1000.5,NaN
2020-12-13T14:00,23.5,6.26,231,45,0.00,1,899.0,592.4,335.0,0.00,0.00,1000.6,NaN
2020-12-13T15:00,22.9,7.00,224,53,0.00,1,890.0,838.4,169.0,0.00,0.00,1000.7,NaN
2020-12-13T16:00,22.2,6.39,220,53,0.00,1,528.0,308.8,305.0,0.00,0.00,1000.6,NaN
2020-12-13T17:00,20.1,7.55,212,73,0.30,1,365.0,328.6,185.0,0.30,0.00,1001.3,NaN
2020-12-13T18:00,20.3,6.84,195,65,0.00,1,210.0,363.9,83.0,0.00,0.00,1002.1,NaN
2020-12-13T19:00,19.8,7.18,189,65,0.00,1,45.0,35.0,40.0,0.00,0.00,1003.0,NaN
2020-12-13T20:00,19.5,6.40,178,62,0.00,0,1.0,0.0,1.0,0.00,0.00,1003.7,NaN
2020-12-13T21:00,19.0,5.53,174,63,0.00,0,0.0,0.0,0.0,0.00,0.00,1004.2,NaN
2020-12-13T22:00,18.6,5.18,170,64,0.00,0,0.0,0.0,0.0,0.00,0.00,1004.6,NaN
2020-12-13T23:00,18.6,4.66,165,62,0.00,0,0.0,0.0,0.0,0.00,0.00,1004.7,NaN
2020-12-14T00:00,18.6,4.05,164,58,0.00,0,0.0,0.0,0.0,0.00,0.00,1004.2,NaN
2020-12-14T01:00,18.6,4.81,168,56,0.00,0,0.0,0.0,0.0,0.00,0.00,1003.8,NaN
2020-12-14T02:00,18.3,5.22,168,58,0.00,0,0.0,0.0,0.0,0.00,0.00,1003.8,NaN
2020-12-14T03:00,17.9,4.90,163,55,0.00,0,0.0,0.0,0.0,0.00,0.00,1004.0,NaN
2020-12-14T04:00,17.1,3.61,138,61,0.00,0,0.0,0.0,0.0,0.00,0.00,1004.7,NaN
2020-12-14T05:00,15.8,3.89,108,70,0.00,0,0.0,0.0,0.0,0.00,0.00,1005.1,NaN
2020-12-14T06:00,16.2,4.70,117,62,0.00,1,22.0,105.4,13.0,0.00,0.00,1006.0,NaN
2020-12-14T07:00,18.1,5.10,118,52,0.00,1,177.0,476.3,65.0,0.00,0.00,1006.6,NaN
2020-12-14T08:00,19.9,5.95,131,46,0.00,1,413.0,720.0,95.0,0.00,0.00,1007.0,NaN
2020-12-14T09:00,21.7,6.00,143,38,0.00,1,657.0,882.9,100.0,0.00,0.00,1007.3,NaN
2020-12-14T10:00,23.2,5.77,154,32,0.00,1,848.0,916.5,124.0,0.00,0.00,1007.0,NaN
2020-12-14T11:00,24.4,5.32,168,30,0.00,1,997.0,967.0,119.0,0.00,0.00,1006.8,NaN
2020-12-14T12:00,24.8,6.56,188,33,0.00,1,1086.0,983.7,125.0,0.00,0.00,1006.2,NaN
2020-12-14T13:00,23.6,9.34,193,44,0.00,1,1105.0,988.7,124.0,0.00,0.00,1006.0,NaN
2020-12-14T14:00,22.7,9.95,190,50,0.00,1,1050.0,974.1,122.0,0.00,0.00,1005.9,NaN
2020-12-14T15:00,22.9,9.34,186,47,0.00,1,928.0,943.1,116.0,0.00,0.00,1005.8,NaN
2020-12-14T16:00,22.2,9.83,185,50,0.00,1,758.0,898.3,108.0,0.00,0.00,1005.5,NaN
2020-12-14T17:00,21.4,9.60,179,53,0.00,1,545.0,817.0,96.0,0.00,0.00,1005.6,NaN
2020-12-14T18:00,20.1,9.61,178,61,0.00,1,314.0,678.0,76.0,0.00,0.00,1006.1,NaN
2020-12-14T19:00,19.5,8.78,172,65,0.00,1,98.0,403.0,40.0,0.00,0.00,1006.8,NaN
2020-12-14T20:00,18.8,8.40,168,69,0.00,0,1.0,0.0,1.0,0.00,0.00,1007.2,NaN
2020-12-14T21:00,18.5,8.20,167,70,0.00,0,0.0,0.0,0.0,0.00,0.00,1007.6,NaN
2020-12-14T22:00,18.4,8.46,166,71,0.00,0,0.0,0.0,0.0,0.00,0.00,1007.9,NaN
2020-12-14T23:00,18.2,8.07,160,69,0.00,0,0.0,0.0,0.0,0.00,0.00,1007.7,NaN
2020-12-15T00:00,17.8,7.12,156,68,0.00,0,0.0,0.0,0.0,0.00,0.00,1007.3,NaN
2020-12-15T01:00,17.1,6.40,151,66,0.00,0,0.0,0.0,0.0,0.00,0.00,1006.9,NaN
2020-12-15T02:00,16.5,5.97,149,64,0.00,0,0.0,0.0,0.0,0.00,0.00,1006.4,NaN
2020-12-15T03:00,16.0,5.52,145,64,0.00,0,0.0,0.0,0.0,0.00,0.00,1006.2,NaN
2020-12-15T04:00,15.5,5.08,144,65,0.00,0,0.0,0.0,0.0,0.00,0.00,1006.1,NaN
2020-12-15T05:00,15.0,4.47,140,66,0.00,0,0.0,0.0,0.0,0.00,0.00,1006.2,NaN
2020-12-15T06:00,15.4,4.39,137,63,0.00,1,23.0,118.0,13.0,0.00,0.00,1006.8,NaN
2020-12-15T07:00,17.9,4.60,136,51,0.00,1,191.0,564.4,59.0,0.00,0.00,1006.9,NaN
2020-12-15T08:00,21.3,3.81,120,42,0.00,1,426.0,769.8,87.0,0.00,0.00,1006.5,NaN
2020-12-15T09:00,24.7,3.70,142,32,0.00,1,651.0,873.4,101.0,0.00,0.00,1006.4,NaN
2020-12-15T10:00,27.4,3.96,164,26,0.00,1,848.0,934.1,111.0,0.00,0.00,1005.9,NaN
2020-12-15T11:00,28.3,5.61,191,27,0.00,1,997.0,969.9,117.0,0.00,0.00,1005.5,NaN
2020-12-15T12:00,27.7,7.27,198,36,0.00,1,1085.0,987.0,121.0,0.00,0.00,1004.9,NaN
2020-12-15T13:00,27.2,8.35,197,38,0.00,1,1103.0,988.5,122.0,0.00,0.00,1004.2,NaN
2020-12-15T14:00,26.7,8.49,192,38,0.00,1,1050.0,975.6,120.0,0.00,0.00,1003.8,NaN
2020-12-15T15:00,26.0,8.52,189,44,0.00,1,934.0,950.0,115.0,0.00,0.00,1003.3,NaN
2020-12-15T16:00,24.7,8.86,186,51,0.00,1,761.0,903.5,106.0,0.00,0.00,1003.3,NaN
2020-12-15T17:00,23.9,8.71,183,56,0.00,1,547.0,819.8,95.0,0.00,0.00,1003.3,NaN
2020-12-15T18:00,22.4,8.40,180,64,0.00,1,314.0,677.1,75.0,0.00,0.00,1003.6,NaN
2020-12-15T19:00,21.3,7.70,179,72,0.00,1,99.0,407.1,40.0,0.00,0.00,1003.9,NaN
2020-12-15T20:00,20.6,7.32,176,74,0.00,0,1.0,0.0,1.0,0.00,0.00,1004.5,NaN
2020-12-15T21:00,20.4,7.32,175,75,0.00,0,0.0,0.0,0.0,0.00,0.00,1004.5,NaN
2020-12-15T22:00,20.3,7.23,174,77,0.00,0,0.0,0.0,0.0,0.00,0.00,1004.7,NaN
2020-12-15T23:00,20.2,7.28,171,79,0.00,0,0.0,0.0,0.0,0.00,0.00,1004.5,NaN
2020-12-16T00:00,19.9,7.33,169,81,0.00,0,0.0,0.0,0.0,0.00,0.00,1004.0,NaN
2020-12-16T01:00,19.6,7.11,166,83,0.00,0,0.0,0.0,0.0,0.00,0.00,1003.5,NaN
2020-12-16T02:00,19.3,6.36,164,83,0.00,0,0.0,0.0,0.0,0.00,0.00,1003.1,NaN
2020-12-16T03:00,19.0,5.85,163,84,0.00,0,0.0,0.0,0.0,0.00,0.00,1002.8,NaN
2020-12-16T04:00,18.8,5.51,164,84,0.00,0,0.0,0.0,0.0,0.00,0.00,1002.7,NaN
2020-12-16T05:00,18.7,5.28,161,85,0.00,0,0.0,0.0,0.0,0.00,0.00,1002.7,NaN
2020-12-16T06:00,19.3,5.25,162,82,0.00,1,21.0,107.0,12.0,0.00,0.00,1003.0,NaN
2020-12-16T07:00,21.2,5.61,169,72,0.00,1,181.0,524.6,59.0,0.00,0.00,1003.2,NaN
2020-12-16T08:00,22.6,5.70,179,62,0.00,1,406.0,731.1,85.0,0.00,0.00,1003.3,NaN
2020-12-16T09:00,24.0,5.94,187,55,0.00,1,633.0,846.4,101.0,0.00,0.00,1003.5,NaN
2020-12-16T10:00,25.0,6.14,192,49,0.00,1,827.0,908.6,111.0,0.00,0.00,1003.3,NaN
2020-12-16T11:00,25.4,6.94,192,46,0.00,1,976.0,946.3,118.0,0.00,0.00,1002.8,NaN
2020-12-16T12:00,25.3,7.77,192,48,0.00,1,1067.0,968.8,121.0,0.00,0.00,1002.6,NaN
2020-12-16T13:00,24.8,8.49,192,52,0.00,1,1090.0,975.3,122.0,0.00,0.00,1002.5,NaN
2020-12-16T14:00,24.2,9.20,192,57,0.00,1,1044.0,967.6,121.0,0.00,0.00,1002.3,NaN
2020-12-16T15:00,23.6,9.62,189,61,0.00,1,930.0,943.1,116.0,0.00,0.00,1002.3,NaN
2020-12-16T16:00,23.0,9.36,187,64,0.00,1,760.0,897.6,108.0,0.00,0.00,1002.1,NaN
2020-12-16T17:00,22.3,8.83,185,68,0.00,1,548.0,819.1,95.0,0.00,0.00,1001.9,NaN
2020-12-16T18:00,21.4,8.51,183,73,0.00,1,317.0,676.2,77.0,0.00,0.00,1002.2,NaN
2020-12-16T19:00,20.4,7.70,180,77,0.00,1,102.0,411.3,42.0,0.00,0.00,1002.6,NaN
2020-12-16T20:00,19.7,7.31,177,79,0.00,0,2.0,0.0,2.0,0.00,0.00,1002.9,NaN
2020-12-16T21:00,19.6,7.14,174,80,0.00,0,0.0,0.0,0.0,0.00,0.00,1003.2,NaN
2020-12-16T22:00,19.5,7.37,172,81,0.00,0,0.0,0.0,0.0,0.00,0.00,1003.5,NaN
2020-12-16T23:00,19.4,7.60,171,82,0.00,0,0.0,0.0,0.0,0.00,0.00,1003.3,NaN
2020-12-17T00:00,19.3,7.96,168,83,0.00,0,0.0,0.0,0.0,0.00,0.00,1002.7,NaN
2020-12-17T01:00,19.3,7.84,169,83,0.00,0,0.0,0.0,0.0,0.00,0.00,1002.1,NaN
2020-12-17T02:00,19.3,7.84,169,83,0.00,0,0.0,0.0,0.0,0.00,0.00,1001.6,NaN
2020-12-17T03:00,19.2,7.53,169,84,0.00,0,0.0,0.0,0.0,0.00,0.00,1001.3,NaN
2020-12-17T04:00,19.3,6.82,169,83,0.00,0,0.0,0.0,0.0,0.00,0.00,1001.1,NaN
2020-12-17T05:00,19.1,5.77,166,85,0.00,0,0.0,0.0,0.0,0.00,0.00,1001.5,NaN
2020-12-17T06:00,19.3,4.71,163,87,0.00,1,20.0,95.9,12.0,0.00,0.00,1002.2,NaN
2020-12-17T07:00,20.8,4.27,159,78,0.00,1,181.0,523.4,60.0,0.00,0.00,1002.6,NaN
2020-12-17T08:00,22.8,2.73,156,60,0.00,1,409.0,737.9,86.0,0.00,0.00,1002.2,NaN
2020-12-17T09:00,25.4,2.96,168,48,0.00,1,636.0,854.4,100.0,0.00,0.00,1002.2,NaN
2020-12-17T10:00,27.4,4.36,189,43,0.00,1,832.0,916.1,111.0,0.00,0.00,1001.7,NaN
2020-12-17T11:00,27.1,6.43,201,50,0.00,1,981.0,952.5,118.0,0.00,0.00,1001.4,NaN
2020-12-17T12:00,27.0,7.84,199,49,0.00,1,1069.0,970.1,122.0,0.00,0.00,1000.9,NaN
2020-12-17T13:00,27.3,8.32,193,46,0.00,1,1088.0,973.1,122.0,0.00,0.00,1000.5,NaN
2020-12-17T14:00,27.0,8.85,190,50,0.00,1,1040.0,963.9,120.0,0.00,0.00,1000.4,NaN
2020-12-17T15:00,26.4,9.39,188,53,0.00,1,927.0,939.7,115.0,0.00,0.00,1000.3,NaN
2020-12-17T16:00,25.2,9.01,183,57,0.00,1,756.0,893.2,106.0,0.00,0.00,1000.1,NaN
2020-12-17T17:00,24.5,8.81,182,59,0.00,1,547.0,816.7,94.0,0.00,0.00,999.9,NaN
2020-12-17T18:00,23.4,8.71,178,62,0.00,1,317.0,675.5,76.0,0.00,0.00,1000.2,NaN
2020-12-17T19:00,22.4,8.04,174,66,0.00,1,102.0,413.9,41.0,0.00,0.00,1000.3,NaN
2020-12-17T20:00,21.7,8.42,170,68,0.00,0,2.0,0.0,2.0,0.00,0.00,1000.6,NaN
2020-12-17T21:00,21.5,8.47,168,69,0.00,0,0.0,0.0,0.0,0.00,0.00,1000.7,NaN
2020-12-17T22:00,21.4,8.00,167,70,0.00,0,0.0,0.0,0.0,0.00,0.00,1000.7,NaN
2020-12-17T23:00,21.2,7.46,162,69,0.00,0,0.0,0.0,0.0,0.00,0.00,1000.4,NaN
2020-12-18T00:00,20.9,6.39,160,67,0.00,0,0.0,0.0,0.0,0.00,0.00,999.9,NaN
2020-12-18T01:00,20.9,5.52,158,63,0.00,0,0.0,0.0,0.0,0.00,0.00,999.6,NaN
2020-12-18T02:00,20.7,4.79,154,59,0.00,0,0.0,0.0,0.0,0.00,0.00,999.2,NaN
2020-12-18T03:00,20.2,3.85,152,57,0.00,0,0.0,0.0,0.0,0.00,0.00,999.2,NaN
2020-12-18T04:00,20.4,3.33,147,51,0.00,0,0.0,0.0,0.0,0.00,0.00,999.2,NaN
2020-12-18T05:00,21.4,3.11,123,46,0.00,0,0.0,0.0,0.0,0.00,0.00,999.3,NaN
2020-12-18T06:00,23.7,4.73,103,43,0.00,1,20.0,96.7,12.0,0.00,0.00,999.6,NaN
2020-12-18T07:00,26.1,6.14,97,38,0.00,1,179.0,526.6,58.0,0.00,0.00,1000.0,NaN
2020-12-18T08:00,28.0,6.01,94,34,0.00,1,406.0,737.9,84.0,0.00,0.00,999.7,NaN
2020-12-18T09:00,30.4,5.66,98,31,0.00,1,625.0,840.1,99.0,0.00,0.00,999.9,NaN
2020-12-18T10:00,32.1,4.78,110,29,0.00,1,818.0,902.0,109.0,0.00,0.00,999.7,NaN
2020-12-18T11:00,33.3,4.11,131,27,0.00,1,965.0,937.7,116.0,0.00,0.00,999.3,NaN
2020-12-18T12:00,33.8,4.82,175,28,0.00,1,1052.0,956.1,119.0,0.00,0.00,998.7,NaN
2020-12-18T13:00,31.6,7.77,192,38,0.00,1,1072.0,958.9,120.0,0.00,0.00,998.0,NaN
2020-12-18T14:00,30.4,9.34,193,41,0.00,1,1020.0,937.2,125.0,0.00,0.00,997.7,NaN
2020-12-18T15:00,28.9,10.21,182,42,0.00,1,914.0,927.1,112.0,0.00,0.00,997.7,NaN
2020-12-18T16:00,28.5,9.51,177,44,0.00,1,748.0,882.0,105.0,0.00,0.00,997.5,NaN
2020-12-18T17:00,26.8,9.45,174,50,0.00,1,543.0,808.9,93.0,0.00,0.00,997.4,NaN
2020-12-18T18:00,26.0,9.22,167,49,0.00,1,314.0,666.6,75.0,0.00,0.00,997.7,NaN
2020-12-18T19:00,24.6,8.71,167,55,0.00,1,102.0,408.8,41.0,0.00,0.00,997.9,NaN
2020-12-18T20:00,23.5,8.54,166,58,0.00,0,2.0,0.0,2.0,0.00,0.00,998.2,NaN
2020-12-18T21:00,23.5,8.27,165,59,0.00,0,0.0,0.0,0.0,0.00,0.00,998.4,NaN
2020-12-18T22:00,23.2,7.91,164,61,0.00,0,0.0,0.0,0.0,0.00,0.00,998.7,NaN
2020-12-18T23:00,22.9,7.12,163,61,0.00,0,0.0,0.0,0.0,0.00,0.00,998.6,NaN
2020-12-19T00:00,22.7,6.51,162,60,0.00,0,0.0,0.0,0.0,0.00,0.00,998.3,NaN
2020-12-19T01:00,22.5,6.14,161,58,0.00,0,0.0,0.0,0.0,0.00,0.00,998.0,NaN
2020-12-19T02:00,22.2,5.46,156,57,0.00,0,0.0,0.0,0.0,0.00,0.00,997.8,NaN
2020-12-19T03:00,21.7,4.79,157,57,0.00,0,0.0,0.0,0.0,0.00,0.00,997.7,NaN
2020-12-19T04:00,21.3,4.35,157,59,0.00,0,0.0,0.0,0.0,0.00,0.00,998.2,NaN
2020-12-19T05:00,21.2,3.58,150,56,0.00,0,0.0,0.0,0.0,0.00,0.00,998.4,NaN
2020-12-19T06:00,22.0,3.28,149,49,0.00,1,19.0,97.5,11.0,0.00,0.00,998.7,NaN
2020-12-19T07:00,25.3,3.45,163,40,0.00,1,176.0,521.2,57.0,0.00,0.00,999.0,NaN
2020-12-19T08:00,27.2,3.81,166,41,0.00,1,399.0,726.5,83.0,0.00,0.00,999.0,NaN
2020-12-19T09:00,29.6,3.86,170,35,0.00,1,622.0,837.0,99.0,0.00,0.00,998.8,NaN
2020-12-19T10:00,30.1,5.34,193,39,0.00,1,816.0,900.6,109.0,0.00,0.00,998.5,NaN
2020-12-19T11:00,29.4,7.09,202,44,0.00,1,962.0,936.3,115.0,0.00,0.00,998.4,NaN
2020-12-19T12:00,28.6,8.08,202,43,0.00,1,1049.0,953.3,119.0,0.00,0.00,998.2,NaN
2020-12-19T13:00,28.5,7.94,199,43,0.00,1,1070.0,955.8,121.0,0.00,0.00,998.0,NaN
2020-12-19T14:00,28.0,8.54,201,46,0.00,1,1023.0,947.1,118.0,0.00,0.00,997.9,NaN
2020-12-19T15:00,26.8,8.63,193,51,0.00,1,912.0,921.5,114.0,0.00,0.00,998.2,NaN
2020-12-19T16:00,25.9,8.85,190,55,0.00,1,747.0,877.7,106.0,0.00,0.00,998.3,NaN
2020-12-19T17:00,24.6,8.93,184,59,0.00,1,541.0,801.3,94.0,0.00,0.00,998.5,NaN
2020-12-19T18:00,23.4,8.61,183,66,0.00,1,314.0,663.5,75.0,0.00,0.00,999.0,NaN
2020-12-19T19:00,22.2,8.12,184,72,0.00,1,103.0,410.7,41.0,0.00,0.00,999.5,NaN
2020-12-19T20:00,21.4,8.00,180,76,0.00,0,2.0,0.0,2.0,0.00,0.00,999.8,NaN
2020-12-19T21:00,21.2,8.71,178,76,0.00,0,0.0,0.0,0.0,0.00,0.00,1000.1,NaN
2020-12-19T22:00,21.1,9.07,173,77,0.00,0,0.0,0.0,0.0,0.00,0.00,1000.9,NaN
2020-12-19T23:00,20.7,8.65,169,80,0.00,0,0.0,0.0,0.0,0.00,0.00,1000.8,NaN
2020-12-20T00:00,20.6,8.44,166,80,0.00,0,0.0,0.0,0.0,0.00,0.00,1000.9,NaN
2020-12-20T01:00,20.4,8.20,164,82,0.00,0,0.0,0.0,0.0,0.00,0.00,1000.7,NaN
2020-12-20T02:00,20.1,7.49,161,82,0.00,0,0.0,0.0,0.0,0.00,0.00,1000.6,NaN
2020-12-20T03:00,19.8,6.58,160,83,0.00,0,0.0,0.0,0.0,0.00,0.00,1000.9,NaN
2020-12-20T04:00,19.6,6.64,162,84,0.00,0,0.0,0.0,0.0,0.00,0.00,1001.2,NaN
2020-12-20T05:00,19.3,6.11,159,84,0.00,0,0.0,0.0,0.0,0.00,0.00,1001.5,NaN
2020-12-20T06:00,19.5,5.59,156,79,0.00,1,19.0,98.4,11.0,0.00,0.00,1001.9,NaN
2020-12-20T07:00,21.3,5.91,156,68,0.00,1,177.0,524.7,58.0,0.00,0.00,1002.1,NaN
2020-12-20T08:00,23.3,6.48,160,60,0.00,1,405.0,740.5,84.0,0.00,0.00,1002.1,NaN
2020-12-20T09:00,25.8,6.67,167,50,0.00,1,630.0,850.0,100.0,0.00,0.00,1001.8,NaN
2020-12-20T10:00,27.3,7.02,176,46,0.00,1,829.0,915.8,111.0,0.00,0.00,1001.6,NaN
2020-12-20T11:00,27.6,7.83,185,50,0.00,1,980.0,953.6,118.0,0.00,0.00,1001.4,NaN
2020-12-20T12:00,27.0,8.97,187,53,0.00,1,1071.0,974.1,121.0,0.00,0.00,1001.1,NaN
2020-12-20T13:00,27.1,9.12,184,50,0.00,1,1093.0,977.8,122.0,0.00,0.00,1000.9,NaN
2020-12-20T14:00,26.9,9.53,185,52,0.00,1,1050.0,972.7,120.0,0.00,0.00,1000.7,NaN
2020-12-20T15:00,25.8,9.82,184,56,0.00,1,940.0,951.7,115.0,0.00,0.00,1000.2,NaN
2020-12-20T16:00,25.3,9.50,181,58,0.00,1,768.0,903.5,107.0,0.00,0.00,999.7,NaN
2020-12-20T17:00,24.5,9.20,178,63,0.00,1,557.0,827.8,94.0,0.00,0.00,999.6,NaN
2020-12-20T18:00,23.3,9.04,174,68,0.00,1,325.0,685.3,77.0,0.00,0.00,999.8,NaN
2020-12-20T19:00,22.0,8.42,170,73,0.00,1,108.0,432.2,42.0,0.00,0.00,1000.1,NaN
2020-12-20T20:00,21.3,8.88,168,74,0.00,0,2.0,0.0,2.0,0.00,0.00,1000.7,NaN
2020-12-20T21:00,21.2,9.24,167,74,0.00,0,0.0,0.0,0.0,0.00,0.00,1000.7,NaN
2020-12-20T22:00,21.1,8.29,162,75,0.00,0,0.0,0.0,0.0,0.00,0.00,1001.1,NaN
2020-12-20T23:00,21.1,6.99,161,73,0.00,0,0.0,0.0,0.0,0.00,0.00,1001.1,NaN
2020-12-21T00:00,21.1,5.78,157,69,0.00,0,0.0,0.0,0.0,0.00,0.00,1000.8,NaN
2020-12-21T01:00,21.0,4.75,150,61,0.00,0,0.0,0.0,0.0,0.00,0.00,1000.8,NaN
2020-12-21T02:00,21.4,4.20,142,49,0.00,0,0.0,0.0,0.0,0.00,0.00,1000.6,NaN
2020-12-21T03:00,23.4,5.00,127,31,0.00,0,0.0,0.0,0.0,0.00,0.00,1000.5,NaN
2020-12-21T04:00,24.9,6.54,113,28,0.00,0,0.0,0.0,0.0,0.00,0.00,1000.5,NaN
2020-12-21T05:00,24.5,7.40,103,33,0.00,0,0.0,0.0,0.0,0.00,0.00,1000.7,NaN
2020-12-21T06:00,24.7,8.09,99,35,0.00,1,19.0,99.4,11.0,0.00,0.00,1001.1,NaN
2020-12-21T07:00,26.5,8.46,97,33,0.00,1,178.0,532.9,58.0,0.00,0.00,1001.4,NaN
2020-12-21T08:00,28.2,7.88,98,31,0.00,1,406.0,747.8,83.0,0.00,0.00,1001.3,NaN
2020-12-21T09:00,31.2,8.20,89,26,0.00,1,634.0,858.3,100.0,0.00,0.00,1001.1,NaN
2020-12-21T10:00,34.2,7.55,83,21,0.00,1,832.0,922.2,110.0,0.00,0.00,1000.8,NaN
2020-12-21T11:00,36.8,6.10,80,18,0.00,1,983.0,958.8,117.0,0.00,0.00,1000.3,NaN
2020-12-21T12:00,37.9,3.90,91,16,0.00,1,1073.0,977.5,120.0,0.00,0.00,999.7,NaN
2020-12-21T13:00,37.5,3.51,175,17,0.00,1,1096.0,981.8,121.0,0.00,0.00,999.2,NaN
2020-12-21T14:00,34.0,7.57,188,34,0.00,1,1050.0,973.3,119.0,0.00,0.00,999.1,NaN
2020-12-21T15:00,31.4,9.42,184,39,0.00,1,936.0,947.2,114.0,0.00,0.00,998.9,NaN
2020-12-21T16:00,30.0,8.71,177,40,0.00,1,765.0,899.3,106.0,0.00,0.00,998.8,NaN
2020-12-21T17:00,28.8,8.33,175,47,0.00,1,557.0,823.8,95.0,0.00,0.00,998.8,NaN
2020-12-21T18:00,27.0,7.99,171,50,0.00,1,326.0,687.7,76.0,0.00,0.00,999.2,NaN
2020-12-21T19:00,25.4,6.71,170,55,0.00,1,109.0,427.5,43.0,0.00,0.00,999.9,NaN
2020-12-21T20:00,24.2,6.22,169,59,0.00,0,3.0,0.0,3.0,0.00,0.00,1000.1,NaN
2020-12-21T21:00,23.7,5.68,166,63,0.00,0,0.0,0.0,0.0,0.00,0.00,1000.2,NaN
2020-12-21T22:00,23.2,4.74,162,66,0.00,0,0.0,0.0,0.0,0.00,0.00,1000.3,NaN
2020-12-21T23:00,22.8,2.86,155,65,0.00,0,0.0,0.0,0.0,0.00,0.00,1000.1,NaN
2020-12-22T00:00,21.9,2.19,137,62,0.00,0,0.0,0.0,0.0,0.00,0.00,999.6,NaN
2020-12-22T01:00,24.3,2.86,115,33,0.00,0,0.0,0.0,0.0,0.00,0.00,999.1,NaN
2020-12-22T02:00,27.6,4.96,99,20,0.00,0,0.0,0.0,0.0,0.00,0.00,998.9,NaN
2020-12-22T03:00,27.8,6.70,88,21,0.00,0,0.0,0.0,0.0,0.00,0.00,999.0,NaN
2020-12-22T04:00,27.5,7.27,82,22,0.00,0,0.0,0.0,0.0,0.00,0.00,999.2,NaN
2020-12-22T05:00,27.2,7.79,77,22,0.00,0,0.0,0.0,0.0,0.00,0.00,999.6,NaN
2020-12-22T06:00,27.4,7.72,71,22,0.00,1,18.0,100.4,10.0,0.00,0.00,1000.5,NaN
2020-12-22T07:00,29.6,7.71,67,19,0.00,1,178.0,536.9,58.0,0.00,0.00,1001.1,NaN
2020-12-22T08:00,32.8,7.80,54,15,0.00,1,408.0,753.0,84.0,0.00,0.00,1000.8,NaN
2020-12-22T09:00,35.8,7.85,47,13,0.00,1,634.0,861.9,99.0,0.00,0.00,1000.9,NaN
2020-12-22T10:00,38.4,6.70,38,11,0.00,1,833.0,924.9,110.0,0.00,0.00,1000.7,NaN
2020-12-22T11:00,39.7,3.77,22,11,0.00,1,984.0,960.8,117.0,0.00,0.00,1000.4,NaN
2020-12-22T12:00,38.1,1.35,222,13,0.00,1,1075.0,980.0,120.0,0.00,0.00,1000.1,NaN
2020-12-22T13:00,37.5,5.07,202,18,0.00,1,1098.0,982.7,122.0,0.00,0.00,999.8,NaN
2020-12-22T14:00,36.7,6.26,200,19,0.00,1,1049.0,971.7,119.0,0.00,0.00,999.6,NaN
2020-12-22T15:00,35.5,6.80,197,19,0.00,1,937.0,947.4,114.0,0.00,0.00,999.4,NaN
2020-12-22T16:00,34.9,6.12,191,23,0.00,1,770.0,903.2,107.0,0.00,0.00,999.3,NaN
2020-12-22T17:00,33.5,6.42,184,29,0.00,1,561.0,830.5,94.0,0.00,0.00,999.4,NaN
2020-12-22T18:00,32.1,5.35,172,29,0.00,1,329.0,692.8,76.0,0.00,0.00,999.7,NaN
2020-12-22T19:00,30.4,4.83,167,33,0.00,1,111.0,435.8,43.0,0.00,0.00,1000.3,NaN
2020-12-22T20:00,28.6,4.65,155,34,0.00,0,3.0,0.0,3.0,0.00,0.00,1001.0,NaN
2020-12-22T21:00,28.2,4.74,152,34,0.00,0,0.0,0.0,0.0,0.00,0.00,1001.2,NaN
2020-12-22T22:00,28.0,4.83,153,32,0.00,0,0.0,0.0,0.0,0.00,0.00,1001.1,NaN
2020-12-22T23:00,28.4,4.64,143,27,0.00,0,0.0,0.0,0.0,0.00,0.00,1000.9,NaN
2020-12-23T00:00,28.0,4.05,130,24,0.00,0,0.0,0.0,0.0,0.00,0.00,1000.5,NaN
2020-12-23T01:00,27.3,3.86,107,22,0.00,0,0.0,0.0,0.0,0.00,0.00,1000.0,NaN
2020-12-23T02:00,27.7,4.51,86,19,0.00,0,0.0,0.0,0.0,0.00,0.00,999.6,NaN
2020-12-23T03:00,28.5,5.63,78,16,0.00,0,0.0,0.0,0.0,0.00,0.00,999.6,NaN
2020-12-23T04:00,28.8,6.32,67,16,0.00,0,0.0,0.0,0.0,0.00,0.00,999.9,NaN
2020-12-23T05:00,28.6,6.66,62,16,0.00,0,0.0,0.0,0.0,0.00,0.00,1000.5,NaN
2020-12-23T06:00,28.7,7.16,57,16,0.00,1,18.0,88.9,11.0,0.00,0.00,1001.2,NaN
2020-12-23T07:00,30.8,7.52,54,14,0.00,1,176.0,536.8,57.0,0.00,0.00,1001.9,NaN
2020-12-23T08:00,33.5,9.07,41,13,0.00,1,406.0,753.6,83.0,0.00,0.00,1001.3,NaN
2020-12-23T09:00,36.2,8.88,34,11,0.00,1,634.0,864.0,99.0,0.00,0.00,1001.3,NaN
2020-12-23T10:00,38.6,7.75,24,10,0.00,1,832.0,925.0,110.0,0.00,0.00,1001.0,NaN
2020-12-23T11:00,40.4,5.76,17,9,0.00,1,983.0,960.5,117.0,0.00,0.00,1000.6,NaN
2020-12-23T12:00,41.1,2.94,18,9,0.00,1,1075.0,979.3,121.0,0.00,0.00,1000.1,NaN
2020-12-23T13:00,39.7,1.40,266,11,0.00,1,1099.0,983.7,122.0,0.00,0.00,999.5,NaN
2020-12-23T14:00,35.1,6.06,257,24,0.00,1,1052.0,974.3,119.0,0.00,0.00,999.4,NaN
2020-12-23T15:00,32.8,4.55,261,28,0.00,1,939.0,948.7,114.0,0.00,0.00,999.5,NaN
2020-12-23T16:00,32.0,3.81,256,31,0.00,1,770.0,903.1,106.0,0.00,0.00,999.2,NaN
2020-12-23T17:00,30.1,3.67,253,39,0.00,1,562.0,828.3,95.0,0.00,0.00,999.3,NaN
2020-12-23T18:00,28.5,2.41,275,41,0.00,1,331.0,692.5,77.0,0.00,0.00,999.5,NaN
2020-12-23T19:00,27.4,2.25,302,49,0.00,1,113.0,437.6,44.0,0.00,0.00,999.9,NaN
2020-12-23T20:00,25.3,2.30,272,62,0.00,0,3.0,19.1,2.0,0.00,0.00,1000.3,NaN
2020-12-23T21:00,23.6,1.27,315,72,0.00,0,0.0,0.0,0.0,0.00,0.00,1000.8,NaN
2020-12-23T22:00,22.6,1.57,333,78,0.00,0,0.0,0.0,0.0,0.00,0.00,1000.9,NaN
2020-12-23T23:00,21.9,2.16,347,79,0.00,0,0.0,0.0,0.0,0.00,0.00,1000.5,NaN
2020-12-24T00:00,22.2,1.53,11,73,0.00,0,0.0,0.0,0.0,0.00,0.00,1000.4,NaN
2020-12-24T01:00,22.6,0.78,50,67,0.00,0,0.0,0.0,0.0,0.00,0.00,999.8,NaN
2020-12-24T02:00,20.4,1.93,69,67,0.00,0,0.0,0.0,0.0,0.00,0.00,999.3,NaN
2020-12-24T03:00,20.3,3.05,58,58,0.00,0,0.0,0.0,0.0,0.00,0.00,999.2,NaN
2020-12-24T04:00,22.8,3.11,48,31,0.00,0,0.0,0.0,0.0,0.00,0.00,999.4,NaN
2020-12-24T05:00,27.3,5.03,49,19,0.00,0,0.0,0.0,0.0,0.00,0.00,999.9,NaN
2020-12-24T06:00,27.9,6.51,46,18,0.00,1,17.0,89.9,10.0,0.00,0.00,1000.4,NaN
2020-12-24T07:00,30.5,6.93,46,16,0.00,1,175.0,536.8,57.0,0.00,0.00,1001.2,NaN
2020-12-24T08:00,33.8,7.49,34,14,0.00,1,405.0,752.0,84.0,0.00,0.00,1001.1,NaN
2020-12-24T09:00,37.0,6.52,21,11,0.00,1,632.0,862.9,99.0,0.00,0.00,1001.2,NaN
2020-12-24T10:00,37.4,4.05,340,11,0.00,1,832.0,926.5,110.0,0.00,0.00,1001.2,NaN
2020-12-24T11:00,33.3,4.44,262,32,0.00,1,984.0,962.6,117.0,0.00,0.00,1001.0,NaN
2020-12-24T12:00,30.9,5.47,252,40,0.00,1,1072.0,977.7,120.0,0.00,0.00,1001.1,NaN
2020-12-24T13:00,31.0,4.30,252,36,0.00,1,1090.0,975.6,121.0,0.00,0.00,1000.6,NaN
2020-12-24T14:00,31.4,4.37,250,35,0.00,1,1047.0,968.6,119.0,0.00,0.00,1000.2,NaN
2020-12-24T15:00,31.1,4.21,252,34,0.00,1,939.0,947.8,114.0,0.00,0.00,999.8,NaN
2020-12-24T16:00,30.5,2.86,258,33,0.00,1,773.0,904.3,107.0,0.00,0.00,999.7,NaN
2020-12-24T17:00,29.8,3.55,230,37,0.00,1,563.0,829.8,94.0,0.00,0.00,999.5,NaN
2020-12-24T18:00,28.0,2.37,208,45,0.00,1,333.0,692.3,78.0,0.00,0.00,999.8,NaN
2020-12-24T19:00,27.4,1.61,187,42,0.00,1,114.0,439.6,44.0,0.00,0.00,999.8,NaN
2020-12-24T20:00,25.5,1.53,238,53,0.00,0,3.0,19.1,2.0,0.00,0.00,1000.2,NaN
2020-12-24T21:00,24.0,2.22,172,57,0.00,0,0.0,0.0,0.0,0.00,0.00,1000.7,NaN
2020-12-24T22:00,25.0,1.14,255,52,0.00,0,0.0,0.0,0.0,0.00,0.00,1000.8,NaN
2020-12-24T23:00,22.3,2.02,237,69,0.00,0,0.0,0.0,0.0,0.00,0.00,1001.0,NaN
2020-12-25T00:00,22.3,1.63,259,75,0.00,0,0.0,0.0,0.0,0.00,0.00,1000.6,NaN
2020-12-25T01:00,23.1,1.00,307,74,0.00,0,0.0,0.0,0.0,0.00,0.00,1000.0,NaN
2020-12-25T02:00,22.9,0.70,360,73,0.00,0,0.0,0.0,0.0,0.00,0.00,999.5,NaN
2020-12-25T03:00,22.8,0.71,82,70,0.00,0,0.0,0.0,0.0,0.00,0.00,999.5,NaN
2020-12-25T04:00,21.7,1.32,99,71,0.00,0,0.0,0.0,0.0,0.00,0.00,999.5,NaN
2020-12-25T05:00,19.9,2.12,109,73,0.00,0,0.0,0.0,0.0,0.00,0.00,999.7,NaN
2020-12-25T06:00,20.1,2.25,122,70,0.00,1,16.0,91.1,9.0,0.00,0.00,1000.0,NaN
2020-12-25T07:00,24.9,1.70,152,48,0.00,1,172.0,527.8,57.0,0.00,0.00,1000.6,NaN
2020-12-25T08:00,25.9,0.89,207,64,0.00,1,401.0,748.2,83.0,0.00,0.00,1000.2,NaN
2020-12-25T09:00,29.5,1.84,229,50,0.00,1,629.0,860.3,99.0,0.00,0.00,1000.4,NaN
2020-12-25T10:00,29.6,4.27,237,58,0.00,1,828.0,922.9,110.0,0.00,0.00,1000.3,NaN
2020-12-25T11:00,28.8,4.36,233,52,0.00,1,977.0,956.8,116.0,0.00,0.00,1000.1,NaN
2020-12-25T12:00,29.4,4.24,236,47,0.00,1,1065.0,970.9,120.0,0.00,0.00,999.8,NaN
2020-12-25T13:00,29.8,4.74,235,47,0.00,1,1094.0,979.6,121.0,0.00,0.00,999.6,NaN
2020-12-25T14:00,29.6,4.04,228,48,0.00,1,1049.0,969.2,120.0,0.00,0.00,999.4,NaN
2020-12-25T15:00,29.8,3.54,225,43,0.00,1,934.0,936.5,118.0,0.00,0.00,999.0,NaN
2020-12-25T16:00,28.6,4.32,222,54,0.00,1,760.0,871.7,117.0,0.00,0.00,998.6,NaN
2020-12-25T17:00,27.3,3.42,218,57,0.00,1,562.0,822.4,96.0,0.00,0.00,998.8,NaN
2020-12-25T18:00,25.5,3.47,213,70,0.00,1,333.0,692.1,77.0,0.00,0.00,999.1,NaN
2020-12-25T19:00,24.2,2.90,226,76,0.00,1,114.0,435.4,44.0,0.00,0.00,999.6,NaN
2020-12-25T20:00,22.8,3.13,207,87,0.00,0,3.0,19.1,2.0,0.00,0.00,1000.8,NaN
2020-12-25T21:00,22.5,2.65,191,88,0.00,0,0.0,0.0,0.0,0.00,0.00,1001.4,NaN
2020-12-25T22:00,22.0,1.90,198,91,0.00,0,0.0,0.0,0.0,0.00,0.00,1001.2,NaN
2020-12-25T23:00,21.7,2.60,196,93,0.00,0,0.0,0.0,0.0,0.00,0.00,1001.1,NaN
2020-12-26T00:00,21.3,2.30,180,94,0.00,0,0.0,0.0,0.0,0.00,0.00,1000.5,NaN
2020-12-26T01:00,21.0,2.20,177,95,0.00,0,0.0,0.0,0.0,0.00,0.00,1000.2,NaN
2020-12-26T02:00,21.0,2.75,190,94,0.00,0,0.0,0.0,0.0,0.00,0.00,999.7,NaN
2020-12-26T03:00,21.1,2.96,192,94,0.00,0,0.0,0.0,0.0,0.00,0.00,999.5,NaN
2020-12-26T04:00,21.1,3.26,191,94,0.00,0,0.0,0.0,0.0,0.00,0.00,999.4,NaN
2020-12-26T05:00,21.4,3.98,192,91,0.00,0,0.0,0.0,0.0,0.00,0.00,999.8,NaN
2020-12-26T06:00,21.8,4.06,190,88,0.00,1,13.0,39.6,10.0,0.00,0.00,1000.6,NaN
2020-12-26T07:00,22.7,4.46,189,82,0.00,1,121.0,217.7,74.0,0.00,0.00,1001.3,NaN
2020-12-26T08:00,23.5,5.26,194,79,0.00,1,345.0,508.1,130.0,0.00,0.00,1001.7,NaN
2020-12-26T09:00,24.9,5.88,198,72,0.00,1,463.0,336.9,256.0,0.00,0.00,1002.0,NaN
2020-12-26T10:00,25.7,6.17,197,69,0.00,1,663.0,524.0,256.0,0.00,0.00,1001.9,NaN
2020-12-26T11:00,26.5,5.88,198,67,0.00,1,855.0,628.5,290.0,0.00,0.00,1001.7,NaN
2020-12-26T12:00,26.5,6.67,199,67,0.00,1,1010.0,852.2,181.0,0.00,0.00,1001.5,NaN
2020-12-26T13:00,26.4,7.31,197,66,0.00,1,1046.0,881.9,170.0,0.00,0.00,1001.3,NaN
2020-12-26T14:00,26.3,7.54,195,64,0.00,1,1017.0,919.7,135.0,0.00,0.00,1001.2,NaN
2020-12-26T15:00,25.7,7.86,192,65,0.00,1,920.0,918.4,119.0,0.00,0.00,1000.9,NaN
2020-12-26T16:00,25.0,7.83,190,67,0.00,1,758.0,875.7,111.0,0.00,0.00,1000.7,NaN
2020-12-26T17:00,23.9,7.68,188,70,0.00,1,555.0,808.1,96.0,0.00,0.00,1000.8,NaN
2020-12-26T18:00,22.9,7.64,186,74,0.00,1,328.0,670.5,79.0,0.00,0.00,1001.3,NaN
2020-12-26T19:00,22.0,7.21,182,77,0.00,1,113.0,419.1,45.0,0.00,0.00,1001.8,NaN
2020-12-26T20:00,21.8,6.90,179,77,0.00,0,3.0,19.1,2.0,0.00,0.00,1002.6,NaN
2020-12-26T21:00,21.5,6.41,176,79,0.00,0,0.0,0.0,0.0,0.00,0.00,1002.8,NaN
2020-12-26T22:00,21.3,7.33,175,81,0.00,0,0.0,0.0,0.0,0.00,0.00,1002.9,NaN
2020-12-26T23:00,21.1,7.91,171,83,0.00,0,0.0,0.0,0.0,0.00,0.00,1003.1,NaN
2020-12-27T00:00,21.0,7.69,167,82,0.00,0,0.0,0.0,0.0,0.00,0.00,1002.5,NaN
2020-12-27T01:00,20.8,7.18,164,83,0.00,0,0.0,0.0,0.0,0.00,0.00,1002.0,NaN
2020-12-27T02:00,20.8,7.02,163,83,0.00,0,0.0,0.0,0.0,0.00,0.00,1001.6,NaN
2020-12-27T03:00,20.5,5.69,156,85,0.00,0,0.0,0.0,0.0,0.00,0.00,1001.6,NaN
2020-12-27T04:00,20.0,3.91,148,83,0.00,0,0.0,0.0,0.0,0.00,0.00,1001.6,NaN
2020-12-27T05:00,19.6,3.33,147,79,0.00,0,0.0,0.0,0.0,0.00,0.00,1001.9,NaN
2020-12-27T06:00,20.3,3.55,148,70,0.00,1,15.0,80.2,9.0,0.00,0.00,1002.7,NaN
2020-12-27T07:00,24.4,4.67,135,42,0.00,1,166.0,514.5,56.0,0.00,0.00,1003.2,NaN
2020-12-27T08:00,25.6,6.62,115,33,0.00,1,394.0,738.4,83.0,0.00,0.00,1003.5,NaN
2020-12-27T09:00,27.8,6.44,118,29,0.00,1,624.0,856.8,99.0,0.00,0.00,1003.8,NaN
2020-12-27T10:00,30.1,6.17,117,24,0.00,1,825.0,922.2,110.0,0.00,0.00,1003.7,NaN
2020-12-27T11:00,32.3,5.64,127,21,0.00,1,979.0,961.0,116.0,0.00,0.00,1003.3,NaN
2020-12-27T12:00,33.8,5.33,146,20,0.00,1,1072.0,979.1,120.0,0.00,0.00,1002.6,NaN
2020-12-27T13:00,34.1,6.43,175,21,0.00,1,1098.0,983.6,121.0,0.00,0.00,1001.8,NaN
2020-12-27T14:00,31.0,8.83,185,39,0.00,1,1055.0,974.6,120.0,0.00,0.00,1001.5,NaN
2020-12-27T15:00,28.9,10.35,186,46,0.00,1,944.0,949.6,115.0,0.00,0.00,1000.9,NaN
2020-12-27T16:00,27.6,10.00,179,47,0.00,1,777.0,905.4,107.0,0.00,0.00,1000.7,NaN
2020-12-27T17:00,27.2,9.45,174,50,0.00,1,568.0,829.0,96.0,0.00,0.00,1000.6,NaN
2020-12-27T18:00,25.9,8.88,172,56,0.00,1,338.0,697.4,78.0,0.00,0.00,1000.7,NaN
2020-12-27T19:00,24.4,7.98,168,60,0.00,1,118.0,446.0,45.0,0.00,0.00,1001.1,NaN
2020-12-27T20:00,23.0,7.84,163,63,0.00,0,4.0,19.1,3.0,0.00,0.00,1001.8,NaN
2020-12-27T21:00,23.0,6.99,161,65,0.00,0,0.0,0.0,0.0,0.00,0.00,1001.7,NaN
2020-12-27T22:00,23.2,5.58,147,61,0.00,0,0.0,0.0,0.0,0.00,0.00,1001.7,NaN
2020-12-27T23:00,25.1,5.04,129,38,0.00,0,0.0,0.0,0.0,0.00,0.00,1001.4,NaN
2020-12-28T00:00,26.7,6.57,116,22,0.00,0,0.0,0.0,0.0,0.00,0.00,1001.1,NaN
2020-12-28T01:00,26.1,7.34,110,22,0.00,0,0.0,0.0,0.0,0.00,0.00,1000.7,NaN
2020-12-28T02:00,26.0,8.30,103,21,0.00,0,0.0,0.0,0.0,0.00,0.00,1000.1,NaN
2020-12-28T03:00,25.9,9.03,94,21,0.00,0,0.0,0.0,0.0,0.00,0.00,1000.0,NaN
2020-12-28T04:00,25.8,9.10,90,22,0.00,0,0.0,0.0,0.0,0.00,0.00,1000.3,NaN
2020-12-28T05:00,25.5,8.60,89,24,0.00,0,0.0,0.0,0.0,0.00,0.00,1000.6,NaN
2020-12-28T06:00,25.5,8.41,87,25,0.00,1,15.0,67.8,10.0,0.00,0.00,1001.2,NaN
2020-12-28T07:00,27.2,8.41,87,24,0.00,1,166.0,519.7,56.0,0.00,0.00,1001.7,NaN
2020-12-28T08:00,29.7,7.52,85,23,0.00,1,393.0,741.9,82.0,0.00,0.00,1001.0,NaN
2020-12-28T09:00,32.4,7.34,84,21,0.00,1,621.0,856.0,98.0,0.00,0.00,1000.6,NaN
2020-12-28T10:00,35.1,6.71,87,19,0.00,1,821.0,919.9,109.0,0.00,0.00,1000.4,NaN
2020-12-28T11:00,37.0,5.80,91,18,0.00,1,972.0,954.2,116.0,0.00,0.00,1000.0,NaN
2020-12-28T12:00,37.8,4.39,102,18,0.00,1,1062.0,968.3,121.0,0.00,0.00,999.3,NaN
2020-12-28T13:00,37.9,3.24,146,19,0.00,1,1081.0,965.5,122.0,0.00,0.00,998.6,NaN
2020-12-28T14:00,36.1,7.09,189,24,0.00,1,1033.0,949.1,122.0,0.00,0.00,997.9,NaN
2020-12-28T15:00,33.8,9.97,187,28,0.00,1,828.0,707.2,210.0,0.00,0.00,997.3,NaN
2020-12-28T16:00,32.5,10.11,178,28,0.00,1,758.0,877.1,108.0,0.00,0.00,997.1,NaN
2020-12-28T17:00,31.8,8.42,167,31,0.00,1,565.0,827.1,93.0,0.00,0.00,996.8,NaN
2020-12-28T18:00,30.9,8.12,170,35,0.00,1,334.0,686.8,77.0,0.00,0.00,997.0,NaN
2020-12-28T19:00,28.8,7.60,171,38,0.00,1,115.0,424.2,45.0,0.00,0.00,997.4,NaN
2020-12-28T20:00,27.2,6.39,163,43,0.00,0,4.0,19.1,3.0,0.00,0.00,997.6,NaN
2020-12-28T21:00,26.8,4.81,163,47,0.00,0,0.0,0.0,0.0,0.00,0.00,997.8,NaN
2020-12-28T22:00,26.9,2.82,153,46,0.00,0,0.0,0.0,0.0,0.00,0.00,998.3,NaN
2020-12-28T23:00,27.4,2.05,137,37,0.00,0,0.0,0.0,0.0,0.00,0.00,998.1,NaN
2020-12-29T00:00,29.2,2.58,126,18,0.00,0,0.0,0.0,0.0,0.00,0.00,997.6,NaN
2020-12-29T01:00,31.1,3.67,101,16,0.00,0,0.0,0.0,0.0,0.00,0.00,997.0,NaN
2020-12-29T02:00,31.9,7.02,79,16,0.00,0,0.0,0.0,0.0,0.00,0.00,996.5,NaN
2020-12-29T03:00,31.3,9.62,73,16,0.00,0,0.0,0.0,0.0,0.00,0.00,996.2,NaN
2020-12-29T04:00,31.1,9.24,70,16,0.00,0,0.0,0.0,0.0,0.00,0.00,996.3,NaN
2020-12-29T05:00,30.7,9.85,66,17,0.00,0,0.0,0.0,0.0,0.00,0.00,996.1,NaN
2020-12-29T06:00,30.3,9.31,66,18,0.00,1,13.0,68.8,8.0,0.00,0.00,996.8,NaN
2020-12-29T07:00,31.9,8.68,63,18,0.00,1,154.0,467.8,56.0,0.00,0.00,997.0,NaN
2020-12-29T08:00,34.9,8.43,42,19,0.00,1,368.0,671.2,88.0,0.00,0.00,996.2,NaN
2020-12-29T09:00,37.5,8.41,32,18,0.00,1,590.0,791.2,108.0,0.00,0.00,996.5,NaN
2020-12-29T10:00,39.7,7.25,15,17,0.00,1,735.0,774.0,137.0,0.00,0.00,996.4,NaN
2020-12-29T11:00,35.9,5.84,277,26,0.00,1,890.0,806.8,167.0,0.00,0.00,996.8,NaN
2020-12-29T12:00,31.7,6.34,264,43,0.00,1,858.0,703.2,175.0,0.00,0.00,996.9,NaN
2020-12-29T13:00,33.6,8.07,287,33,0.00,1,1017.0,852.8,170.0,0.00,0.00,996.9,NaN
2020-12-29T14:00,33.6,8.33,294,30,0.00,1,999.0,886.3,148.0,0.00,0.00,996.9,NaN
2020-12-29T15:00,32.1,7.28,291,35,0.00,1,924.0,922.7,117.0,0.00,0.00,996.9,NaN
2020-12-29T16:00,29.3,6.07,287,48,0.00,1,766.0,887.9,107.0,0.00,0.00,997.1,NaN
2020-12-29T17:00,27.9,5.13,291,53,0.00,1,559.0,811.3,95.0,0.00,0.00,997.3,NaN
2020-12-29T18:00,26.7,4.48,294,58,0.00,1,333.0,679.0,78.0,0.00,0.00,998.0,NaN
2020-12-29T19:00,24.9,4.12,299,70,0.00,1,117.0,438.9,44.0,0.00,0.00,998.7,NaN
2020-12-29T20:00,23.5,3.31,295,76,0.00,0,4.0,19.1,3.0,0.00,0.00,998.8,NaN
2020-12-29T21:00,22.9,3.11,303,81,0.00,0,0.0,0.0,0.0,0.00,0.00,999.2,NaN
2020-12-29T22:00,22.4,2.83,302,85,0.00,0,0.0,0.0,0.0,0.00,0.00,999.7,NaN
2020-12-29T23:00,21.9,2.83,312,87,0.00,0,0.0,0.0,0.0,0.00,0.00,999.7,NaN
2020-12-30T00:00,21.4,2.88,304,91,0.00,0,0.0,0.0,0.0,0.00,0.00,999.5,NaN
2020-12-30T01:00,21.0,2.56,301,92,0.00,0,0.0,0.0,0.0,0.00,0.00,999.2,NaN
2020-12-30T02:00,20.7,2.33,301,92,0.00,0,0.0,0.0,0.0,0.00,0.00,998.9,NaN
2020-12-30T03:00,20.4,2.00,307,93,0.00,0,0.0,0.0,0.0,0.00,0.00,998.9,NaN
2020-12-30T04:00,19.9,1.80,326,94,0.00,0,0.0,0.0,0.0,0.00,0.00,999.0,NaN
2020-12-30T05:00,19.7,1.96,345,94,0.00,0,0.0,0.0,0.0,0.00,0.00,999.1,NaN
2020-12-30T06:00,20.0,2.32,353,94,0.00,1,13.0,69.9,8.0,0.00,0.00,999.8,NaN
2020-12-30T07:00,22.0,3.01,339,84,0.00,1,159.0,501.8,55.0,0.00,0.00,1000.4,NaN
2020-12-30T08:00,23.8,3.67,299,77,0.00,1,383.0,722.7,83.0,0.00,0.00,1000.8,NaN
2020-12-30T09:00,25.3,3.91,283,68,0.00,1,608.0,836.3,100.0,0.00,0.00,1001.0,NaN
2020-12-30T10:00,26.2,4.10,273,63,0.00,1,804.0,897.4,112.0,0.00,0.00,1001.2,NaN
2020-12-30T11:00,26.7,4.41,266,60,0.00,1,959.0,940.7,117.0,0.00,0.00,1001.1,NaN
2020-12-30T12:00,26.8,4.79,259,61,0.00,1,1054.0,961.1,121.0,0.00,0.00,1001.1,NaN
2020-12-30T13:00,26.5,4.90,253,64,0.00,1,1070.0,940.4,136.0,0.00,0.00,1001.0,NaN
2020-12-30T14:00,26.3,5.07,248,66,0.00,1,1029.0,928.6,137.0,0.00,0.00,1000.8,NaN
2020-12-30T15:00,25.9,5.06,245,68,0.00,1,915.0,879.7,145.0,0.00,0.00,1000.4,NaN
2020-12-30T16:00,25.4,4.61,243,67,0.00,1,761.0,858.5,123.0,0.00,0.00,999.9,NaN
2020-12-30T17:00,24.6,4.22,239,73,0.00,1,562.0,804.3,101.0,0.00,0.00,999.6,NaN
2020-12-30T18:00,23.7,3.55,238,78,0.00,1,336.0,676.7,81.0,0.00,0.00,999.9,NaN
2020-12-30T19:00,22.7,3.41,230,84,0.00,1,117.0,411.9,48.0,0.00,0.00,1000.4,NaN
2020-12-30T20:00,21.5,2.90,224,86,0.00,0,4.0,19.1,3.0,0.00,0.00,1000.6,NaN
2020-12-30T21:00,21.3,2.33,223,87,0.00,0,0.0,0.0,0.0,0.00,0.00,1000.9,NaN
2020-12-30T22:00,21.1,1.98,221,88,0.00,0,0.0,0.0,0.0,0.00,0.00,1001.2,NaN
2020-12-30T23:00,21.0,1.94,215,89,0.00,0,0.0,0.0,0.0,0.00,0.00,1001.0,NaN
2020-12-31T00:00,20.8,2.11,211,90,0.00,0,0.0,0.0,0.0,0.00,0.00,1000.6,NaN
2020-12-31T01:00,20.8,2.42,210,89,0.00,0,0.0,0.0,0.0,0.00,0.00,1000.2,NaN
2020-12-31T02:00,20.7,2.30,214,89,0.00,0,0.0,0.0,0.0,0.00,0.00,999.8,NaN
2020-12-31T03:00,20.3,1.42,219,89,0.00,0,0.0,0.0,0.0,0.00,0.00,999.7,NaN
2020-12-31T04:00,20.0,0.76,203,90,0.00,0,0.0,0.0,0.0,0.00,0.00,1000.0,NaN
2020-12-31T05:00,19.5,1.21,204,94,0.00,0,0.0,0.0,0.0,0.00,0.00,1000.4,NaN
2020-12-31T06:00,20.5,1.14,218,87,0.00,1,8.0,14.2,7.0,0.00,0.00,1000.8,NaN
2020-12-31T07:00,21.3,1.27,225,82,0.00,1,118.0,229.3,71.0,0.00,0.00,1001.4,NaN
2020-12-31T08:00,22.3,1.56,225,74,0.00,1,316.0,443.1,133.0,0.00,0.00,1001.6,NaN
2020-12-31T09:00,23.8,2.28,232,68,0.00,1,569.0,685.2,154.0,0.00,0.00,1001.7,NaN
2020-12-31T10:00,24.9,3.08,234,64,0.00,1,796.0,861.4,133.0,0.00,0.00,1001.6,NaN
2020-12-31T11:00,25.6,3.69,237,60,0.00,1,954.0,927.2,125.0,0.00,0.00,1001.5,NaN
2020-12-31T12:00,25.9,4.24,236,59,0.00,1,1054.0,962.6,120.0,0.00,0.00,1001.5,NaN
2020-12-31T13:00,25.9,4.56,232,59,0.00,1,1082.0,967.7,121.0,0.00,0.00,1001.3,NaN
2020-12-31T14:00,25.7,4.76,231,61,0.00,1,1042.0,958.4,121.0,0.00,0.00,1001.2,NaN
2020-12-31T15:00,25.4,4.88,227,63,0.00,1,936.0,936.0,116.0,0.00,0.00,1000.9,NaN
2020-12-31T16:00,25.2,4.81,223,65,0.00,1,774.0,893.6,109.0,0.00,0.00,1000.6,NaN
2020-12-31T17:00,24.6,4.62,219,68,0.00,1,569.0,821.8,97.0,0.00,0.00,1000.5,NaN
2020-12-31T18:00,23.8,4.52,215,73,0.00,1,340.0,687.7,80.0,0.00,0.00,1000.7,NaN
2020-12-31T19:00,22.8,4.21,208,78,0.00,1,119.0,415.0,49.0,0.00,0.00,1001.3,NaN
2020-12-31T20:00,21.7,3.86,201,83,0.00,0,4.0,19.1,3.0,0.00,0.00,1001.7,NaN
2020-12-31T21:00,21.5,3.67,197,84,0.00,0,0.0,0.0,0.0,0.00,0.00,1002.0,NaN
2020-12-31T22:00,21.6,3.77,191,84,0.00,0,0.0,0.0,0.0,0.00,0.00,1002.3,NaN
2020-12-31T23:00,21.3,3.35,190,86,0.00,0,0.0,0.0,0.0,0.00,0.00,1002.1,NaN
2021-01-01T00:00,20.8,2.53,189,89,0.00,0,0.0,0.0,0.0,0.00,0.00,1001.7,NaN
2021-01-01T01:00,20.6,2.33,190,90,0.00,0,0.0,0.0,0.0,0.00,0.00,1001.2,NaN
2021-01-01T02:00,20.4,1.84,193,91,0.00,0,0.0,0.0,0.0,0.00,0.00,1000.8,NaN
2021-01-01T03:00,19.7,1.17,200,95,0.00,0,0.0,0.0,0.0,0.00,0.00,1000.8,NaN
2021-01-01T04:00,19.3,1.57,207,95,0.00,0,0.0,0.0,0.0,0.00,0.00,1000.9,NaN
2021-01-01T05:00,19.5,1.39,210,95,0.00,0,0.0,0.0,0.0,0.00,0.00,1001.1,NaN
2021-01-01T06:00,20.5,1.49,200,91,0.00,1,10.0,28.9,8.0,0.00,0.00,1001.6,NaN
2021-01-01T07:00,21.9,2.28,195,81,0.00,1,127.0,251.6,76.0,0.00,0.00,1002.2,NaN
2021-01-01T08:00,22.8,1.52,203,74,0.00,1,336.0,515.9,124.0,0.00,0.00,1002.4,NaN
2021-01-01T09:00,24.5,2.30,214,67,0.00,1,611.0,843.0,102.0,0.00,0.00,1002.5,NaN
2021-01-01T10:00,25.7,3.04,224,63,0.00,1,811.0,912.4,110.0,0.00,0.00,1002.6,NaN
2021-01-01T11:00,26.1,3.89,228,63,0.00,1,965.0,949.5,117.0,0.00,0.00,1002.4,NaN
2021-01-01T12:00,26.5,4.17,224,59,0.00,1,1060.0,968.3,121.0,0.00,0.00,1002.3,NaN
2021-01-01T13:00,26.8,4.56,218,55,0.00,1,1091.0,974.9,123.0,0.00,0.00,1001.8,NaN
2021-01-01T14:00,26.8,4.83,214,56,0.00,1,1053.0,969.6,121.0,0.00,0.00,1001.7,NaN
2021-01-01T15:00,26.8,4.77,213,57,0.00,1,946.0,946.7,116.0,0.00,0.00,1001.3,NaN
2021-01-01T16:00,26.0,5.19,208,61,0.00,1,781.0,903.2,108.0,0.00,0.00,1001.1,NaN
2021-01-01T17:00,25.1,5.28,199,69,0.00,1,573.0,828.9,96.0,0.00,0.00,1000.6,NaN
2021-01-01T18:00,24.2,5.18,190,75,0.00,1,343.0,696.2,79.0,0.00,0.00,1000.8,NaN
2021-01-01T19:00,22.9,4.83,186,80,0.00,1,122.0,447.7,46.0,0.00,0.00,1001.2,NaN
2021-01-01T20:00,21.9,3.92,186,85,0.00,0,4.0,18.9,3.0,0.00,0.00,1001.9,NaN
2021-01-01T21:00,21.6,3.11,186,88,0.00,0,0.0,0.0,0.0,0.00,0.00,1002.0,NaN
2021-01-01T22:00,21.3,2.86,192,90,0.00,0,0.0,0.0,0.0,0.00,0.00,1001.9,NaN
2021-01-01T23:00,21.1,2.66,200,91,0.00,0,0.0,0.0,0.0,0.00,0.00,1001.6,NaN
2021-01-02T00:00,20.9,2.37,208,92,0.00,0,0.0,0.0,0.0,0.00,0.00,1001.1,NaN
2021-01-02T01:00,20.8,2.16,214,92,0.00,0,0.0,0.0,0.0,0.00,0.00,1000.7,NaN
2021-01-02T02:00,20.7,2.14,217,93,0.00,0,0.0,0.0,0.0,0.00,0.00,1000.2,NaN
2021-01-02T03:00,20.6,1.91,223,93,0.00,0,0.0,0.0,0.0,0.00,0.00,1000.1,NaN
2021-01-02T04:00,20.1,1.63,227,94,0.00,0,0.0,0.0,0.0,0.00,0.00,1000.3,NaN
2021-01-02T05:00,19.4,2.20,231,95,0.00,0,0.0,0.0,0.0,0.00,0.00,1000.3,NaN
2021-01-02T06:00,21.5,0.72,214,91,0.00,1,11.0,58.8,7.0,0.00,0.00,1000.5,NaN
2021-01-02T07:00,22.5,0.58,31,86,0.00,1,152.0,489.1,54.0,0.00,0.00,1000.8,NaN
2021-01-02T08:00,24.6,1.30,148,72,0.00,1,377.0,721.7,82.0,0.00,0.00,1001.0,NaN
2021-01-02T09:00,27.6,1.40,176,53,0.00,1,604.0,838.9,99.0,0.00,0.00,1000.7,NaN
2021-01-02T10:00,29.0,3.33,221,51,0.00,1,807.0,909.0,110.0,0.00,0.00,1000.4,NaN
2021-01-02T11:00,28.7,5.14,217,55,0.00,1,961.0,942.8,120.0,0.00,0.00,1000.4,NaN
2021-01-02T12:00,29.0,5.66,212,50,0.00,1,1055.0,954.4,130.0,0.00,0.00,1000.2,NaN
2021-01-02T13:00,29.3,5.59,209,46,0.00,1,1086.0,963.9,129.0,0.00,0.00,1000.1,NaN
2021-01-02T14:00,29.4,5.64,207,47,0.00,1,1050.0,965.1,122.0,0.00,0.00,999.7,NaN
2021-01-02T15:00,29.0,5.72,207,50,0.00,1,947.0,948.3,115.0,0.00,0.00,999.4,NaN
2021-01-02T16:00,28.2,5.42,203,55,0.00,1,784.0,907.4,107.0,0.00,0.00,999.2,NaN
2021-01-02T17:00,27.3,5.00,200,59,0.00,1,578.0,836.1,96.0,0.00,0.00,999.0,NaN
2021-01-02T18:00,26.2,4.35,203,63,0.00,1,347.0,704.7,79.0,0.00,0.00,999.2,NaN
2021-01-02T19:00,25.0,3.40,204,69,0.00,1,124.0,451.0,47.0,0.00,0.00,999.6,NaN
2021-01-02T20:00,24.0,3.09,205,72,0.00,0,5.0,18.8,4.0,0.00,0.00,999.8,NaN
2021-01-02T21:00,23.4,2.34,220,76,0.00,0,0.0,0.0,0.0,0.00,0.00,999.8,NaN
2021-01-02T22:00,23.1,1.84,248,80,0.00,0,0.0,0.0,0.0,0.00,0.00,999.5,NaN
2021-01-02T23:00,22.2,1.50,266,86,0.00,0,0.0,0.0,0.0,0.00,0.00,998.8,NaN
2021-01-03T00:00,21.5,1.20,318,90,0.00,0,0.0,0.0,0.0,0.00,0.00,998.2,NaN
2021-01-03T01:00,21.3,0.91,6,90,0.00,0,0.0,0.0,0.0,0.00,0.00,997.6,NaN
2021-01-03T02:00,20.4,1.34,27,90,0.00,0,0.0,0.0,0.0,0.00,0.00,997.0,NaN
2021-01-03T03:00,22.9,2.93,82,64,0.00,0,0.0,0.0,0.0,0.00,0.00,996.7,NaN
2021-01-03T04:00,23.5,3.11,86,44,0.00,0,0.0,0.0,0.0,0.00,0.00,996.7,NaN
2021-01-03T05:00,24.4,2.69,59,42,0.00,0,0.0,0.0,0.0,0.00,0.00,997.1,NaN
2021-01-03T06:00,23.7,2.62,40,46,0.00,1,11.0,59.8,7.0,0.00,0.00,997.9,NaN
2021-01-03T07:00,25.9,3.50,37,43,0.00,1,152.0,500.0,53.0,0.00,0.00,998.6,NaN
2021-01-03T08:00,27.8,2.70,51,43,0.00,1,377.0,725.5,82.0,0.00,0.00,998.9,NaN
2021-01-03T09:00,31.2,2.97,48,31,0.00,1,604.0,844.8,97.0,0.00,0.00,998.7,NaN
2021-01-03T10:00,32.4,0.81,300,29,0.00,1,807.0,913.3,108.0,0.00,0.00,998.5,NaN
2021-01-03T11:00,31.5,4.70,241,40,0.00,1,962.0,950.6,115.0,0.00,0.00,998.4,NaN
2021-01-03T12:00,31.0,5.73,241,39,0.00,1,1056.0,967.4,119.0,0.00,0.00,998.2,NaN
2021-01-03T13:00,31.8,4.63,237,34,0.00,1,1083.0,970.1,120.0,0.00,0.00,997.6,NaN
2021-01-03T14:00,32.6,5.17,221,34,0.00,1,1046.0,964.8,118.0,0.00,0.00,997.4,NaN
2021-01-03T15:00,31.9,6.21,213,39,0.00,1,945.0,946.5,114.0,0.00,0.00,996.7,NaN
2021-01-03T16:00,31.1,5.90,206,41,0.00,1,781.0,903.7,106.0,0.00,0.00,996.2,NaN
2021-01-03T17:00,29.4,5.82,204,47,0.00,1,574.0,829.5,95.0,0.00,0.00,995.9,NaN
2021-01-03T18:00,27.9,5.55,206,54,0.00,1,343.0,692.4,79.0,0.00,0.00,995.9,NaN
2021-01-03T19:00,26.5,4.99,213,60,0.00,1,123.0,436.9,48.0,0.00,0.00,995.9,NaN
2021-01-03T20:00,26.2,5.00,192,61,0.00,0,5.0,18.6,4.0,0.00,0.00,996.6,NaN
2021-01-03T21:00,25.8,4.54,172,64,0.00,0,0.0,0.0,0.0,0.00,0.00,996.1,NaN
2021-01-03T22:00,27.9,4.03,150,48,0.00,0,0.0,0.0,0.0,0.00,0.00,995.7,NaN
2021-01-03T23:00,31.6,7.55,122,26,0.00,0,0.0,0.0,0.0,0.00,0.00,995.5,NaN
